title,description,link,source,author,published,scraped_at,guid
Report: Israeli strike kills three family members in southern Gaza,,https://www.haaretz.com/israel-news/israel-security/2026-08-28/ty-article-live/reports-israeli-forces-enter-villages-in-southern-syria-fire-two-shells/000001a0-4607-d6dd-a1ad-e667f0750000,Haaretz,Haaretz,2026-08-28T01:50:45,2026-08-28 09:58:44.524820,https://www.haaretz.com/israel-news/israel-security/2026-08-28/ty-article-live/reports-israeli-forces-enter-villages-in-southern-syria-fire-two-shells/000001a0-4607-d6dd-a1ad-e667f0750000
Trump claims a major Strait of Hormuz victory over Iran but is it sustainable?,"While the Americans take pride in the fact that oil tankers are once again passing through the strait, Iran still has its enriched uranium ■ Army incompetence? What's happening in the West Bank is much more than that ■ The IDF must remember that Turkey isn't the new Iran",https://www.haaretz.com/israel-news/israel-security/2026-08-28/ty-article/.premium/trump-claims-a-major-strait-of-hormuz-victory-over-iran-but-is-it-sustainable/000001a0-44d7-d6dd-a1ad-e4f770770000,Haaretz,Amos Harel,2026-08-28T03:02:30,2026-08-28 09:58:44.524795,https://www.haaretz.com/israel-news/israel-security/2026-08-28/ty-article/.premium/trump-claims-a-major-strait-of-hormuz-victory-over-iran-but-is-it-sustainable/000001a0-44d7-d6dd-a1ad-e4f770770000
A far-right former IDF general endorsed Netanyahu. It could end up trapping him instead,"Ofer Winter's new party is another extremist, messianic and racist entity on the Israeli political scene. If it manages to pass the electoral threshold on October 27, Netanyahu will have to look out for his loyal servant, Bezalel Smotrich • Gilad Erdan and Benny Gantz's electoral campaigns are in their last throes",https://www.haaretz.com/israel-news/israel-politics/2026-08-28/ty-article/.premium/a-far-right-former-idf-general-endorsed-netanyahu-it-could-trap-him-instead/000001a0-44d7-dad6-a3b6-5ef709a40000,Haaretz,Yossi Verter,2026-08-28T03:04:43,2026-08-28 09:58:44.524759,https://www.haaretz.com/israel-news/israel-politics/2026-08-28/ty-article/.premium/a-far-right-former-idf-general-endorsed-netanyahu-it-could-trap-him-instead/000001a0-44d7-dad6-a3b6-5ef709a40000
"'If everything goes as planned, I'll retire at 40. Then I'll enjoy life'","This week at Ben-Gurion Airport: One Israeli dreaming of financial freedom, and another trying to figure out what his next dream",https://www.haaretz.com/israel-news/holylandings/2026-08-28/ty-article-magazine/.highlight/if-everything-goes-as-planned-ill-retire-at-40-then-ill-enjoy-life/000001a0-46b7-d02f-a9ed-5eff0a300000,Haaretz,Mae Palty,2026-08-28T05:44:19,2026-08-28 09:58:44.524718,https://www.haaretz.com/israel-news/holylandings/2026-08-28/ty-article-magazine/.highlight/if-everything-goes-as-planned-ill-retire-at-40-then-ill-enjoy-life/000001a0-46b7-d02f-a9ed-5eff0a300000
Israel election chief calls for clear guidelines on security for party leaders,"The Central Elections Committee chairman called for clarity on who determines whether political figures face threats and who provides protection, after opposition leader Gadi Eisenkot was denied Shin Bet security earlier in the week",https://www.haaretz.com/israel-news/elections/2026-08-28/ty-article/.premium/israel-election-chief-calls-for-clear-guidelines-on-security-for-party-leaders/000001a0-44c9-d268-a1fe-5ddd32b90000,Haaretz,Chen Maanit,2026-08-28T07:16:04,2026-08-28 09:58:44.524691,https://www.haaretz.com/israel-news/elections/2026-08-28/ty-article/.premium/israel-election-chief-calls-for-clear-guidelines-on-security-for-party-leaders/000001a0-44c9-d268-a1fe-5ddd32b90000
Police accused of fueling East Jerusalem feud by withholding suspects' bodies,Police said officers shot them 'to neutralize the threat' and denied that their actions were prolonging the feud; residents say the rival families cannot reach a temporary truce until the two men are buried,https://www.haaretz.com/israel-news/israel-crime/2026-08-28/ty-article/.premium/police-accused-of-fueling-east-jerusalem-feud-by-withholding-suspects-bodies/000001a0-46cb-d6dd-a1ad-e6eb86ca0000,Haaretz,Nir Hasson,2026-08-28T08:08:33,2026-08-28 09:58:44.524662,https://www.haaretz.com/israel-news/israel-crime/2026-08-28/ty-article/.premium/police-accused-of-fueling-east-jerusalem-feud-by-withholding-suspects-bodies/000001a0-46cb-d6dd-a1ad-e6eb86ca0000
Disabled parking permits in Israel are out of control. Now comes the crackdown,"Roughly 17 percent of cars in Israel now have disabled parking tags, creating what Access Israel's director calls a 'very chaotic' system plagued by widespread abuse. 'In Israel, people have taken this way too far,' he says, as the government prepares a sweeping reform",https://www.haaretz.com/israel-news/business/economy-finance/2026-08-28/ty-article/.premium/disabled-parking-permits-in-israel-are-out-of-control-now-comes-the-crackdown/000001a0-42fa-d268-a1fe-5bfedade0000,Haaretz,Ben Kroll,2026-08-28T08:25:59,2026-08-28 09:58:44.524631,https://www.haaretz.com/israel-news/business/economy-finance/2026-08-28/ty-article/.premium/disabled-parking-permits-in-israel-are-out-of-control-now-comes-the-crackdown/000001a0-42fa-d268-a1fe-5bfedade0000
"By playing Wagner in Israel, this Swiss director broke two boycotts at once","Last week, Swiss theater director Milo Rau brought Wagner's music to an Israeli audience. By speaking with former Israeli hostages and Gazans, he broke the greatest taboo of all: embracing complexity",https://www.haaretz.com/life/2026-08-28/ty-article-magazine/.premium/by-playing-wagner-in-israel-this-swiss-director-broke-two-boycotts-at-once/000001a0-3ddb-d9ec-a1ac-3dffd17e0000,Haaretz,Talia Banon Tsur,2026-08-28T08:29:23,2026-08-28 09:58:44.524597,https://www.haaretz.com/life/2026-08-28/ty-article-magazine/.premium/by-playing-wagner-in-israel-this-swiss-director-broke-two-boycotts-at-once/000001a0-3ddb-d9ec-a1ac-3dffd17e0000
Ben-Gvir rejects Netanyahu push for joint election run with Smotrich,"On Thursday, Netanyahu urged the two to 'overcome personal baggage' and unite, with Ben-Gvir mocking the appeal and accusing him of seeking to form a unity government with his leading rival and front-runner, Gadi Eisenkot",https://www.haaretz.com/israel-news/elections/2026-08-28/ty-article/.premium/ben-gvir-rejects-netanyahu-push-for-joint-election-run-with-smotrich/000001a0-47a8-d2c5-a1b2-e7ab87f10000,Haaretz,Jonathan Lis,2026-08-28T09:38:43,2026-08-28 09:58:44.524561,https://www.haaretz.com/israel-news/elections/2026-08-28/ty-article/.premium/ben-gvir-rejects-netanyahu-push-for-joint-election-run-with-smotrich/000001a0-47a8-d2c5-a1b2-e7ab87f10000
A ‘Hidden Hand’ is guiding an antisemitic propaganda war,"“Think Twice” with Jonathan Tobin and guest Warren Kinsella, Ep. 235",https://www.jns.org/jns-tv/think-twice/a-hidden-hand-is-guiding-an-antisemitic-propaganda-war,JNS,Jonathan S. Tobin,2026-08-28T00:00:00,2026-08-28 09:58:37.291994,https://www.jns.org/jns-tv/think-twice/a-hidden-hand-is-guiding-an-antisemitic-propaganda-war
Durban: A milestone in the new antisemitism,"The 2001 U.N. conference transformed Israel into the supposed embodiment of racism, colonialism and genocide. The consequences are still with us.",https://www.jns.org/opinion/column/fiamma-nirenstein/durban-a-milestone-in-the-new-antisemitism,JNS,Fiamma Nirenstein,2026-08-28T05:53:53,2026-08-28 09:58:37.291961,https://www.jns.org/opinion/column/fiamma-nirenstein/durban-a-milestone-in-the-new-antisemitism
Passenger finds anti-Israel curse in checked luggage after Seattle-Tel Aviv trip,"“What if the next time the same person puts an explosive in a suitcase,” asked the StopAntisemitism NGO.",https://www.jns.org/news/u-s-news/passenger-finds-anti-israel-curse-in-checked-luggage-after-seattle-tel-aviv-trip,JNS,Etgar Lefkovits,2026-08-28T06:48:12,2026-08-28 09:58:37.291933,https://www.jns.org/news/u-s-news/passenger-finds-anti-israel-curse-in-checked-luggage-after-seattle-tel-aviv-trip
Israeli Finance Ministry freezes pension to scandal-embroiled former military advocate general,"“There is no reason in the world for her to receive even a single shekel from the State of Israel,"" Finance Minister Bezalel Smotrich said.",https://www.jns.org/news/israel-news/israeli-finance-ministry-freezes-pension-to-scandal-embroiled-former-military-advocate-general,JNS,David Isaac,2026-08-28T07:12:32,2026-08-28 09:58:37.291902,https://www.jns.org/news/israel-news/israeli-finance-ministry-freezes-pension-to-scandal-embroiled-former-military-advocate-general
A sunken ship raises an Israeli divide from the depths,The 1948 Altalena incident continues to both haunt and captivate Israeli society.,https://www.jns.org/opinion/efrat-last/a-sunken-ship-raises-an-israeli-divide-from-the-depths,JNS,Efrat Last,2026-08-28T08:30:00,2026-08-28 09:58:37.291871,https://www.jns.org/opinion/efrat-last/a-sunken-ship-raises-an-israeli-divide-from-the-depths
Iran is losing its grip on the Strait of Hormuz,"Welcome to “Straight Up,” the bold, unfiltered JNS news show hosted by former director of Israel’s Government Press Office, Danny Seaman. Drawing on decades at the forefront of Israeli media and public diplomacy, he delivers sharp, unapologetic analysis on the issues shaping Israel, the Middle East and the global news narrative. From dismantling myths about the Oslo Accords in the 1990s to the Abraham Accords of 2020 to exposing the Iran-Hezbollah-Hamas alliance and the Western media’s bias against Israel, Seaman’s commentary is fearless, factual and grounded in firsthand experience. His direct, authoritative voice cuts through propaganda to reveal what’s driving events in the region. Each week, “Straight Up” dives deep into the biggest stories in Israeli news, featuring in-depth conversations with journalists, security experts and policymakers who know the facts behind the headlines. Seaman’s no-spin approach sheds light on the moral, strategic and political challenges facing Israel—from countering terror and defending democracy to navigating its relationships with the United States and Arab world. Candid, uncompromising and deeply informed, “Straight Up” is the show for viewers who want to understand Israel and the Middle East as they truly are—without filters, without fear and straight to the point. See more at: @JNS_TV and subscribe to our YouTube channel.",https://www.jns.org/jns-tv/straight-up/iran-is-losing-its-grip-on-the-strait-of-hormuz,JNS,Daniel Seaman,2026-08-28T08:35:18,2026-08-28 09:58:37.291842,https://www.jns.org/jns-tv/straight-up/iran-is-losing-its-grip-on-the-strait-of-hormuz
UN Security Council to talk post-UNIFIL Lebanon on Friday,"“The alternatives being proposed will not contribute to regional stability,” Danny Danon, Israel’s U.N. ambassador, told JNS.",https://www.jns.org/news/israel-news/un-security-council-to-talk-post-unifil-lebanon-on-friday,JNS,Mike Wagenheim,2026-08-28T08:53:25,2026-08-28 09:58:37.291736,https://www.jns.org/news/israel-news/un-security-council-to-talk-post-unifil-lebanon-on-friday
How the sunken 1948 Altalena arms ship became an election battleground in Israel in 2026,Netanyahu and Ben Gvir used the discovery of the vessel to shore up right-wing votes. -- The post How the sunken 1948 Altalena arms ship became an election battleground in Israel in 2026 appeared first on Jewish Telegraphic Agency .,https://www.jta.org/2026/08/28/israel/how-the-sunken-1948-altalena-arms-ship-became-an-election-battleground-in-israel-in-2026,JTA,Deborah Danan,2026-08-28T08:19:46,2026-08-28 09:58:28.216717,https://www.jta.org/?p=1906848
"Ahead of PA elections, Dahlan explores alliance with Hamas and other factions against Abbas","The Palestinian Authority announced elections for the Palestinian Legislative Council in November, with Dahlan and Barghouti leading in polls. Abbas will have to decide if he seeks reconciliation, as uncertainty pervades regarding the voting process",https://www.haaretz.com/middle-east-news/2026-08-27/ty-article/ahead-of-pa-elections-dahlan-explores-anti-abbas-alliance-with-hamas/000001a0-4334-d527-aff7-ff74365a0000,Haaretz,Jack Khoury,2026-08-27T14:59:24,2026-08-27 23:38:52.927105,https://www.haaretz.com/middle-east-news/2026-08-27/ty-article/ahead-of-pa-elections-dahlan-explores-anti-abbas-alliance-with-hamas/000001a0-4334-d527-aff7-ff74365a0000
Smotrich vows to Judaize Arab-majority areas in Israel's periphery 'like in the West Bank',The far-right minister also accused Arab citizens of 'occupying' the northern Galilee and southern Negev regions. Netanyahu's governing coalition has made the Judaization of these regions a government policy,https://www.haaretz.com/israel-news/israel-security/2026-08-27/ty-article/.premium/smotrich-vows-to-judaize-arab-majority-areas-like-in-the-west-bank/000001a0-43a9-d268-a1fe-5bfd541d0000,Haaretz,Adi Hashmonai,2026-08-27T16:14:08,2026-08-27 23:38:52.927076,https://www.haaretz.com/israel-news/israel-security/2026-08-27/ty-article/.premium/smotrich-vows-to-judaize-arab-majority-areas-like-in-the-west-bank/000001a0-43a9-d268-a1fe-5bfd541d0000
"After Likud smear campaign, new far-right party leader Ofer Winter vows to back Netanyahu as prime minister","After a two-day campaign in which Likud warned voters that the new far-right hardliner and ex-IDF general would recommend either Avigdor Lieberman or Gadi Eisenkot as Israel's next prime minister, Winter asserted: 'the leader of Israel's right is Netanyahu'",https://www.haaretz.com/israel-news/elections/2026-08-27/ty-article/.premium/after-likud-smear-campaign-ofer-winter-vows-to-back-netanyahu-as-prime-minister/000001a0-43e7-d02f-a9ed-5fefbe0e0000,Haaretz,Jonathan Lis,2026-08-27T16:19:23,2026-08-27 23:38:52.927048,https://www.haaretz.com/israel-news/elections/2026-08-27/ty-article/.premium/after-likud-smear-campaign-ofer-winter-vows-to-back-netanyahu-as-prime-minister/000001a0-43e7-d02f-a9ed-5fefbe0e0000
'I still have nightmares': freed Israeli hostage recounts two years in Hamas captivity,"In his first foreign outlet interview with CNN, Evyatar David said he could barely say and do the things his captors demanded of him for propaganda videos due to his weakened state. 'When I tried to dig the grave,' which was his own, 'just holding the shovel was almost impossible'",https://www.haaretz.com/israel-news/2026-08-27/ty-article/.premium/i-still-have-nightmares-freed-israeli-hostage-recounts-two-years-in-captivity/000001a0-4353-d251-a1e0-4f77ab000000,Haaretz,Ben Kroll,2026-08-27T16:49:30,2026-08-27 23:38:52.927018,https://www.haaretz.com/israel-news/2026-08-27/ty-article/.premium/i-still-have-nightmares-freed-israeli-hostage-recounts-two-years-in-captivity/000001a0-4353-d251-a1e0-4f77ab000000
Israeli weather service warns of 'unprecedented' weekend rainstorm due to super El Niño,"At the peak of the storm, 20 to 30 millimeters of rain could fall within one to three hours, with widespread rainfall expected from the northern coast and Sharon region southward to the greater Tel Aviv area, accompanied by thunderstorms, lightning and hail",https://www.haaretz.com/science-and-health/climate-change/2026-08-27/ty-article/.premium/israeli-weather-service-warns-of-unprecedented-storm-due-to-super-el-nino/000001a0-439b-d6dd-a1ad-e7fbc36b0000,Haaretz,Nir Hasson,2026-08-27T16:56:08,2026-08-27 23:38:52.926988,https://www.haaretz.com/science-and-health/climate-change/2026-08-27/ty-article/.premium/israeli-weather-service-warns-of-unprecedented-storm-due-to-super-el-nino/000001a0-439b-d6dd-a1ad-e7fbc36b0000
If only Netanyahu's rivals were as left-wing as he claims,"Elections are opportunities to lead and even provoke, not merely to follow. Are Netanyahu's rivals forfeiting that opportunity by playing on his turf and erasing any ideological distinction between themselves and him?",https://www.haaretz.com/israel-news/haaretz-today/2026-08-27/ty-article/.highlight/if-only-netanyahus-rivals-were-as-left-wing-as-he-claims/000001a0-431f-dc35-a5be-fffffc490000,Haaretz,David Issacharoff,2026-08-27T17:16:10,2026-08-27 23:38:52.926957,https://www.haaretz.com/israel-news/haaretz-today/2026-08-27/ty-article/.highlight/if-only-netanyahus-rivals-were-as-left-wing-as-he-claims/000001a0-431f-dc35-a5be-fffffc490000
Mossad chief recuses himself from agency's review of Qatargate probe due to ties with Netanyahu aides,"According to information obtained by Haaretz, Gofman signed a conflict-of-interest agreement in recent days following his appointment as Mossad chief, in light of the agency's role in probing the affair, and another Mossad official will lead the probe in his place",https://www.haaretz.com/israel-news/israel-security/2026-08-27/ty-article/.premium/mossad-chief-recuses-himself-from-qatargate-probe-due-to-ties-to-netanyahu-aides/000001a0-4419-d2c8-a3ad-5d9f62490000,Haaretz,Jonathan Lis,2026-08-27T18:32:25,2026-08-27 23:38:52.926930,https://www.haaretz.com/israel-news/israel-security/2026-08-27/ty-article/.premium/mossad-chief-recuses-himself-from-qatargate-probe-due-to-ties-to-netanyahu-aides/000001a0-4419-d2c8-a3ad-5d9f62490000
Why Israel's high-tech elite won't save its democracy,"The post–October 7 wars were supposed to be an economic catastrophe. Instead, they became a windfall that binds Israel's liberal economic elite to the occupation. It will stay that way until the high-tech class feels less comfortable profiting from the defense and cyber industries",https://www.haaretz.com/israel-news/2026-08-27/ty-article-magazine/.premium/why-israels-high-tech-elite-wont-save-its-democracy/000001a0-4293-d840-abbe-7af3ac9e0000,Haaretz,Joshua Leifer,2026-08-27T18:50:44,2026-08-27 23:38:52.926898,https://www.haaretz.com/israel-news/2026-08-27/ty-article-magazine/.premium/why-israels-high-tech-elite-wont-save-its-democracy/000001a0-4293-d840-abbe-7af3ac9e0000
"We found a secret Netanyahu campaign. When we reached out for comment, it was taken down","The #Im_With_Bibi website was meant to launch a grassroots campaign in support of Netanyahu. While Likud claims the initiative is private, content creators identified with Likud's election campaign took part",https://www.haaretz.com/israel-news/israel-politics/2026-08-27/ty-article/.premium/we-found-a-secret-netanyahu-campaign-when-we-reached-out-it-was-taken-down/000001a0-42f2-d6e9-a1aa-e7ffd3680000,Haaretz,Bar Peleg,2026-08-27T18:59:12,2026-08-27 23:38:52.926864,https://www.haaretz.com/israel-news/israel-politics/2026-08-27/ty-article/.premium/we-found-a-secret-netanyahu-campaign-when-we-reached-out-it-was-taken-down/000001a0-42f2-d6e9-a1aa-e7ffd3680000
I spent a Saturday way outside my comfort zone – in the West Bank,"Bashar, a house painter who lives near Nablus, invited me to visit his home. I agreed out of politeness, but was afraid. In the end, I went",https://www.haaretz.com/israel-news/2026-08-27/ty-article-magazine/.highlight/i-spent-a-saturday-way-outside-my-comfort-zone-in-the-west-bank/000001a0-430a-da8b-a9fb-f3af833f0000,Haaretz,Hagit Sade,2026-08-27T19:18:43,2026-08-27 23:38:52.926836,https://www.haaretz.com/israel-news/2026-08-27/ty-article-magazine/.highlight/i-spent-a-saturday-way-outside-my-comfort-zone-in-the-west-bank/000001a0-430a-da8b-a9fb-f3af833f0000
"You're on a 25th-floor balcony. Suddenly, an Iranian drone flies below",What does life look like in Kyiv after four years of war?,https://www.haaretz.com/world-news/2026-08-27/ty-article-magazine/.highlight/youre-on-a-25th-floor-balcony-suddenly-an-iranian-drone-flies-below/000001a0-3cf4-d935-a3b6-bdf688600000,Haaretz,Alex Finkelstein,2026-08-27T19:40:42,2026-08-27 23:38:52.926805,https://www.haaretz.com/world-news/2026-08-27/ty-article-magazine/.highlight/youre-on-a-25th-floor-balcony-suddenly-an-iranian-drone-flies-below/000001a0-3cf4-d935-a3b6-bdf688600000
"IDF strikes in Lebanon kill one, wound six, including child, woman","The IDF said the attacks were in response to a Hezbollah explosive drone attack against its troops in southern Lebanon. One of the drones was reportedly intercepted, yet contact with the second drone was lost",https://www.haaretz.com/middle-east-news/lebanonnews/2026-08-27/ty-article/.premium/idf-strikes-in-lebanon-kill-one-wound-six-including-child-woman/000001a0-43f6-dfdc-afab-eff728230000,Haaretz,Yaniv Kubovich,2026-08-27T19:41:19,2026-08-27 23:38:52.926782,https://www.haaretz.com/middle-east-news/lebanonnews/2026-08-27/ty-article/.premium/idf-strikes-in-lebanon-kill-one-wound-six-including-child-woman/000001a0-43f6-dfdc-afab-eff728230000
"Defying Netanyahu, Ben-Gvir warns Smotrich alliance could cost him votes to new far-right party","Netanyahu was quick to launch a campaign to unite the far-right Otzma Yehudit and Religious Zionism parties, but Ben-Gvir has rejected the move. His aides claim that Smotrich is driving away electors, particularly ultra-Orthodox and Mizrahi voters, toward Ofer Winter's new party",https://www.haaretz.com/israel-news/elections/2026-08-27/ty-article/.premium/ben-gvir-defies-netanyahu-warns-smotrich-alliance-could-scare-off-voters/000001a0-4494-d268-a1fe-5dd4a8cb0000,Haaretz,Yossi Verter,2026-08-27T20:06:32,2026-08-27 23:38:52.926736,https://www.haaretz.com/israel-news/elections/2026-08-27/ty-article/.premium/ben-gvir-defies-netanyahu-warns-smotrich-alliance-could-scare-off-voters/000001a0-4494-d268-a1fe-5dd4a8cb0000
Haaretz Cartoon,,https://www.haaretz.com/opinion/daily-cartoon/2026-08-27/ty-article-opinion/haaretz-cartoon/000001a0-44df-d02f-a9ed-5cff4fd80000,Haaretz,Eran Wolkowski,2026-08-27T20:24:46,2026-08-27 23:38:52.926697,https://www.haaretz.com/opinion/daily-cartoon/2026-08-27/ty-article-opinion/haaretz-cartoon/000001a0-44df-d02f-a9ed-5cff4fd80000
"U.S. Patriot missile stocks in Europe are 'beyond critical,' officials say","Draining interceptor inventories for the Middle East conflict leaves NATO exposed to potential Russian attacks, despite Pentagon claims that arsenals remain ready",https://www.haaretz.com/us-news/2026-08-28/ty-article/u-s-patriot-missile-stocks-in-europe-are-beyond-critical-officials-say/000001a0-4483-dad6-a3b6-5ee71cdb0000,Haaretz,The Associated Press,2026-08-27T21:11:23,2026-08-27 23:38:52.926672,https://www.haaretz.com/us-news/2026-08-28/ty-article/u-s-patriot-missile-stocks-in-europe-are-beyond-critical-officials-say/000001a0-4483-dad6-a3b6-5ee71cdb0000
Gaza militias are Israel's war-crime proxies,"Make no mistake: Israel's militia project is another wrench that Israel is throwing in the works. This is compounded by the IDF's ongoing strikes in the Strip, which routinely claim the lives of uninvolved Gazans, and its entrenchment along the Yellow Line, effectively turning it into a new Israeli border, with diminishing prospects for withdrawal",https://www.haaretz.com/opinion/editorial/2026-08-28/ty-article-opinion/gaza-militias-are-israels-war-crime-proxies/000001a0-44c2-d02f-a9ed-5cebd1460000,Haaretz,Haaretz Editorial,2026-08-27T21:21:28,2026-08-27 23:38:52.926646,https://www.haaretz.com/opinion/editorial/2026-08-28/ty-article-opinion/gaza-militias-are-israels-war-crime-proxies/000001a0-44c2-d02f-a9ed-5cebd1460000
"Can Israel escape the Bibi-ist, Kahanist wave that threatens to inundate it?","The treatment of the former military advocate general reveals a system in which those who enforce the law can themselves become targets when they challenge the group, at least this is the case with the former military advocate",https://www.haaretz.com/opinion/2026-08-28/ty-article-opinion/.premium/can-israel-escape-the-bibi-ist-kahanist-wave-that-threatens-to-inundate-it/000001a0-44b6-d2c8-a3ad-5db686cf0000,Haaretz,Carolina Landsmann,2026-08-27T21:27:47,2026-08-27 23:38:52.926613,https://www.haaretz.com/opinion/2026-08-28/ty-article-opinion/.premium/can-israel-escape-the-bibi-ist-kahanist-wave-that-threatens-to-inundate-it/000001a0-44b6-d2c8-a3ad-5db686cf0000
Regime change in Iran? Why it could actually work this time,"The Islamic Republic has withstood war and sanctions, but this time it faces a complete blockade of oil exports, and that strikes at the heart of the regime's power",https://www.haaretz.com/middle-east-news/2026-08-28/ty-article/.premium/regime-change-in-iran-why-it-could-actually-work-this-time/000001a0-4384-d6dd-a1ad-e7e7fd710000,Haaretz,David Rosenberg,2026-08-27T22:06:28,2026-08-27 23:38:52.926582,https://www.haaretz.com/middle-east-news/2026-08-28/ty-article/.premium/regime-change-in-iran-why-it-could-actually-work-this-time/000001a0-4384-d6dd-a1ad-e7e7fd710000
Report: Trump rejects return to Iran agreement in favor of economic pressure,"U.S. officials told mediators the administration has no interest in reviving the June agreement, according to the Wall Street Journal, opting instead to wait for extreme economic sanctions to take effect",https://www.haaretz.com/middle-east-news/2026-08-28/ty-article/report-trump-rejects-return-to-iran-agreement-in-favor-of-economic-pressure/000001a0-4538-d73d-a5f0-6d3f76dd0000,Haaretz,Haaretz,2026-08-27T22:07:37,2026-08-27 23:38:52.926549,https://www.haaretz.com/middle-east-news/2026-08-28/ty-article/report-trump-rejects-return-to-iran-agreement-in-favor-of-economic-pressure/000001a0-4538-d73d-a5f0-6d3f76dd0000
Kites Are Deadly — and Will Be Used to Target Jewish Civilians,Israel will soon be accused of war crimes for &#8220;killing Palestinians&#8221; who were simply &#8220;flying kites.&#8221; You heard it here...,https://www.algemeiner.com/2026/08/27/kites-deadly-will-be-used-target-jewish-civilians/,Algemeiner,Daniel Pomerantz,2026-08-27T16:19:21,2026-08-27 23:38:48.462557,https://www.algemeiner.com/?p=778489
"Visa, Mastercard Launch International Card Payments in Syria After US Lifts Terrorism Designation","Visa and Mastercard carried out their first international card transactions in Syria on Wednesday, a major step in reconnecting the country with global payment networks days after Washington removed it...",https://www.algemeiner.com/2026/08/27/visa-mastercard-launch-international-card-payments-syria-after-us-lifts-terrorism-designation/,Algemeiner,Reuters and Algemeiner Staff,2026-08-27T16:57:43,2026-08-27 23:38:48.462530,https://www.algemeiner.com/?p=778520
Qatar PM Pursues Mediation in Tehran as US Ramps Up ‘Economic War’,The prime minister of US ally Qatar visited Tehran on Thursday in a bid to revive diplomacy as the US and Iran traded recriminations...,https://www.algemeiner.com/2026/08/27/qatar-pm-pursues-mediation-tehran-us-ramps-up-economic-war/,Algemeiner,Reuters and Algemeiner Staff,2026-08-27T17:02:15,2026-08-27 23:38:48.462501,https://www.algemeiner.com/?p=778523
Stadium in Russia Says It Will Not Host Kanye West Concerts That Are Part of World Tour,"An arena in Russia where Ye, the rapper also known as Kanye West, was scheduled to perform two concerts in...",https://www.algemeiner.com/2026/08/27/stadium-russia-says-will-not-host-kanye-west-concerts-part-world-tour/,Algemeiner,Shiryn Ghermezian,2026-08-27T17:05:35,2026-08-27 23:38:48.462473,https://www.algemeiner.com/?p=778504
"Nearly 1,000 Hollywood Figures Condemn Mark Ruffalo’s ‘Antisemitic Theories’ About Paramount-Warner Bros. Merger","A group of nearly 1,000 Hollywood industry figures released a statement on Tuesday condemning &#8220;antisemitic theories&#8221; in Mark Ruffalo&#8217;s criticism...",https://www.algemeiner.com/2026/08/27/nearly-1000-hollywood-figures-condemn-mark-ruffalos-antisemitic-theories-paramount-warner-bros-merger/,Algemeiner,Shiryn Ghermezian,2026-08-27T17:47:32,2026-08-27 23:38:48.462448,https://www.algemeiner.com/?p=778499
Jewish Family Finds Anti-Israel Note Inside Checked Luggage on Flight to Israel,A Jewish family traveling from Seattle to Israel discovered an anti-Israel message apparently placed inside their checked luggage during the...,https://www.algemeiner.com/2026/08/27/jewish-family-finds-anti-israel-note-inside-checked-luggage-flight-israel/,Algemeiner,Gabriel Ostrovsky,2026-08-27T19:20:45,2026-08-27 23:38:48.462419,https://www.algemeiner.com/?p=778531
North American Aliyah Reaches Record High for August as Thousands Choose Israel Despite Regional Uncertainty,"More than 1,100 North American Jews have made aliyah to Israel in August alone, marking a record-breaking month for Jewish...",https://www.algemeiner.com/2026/08/27/north-american-aliyah-reaches-record-high-august-thousands-choose-israel-despite-regional-uncertainty/,Algemeiner,Ailin Vilches Arguello,2026-08-27T19:34:25,2026-08-27 23:38:48.462394,https://www.algemeiner.com/?p=778538
Gaza’s Peace Matrix Is Generating Glitches — and Israel Has Seen This Film Before,"In six weeks, Israel will mark three years since Oct. 7, 2023 &#8212; the worst single day in the history...",https://www.algemeiner.com/2026/08/27/gazas-peace-matrix-generating-glitches-israel-has-seen-film-before/,Algemeiner,Sagiv Steinberg,2026-08-27T19:39:59,2026-08-27 23:38:48.462368,https://www.algemeiner.com/?p=778542
"Michigan AG Dana Nessel Suggests El-Sayed ‘Making Excuses’ for Terrorism, Warns of Antisemitism in Democratic Party",Michigan Attorney General Dana Nessel warned in a new interview that growing anti-Israel rhetoric among fellow Democrats risked rationalizing violence...,https://www.algemeiner.com/2026/08/27/michigan-ag-dana-nessel-suggests-el-sayed-making-excuses-terrorism-warns-antisemitism-democratic-party/,Algemeiner,Corey Walker,2026-08-27T21:56:46,2026-08-27 23:38:48.462339,https://www.algemeiner.com/?p=778529
Polish Far-Right Lawmaker Charged With Denying Nazi Crimes Over Auschwitz Gas Chamber Claims,"Polish authorities have charged lawmaker Grzegorz Braun, a far-right politician notorious for his repeated antisemitic statements and outspoken criticism of...",https://www.algemeiner.com/2026/08/27/polish-far-right-lawmaker-charged-denying-nazi-crimes-auschwitz-gas-chamber-claims/,Algemeiner,Ailin Vilches Arguello,2026-08-27T22:01:31,2026-08-27 23:38:48.462301,https://www.algemeiner.com/?p=778559
New immigrants bound for Israel on Nefesh B’Nefesh flight ready for job search,"“They don’t really care where you went to school,” Marc Rosenberg, vice president of diaspora partnerships at the nonprofit, told JNS. “People often have a second career when they come here.”",https://www.jns.org/news/israel-news/new-immigrants-bound-for-israel-on-nefesh-bnefesh-flight-ready-for-job-search,JNS,Jessica Russak-Hoffman,2026-08-27T15:12:53,2026-08-27 23:38:46.167924,https://www.jns.org/news/israel-news/new-immigrants-bound-for-israel-on-nefesh-bnefesh-flight-ready-for-job-search
Don’t trust Doha when it comes to US-Iran negotiations,This is not unbiased mediation. Qatar is trying to save Iran from further setbacks.,https://www.jns.org/opinion/ahmed-y-obali/dont-trust-doha-when-it-comes-to-us-iran-negotiations,JNS,Ahmed Y. Obali,2026-08-27T15:15:00,2026-08-27 23:38:46.167892,https://www.jns.org/opinion/ahmed-y-obali/dont-trust-doha-when-it-comes-to-us-iran-negotiations
"More than 170 terror victims, family members sue Iran, Syria over attacks",The plaintiffs allege that the material support the two countries provided to various terrorist groups was “a substantial factor” in causing the attacks listed in the suit.,https://www.jns.org/news/u-s-news/more-than-170-terror-victims-family-members-sue-iran-syria-over-attacks,JNS,Aaron Bandler,2026-08-27T15:55:27,2026-08-27 23:38:46.167868,https://www.jns.org/news/u-s-news/more-than-170-terror-victims-family-members-sue-iran-syria-over-attacks
Another poll shows Pennsylvania governor Shapiro with two-to-one advantage over Republican challenger,"If Josh Shapiro can win by a big margin and bring along down-ballot candidates, “it strengthens the argument that he’s able to win and win convincingly in perhaps the most important swing state in the nation,” Berwood Yost, who directs the poll, told JNS.",https://www.jns.org/news/u-s-news/another-poll-shows-pennsylvania-governor-shapiro-with-two-to-one-advantage-over-republican-challenger,JNS,Jonathan D. Salant,2026-08-27T15:56:19,2026-08-27 23:38:46.167839,https://www.jns.org/news/u-s-news/another-poll-shows-pennsylvania-governor-shapiro-with-two-to-one-advantage-over-republican-challenger
"Israel and Hamas share blame for breakdown in peace process, Board of Peace rep tells UN Security Council","“Ceasefires that deliver nothing visible are not sustained by patience. They are only exhausted by it,” said Nickolay Mladenov, the board’s high representative for Gaza.",https://www.jns.org/news/world/israel-and-hamas-share-blame-for-breakdown-in-peace-process-board-of-peace-rep-tells-un-security-council,JNS,Mike Wagenheim,2026-08-27T16:50:53,2026-08-27 23:38:46.167806,https://www.jns.org/news/world/israel-and-hamas-share-blame-for-breakdown-in-peace-process-board-of-peace-rep-tells-un-security-council
Omer Bartov’s genocide libel,The Brown University academic acknowledges that he uses the term as a rhetorical weapon and not a legal definition.,https://www.jns.org/opinion/paul-schneider/omer-bartovs-genocide-libel,JNS,Paul Schneider,2026-08-27T17:30:00,2026-08-27 23:38:46.167777,https://www.jns.org/opinion/paul-schneider/omer-bartovs-genocide-libel
"Apple to pay $150,000 to settle federal discrimination suit over Jewish employee’s Shabbat observance","The two-year agreement requires the company to pay the former employee $80,000 in back wages and $70,000 in damages and revise its religious-accommodation policies.",https://www.jns.org/news/u-s-news/apple-to-pay-150-000-to-settle-federal-discrimination-suit-over-jewish-employees-shabbat-observance,JNS,,2026-08-27T18:28:19,2026-08-27 23:38:46.167753,https://www.jns.org/news/u-s-news/apple-to-pay-150-000-to-settle-federal-discrimination-suit-over-jewish-employees-shabbat-observance
"Chicago alderman went ‘Jew-hunting’ when he blamed AIPAC for releasing divorce records, lawsuit alleges","The suit, filed in the Circuit Court of Cook County, also states that the Jewish lawyer, whom the alderman blamed, is not actually tied to the pro-Israel lobby.",https://www.jns.org/news/u-s-news/chicago-alderman-went-jew-hunting-when-he-blamed-aipac-for-releasing-divorce-records-lawsuit-alleges,JNS,Rebecca Szlechter,2026-08-27T19:26:49,2026-08-27 23:38:46.167723,https://www.jns.org/news/u-s-news/chicago-alderman-went-jew-hunting-when-he-blamed-aipac-for-releasing-divorce-records-lawsuit-alleges
Britain’s moral depravity,The campaign against the Israeli “settlers” amounts to racist ethnic cleansing.,https://www.jns.org/opinion/column/melanie-phillips/britains-moral-depravity,JNS,Melanie Phillips,2026-08-27T19:30:00,2026-08-27 23:38:46.167695,https://www.jns.org/opinion/column/melanie-phillips/britains-moral-depravity
"Bone-cancer patient receives 3D-printed, half-pelvic implant in landmark surgery","""This was one of the most complex and challenging cases we have ever encountered,"" said Dr. Israel Weiss, head of the Orthopedic Oncology Unit at Clalit-Schneider and Clalit-Beilinson Hospitals.",https://www.jns.org/wire/clalit-innovation-bone-cancer-patient-receives-3-d-printed-pelvic-implant-in-landmark-surgery,JNS,,2026-08-27T20:00:00,2026-08-27 23:38:46.167672,https://www.jns.org/wire/clalit-innovation-bone-cancer-patient-receives-3-d-printed-pelvic-implant-in-landmark-surgery
Pro-Israel nonprofit USIEA celebrates 15th anniversary,"The association says that some Democrats are wavering on backing Israel under party pressure, “but it does not mean that they are not ripe for education and supporting Israel outside of this momentary season.”",https://www.jns.org/news/u-s-news/pro-israel-nonprofit-usiea-celebrates-15th-anniversary,JNS,Mike Wagenheim,2026-08-27T20:23:03,2026-08-27 23:38:46.167640,https://www.jns.org/news/u-s-news/pro-israel-nonprofit-usiea-celebrates-15th-anniversary
"Van Hollen, Kaine, Sanders to introduce resolution on ‘violent Israeli settlers’","Sen. Tim Kaine urged “Israeli leaders to take firmer action to curtail illegal settlements in the West Bank, prosecute violent settlers and protect Palestinian residents as well as American citizens living in or visiting the West Bank.”",https://www.jns.org/news/u-s-news/van-hollen-kaine-sanders-to-introduce-resolution-on-violent-israeli-settlers,JNS,Andrew Bernard,2026-08-27T20:50:51,2026-08-27 23:38:46.167611,https://www.jns.org/news/u-s-news/van-hollen-kaine-sanders-to-introduce-resolution-on-violent-israeli-settlers
Why Mizrahi Jews are fighting erasure in New York City,"Not being able to destroy Israel on the battlefield, Palestine’s supporters think that Israel, which they disparage as “the current landmass,” will self-destruct if they pretend it doesn’t exist.",https://www.jns.org/opinion/lyn-julius/why-mizrahi-jews-are-fighting-erasure-in-new-york-city,JNS,Lyn Julius,2026-08-27T21:00:00,2026-08-27 23:38:46.167578,https://www.jns.org/opinion/lyn-julius/why-mizrahi-jews-are-fighting-erasure-in-new-york-city
"‘We’re watching,’ says group that attends NYC court cases about Jew-hatred","“The fact of the matter is that showing up for this, which is a matter of justice, is something I can do and something anybody else can do,” Glenn Richter, the group’s founder, told JNS.",https://www.jns.org/news/u-s-news/were-watching-says-group-that-attends-nyc-court-cases-about-jew-hatred,JNS,Rikki Zagelbaum,2026-08-27T21:32:55,2026-08-27 23:38:46.167548,https://www.jns.org/news/u-s-news/were-watching-says-group-that-attends-nyc-court-cases-about-jew-hatred
"Trump names Ben Moss, who was president of Jewish group in law school, White House staff secretary","The U.S. president said that Mosss ""has been tremendous as deputy staff secretary and, before that, as policy director to the vice president.""",https://www.jns.org/news/u-s-news/trump-names-ben-moss-who-was-president-of-jewish-group-in-law-school-white-house-staff-secretary,JNS,JNS Staff,2026-08-27T22:16:53,2026-08-27 23:38:46.167516,https://www.jns.org/news/u-s-news/trump-names-ben-moss-who-was-president-of-jewish-group-in-law-school-white-house-staff-secretary
The clock is ticking on the chances to stop JD Vance,The veep informally began his 2028 campaign with a fundraiser hosted by Tucker Carlson’s financier. It’s not too early to start thinking about how to defeat him.,https://www.jns.org/opinion/column/jonathan-s-tobin/the-clock-is-ticking-on-the-chances-to-stop-jd-vance,JNS,Jonathan S. Tobin,2026-08-27T23:00:00,2026-08-27 23:38:46.167481,https://www.jns.org/opinion/column/jonathan-s-tobin/the-clock-is-ticking-on-the-chances-to-stop-jd-vance
"Print Issue: Debunking the Lie of the Century | August 28, 2026","An investigative journalist offers a primer to debunk the “genocide” libel against Israel. The post Print Issue: Debunking the Lie of the Century | August 28, 2026 appeared first on Jewish Journal .",https://jewishjournal.com/print-issue/391635/print-issue-debunking-the-lie-of-the-century-august-28-2026/,Jewish Journal,Jewish Journal Staff,2026-08-27T14:23:11,2026-08-27 23:38:43.731919,https://jewishjournal.com/?p=391635
"Mark Ruffalo, Meet Dolly Parton","Instead of the arrogance of cynicism, Parton exemplified for her beloved America the innocence of humility. We could all use some of that humility. The post Mark Ruffalo, Meet Dolly Parton appeared first on Jewish Journal .",https://jewishjournal.com/commentary/columnist/editors-note/391640/mark-ruffalo-meet-dolly-parton/,Jewish Journal,David Suissa,2026-08-27T18:53:40,2026-08-27 23:38:43.731885,https://jewishjournal.com/?p=391640
A Bisl Torah — Season of Renewal,"What is it that we want to renew within ourselves, strengthen, embolden, and what characteristics and traits should ultimately be discarded? The post A Bisl Torah — Season of Renewal appeared first on Jewish Journal .",https://jewishjournal.com/judaism/a-bisl-torah/391644/season-of-renewal/,Jewish Journal,Rabbi Nicole Guzik,2026-08-27T19:17:10,2026-08-27 23:38:43.731855,https://jewishjournal.com/?p=391644
Erroneous: That Israel has Renewed an Eye for an Eye,[&#8230;] The post Erroneous: That Israel has Renewed an Eye for an Eye appeared first on Jewish Journal .,https://jewishjournal.com/spiritual/poetry/391650/erroneous-that-israel-has-renewed-an-eye-for-an-eye/,Jewish Journal,Gershon Hepner,2026-08-27T19:34:06,2026-08-27 23:38:43.731821,https://jewishjournal.com/?p=391650
A Moment in Time: Showing Up,[&#8230;] The post A Moment in Time: Showing Up appeared first on Jewish Journal .,https://jewishjournal.com/commentary/blogs/391601/a-moment-in-time-showing-up/,Jewish Journal,Rabbi Zach Shapiro,2026-08-27T19:37:24,2026-08-27 23:38:43.731793,https://jewishjournal.com/?p=391601
When You Come (to dinner) — A poem for Parsha Ki Tavo,"We went to dinner the other night, and when we asked if we could bring anything, they said no, but if you want, you could bring dessert or fruit... The post When You Come (to dinner) — A poem for Parsha Ki Tavo appeared first on Jewish Journal .",https://jewishjournal.com/judaism/391489/when-you-come-to-dinner-a-poem-for-parsha-ki-tavo/,Jewish Journal,Rick Lupert,2026-08-27T23:00:04,2026-08-27 23:38:43.731760,https://jewishjournal.com/?p=391489
"In a forest where Jews fought the Nazis, a German military base and Lithuanian politics encroach on memory","(JTA) — Rūdninkai, LITHUANIA — Deep in the trees and swampy thickets of Lithuania’s Rūdninkai Forest, a series of makeshift forts is sinking into the earth. These represent the remains of underground bunkers where Jewish partisans resisted their annihilation in the Holocaust. Under German occupation, some 400 Jews escaped the Vilnius ghetto to this forest... The post In a forest where Jews fought the Nazis, a German military base and Lithuanian politics encroach on memory appeared first on The Forward .",https://forward.com/fast-forward/847028/in-a-forest-where-jews-fought-the-nazis-a-german-military-base-and-lithuanian-politics-encroach-on-memory/,The Forward,Shira Li Bartov,2026-08-27T17:34:57,2026-08-27 23:38:39.533179,https://forward.com/?p=847028
These college students have favorable views of Israel. They also think it’s committing genocide.,"A quarter of college students who view Israel favorably also believe its government is committing genocide. That’s according to a Brandeis study published earlier this month, which surveyed nearly 4,000 students across 303 colleges in fall 2025 about their views on the Israeli-Palestinian conflict and concluded views on the Israeli-Palestinian conflict are more nuanced than... The post These college students have favorable views of Israel. They also think it’s committing genocide. appeared first on The Forward .",https://forward.com/news/847115/brandeis-survey-college-students-israel-palestine/,The Forward,Hannah Feuer,2026-08-27T19:54:46,2026-08-27 23:38:39.533129,https://forward.com/?p=847115
"In the Southwest, public libraries are becoming Yiddish hubs","Think of Yiddish today and you might picture Hasidic Brooklyn, Haredi neighborhoods in Israel or scholars working to preserve a language too often falsely written off as “dead” or “dying.” But Texas? Ikh ken es nisht gleybn! (I can’t believe it!) Sebastian Schulman, director of partnerships at the Yiddish Book Center, has spent the past... The post In the Southwest, public libraries are becoming Yiddish hubs appeared first on The Forward .",https://forward.com/yiddish-world/847100/southwest-public-libraries-yiddish-texas-new-mexico-book-center/,The Forward,Kyle Desrosiers-Levine,2026-08-27T20:40:35,2026-08-27 23:38:39.533072,https://forward.com/?p=847100
California could become the first state to list ‘Jewish’ as an ethnicity,Assembly has until Aug. 31 to pass the contentious proposal into law. -- The post California could become the first state to list ‘Jewish’ as an ethnicity appeared first on Jewish Telegraphic Agency .,https://www.jta.org/2026/08/27/politics/california-could-become-the-first-state-to-list-jewish-as-an-ethnicity,JTA,Sharon Udasin,2026-08-27T16:17:22,2026-08-27 23:38:37.182110,https://www.jta.org/?p=1906923
Flying the unfriendly skies: The untold story of EL AL’s wartime resilience,"“We don’t brag that we worked under threat of bombs and airstrikes, but the fact is we worked,"" said one supervisor at Israel's flag carrier. -- The post Flying the unfriendly skies: The untold story of EL AL’s wartime resilience appeared first on Jewish Telegraphic Agency .",https://www.jta.org/2026/08/27/global/flying-the-unfriendly-skies-the-untold-story-of-el-als-wartime-resilience,JTA,Larry Luxner,2026-08-27T18:38:00,2026-08-27 23:38:37.182066,https://www.jta.org/?p=1906928
Israel’s Ethiopian asylum seekers fight deportation efforts,A 145-year-old organization that once helped Jews flee pogroms is among the groups trying to protect the asylum seekers. -- The post Israel’s Ethiopian asylum seekers fight deportation efforts appeared first on Jewish Telegraphic Agency .,https://www.jta.org/2026/08/27/israel/israels-ethiopian-asylum-seekers-fight-deportation-efforts,JTA,Theia Chatelle,2026-08-27T19:36:29,2026-08-27 23:38:37.182017,https://www.jta.org/?p=1906886
"Your Daily Phil: OU names new EVP, announces new CEO role","The post Your Daily Phil: OU names new EVP, announces new CEO role appeared first on eJewishPhilanthropy .",https://ejewishphilanthropy.com/your-daily-phil-ou-names-new-evp-announces-new-ceo-role/,eJewish Philanthropy,Rachel Kohn,2026-08-27T14:58:41,2026-08-27 23:38:34.853852,https://ejewishphilanthropy.com/?p=179395
"In a Lithuanian forest, the memory of Jewish partisans is under threat","(JTA) — Deep in the trees and swampy thickets of Lithuania’s Rūdninkai Forest, a series of makeshift forts is sinking into the earth. These represent the remains of underground bunkers [&#8230;]",https://jweekly.com/2026/08/27/in-a-lithuanian-forest-the-memory-of-jewish-partisan-fighters-is-under-threat/,J. Weekly,Shira Li Bartov,2026-08-27T21:00:51,2026-08-27 23:38:32.462474,https://jweekly.com/?p=310429
The secret Jewish history of the ‘Rocky Horror Picture Show’,"This story was originally published in the Forward. Click here to get the Forward&#8217;s free email newsletters delivered to your inbox. “Rocky Horror,” which opened in London cinemas on this [&#8230;]",https://jweekly.com/2026/08/27/the-secret-jewish-history-of-the-rocky-horror-picture-show/,J. Weekly,Seth Rogovoy,2026-08-27T21:12:06,2026-08-27 23:38:32.462440,https://jweekly.com/?p=310435
TORAH | Lessons learned from waterfalls and your dog’s reactions to jokes,"The Torah column is supported by a generous donation from Eve Gordon-Ramek in memory of Kenneth Gordon. Ki Tavo Deuteronomy 26:1-29:8 Imagine you’re walking your dog, a quiet Chihuahua. The [&#8230;]",https://jweekly.com/2026/08/27/lessons-learned-from-waterfalls-and-your-dogs-reactions-to-jokes/,J. Weekly,Rabbi Dov Greenberg,2026-08-27T21:17:16,2026-08-27 23:38:32.462404,https://jweekly.com/?p=310439
How a big East Bay synagogue is getting even bigger,This article is the first in an occasional series about Northern California congregations that are experiencing substantial growth. Think your synagogue would be a good candidate for the series? Let [&#8230;],https://jweekly.com/2026/08/27/how-a-big-east-bay-synagogue-is-getting-even-bigger/,J. Weekly,Cayla Labgold-Carroll,2026-08-27T23:08:26,2026-08-27 23:38:32.462356,https://jweekly.com/?p=310445
Report: Israel considers expelling British officials from post-war Gaza coordination center,"This move comes amid criticism of Israel's policies in the West Bank and Gaza, the Financial Times reported, adding that Italy and Germany could also be targeted",https://www.haaretz.com/israel-news/israel-security/2026-08-27/ty-article/.premium/report-israel-considers-expelling-u-k-officials-from-gaza-coordination-center/000001a0-41ba-d02f-a9ed-5dfb95e90000,Haaretz,Liza Rozovsky,2026-08-27T08:43:19,2026-08-27 13:52:04.754691,https://www.haaretz.com/israel-news/israel-security/2026-08-27/ty-article/.premium/report-israel-considers-expelling-u-k-officials-from-gaza-coordination-center/000001a0-41ba-d02f-a9ed-5dfb95e90000
'Israel is sending armed militias in Gaza to commit war crimes – and I have to protect them',"A Haaretz investigation, based on IDF soldiers' testimonies, sources in Gaza and satellite imagery, reveals how Israel is cultivating a network of armed militias in Gaza",https://www.haaretz.com/israel-news/security-aviation/2026-08-27/ty-article-magazine/gaza-israel-sending-militias-commit-war-crimes-i-have-to-protect-them/0000019f-f0f0-df61-a3ff-f9fe6ca70000,Haaretz,Yarden Michaeli,2026-08-27T08:45:00,2026-08-27 13:52:04.754664,https://www.haaretz.com/israel-news/security-aviation/2026-08-27/ty-article-magazine/gaza-israel-sending-militias-commit-war-crimes-i-have-to-protect-them/0000019f-f0f0-df61-a3ff-f9fe6ca70000
Tel Aviv segregates undocumented children with learning disabilities from Israeli peers,"Special education placement is not dependent on registration zones, yet children of asylum seekers were sent to segregated schools while Israeli peers went to integrated ones. 'I feel like they threw my son in the trash,' said a mother",https://www.haaretz.com/israel-news/2026-08-27/ty-article/.premium/undocumented-children-with-learning-disabilities-segragated-from-israeli-peers/000001a0-3ec6-d341-aff6-bfff71b60000,Haaretz,Ran Shimoni,2026-08-27T09:01:51,2026-08-27 13:52:04.754633,https://www.haaretz.com/israel-news/2026-08-27/ty-article/.premium/undocumented-children-with-learning-disabilities-segragated-from-israeli-peers/000001a0-3ec6-d341-aff6-bfff71b60000
Netanyahu rival Eisenkot says E1 West Bank settlement plan 'a mistake',"In an interview, the former IDF chief said the globally condemned construction plan is inappropriate 'at this time,' while doubling down on his opposition to a two-state solution, saying anyone considering it after October 7 'is simply delusional'",https://www.haaretz.com/israel-news/elections/2026-08-27/ty-article/.premium/netanyahu-rival-eisenkot-says-e1-west-bank-settlement-plan-a-mistake/000001a0-426b-d02f-a9ed-5e6bdace0000,Haaretz,Noa Shpigel,2026-08-27T09:10:05,2026-08-27 13:52:04.754603,https://www.haaretz.com/israel-news/elections/2026-08-27/ty-article/.premium/netanyahu-rival-eisenkot-says-e1-west-bank-settlement-plan-a-mistake/000001a0-426b-d02f-a9ed-5e6bdace0000
"IDF publishes, deletes video giving draft-dodging advice to Haredim",The video was for Haredim who received a travel ban due to ignoring draft summons. It said to bring exempting medical documents to their IDF summons to get the draft order and travel ban removed. The IDF said: 'The incident will be investigated',https://www.haaretz.com/israel-news/israel-politics/2026-08-27/ty-article/.premium/idf-publishes-deletes-video-giving-draft-dodging-advice-to-haredim/000001a0-420f-d341-aff6-fb7fa8830000,Haaretz,Yaniv Kubovich,2026-08-27T09:49:28,2026-08-27 13:52:04.754574,https://www.haaretz.com/israel-news/israel-politics/2026-08-27/ty-article/.premium/idf-publishes-deletes-video-giving-draft-dodging-advice-to-haredim/000001a0-420f-d341-aff6-fb7fa8830000
Israeli court acquits man of assaulting nun in Jerusalem's Old City,"Security footage from the incident shows the suspect running behind the nun before pushing her to the ground and walking away. The woman's head can be seen hitting a stone structure on the ground before the man is seen returning, kicking her and fighting witnesses who intervened",https://www.haaretz.com/israel-news/israel-crime/2026-08-27/ty-article/israeli-court-acquits-man-of-assaulting-nun-in-jerusalems-old-city/000001a0-3f74-d274-a7f4-bff5041d0000,Haaretz,Haaretz,2026-08-27T10:11:06,2026-08-27 13:52:04.754543,https://www.haaretz.com/israel-news/israel-crime/2026-08-27/ty-article/israeli-court-acquits-man-of-assaulting-nun-in-jerusalems-old-city/000001a0-3f74-d274-a7f4-bff5041d0000
Brouhaha in academia: Did we really hunt mammoths?,"Two camps, 'We ate the megafauna' versus 'No we didn't', face off. So did we eat and extirpate the mammoth and other prehistoric giants? A pair of Israeli scientists dig in with an article and a rebuttal of the rebuttal",https://www.haaretz.com/archaeology/2026-08-27/ty-article/brouhaha-in-academia-did-we-really-hunt-mammoths/000001a0-428d-d840-abbe-7afd6ec80000,Haaretz,Ruth Schuster,2026-08-27T12:18:48,2026-08-27 13:52:04.754510,https://www.haaretz.com/archaeology/2026-08-27/ty-article/brouhaha-in-academia-did-we-really-hunt-mammoths/000001a0-428d-d840-abbe-7afd6ec80000
Slovenia PM confirms country blocked EU condemnation of West Bank E1 settlement plan,"Prime Minister Janez Janša said Slovenia 'removed' itself from a 'vicious circle' of losing credibility through what he described as disproportionate condemnations of Israel, accusing the EU of being hypocritical by remaining silent on violence and persecution elsewhere in the world",https://www.haaretz.com/world-news/europe/2026-08-27/ty-article/.premium/slovenia-pm-confirms-country-blocked-eu-condemnation-of-w-bank-settlement-plan/000001a0-4331-d274-a7f4-f7b1b9180000,Haaretz,Liza Rozovsky,2026-08-27T12:34:47,2026-08-27 13:52:04.754479,https://www.haaretz.com/world-news/europe/2026-08-27/ty-article/.premium/slovenia-pm-confirms-country-blocked-eu-condemnation-of-w-bank-settlement-plan/000001a0-4331-d274-a7f4-f7b1b9180000
Mark Ruffalo is right: calling out power doesn't make you an antisemite,"The Hollywood actor criticized the concentration of power in the hands of the Ellison family, while also mentioning the family's ties to Israel. Antisemitism is a real threat in America today, but this isn't an example of it",https://www.haaretz.com/opinion/2026-08-27/ty-article-opinion/.premium/mark-ruffalo-is-right-calling-out-power-doesnt-make-you-an-antisemite/000001a0-3fb9-d268-a1fe-3ffdac0c0000,Haaretz,Libby Lenkinski,2026-08-27T13:02:38,2026-08-27 13:52:04.754441,https://www.haaretz.com/opinion/2026-08-27/ty-article-opinion/.premium/mark-ruffalo-is-right-calling-out-power-doesnt-make-you-an-antisemite/000001a0-3fb9-d268-a1fe-3ffdac0c0000
Israel's opposition is again looking for salvation in the wrong places,"Israel's liberal voters are once again coalescing behind former generals, ignoring painful lessons of the past. To finally win and change the country's course, the anti-Netanyahu bloc needs civilian leaders willing to challenge military orthodoxy",https://www.haaretz.com/opinion/2026-08-27/ty-article-opinion/.premium/israels-opposition-is-again-looking-for-salvation-in-the-wrong-places/0000019f-f792-d929-afff-f79b0b170000,Haaretz,Leon Sverdlov,2026-08-27T13:08:42,2026-08-27 13:52:04.754410,https://www.haaretz.com/opinion/2026-08-27/ty-article-opinion/.premium/israels-opposition-is-again-looking-for-salvation-in-the-wrong-places/0000019f-f792-d929-afff-f79b0b170000
Craving a cool midsummer dip? Ein Lavan is your best bet near Jerusalem,"Following a determined environmental struggle, Ein Lavan's green natural space was saved. Now is a good time to visit it",https://www.haaretz.com/israel-news/travel/2026-08-27/ty-article/craving-a-cool-midsummer-dip-ein-lavan-is-your-best-bet-near-jerusalem/000001a0-42f8-d845-a1ec-ceffe3df0000,Haaretz,Moshe Gilad,2026-08-27T13:36:30,2026-08-27 13:52:04.754373,https://www.haaretz.com/israel-news/travel/2026-08-27/ty-article/craving-a-cool-midsummer-dip-ein-lavan-is-your-best-bet-near-jerusalem/000001a0-42f8-d845-a1ec-ceffe3df0000
Costa Rica's foreign minister awarded Jerusalem Prize amid burgeoning ties,"The Central American country is among a wave of Latin America nations which have broken with historical, left-wing anti-Israel foreign policies.",https://www.jns.org/news/world/costa-ricas-foreign-minister-awarded-jerusalem-prize-amid-burgeoning-ties,JNS,Etgar Lefkovits,2026-08-27T04:07:00,2026-08-27 13:51:57.638937,https://www.jns.org/news/world/costa-ricas-foreign-minister-awarded-jerusalem-prize-amid-burgeoning-ties
Slovenia defends blocking disproportionate EU statement on Israel's E1 project,"The intervention by once-hostile Ljubljana prevented a joint condemnation of Israeli construction east of Jerusalem, according to ""EUobserver.""",https://www.jns.org/news/world/slovenia-reportedly-blocks-eu-statement-on-israels-e1-project,JNS,Canaan Lidor,2026-08-27T04:47:00,2026-08-27 13:51:57.638910,https://www.jns.org/news/world/slovenia-reportedly-blocks-eu-statement-on-israels-e1-project
Ben-Gvir ordered shutdown of PA event in Jerusalem’s Old City,"Senior Palestinian officials were slated to attend the gathering, the Israeli minister said.",https://www.jns.org/news/israel-news/ben-gvir-ordered-shutdown-of-pa-event-in-jerusalems-old-city,JNS,JNS Staff,2026-08-27T05:13:07,2026-08-27 13:51:57.638883,https://www.jns.org/news/israel-news/ben-gvir-ordered-shutdown-of-pa-event-in-jerusalems-old-city
"Trump admin should probe Northwestern U over Qatar contract, Brandeis Center says","“Academic freedom and the civil rights of students, faculty members and their families should never be beholden to the purse strings of a foreign government.”",https://www.jns.org/news/u-s-news/trump-admin-should-probe-northwestern-u-over-qatar-contract-brandeis-center-says,JNS,JNS Staff,2026-08-27T05:38:28,2026-08-27 13:51:57.638855,https://www.jns.org/news/u-s-news/trump-admin-should-probe-northwestern-u-over-qatar-contract-brandeis-center-says
No vote for genocide liars,Politicians who promote misinformation against Jews and Israel are either ignorant or malicious.,https://www.jns.org/opinion/james-sinkinson/no-vote-for-genocide-liars,JNS,James Sinkinson,2026-08-27T06:00:00,2026-08-27 13:51:57.638805,https://www.jns.org/opinion/james-sinkinson/no-vote-for-genocide-liars
How Hamas plans to win the Palestinian elections,"The terrorist group intends to undermine Trump’s post-conflict plans from within, filling the legislative council with proxies.",https://www.jns.org/analysis/how-hamas-plans-to-win-the-palestinian-elections,JNS,David Isaac,2026-08-27T06:30:30,2026-08-27 13:51:57.638781,https://www.jns.org/analysis/how-hamas-plans-to-win-the-palestinian-elections
‘Turkish intelligence has become highly influential in Syria’,"Israeli strikes reflect concern over Ankara-backed Syrian rearmament and Islamist rule, former IDF officer tells JNS.",https://www.jns.org/analysis/turkish-intelligence-has-become-highly-influential-in-syria,JNS,Yaakov Lappin,2026-08-27T06:33:27,2026-08-27 13:51:57.638753,https://www.jns.org/analysis/turkish-intelligence-has-become-highly-influential-in-syria
Hapoel Be’er Sheva falls short of Champions League qualification,"The Israeli soccer squad drops to the Europa League after a 5-2 loss and 6-4 on aggregate, while Hapoel Tel Aviv faces Atalanta for a Conference League berth.",https://www.jns.org/news/israel-news/hapoel-beer-sheva-falls-short-of-champions-league-qualification-in-baku,JNS,Joshua Marks,2026-08-27T06:48:12,2026-08-27 13:51:57.638727,https://www.jns.org/news/israel-news/hapoel-beer-sheva-falls-short-of-champions-league-qualification-in-baku
Israel launches tender for one of world’s largest desalination plants,Water Authority Director Yehezkel Lipshitz described the project as “great news for the water sector and the citizens of Israel.”,https://www.jns.org/israel-launches-tender-for-one-of-worlds-largest-desalination-plants,JNS,Pesach Benson/TPS-IL,2026-08-27T07:04:59,2026-08-27 13:51:57.638697,https://www.jns.org/israel-launches-tender-for-one-of-worlds-largest-desalination-plants
Alpha Omega US Dental Foundation welcomes Dr. Howard Israel to board of directors,"Brings decades of leadership in oral and maxillofacial surgery, academic medicine, bioethics and dental education.",https://www.jns.org/wire/ao-us-dental-foundation/alpha-omega-us-dental-foundation-welcomes-dr-howard-israel-to-board-of-directors,JNS,,2026-08-27T07:07:10,2026-08-27 13:51:57.638667,https://www.jns.org/wire/ao-us-dental-foundation/alpha-omega-us-dental-foundation-welcomes-dr-howard-israel-to-board-of-directors
Israel and Trump diverge over Syria and Turkey,"“Israel Undiplomatic” brings sharp insight and spirited debate to the stories shaping Israel and the Middle East. Hosted by JNS senior contributing editor Ruthie Blum and former ambassador Mark Regev, both former advisers to the Prime Minister’s Office, the show goes beyond talking points to tackle Israel’s toughest political, diplomatic and security dilemmas head-on. From Gaza ceasefire negotiations to U.S.-Israel relations and from Iran’s nuclear ambitions to the war on terror, Blum and Regev dissect the week’s headlines with authority, candor and a touch of humor. What sets “Israel Undiplomatic” apart is the dynamic between its hosts: Two seasoned insiders often agree on the goals but clash on the details. Their conversations reveal how even shared worldviews can lead to different conclusions about policy, diplomacy and the future of Israel. Whether analyzing the latest Middle East peace proposals, exposing Western double standards or weighing the political fallout of Israel’s military actions, “Israel Undiplomatic” delivers smart, unscripted dialogue that cuts through spin and gets to the truth. Because in politics, as in life, the devil is always in the details. See more at: @JNS_TV and subscribe to our YouTube channel.",https://www.jns.org/jns-tv/israel-undiplomatic/israel-and-trump-diverge-over-syria-and-turkey,JNS,Mark Regev,2026-08-27T07:57:44,2026-08-27 13:51:57.638637,https://www.jns.org/jns-tv/israel-undiplomatic/israel-and-trump-diverge-over-syria-and-turkey
Qatar’s growing influence inside the American right,"Welcome to “Axis of Truth,” a fearless JNS series hosted by Emily Schrader—renowned journalist, human-rights activist and outspoken critic of authoritarian regimes. Each week, Schrader cuts through spin and censorship to uncover the political agendas, media manipulation and propaganda shaping Israel news and the broader Middle East. From Tehran to Tel Aviv and Washington to Damascus, “Axis of Truth” confronts the narratives driving conflict, misinformation and moral confusion in global coverage of Israel. Whether dissecting the Iranian regime’s election theater, Hamas’s tactics or the Western media’s distortion of Jewish self-defense, Schrader brings clarity and courage to stories too often clouded by ideology. Featuring in-depth interviews with dissidents, security experts, political leaders and journalists, Axis of Truth delivers hard-hitting analysis and unfiltered commentary on the issues that define the Middle East today. Episodes range from exclusive reporting on Gaza and Iran to exposés of Western hypocrisy, social media disinformation and the global networks enabling terror. With a sharp focus on facts, context and accountability, Schrader challenges both policymakers and the press to tell the truth about Israel’s fight for survival and the threats facing free societies. See more at: @JNS_TV and subscribe to our YouTube channel.",https://www.jns.org/jns-tv/axis-of-truth/qatars-growing-influence-inside-the-american-right,JNS,Emily Schrader,2026-08-27T08:28:02,2026-08-27 13:51:57.638550,https://www.jns.org/jns-tv/axis-of-truth/qatars-growing-influence-inside-the-american-right
Jerusalem welcomes US sanctions on anti-Israel extremist groups,"Washington designated three networks and two individuals, citing links to violent activity and terrorist groups.",https://www.jns.org/news/israel-news/jerusalem-welcomes-us-sanctions-on-anti-israel-extremist-groups,JNS,JNS Staff,2026-08-27T08:37:09,2026-08-27 13:51:57.638455,https://www.jns.org/news/israel-news/jerusalem-welcomes-us-sanctions-on-anti-israel-extremist-groups
AIPAC: Spend your dollars more widely … and wisely,"Getting involved in races is a calculated risk, but when a leading candidate is anti-Israel and anti-Jewish, it’s generally worth taking.",https://www.jns.org/opinion/farley-weiss/aipac-spend-your-dollars-more-widely-and-wisely,JNS,Farley Weiss,2026-08-27T08:45:00,2026-08-27 13:51:57.638428,https://www.jns.org/opinion/farley-weiss/aipac-spend-your-dollars-more-widely-and-wisely
"Eisenkot rejects E1 building tenders, drawing sharp rebuke from Smotrich","The Yashar Party head also voiced opposition to a Palestinian state, calling it ""delusional"" thinking after the Oct. 7 massacre.",https://www.jns.org/news/israel-news/eisenkot-two-state-solution-delusional-after-oct-7,JNS,JNS Staff,2026-08-27T09:55:15,2026-08-27 13:51:57.638398,https://www.jns.org/news/israel-news/eisenkot-two-state-solution-delusional-after-oct-7
"IDF, Shin Bet kill Sinwar bodyguard who took part in Oct. 7 attack",Razek Sahil Suleiman Abu Shahma infiltrated the Israeli military's Re’im base near Gaza.,https://www.jns.org/news/israel-news/idf-shin-bet-kill-sinwar-bodyguard-who-took-part-in-oct-7-attack,JNS,Brian Racer,2026-08-27T10:54:17,2026-08-27 13:51:57.638370,https://www.jns.org/news/israel-news/idf-shin-bet-kill-sinwar-bodyguard-who-took-part-in-oct-7-attack
IDF chief raises alert level in Judea and Samaria ahead of holidays,Zamir placed the headquarters of an additional active-duty division on heightened readiness and ordered units and battalions prepared for immediate activation in the sector.,https://www.jns.org/news/israel-news/idf-chief-raises-alert-level-in-judea-and-samaria-ahead-of-holidays,JNS,JNS Staff,2026-08-27T11:38:15,2026-08-27 13:51:57.638341,https://www.jns.org/news/israel-news/idf-chief-raises-alert-level-in-judea-and-samaria-ahead-of-holidays
IDF launches strikes on Hezbollah targets in Southern Lebanon,The operation followed an overnight drone attack on Israeli troops at the Ali al-Taher Ridge.,https://www.jns.org/news/israel-news/idf-launches-strikes-on-hezbollah-targets-in-southern-lebanon,JNS,JNS Staff,2026-08-27T12:46:23,2026-08-27 13:51:57.638312,https://www.jns.org/news/israel-news/idf-launches-strikes-on-hezbollah-targets-in-southern-lebanon
"Report: Nearly three-quarters of Jewish teachers’ union members self-censor over anti-Jewish, anti-Israel hostility","“What we found is not the work of a few bad actors,"" Jonathan Greenblatt of the Anti-Defamation League stated. ""It is a structural and cultural failure.”",https://www.jns.org/news/u-s-news/report-nearly-three-quarters-of-jewish-teachers-union-members-self-censor-over-anti-jewish-anti-israel-hostility,JNS,,2026-08-27T13:15:00,2026-08-27 13:51:57.638283,https://www.jns.org/news/u-s-news/report-nearly-three-quarters-of-jewish-teachers-union-members-self-censor-over-anti-jewish-anti-israel-hostility
E-1 and the question nobody asks,Whose contiguity matters?,https://www.jns.org/opinion/stephen-flatow/e-1-and-the-question-nobody-asks,JNS,Stephen M. Flatow,2026-08-27T13:30:00,2026-08-27 13:51:57.638237,https://www.jns.org/opinion/stephen-flatow/e-1-and-the-question-nobody-asks
Table for Five: Ki Tavo,Jewish History The post Table for Five: Ki Tavo appeared first on Jewish Journal .,https://jewishjournal.com/judaism/391603/ki-tavo-2/,Jewish Journal,Salvador Litvak,2026-08-27T05:20:19,2026-08-27 13:51:55.073047,https://jewishjournal.com/?p=391603
"Nature’s Candy: A Sweet Fig, Date and Nut Cake","Baking this cake brought back the memories of Friday nights and holiday gatherings at my parents' home. The post Nature’s Candy: A Sweet Fig, Date and Nut Cake appeared first on Jewish Journal .",https://jewishjournal.com/culture/food/391606/natures-candy-a-sweet-fig-date-and-nut-cake/,Jewish Journal,Sharon Gomperts and Rachel Emquies Sheff,2026-08-27T05:29:35,2026-08-27 13:51:55.073021,https://jewishjournal.com/?p=391606
From Balaboosta to CookUnity: Chef Einat Admony Shares Her Food Across the U.S.,"Long before shakshuka became a brunch staple and Israeli restaurants multiplied across the city, Admony was introducing New Yorkers to the flavors she had grown up with in Israel. The post From Balaboosta to CookUnity: Chef Einat Admony Shares Her Food Across the U.S. appeared first on Jewish Journal .",https://jewishjournal.com/culture/food/391609/from-balaboosta-to-cookunity-chef-einat-admony-shares-her-food-across-the-u-s/,Jewish Journal,Ayala Or-El,2026-08-27T05:36:09,2026-08-27 13:51:55.072983,https://jewishjournal.com/?p=391609
"Birthright Israel Summer Event, New Interim Rabbi, NLP Hike","Notable people and events in the Jewish LA community. The post Birthright Israel Summer Event, New Interim Rabbi, NLP Hike appeared first on Jewish Journal .",https://jewishjournal.com/events/movers-shakers/391614/birthright-israel-summer-event-new-interim-rabbi-nlp-hike/,Jewish Journal,Jewish Journal Staff,2026-08-27T05:43:07,2026-08-27 13:51:55.072946,https://jewishjournal.com/?p=391614
"Rabbis of LA | Justice, Justice Rabbi Simonds Pursues","First of two parts The post Rabbis of LA | Justice, Justice Rabbi Simonds Pursues appeared first on Jewish Journal .",https://jewishjournal.com/community/rabbis-of-la/391621/justice-justice-rabbi-simonds-pursues/,Jewish Journal,Ari L. Noonan,2026-08-27T05:46:37,2026-08-27 13:51:55.072916,https://jewishjournal.com/?p=391621
"When Renting Beats Buying, Los Angeles Risks Losing Its Jewish Future","For the Jewish community, this threat is particularly severe because Jewish life is built around proximity, continuity and intergenerational relationships. The post When Renting Beats Buying, Los Angeles Risks Losing Its Jewish Future appeared first on Jewish Journal .",https://jewishjournal.com/commentary/opinion/391624/when-renting-beats-buying-los-angeles-risks-losing-its-jewish-future/,Jewish Journal,Lisa Ansell,2026-08-27T05:49:55,2026-08-27 13:51:55.072885,https://jewishjournal.com/?p=391624
Before Auschwitz: The Forgotten Nazi Program That Paved the Way for the Holocaust,"This is where the Holocaust story begins – not in the gas chambers of Auschwitz, but earlier, with the Nazi regime’s Aktion T4 program, a state-sponsored campaign to murder people with disabilities. The post Before Auschwitz: The Forgotten Nazi Program That Paved the Way for the Holocaust appeared first on Jewish Journal .",https://jewishjournal.com/culture/arts/film/391627/before-auschwitz-the-forgotten-nazi-program-that-paved-the-way-for-the-holocaust/,Jewish Journal,Ayala Or-El,2026-08-27T05:56:35,2026-08-27 13:51:55.072824,https://jewishjournal.com/?p=391627
Sinai Rabbis Publish Guide to Help Clergy Navigate Unimaginable Loss,"For the authors, that legacy embodies the book’s central message: that even in the face of unbearable loss, compassion, presence and community can help transform grief into an enduring act of care. The post Sinai Rabbis Publish Guide to Help Clergy Navigate Unimaginable Loss appeared first on Jewish Journal .",https://jewishjournal.com/culture/arts/books/391632/sinai-rabbis-publish-guide-to-help-clergy-navigate-unimaginable-loss/,Jewish Journal,Ryan Torok,2026-08-27T06:14:01,2026-08-27 13:51:55.072775,https://jewishjournal.com/?p=391632
Second Reform synagogue in Israel has windows broken,"(JTA) — TEL AVIV – A window was broken at a Reform synagogue on Sunday in the central Israeli city of Ramat Hasharon less than two weeks after a similar incident occurred in Jerusalem in an incident the mayor called an act of vandalism. Congregation Darchei Noam called the incident a hate crime, and Ramat... The post Second Reform synagogue in Israel has windows broken appeared first on The Forward .",https://forward.com/fast-forward/846995/second-reform-synagogue-in-israel-has-windows-broken/,The Forward,Deborah Danan,2026-08-27T08:44:56,2026-08-27 13:51:50.910704,https://forward.com/?p=846995
Dolly Parton’s legacy includes the Jewish children’s book program she inspired,"(JTA) — Dolly Parton, the singer who died Tuesday at age 80 after a brief bout with cancer, was mourned around the world as a stellar songwriter, consummate country hitmaker, savvy entrepreneur and generous philanthropist. In Jewish circles, she was also remembered as the inspiration for PJ Library, a program that sends free children’s books... The post Dolly Parton&#8217;s legacy includes the Jewish children&#8217;s book program she inspired appeared first on The Forward .",https://forward.com/fast-forward/846989/dolly-partons-legacy-includes-the-jewish-childrens-book-program-she-inspired/,The Forward,Penny Schwartz,2026-08-27T08:50:48,2026-08-27 13:51:50.910650,https://forward.com/?p=846989
"Abdul El-Sayed and Jamie Raskin sidestep Hasan Piker, and Israel, in Michigan campaign stops","(JTA) — ANN ARBOR – As Michigan U.S. Senate candidate Abdul El-Sayed made campaign stops with a prominent Jewish congressional leader on Wednesday, there was one subject neither he, nor his Democratic allies onstage, were interested in discussing. “Don’t any reporter ask me again about Hasan Piker,” Michigan U.S. Rep. Debbie Dingell told the crowd... The post Abdul El-Sayed and Jamie Raskin sidestep Hasan Piker, and Israel, in Michigan campaign stops appeared first on The Forward .",https://forward.com/fast-forward/847010/abdul-el-sayed-and-jamie-raskin-sidestep-hasan-piker-and-israel-in-michigan-campaign-stops/,The Forward,Andrew Lapin,2026-08-27T10:28:59,2026-08-27 13:51:50.910590,https://forward.com/?p=847010
"Abdul El-Sayed and Jamie Raskin sidestep Hasan Piker, and Israel, in Michigan campaign stops","The Senate candidate and a prominent Jewish House Democrat seek to move beyond the streamer’s latest remarks about American Jews. -- The post Abdul El-Sayed and Jamie Raskin sidestep Hasan Piker, and Israel, in Michigan campaign stops appeared first on Jewish Telegraphic Agency .",https://www.jta.org/2026/08/27/politics/abdul-el-sayed-and-jamie-raskin-sidestep-hasan-piker-and-israel-in-michigan-campaign-stops,JTA,Andrew Lapin,2026-08-27T10:19:49,2026-08-27 13:51:48.475094,https://www.jta.org/?p=1906861
"In a forest where Jews fought the Nazis, a German military base and Lithuanian politics encroach on memory","The families of partisans might no longer be able to visit bunkers in Rūdninkai Forest, which mark the only memorial to their resistance in Lithuania. -- The post In a forest where Jews fought the Nazis, a German military base and Lithuanian politics encroach on memory appeared first on Jewish Telegraphic Agency .",https://www.jta.org/2026/08/27/global/in-a-forest-where-jews-fought-the-nazis-a-german-military-base-and-lithuanian-politics-encroach-on-memory,JTA,Shira Li Bartov,2026-08-27T12:23:56,2026-08-27 13:51:48.475044,https://www.jta.org/?p=1906728
Preparing Jewish teens to stand tall,"Just a few weeks ago, I stood on an overlook in Jerusalem with a group of high schoolers. As the sun dipped over the Judean Hills, teenagers who had arrived in Israel not knowing one another just a month earlier stood arm-in-arm, singing together. These teens were participants on The Anne Samson Jerusalem Journey, or... Read More The post Preparing Jewish teens to stand tall appeared first on eJewishPhilanthropy .",https://ejewishphilanthropy.com/preparing-jewish-teens-to-stand-tall/,eJewish Philanthropy,Rabbi Derek Gormin,2026-08-27T10:11:00,2026-08-27 13:51:44.149550,https://ejewishphilanthropy.com/?p=179333
The majority of American Jews can no longer afford to be silent,"The formula is familiar. A relatively small group of Jewish activists organizes a letter, protest or campaign. The participants emphasize their Jewish identity and are presented to politicians, policymakers and the press as evidence of meaningful Jewish support. What these elected officials and influencers rarely receive is the context necessary to understand how unrepresentative these... Read More The post The majority of American Jews can no longer afford to be silent appeared first on eJewishPhilanthropy .",https://ejewishphilanthropy.com/the-majority-of-jews-can-no-longer-afford-to-be-silent/,eJewish Philanthropy,Jonathan Schulman,2026-08-27T10:52:00,2026-08-27 13:51:44.149505,https://ejewishphilanthropy.com/?p=179364
Maimonides Fund hires Mijal Bitton as dean of its Jewish leadership institute,"Before the pilot cohort of the Maimonides Jewish Leadership Institute has even completed its first year, efforts are already underway to expand the nascent fellowship program, a project of Maimonides Fund. For starters, Mijal Bitton — co-founder and spiritual leader of Manhattan’s The Downtown Minyan in Manhattan and the fund’s inaugural scholar in residence —... Read More The post Maimonides Fund hires Mijal Bitton as dean of its Jewish leadership institute appeared first on eJewishPhilanthropy .",https://ejewishphilanthropy.com/maimonides-fund-hires-mijal-bitton-as-dean-of-its-jewish-leadership-institute/,eJewish Philanthropy,Nira Dayanim,2026-08-27T13:27:50,2026-08-27 13:51:44.149447,https://ejewishphilanthropy.com/?p=179380
Ofer Winter's new party threatens Smotrich's survival - and the Netanyahu bloc,Coalition members warn that Smotrich voters could be wooed by the alternative offered by hardline former IDF general Ofer Winter - potentially keeping his Religious Zionism party out of the Knesset. Some sources say that Netanyahu could push for the two rival parties to join forces,https://www.haaretz.com/israel-news/israel-politics/2026-08-27/ty-article/.premium/ofer-winters-new-party-threatens-smotrichs-survival-and-the-netanyahu-bloc/000001a0-3f8c-d02f-a9ed-7fefc2bf0000,Haaretz,Ravit Hecht,2026-08-26T23:47:51,2026-08-27 02:58:54.414509,https://www.haaretz.com/israel-news/israel-politics/2026-08-27/ty-article/.premium/ofer-winters-new-party-threatens-smotrichs-survival-and-the-netanyahu-bloc/000001a0-3f8c-d02f-a9ed-7fefc2bf0000
Board of Peace envoy: Israel must honor Gaza commitments to advance cease-fire,,https://www.haaretz.com/israel-news/israel-security/2026-08-27/ty-article-live/board-of-peace-envoy-israel-must-honor-gaza-commitments-to-advance-cease-fire/000001a0-40db-d518-a5ad-ecdf14c90000,Haaretz,Haaretz,2026-08-27T01:47:18,2026-08-27 02:58:54.414461,https://www.haaretz.com/israel-news/israel-security/2026-08-27/ty-article-live/board-of-peace-envoy-israel-must-honor-gaza-commitments-to-advance-cease-fire/000001a0-40db-d518-a5ad-ecdf14c90000
CUNY launches faculty fellowship to expand Holocaust education across three campuses,"'The Holocaust cannot be a static discipline that is discussed and forgotten,"" said Gideon Taylor of the Conference on Jewish Material Claims Against Germany, which is funding the program.",https://www.jns.org/news/u-s-news/cuny-launches-faculty-fellowship-to-expand-holocaust-education-across-three-campuses,JNS,Debra Nussbaum Cohen,2026-08-26T22:09:02,2026-08-27 02:58:46.992407,https://www.jns.org/news/u-s-news/cuny-launches-faculty-fellowship-to-expand-holocaust-education-across-three-campuses
US State Department urges countries to protect Jews during High Holidays,"“Deploy law enforcement, counterterrorism or military forces, as appropriate, to synagogues and other locations hosting services or events,” the U.S. agency told its diplomatic missions worldwide to pass along to host governments.",https://www.jns.org/news/u-s-news/state-department-urges-countries-to-protect-jews-during-high-holidays,JNS,Mike Wagenheim,2026-08-26T22:25:00,2026-08-27 02:58:46.992377,https://www.jns.org/news/u-s-news/state-department-urges-countries-to-protect-jews-during-high-holidays
Alleged Kata’ib Hezbollah commander accused of plotting attacks on synagogues demands POW status,"“There's a colorable basis to believe that he could be entitled to combatant immunity,” Andrew Dalack, a defense attorney for Mohammad Al-Saadi told JNS. “He needs to be afforded prisoner of war status.”",https://www.jns.org/news/u-s-news/alleged-kataib-hezbollah-commander-accused-of-plotting-attacks-on-synagogues-demands-pow-status,JNS,Andrew Bernard,2026-08-26T22:50:16,2026-08-27 02:58:46.992343,https://www.jns.org/news/u-s-news/alleged-kataib-hezbollah-commander-accused-of-plotting-attacks-on-synagogues-demands-pow-status
"BREAKING: Orthodox Union announces Rabbi Shmuel Silber, of Baltimore, as new executive vice president, Rabbi Josh Joseph to be umbrella group's CEO","“I know that the only way that I can have some measure of success is with God’s blessing, providence, direction and wisdom,” the rabbi, of Suburban Orthodox Congregation in Baltimore, told JNS.",https://www.jns.org/news/u-s-news/breaking-orthodox-union-announces-rabbi-shmuel-silber-of-baltimore-as-new-executive-vice-president-rabbi-josh-joseph-to-be-umbrella-groups-ceo,JNS,Menachem Wecker,2026-08-26T23:30:00,2026-08-27 02:58:46.992306,https://www.jns.org/news/u-s-news/breaking-orthodox-union-announces-rabbi-shmuel-silber-of-baltimore-as-new-executive-vice-president-rabbi-josh-joseph-to-be-umbrella-groups-ceo
"‘Hell, no! We won’t go’",Israelis have remained steadfast in the north throughout three years of war.,https://www.jns.org/opinion/douglas-altabef/hell-no-we-wont-go,JNS,Douglas Altabef,2026-08-27T02:00:00,2026-08-27 02:58:46.992261,https://www.jns.org/opinion/douglas-altabef/hell-no-we-wont-go
"OU splits top leadership role, naming Rabbi Shmuel Silber EVP and Rabbi Josh Joseph CEO","The Orthodox Union has named Rabbi Shmuel Silber as its next executive vice president, the announcement completing a leadership transition that began nearly a year ago after the sudden death of Rabbi Moshe Hauer, the OUs former executive vice president. Rabbi Josh Joseph, who had served jointly with Hauer as OU’s executive vice president as... Read More The post OU splits top leadership role, naming Rabbi Shmuel Silber EVP and Rabbi Josh Joseph CEO appeared first on eJewishPhilanthropy .",https://ejewishphilanthropy.com/ou-splits-top-leadership-role-naming-rabbi-shmuel-silber-evp-and-rabbi-josh-joseph-ceo/,eJewish Philanthropy,Nira Dayanim,2026-08-26T23:46:22,2026-08-27 02:58:35.412847,https://ejewishphilanthropy.com/?p=179334
The forgotten Jewish revolt that erased a civilization,"Between the First and Second known revolts against Rome was another, by Jews outside Israel. Few sources survive but those that do describe the horror, on the Roman side",https://www.haaretz.com/archaeology/2026-08-26/ty-article/the-forgotten-jewish-revolt-that-erased-a-civilization/000001a0-3dd6-d268-a1fe-3dd646040000,Haaretz,Elon Gilad,2026-08-26T19:16:31,2026-08-26 21:42:36.120459,https://www.haaretz.com/archaeology/2026-08-26/ty-article/the-forgotten-jewish-revolt-that-erased-a-civilization/000001a0-3dd6-d268-a1fe-3dd646040000
Israel's environment minister sidelines flagship climate risk portal,"The flagship project maps Israel's climate vulnerabilities to help officials prepare for heat, floods and other risks, but the environmental protection minister did not announce its release",https://www.haaretz.com/science-and-health/climate-change/2026-08-26/ty-article/.premium/israels-environment-minister-sidelines-flagship-climate-risk-portal/000001a0-3ee2-d1f1-a5f0-3fead1a10000,Haaretz,Nir Hasson,2026-08-26T19:34:34,2026-08-26 21:42:36.120432,https://www.haaretz.com/science-and-health/climate-change/2026-08-26/ty-article/.premium/israels-environment-minister-sidelines-flagship-climate-risk-portal/000001a0-3ee2-d1f1-a5f0-3fead1a10000
Poll: Likud plummets to 19 Knesset seats as ex-IDF general's new right-wing party fails to cross threshold,"According to the poll, the opposition party Yashar wins to 24 seats, and the Eisenkot-led bloc has 57 seats for the Jewish opposition, versus 48 seats for the coalition. The Arab parties jump to 15 seats after the Joint List merger",https://www.haaretz.com/israel-news/elections/2026-08-26/ty-article/poll-likuds-decline-continues-new-right-wing-party-fails-to-cross-threshold/000001a0-3f77-d1ec-a7ec-7fff54df0000,Haaretz,Haaretz,2026-08-26T20:11:57,2026-08-26 21:42:36.120404,https://www.haaretz.com/israel-news/elections/2026-08-26/ty-article/poll-likuds-decline-continues-new-right-wing-party-fails-to-cross-threshold/000001a0-3f77-d1ec-a7ec-7fff54df0000
Israel's right has a clear agenda. Why is Gadi Eisenkot's opposition so afraid?,"From Gaza and the West Bank to Palestinian statehood, the right says exactly what it intends to do. The center-left, meanwhile, remains unwilling to offer voters a clear alternative – even with an election approaching",https://www.haaretz.com/opinion/2026-08-27/ty-article-opinion/.premium/israels-right-has-a-clear-agenda-why-is-gadi-eisenkots-opposition-so-afraid/000001a0-3f17-d268-a1fe-3f571fe50000,Haaretz,Gideon Levy,2026-08-26T21:04:04,2026-08-26 21:42:36.120370,https://www.haaretz.com/opinion/2026-08-27/ty-article-opinion/.premium/israels-right-has-a-clear-agenda-why-is-gadi-eisenkots-opposition-so-afraid/000001a0-3f17-d268-a1fe-3f571fe50000
The new Rabin of Israel's lunatic far-right: Gadi Eisenkot,,https://www.haaretz.com/opinion/2026-08-27/ty-article-opinion/.premium/the-new-rabin-of-israels-lunatic-far-right-gadi-eisenkot/000001a0-3f25-d274-a7f4-bfa5a7e30000,Haaretz,Uri Misgav,2026-08-26T21:08:47,2026-08-26 21:42:36.120335,https://www.haaretz.com/opinion/2026-08-27/ty-article-opinion/.premium/the-new-rabin-of-israels-lunatic-far-right-gadi-eisenkot/000001a0-3f25-d274-a7f4-bfa5a7e30000
"Democrats elevate pro-Israel lawmakers to key foreign affairs posts, angering progressives","The new role for AIPAC-backed Rep. Jared Moskowitz would give him significant power over legislation related to Israel, especially if Democrats retake the House",https://www.haaretz.com/us-news/2026-08-27/ty-article/.premium/democrats-tap-pro-israel-lawmakers-for-key-house-posts-angering-progressives/000001a0-3f92-d268-a1fe-3fd64eec0000,Haaretz,Arno Rosenfeld,2026-08-26T21:12:13,2026-08-26 21:42:36.120309,https://www.haaretz.com/us-news/2026-08-27/ty-article/.premium/democrats-tap-pro-israel-lawmakers-for-key-house-posts-angering-progressives/000001a0-3f92-d268-a1fe-3fd64eec0000
Israel must choose between itself and its West Bank settlements,,https://www.haaretz.com/opinion/editorial/2026-08-27/ty-article-opinion/israel-must-choose-between-itself-and-its-west-bank-settlements/000001a0-3f8a-d840-abbe-7ffbfed10000,Haaretz,Haaretz Editorial,2026-08-26T21:16:00,2026-08-26 21:42:36.120277,https://www.haaretz.com/opinion/editorial/2026-08-27/ty-article-opinion/israel-must-choose-between-itself-and-its-west-bank-settlements/000001a0-3f8a-d840-abbe-7ffbfed10000
Haaretz Cartoon,,https://www.haaretz.com/opinion/daily-cartoon/2026-08-27/ty-article-opinion/haaretz-cartoon/000001a0-3ff8-d268-a1fe-3ffccdde0000,Haaretz,Amos Biderman,2026-08-26T21:30:38,2026-08-26 21:42:36.120246,https://www.haaretz.com/opinion/daily-cartoon/2026-08-27/ty-article-opinion/haaretz-cartoon/000001a0-3ff8-d268-a1fe-3ffccdde0000
Progressives Slam Appointment of Pro-Israel Lawmaker to US House Foreign Affairs Committee,The appointment of US Rep. Jared Moskowitz (D-FL) to the powerful House Foreign Affairs Committee has drawn backlash from a...,https://www.algemeiner.com/2026/08/26/progressives-slam-appointment-pro-israel-lawmaker-us-house-foreign-affairs-committee/,Algemeiner,Corey Walker,2026-08-26T20:23:39,2026-08-26 21:42:30.387143,https://www.algemeiner.com/?p=778435
"Turkey Prepares for ‘Crisis, Tension, and War’ as Ankara Watches Israel-Greece Military Partnership Grow","With Israel and Greece moving toward increasingly close military cooperation, Turkey is preparing for scenarios ranging from escalating confrontation to...",https://www.algemeiner.com/2026/08/26/turkey-prepares-crisis-tension-war-ankara-watches-israel-greece-military-partnership-grow/,Algemeiner,Ailin Vilches Arguello,2026-08-26T20:47:56,2026-08-26 21:42:30.387115,https://www.algemeiner.com/?p=778470
Germany to Introduce Jewish Religious Textbooks in Schools for First Time Since Holocaust,"As Germany grapples with rising antisemitism, schools across the country are set to receive Jewish religious education textbooks for the...",https://www.algemeiner.com/2026/08/26/germany-introduce-jewish-religious-textbooks-schools-first-time-since-holocaust/,Algemeiner,Ailin Vilches Arguello,2026-08-26T21:20:58,2026-08-26 21:42:30.387079,https://www.algemeiner.com/?p=778479
"Trump admin sanctions three far-left groups over terrorism, anti-Israel activity","“Political terrorism has no place in our society,” Scott Bessent, U.S. treasury secretary, stated.",https://www.jns.org/news/u-s-news/trump-admin-sanctions-three-far-left-groups-over-terrorism-anti-israel-activity,JNS,Mike Wagenheim,2026-08-26T19:18:33,2026-08-26 21:42:28.000430,https://www.jns.org/news/u-s-news/trump-admin-sanctions-three-far-left-groups-over-terrorism-anti-israel-activity
American Jews need a new activism,Name the manipulation directly so people know they're being played.,https://www.jns.org/opinion/karen-lehmann-eisner/american-jews-need-a-new-activism,JNS,Karen Lehmann,2026-08-26T19:30:00,2026-08-26 21:42:28.000403,https://www.jns.org/opinion/karen-lehmann-eisner/american-jews-need-a-new-activism
Palestinian man in Louisiana pleads guilty to illegal possession of firearms,"Mohamed H.M. Zeidan, 33, overstayed his visa and faces up to 15 years in jail, the U.S. Justice Department said.",https://www.jns.org/news/u-s-news/palestinian-man-in-louisiana-pleads-guilty-to-illegal-possession-of-firearms,JNS,Rebecca Szlechter,2026-08-26T19:40:09,2026-08-26 21:42:28.000379,https://www.jns.org/news/u-s-news/palestinian-man-in-louisiana-pleads-guilty-to-illegal-possession-of-firearms
Akunis ‘thinking about good things’ but worried about Jewish safety in NY synagogues on High Holidays,"The Jewish, Italian, Irish and British “pioneers and people who built this city” want Bible-based American values, the Israeli consul general in New York told JNS. “They don’t want the Sharia laws.”",https://www.jns.org/news/u-s-news/akunis-thinking-about-good-things-but-worried-about-jewish-safety-in-ny-synagogues-on-high-holidays,JNS,Rebecca Szlechter,2026-08-26T19:42:35,2026-08-26 21:42:28.000350,https://www.jns.org/news/u-s-news/akunis-thinking-about-good-things-but-worried-about-jewish-safety-in-ny-synagogues-on-high-holidays
Synagogues and churches to Congress: Protect us now,Government must do more to meet the urgency of the times we live in.,https://www.jns.org/opinion/nathan-diament/synagogues-and-churches-to-congress-protect-us-now,JNS,Nathan Diament,2026-08-26T21:15:00,2026-08-26 21:42:28.000307,https://www.jns.org/opinion/nathan-diament/synagogues-and-churches-to-congress-protect-us-now
Meet the only Jewish president of a Catholic university,"Synagogue president and Catholic university president aren’t typically jobs one holds concurrently. But in 2023, Greg Weiner became president of both Assumption University, a Catholic college in Worcester, Mass., and Congregation Beth Israel, a Conservative synagogue in the area. Weiner’s inauguration in March of that year made him the first and only Jewish president of... The post Meet the only Jewish president of a Catholic university appeared first on The Forward .",https://forward.com/news/846965/assumption-university-greg-weiner/,The Forward,Hannah Feuer,2026-08-26T19:15:50,2026-08-26 21:42:21.060461,https://forward.com/?p=846965
Dolly Parton’s legacy includes the Jewish children’s book program she inspired,"The late singer’s Imagination Library, which sends free books to children, helped inspire PJ Library. -- The post Dolly Parton&#8217;s legacy includes the Jewish children&#8217;s book program she inspired appeared first on Jewish Telegraphic Agency .",https://www.jta.org/2026/08/26/culture/dolly-partons-legacy-includes-the-jewish-childrens-book-program-she-inspired,JTA,Penny Schwartz,2026-08-26T20:48:37,2026-08-26 21:42:18.410248,https://www.jta.org/?p=1906824
Second Reform synagogue in Israel has windows broken,Ramat Hasharon mayor says the city is committed to pluralism and tolerance. -- The post Second Reform synagogue in Israel has windows broken appeared first on Jewish Telegraphic Agency .,https://www.jta.org/2026/08/26/israel/second-reform-synagogue-in-israel-has-windows-broken,JTA,Deborah Danan,2026-08-26T21:36:44,2026-08-26 21:42:18.410198,https://www.jta.org/?p=1906843
"Once bubbe's game, mah jongg is now attracting Jewish teens","This article was produced as part of&#160;JTA’s Teen Journalism Fellowship, a program that works with Jewish teens around the world to report on issues that affect their lives. (JTA) — [&#8230;]",https://jweekly.com/2026/08/26/mah-jongg-was-a-jewish-grandmother-thing-now-teens-are-getting-in-on-the-game/,J. Weekly,Micah Bidner,2026-08-26T19:54:56,2026-08-26 21:42:13.292947,https://jweekly.com/?p=310266
Our Resource guide puts the local Jewish community at your fingertips,"Over 20 years ago, when Carrie Rice was working at San Francisco’s Congregation Sherith Israel, a couple arrived at the door on a Friday afternoon and spoke to her in [&#8230;]",https://jweekly.com/2026/08/26/our-resource-guide-puts-the-local-jewish-community-at-your-fingertips/,J. Weekly,Janet Silver Ghent,2026-08-26T20:02:24,2026-08-26 21:42:13.292911,https://jweekly.com/?p=310289
Try these honey-roasted carrots for a prosperous New Year,"Every Rosh Hashanah I fill my shopping cart with one of every apple variety I can find. As my cart overflows, I remind myself that the symbolism of the holiday [&#8230;]",https://jweekly.com/2026/08/26/try-this-honey-roasted-carrot-salad-for-prosperity-and-health-in-the-new-year/,J. Weekly,Micah Siva,2026-08-26T20:55:52,2026-08-26 21:42:13.292873,https://jweekly.com/?p=310293
United will reinstate nonstop SFO-Tel Aviv flights in 2027,"By spring, travelers will have two airlines to choose from for nonstop flights between the Bay Area and Israel, a significant change after years with no options at all. United [&#8230;]",https://jweekly.com/2026/08/26/competing-with-el-al-united-will-reinstate-nonstop-sfo-tel-aviv-flights-in-2027/,J. Weekly,Cayla Labgold-Carroll,2026-08-26T21:04:36,2026-08-26 21:42:13.292833,https://jweekly.com/?p=310297
"IDF blocks return of Palestinians to West Bank refugee camps; UN data shows 33,000 remain displaced","In response to a petition by the Association for Civil Rights in Israel, the Israeli government said the IDF is preparing for long-term operational control in the area, citing intelligence that terror battalions may seek to regroup in the camps after the forces withdraw",https://www.haaretz.com/israel-news/israel-security/2026-08-26/ty-article/.premium/idf-bars-return-of-palestinians-to-w-bank-refugee-camps-33-000-still-displaced/000001a0-3e18-ddff-a3a2-7f9a523d0000,Haaretz,Matan Golan,2026-08-26T16:34:04,2026-08-26 19:01:54.556522,https://www.haaretz.com/israel-news/israel-security/2026-08-26/ty-article/.premium/idf-bars-return-of-palestinians-to-w-bank-refugee-camps-33-000-still-displaced/000001a0-3e18-ddff-a3a2-7f9a523d0000
Likud minister files police complaint alleging forged party primary recount,"Following Likud's primary results recount in two polling stations in a city in central Israel, Minister Gamliel was pushed to a low-ranking spot on the slate. She claims her representative was denied entry during the recount that changed the results",https://www.haaretz.com/israel-news/elections/2026-08-26/ty-article/.premium/likud-minister-files-police-complaint-alleging-forged-party-primary-recount/000001a0-3e57-d80d-a1f4-feffb5ef0000,Haaretz,Michael Hauser Tov,2026-08-26T17:31:56,2026-08-26 19:01:54.556496,https://www.haaretz.com/israel-news/elections/2026-08-26/ty-article/.premium/likud-minister-files-police-complaint-alleging-forged-party-primary-recount/000001a0-3e57-d80d-a1f4-feffb5ef0000
The one thing Hasan Piker could say to begin healing ties with U.S. Jews,Some recognition from Piker that many American Jews are grappling with their relationship to Israel as a minority group in a historically hostile diaspora would go a long way toward reassuring them he views them as more than would-be Nazis or terrorists,https://www.haaretz.com/israel-news/haaretz-today/2026-08-26/ty-article/.highlight/hasan-piker-needs-to-say-one-thing-to-get-out-of-his-antisemitism-controversy/000001a0-3e05-dba3-a3ff-3edf23470000,Haaretz,Arno Rosenfeld,2026-08-26T17:42:38,2026-08-26 19:01:54.556472,https://www.haaretz.com/israel-news/haaretz-today/2026-08-26/ty-article/.highlight/hasan-piker-needs-to-say-one-thing-to-get-out-of-his-antisemitism-controversy/000001a0-3e05-dba3-a3ff-3edf23470000
"As Syria rejoins the world, Israel's old playbook no longer applies","With Arab states and the United States poised to invest billions in Syria's reconstruction, Israel must move beyond confrontation and pursue a security agreement with Damascus – or risk being shut out of a transformation that could reshape the region",https://www.haaretz.com/middle-east-news/syria/2026-08-26/ty-article/.premium/as-syria-rejoins-the-world-israels-old-playbook-no-longer-applies/000001a0-3ed0-d929-abec-ffd11a210000,Haaretz,Ksenia Svetlova,2026-08-26T18:08:44,2026-08-26 19:01:54.556445,https://www.haaretz.com/middle-east-news/syria/2026-08-26/ty-article/.premium/as-syria-rejoins-the-world-israels-old-playbook-no-longer-applies/000001a0-3ed0-d929-abec-ffd11a210000
October 7 families denounce events with Israeli hostage negotiator Ron Dermer in California,"Ron Dermer's activities postponed the release of hostages, the families say in rebuke to Israeli-American Council: 'The privilege of being given a public platform should be earned through one's impact on Israeli society, not simply through years spent in positions of power'",https://www.haaretz.com/us-news/2026-08-26/ty-article/.premium/ron-dermer-events-in-california-come-under-fire-by-october-7-families/000001a0-3e69-d274-a7f4-bee9cf830000,Haaretz,Haaretz,2026-08-26T18:10:55,2026-08-26 19:01:54.556409,https://www.haaretz.com/us-news/2026-08-26/ty-article/.premium/ron-dermer-events-in-california-come-under-fire-by-october-7-families/000001a0-3e69-d274-a7f4-bee9cf830000
How Iranian Cyber Sabotage Is Targeting US Water Systems,Iran is actively engaged in cyber sabotage of water systems on the American homeland. The primary mechanism of the attacks...,https://www.algemeiner.com/2026/08/26/how-iranian-cyber-sabotage-is-targeting-us-water-systems/,Algemeiner,Dany Shoham,2026-08-26T16:59:46,2026-08-26 19:01:49.375497,https://www.algemeiner.com/?p=778409
Turning a Page on Syria’s Proliferation Past,&#8220;We are now turning a page &#8230; Turning a page does not mean forgetting the past; it means just the...,https://www.algemeiner.com/2026/08/26/turning-page-syrias-proliferation-past/,Algemeiner,Andrea Stricker and Ahmad Sharawi,2026-08-26T17:11:25,2026-08-26 19:01:49.375476,https://www.algemeiner.com/?p=778426
"Dolly Parton’s Wikipedia Page Targeted With Swastika, Name Replaced With ‘Jew Lover’ Hours After Her Death",Dolly Parton&#8217;s Wikipedia page was edited to include antisemitic and offensive content mere hours after the country music icon&#8217;s death...,https://www.algemeiner.com/2026/08/26/dolly-partons-wikipedia-page-targeted-swastika-name-replaced-jew-lover-hours-after-death/,Algemeiner,Shiryn Ghermezian,2026-08-26T17:19:23,2026-08-26 19:01:49.375454,https://www.algemeiner.com/?p=778422
FCC Receives Complaint Over Javier Bardem’s ‘Free Palestine’ Comment at Oscars,The Federal Communications Commission (FCC) received a complaint about actor Javier Bardem&#8217;s &#8220;Free Palestine&#8221; comment on stage at the 2026...,https://www.algemeiner.com/2026/08/26/fcc-receives-complaint-javier-bardems-free-palestine-comment-oscars/,Algemeiner,Shiryn Ghermezian,2026-08-26T17:24:04,2026-08-26 19:01:49.375423,https://www.algemeiner.com/?p=778430
Maryland governor awards $10 million to 116 orgs to protect against hate crimes,"“The safety and security of all Marylanders is my top priority, so we are drawing a hard line because we have no tolerance for hate,” Wes Moore stated.",https://www.jns.org/news/u-s-news/maryland-governor-awards-10-million-to-116-orgs-to-protect-against-hate-crimes,JNS,,2026-08-26T16:54:26,2026-08-26 19:01:46.909688,https://www.jns.org/news/u-s-news/maryland-governor-awards-10-million-to-116-orgs-to-protect-against-hate-crimes
Syrian Jewish group welcomes US removal of Syria from state terror sponsors list,The Jewish Heritage of Syria Foundation called the decision “an important step toward Syria’s reintegration and recovery.”,https://www.jns.org/news/world/syrian-jewish-group-welcomes-us-removal-of-syria-from-state-terror-sponsors-list,JNS,Mike Wagenheim,2026-08-26T17:51:16,2026-08-26 19:01:46.909657,https://www.jns.org/news/world/syrian-jewish-group-welcomes-us-removal-of-syria-from-state-terror-sponsors-list
Why the Gaza plan is doomed to fail,You cannot educate children for conflict and expect them to grow up committed to peace.,https://www.jns.org/opinion/column/mitchell-bard/why-the-gaza-plan-is-doomed-to-fail,JNS,Mitchell Bard,2026-08-26T18:05:00,2026-08-26 19:01:46.909626,https://www.jns.org/opinion/column/mitchell-bard/why-the-gaza-plan-is-doomed-to-fail
Your Daily Phil: Beyond the library: Dolly Parton’s lessons for our community,The post Your Daily Phil: Beyond the library: Dolly Parton’s lessons for our community appeared first on eJewishPhilanthropy .,https://ejewishphilanthropy.com/your-daily-phil-beyond-the-library-dolly-partons-lessons-for-our-community/,eJewish Philanthropy,Rachel Kohn,2026-08-26T16:30:28,2026-08-26 19:01:35.144354,https://ejewishphilanthropy.com/?p=179313
Mizrahi and Sephardic Jews accuse New York Magazine of erasure in ‘Habibi City’,This story was originally published in the Forward. Click here to get the Forward&#8217;s free email newsletters delivered to your inbox. As editors of New York Magazine dug in their [&#8230;],https://jweekly.com/2026/08/26/mizrahi-and-sephardic-jews-accuse-new-york-magazine-of-erasure-in-habibi-city/,J. Weekly,Simone Saidmehr,2026-08-26T17:16:41,2026-08-26 19:01:32.606591,https://jweekly.com/?p=310262
Updated: Where to buy Rosh Hashanah foods across Bay Area,"Food coverage is supported by a generous donation from Susan and Moses Libitzky. The High Holidays arrive before the start of fall this year, with Rosh Hashanah beginning at sundown [&#8230;]",https://jweekly.com/2026/08/26/where-to-buy-rosh-hashanah-foods-including-round-challah-across-bay-area/,J. Weekly,Rahel Knight,2026-08-26T18:03:54,2026-08-26 19:01:32.606563,https://jweekly.com/?p=310170
Updated: Free or low-cost High Holiday services in the Bay Area,Welcome to our annual list of free and low-cost High Holiday services open to the public. All services listed here cost $100 or less. (Many accept donations or offer sliding [&#8230;],https://jweekly.com/2026/08/26/free-or-low-cost-rosh-hashanah-and-yom-kippur-services-around-the-bay-area/,J. Weekly,Rahel Knight,2026-08-26T18:10:37,2026-08-26 19:01:32.606529,https://jweekly.com/?p=310102
'Israel is sending armed militias to commit war crimes – and I have to protect them',"A Haaretz investigation, based on IDF soldiers' testimonies, sources in Gaza and satellite imagery, reveals how Israel is cultivating a network of armed militias in Gaza",https://www.haaretz.com/israel-news/security-aviation/2026-08-26/ty-article-magazine/.premium/gaza-israel-sending-militias-commit-war-crimes-i-have-to-protect-them/0000019f-f0f0-df61-a3ff-f9fe6ca70000,Haaretz,Yarden Michaeli,2026-08-26T11:21:10,2026-08-26 16:19:59.576569,https://www.haaretz.com/israel-news/security-aviation/2026-08-26/ty-article-magazine/.premium/gaza-israel-sending-militias-commit-war-crimes-i-have-to-protect-them/0000019f-f0f0-df61-a3ff-f9fe6ca70000
Unprecedented U.K. sanctions on Israel are coming. How will British Jews respond?,"The British Labour government is preparing biting measures against Israeli settlements. For Britain's Jewish community, the response will test where solidarity with Israel ends and complicity with its extremist leadership begins",https://www.haaretz.com/israel-news/2026-08-26/ty-article-magazine/.premium/unprecedented-uk-sanctions-on-israel-are-coming-how-will-british-jews-respond/000001a0-3e06-d274-a7f4-bea7f8310000,Haaretz,Esther Solomon,2026-08-26T15:40:44,2026-08-26 16:19:59.576522,https://www.haaretz.com/israel-news/2026-08-26/ty-article-magazine/.premium/unprecedented-uk-sanctions-on-israel-are-coming-how-will-british-jews-respond/000001a0-3e06-d274-a7f4-bea7f8310000
"Forget a map, this is how Palestinians are navigating unpredictable West Bank roads","Taxi drivers, commuters and ambulance crews rely on a crowdsourced web of radio broadcasts and messaging groups to cross a landscape of checkpoints and roadblocks that can change by the minute",https://www.haaretz.com/middle-east-news/palestinians/2026-08-26/ty-article-magazine/.premium/forget-a-map-this-is-how-palestinians-are-navigating-west-bank-roads/000001a0-3e0a-d3b0-afb1-ffbbff5a0000,Haaretz,Nagham Zbeedat,2026-08-26T15:51:56,2026-08-26 16:19:59.576485,https://www.haaretz.com/middle-east-news/palestinians/2026-08-26/ty-article-magazine/.premium/forget-a-map-this-is-how-palestinians-are-navigating-west-bank-roads/000001a0-3e0a-d3b0-afb1-ffbbff5a0000
Turkey Says SDF Dissolution Will Help With Syrian Unity,"Turkey&#8216;s ruling AK Party welcomes the dissolution of the Kurdish-led Syrian Democratic Forces as an important step towards strengthening Syrian unity, a spokesman for President Tayyip...",https://www.algemeiner.com/2026/08/26/turkey-says-sdf-dissolution-help-syrian-unity/,Algemeiner,Reuters and Algemeiner Staff,2026-08-26T15:02:22,2026-08-26 16:19:55.005837,https://www.algemeiner.com/?p=778442
US Imposes Sanctions on Palestine Action Group,"The United States on Wednesday imposed sanctions on the Palestine Action group, designating it a Specially Designated Global Terrorist, according to a notice posted on a...",https://www.algemeiner.com/2026/08/26/us-imposes-sanctions-palestine-action-group/,Algemeiner,Reuters and Algemeiner Staff,2026-08-26T15:06:34,2026-08-26 16:19:55.005807,https://www.algemeiner.com/?p=778445
Hack of Water Sector Supplier Draws FBI Scrutiny as Iran-Linked Cyber Concerns Grow,"US authorities are investigating a data breach at a small maker of water utility technology, highlighting infrastructure cybersecurity threats even though the Kansas...",https://www.algemeiner.com/2026/08/26/hack-water-sector-supplier-draws-fbi-scrutiny-iran-linked-cyber-concerns-grow/,Algemeiner,Reuters and Algemeiner Staff,2026-08-26T15:14:02,2026-08-26 16:19:55.005777,https://www.algemeiner.com/?p=778448
"Iran and Oman Still Working on Strait of Hormuz Accord, Says Senior Iranian Source","Iran and Oman are still working on the details of an agreement on the Strait of Hormuz, a senior Iranian source said on Wednesday, after Iran&#8216;s Revolutionary Guards said the two...",https://www.algemeiner.com/2026/08/26/iran-oman-still-working-strait-hormuz-accord-says-senior-iranian-source/,Algemeiner,Reuters and Algemeiner Staff,2026-08-26T15:21:35,2026-08-26 16:19:55.005741,https://www.algemeiner.com/?p=778451
Revealed: How Palestinian Authority Schools Celebrated Oct. 7,"Over 1,000 days have passed since Hamas&#8217; Oct. 7 atrocities against Israel, and Palestinian Media Watch (PMW) is still uncovering...",https://www.algemeiner.com/2026/08/26/revealed-how-palestinian-authority-schools-celebrated-oct-7/,Algemeiner,Itamar Marcus and Ahron Shapiro,2026-08-26T15:31:21,2026-08-26 16:19:55.005704,https://www.algemeiner.com/?p=778411
"Haaretz, Hasan Piker, and the Israeli Home for Anti-Israel Extremism","Haaretz is ready for the backlash. And this time, it has no better reason than its decision to platform the...",https://www.algemeiner.com/2026/08/26/haaretz-hasan-piker-israeli-home-anti-israel-extremism/,Algemeiner,Sharon Levy,2026-08-26T15:38:46,2026-08-26 16:19:55.005668,https://www.algemeiner.com/?p=778418
"Damascus is proposing a ‘hudna,’ not a security deal",Israel should demand Golan recognition in exchange for any agreement with Damascus.,https://www.jns.org/opinion/brian-mcdonald/damascus-is-proposing-a-hudna-not-a-security-deal,JNS,Brian McDonald,2026-08-26T16:00:00,2026-08-26 16:19:52.727441,https://www.jns.org/opinion/brian-mcdonald/damascus-is-proposing-a-hudna-not-a-security-deal
"As High Holidays loom in trying times, key to remember how Jews put the ‘oy’ in toys, industry experts say","An exhibition slated for next summer at the Strong National Museum of Play in New York will focus on Jewish contributions to play, and recent publications tackle the same subject and its history.",https://www.jns.org/feature/as-high-holidays-loom-in-trying-times-key-to-remember-how-jews-put-the-oy-in-toys-industry-experts-say,JNS,Menachem Wecker,2026-08-26T16:15:00,2026-08-26 16:19:52.727406,https://www.jns.org/feature/as-high-holidays-loom-in-trying-times-key-to-remember-how-jews-put-the-oy-in-toys-industry-experts-say
The secret Jewish history of the ‘Rocky Horror Picture Show’,"“Rocky Horror,” which opened in London cinemas on this day in 1975 is the cultural phenomenon that simply refuses to die. Rather, since its first incarnation as a 1973 London stage musical, “The Rocky Horror Picture Show” has been continuously reborn on the silver screen, in subsequent Broadway stage productions, and, in 2016, as a... The post The secret Jewish history of the &#8216;Rocky Horror Picture Show&#8217; appeared first on The Forward .",https://forward.com/culture/428912/the-secret-jewish-history-of-the-rocky-horror-picture-show/,The Forward,Seth Rogovoy,2026-08-26T16:05:00,2026-08-26 16:19:46.057150,https://forward.com/culture/428912/the-secret-jewish-history-of-the-rocky-horror-picture-show/
Beyond the library: Learning from the one and only Dolly Parton,"Tributes and thought pieces have been churning out from 9 to 5 since the announcement that singer, songwriter, actor and philanthropist Dolly Parton died on Tuesday at 80. The Jewish community’s response in particular has been to spotlight her role in inspiring the creation of PJ Library, a Jewish connection eJewishPhilanthropy has also highlighted over... Read More The post Beyond the library: Learning from the one and only Dolly Parton appeared first on eJewishPhilanthropy .",https://ejewishphilanthropy.com/beyond-the-library-learning-from-the-one-and-only-dolly-parton/,eJewish Philanthropy,Rachel Kohn,2026-08-26T14:54:00,2026-08-26 16:19:41.402426,https://ejewishphilanthropy.com/?p=179258
Slovenia undercuts EU condemnation of Israel's West Bank E1 settlement plan,"Slovenia downgraded a joint EU statement condemning Israel's planned settlement construction in the West Bank's E1, leading to EU foreign policy chief Kaja Kallas issuing a statement in her own name rather than on behalf of all 27 member states",https://www.haaretz.com/world-news/europe/2026-08-26/ty-article/slovenia-undercuts-eu-condemnation-of-israels-west-bank-e1-settlement-plan/000001a0-3db5-d274-a7f4-bdb5d1300000,Haaretz,Liza Rozovsky,2026-08-26T14:09:32,2026-08-26 14:45:01.962565,https://www.haaretz.com/world-news/europe/2026-08-26/ty-article/slovenia-undercuts-eu-condemnation-of-israels-west-bank-e1-settlement-plan/000001a0-3db5-d274-a7f4-bdb5d1300000
Syria's Kurdish-led SDF dissolves as part of integration with Damascus,"The Kurdish-led Syrian Democratic Forces has been dissolved as part of a deal to integrate its fighters into the Syrian army, a major step as Damascus seeks to resolve internal strife and rebuild the country with U.S. support",https://www.haaretz.com/middle-east-news/syria/2026-08-26/ty-article/syrias-kurdish-led-sdf-dissolves-as-part-of-integration-with-damascus/000001a0-3de8-dba3-a3ff-3dfb4f530000,Haaretz,Reuters,2026-08-26T14:38:46,2026-08-26 14:45:01.962530,https://www.haaretz.com/middle-east-news/syria/2026-08-26/ty-article/syrias-kurdish-led-sdf-dissolves-as-part-of-integration-with-damascus/000001a0-3de8-dba3-a3ff-3dfb4f530000
Minnesota college offers ‘Palestine’ course covering ‘ongoing genocide' in Gaza,"The Macalester College sociology course will explore “the history of the conflict from the rise of Zionism and resistance to it, including both Palestinian resistance and the contemporary voices of dissenting American Jews.”",https://www.jns.org/news/u-s-news/minnesota-college-offers-palestine-course-covering-ongoing-genocide-in-gaza,JNS,Aaron Bandler,2026-08-26T13:56:08,2026-08-26 14:44:55.061185,https://www.jns.org/news/u-s-news/minnesota-college-offers-palestine-course-covering-ongoing-genocide-in-gaza
"Seattle mayor launches police chief search, City Hall tells JNS too soon to say if it'll consult Jewish leaders, it has 'discussed scheduling conflicts on Saturdays'","""Seattle's next chief of police must be visible, accountable and present in our neighborhoods, listening to residents, workers and businesses across our city,"" stated Katie Wilson, mayor of Seattle who, in the past, has accused Israel of ""genocide.""",https://www.jns.org/news/u-s-news/seattle-mayor-launches-police-chief-search-city-hall-tells-jns-too-soon-to-say-if-itll-consult-jewish-leaders-it-has-discussed-scheduling-conflicts-on-saturdays,JNS,Jessica Russak-Hoffman,2026-08-26T14:19:19,2026-08-26 14:44:55.061150,https://www.jns.org/news/u-s-news/seattle-mayor-launches-police-chief-search-city-hall-tells-jns-too-soon-to-say-if-itll-consult-jewish-leaders-it-has-discussed-scheduling-conflicts-on-saturdays
"Need to answer questions about Board of Peace, senior House Dems tell Rubio","“We will work with you to guarantee the American people full transparency about how their tax dollars are being funneled to—and spent by—this organization,” Reps. Gregory Meeks and Jamie Raskin wrote to Washington’s top diplomat.",https://www.jns.org/news/u-s-news/need-to-answer-questions-about-board-of-peace-senior-house-dems-tell-rubio,JNS,Mike Wagenheim,2026-08-26T14:29:43,2026-08-26 14:44:55.061105,https://www.jns.org/news/u-s-news/need-to-answer-questions-about-board-of-peace-senior-house-dems-tell-rubio
"US watching developments at Ali al-Taher Ridge, says US Beirut envoy","The “model areas” where the Lebanese Armed Forces are being deployed are making progress, said American diplomat Michel Issa.",https://www.jns.org/news/u-s-news/us-watching-developments-at-ali-al-taher-ridge-says-us-beirut-envoy,JNS,JNS Staff,2026-08-26T13:13:53,2026-08-26 13:54:53.929121,https://www.jns.org/news/u-s-news/us-watching-developments-at-ali-al-taher-ridge-says-us-beirut-envoy
Gottheimer asks House leaders to sign onto bipartisan measure decrying Jew-hatred in both parties,"“Telling millions of followers that Jewish Americans are bringing violence on themselves is blatantly antisemitic and one of the oldest tropes in the book,” the N.J. Democrat stated.",https://www.jns.org/news/u-s-news/gottheimer-asks-house-leaders-to-sign-onto-bipartisan-measure-decrying-jew-hatred-in-both-parties,JNS,JNS Staff,2026-08-26T13:24:45,2026-08-26 13:54:53.929097,https://www.jns.org/news/u-s-news/gottheimer-asks-house-leaders-to-sign-onto-bipartisan-measure-decrying-jew-hatred-in-both-parties
Catholic theologians launch a bold appeal supporting Israel,“For Zion’s Sake” rejects attempts to portray anti-Zionism as a religious duty.,https://www.jns.org/opinion/jonathan-feldstein/catholic-theologians-launch-a-bold-appeal-supporting-israel,JNS,Jonathan Feldstein,2026-08-26T13:30:00,2026-08-26 13:54:53.929065,https://www.jns.org/opinion/jonathan-feldstein/catholic-theologians-launch-a-bold-appeal-supporting-israel
"After pilot year, Rabbinical Assembly unveils new policy institute: the Tzedek Center","The Rabbinical Assembly, the rabbinic arm of the Conservative/Masorti movement, was founded 125 years ago and has long been engaged in advocacy through its social justice commission. But last year, the movement piloted a policy institute that focused on grassroots advocacy across the movement, and last week, the RA announced the institute’s name, the Tzedek... Read More The post After pilot year, Rabbinical Assembly unveils new policy institute: the Tzedek Center appeared first on eJewishPhilanthropy .",https://ejewishphilanthropy.com/after-pilot-year-rabbinical-assembly-unveils-new-policy-institute-the-tzedek-center/,eJewish Philanthropy,Jay Deitcher,2026-08-26T13:45:00,2026-08-26 13:54:42.182428,https://ejewishphilanthropy.com/?p=179250
"By smashing a Palestinian monument, an Israeli far-right lawmaker brought West Bank reality to light","Tzvi Succot took a hammer to a Palestinian monument in the West Bank, and thus exposed to Israeli and international media what Palestinian media already knows: the IDF doesn't stop settlers' violence, it often enables it",https://www.haaretz.com/israel-news/israel-security/2026-08-26/ty-article/.premium/by-smashing-a-palestinian-monument-tzvi-succot-exposed-the-west-banks-reality/000001a0-3ced-d542-abbe-fdfdd4df0000,Haaretz,Jack Khoury,2026-08-26T11:42:39,2026-08-26 12:52:24.130235,https://www.haaretz.com/israel-news/israel-security/2026-08-26/ty-article/.premium/by-smashing-a-palestinian-monument-tzvi-succot-exposed-the-west-banks-reality/000001a0-3ced-d542-abbe-fdfdd4df0000
Israel dismisses Guterres's criticism regarding takeover of Jerusalem UNRWA compound,The U.N. secretary-general called Israel’s construction at the site “wholly unacceptable” and inconsistent with its obligations under international law.,https://www.jns.org/news/israel-news/israel-dismisses-guterress-criticism-regarding-takeover-of-jerusalem-unrwa-compound,JNS,JNS Staff,2026-08-26T11:47:09,2026-08-26 12:52:16.780500,https://www.jns.org/news/israel-news/israel-dismisses-guterress-criticism-regarding-takeover-of-jerusalem-unrwa-compound
Australia concludes official hearing on antisemitism,An interim report into last year's Bondi Beach mass shooting recommended increased security around Jewish public events and additional gun reforms.,https://www.jns.org/news/world/australia-concludes-official-hearing-on-antisemitism,JNS,Etgar Lefkovits,2026-08-26T11:53:43,2026-08-26 12:52:16.780470,https://www.jns.org/news/world/australia-concludes-official-hearing-on-antisemitism
Ra'am chief under fire after saying accepting Jewish state 'a political necessity',"If Arab parties didn't accept Israel's existence as a Jewish state, they'd be barred from running for the Knesset, said Mansour Abbas.",https://www.jns.org/news/israel-news/raam-chief-under-fire-after-saying-accepting-jewish-state-a-political-necessity,JNS,David Isaac,2026-08-26T12:06:54,2026-08-26 12:52:16.780439,https://www.jns.org/news/israel-news/raam-chief-under-fire-after-saying-accepting-jewish-state-a-political-necessity
Your rabbi’s voice on the phone is not always your rabbi,"The call sounds exactly right. The rabbis voice, the cadence, the little verbal habits everyone knows from Shabbat drashot. There is an emergency, the voice says. A family in the congregation needs help tonight. Could you please send gift cards right away? Congregants at synagogues in multiple states have received versions of that call over... Read More The post Your rabbi&#8217;s voice on the phone is not always your rabbi appeared first on eJewishPhilanthropy .",https://ejewishphilanthropy.com/your-rabbis-voice-on-the-phone-is-not-always-your-rabbi/,eJewish Philanthropy,Mark Ginsberg,2026-08-26T12:21:58,2026-08-26 12:52:05.436052,https://ejewishphilanthropy.com/?p=179235
A Hot Mess: I spent the summer in Switzerland. Who would have thought it could become a living hell,"I can't sleep, I can't work. Basel has no air conditioning, and this summer felt unbearable. Then messages kept arriving from my friend, sweltering in a tent in Gaza",https://www.haaretz.com/life/2026-08-26/ty-article-magazine/.premium/a-hot-mess-i-spent-the-summer-in-switzerland-who-would-have-thought-it-could-become-a-living-hell/000001a0-38c8-d686-afe7-f9e9d5ff0000,Haaretz,Netta Ahituv,2026-08-26T09:47:08,2026-08-26 11:30:25.147656,https://www.haaretz.com/life/2026-08-26/ty-article-magazine/.premium/a-hot-mess-i-spent-the-summer-in-switzerland-who-would-have-thought-it-could-become-a-living-hell/000001a0-38c8-d686-afe7-f9e9d5ff0000
"IDF soldiers tried to block left-wing Israeli lawmaker from West Bank village, staged assault","IDF soldiers were seen trying to block Hadash MK Ofer Cassif from entering a West Bank village that has been under settler siege for over two weeks, with footage showing one soldier apparently staging an assault by the MK",https://www.haaretz.com/israel-news/israel-security/2026-08-26/ty-article/.premium/idf-soldiers-tried-to-bar-israeli-mk-from-west-bank-village-under-settler-siege/000001a0-3d93-d0d6-a3fc-3db7eec30000,Haaretz,Matan Golan,2026-08-26T11:09:15,2026-08-26 11:30:25.147617,https://www.haaretz.com/israel-news/israel-security/2026-08-26/ty-article/.premium/idf-soldiers-tried-to-bar-israeli-mk-from-west-bank-village-under-settler-siege/000001a0-3d93-d0d6-a3fc-3db7eec30000
'Israel is sending armed militias to commit war crimes – and I have to protect them',"A Haaretz investigation, based on soldiers' testimonies, sources in Gaza and satellite imagery, reveals how Israel is cultivating a network of armed militias in Gaza",https://www.haaretz.com/israel-news/security-aviation/2026-08-26/ty-article-magazine/.premium/israel-is-sending-militias-to-commit-war-crimes-and-i-have-to-protect-them/0000019f-f0f0-df61-a3ff-f9fe6ca70000,Haaretz,Yarden Michaeli,2026-08-26T11:21:10,2026-08-26 11:30:25.147576,https://www.haaretz.com/israel-news/security-aviation/2026-08-26/ty-article-magazine/.premium/israel-is-sending-militias-to-commit-war-crimes-and-i-have-to-protect-them/0000019f-f0f0-df61-a3ff-f9fe6ca70000
A hot mess: I left Israel for Switzerland. Then the country became a living hell,"I can't sleep, I can't work. Basel has no air conditioning, and this summer felt unbearable. Then messages kept arriving from my friend, sweltering in a tent in Gaza",https://www.haaretz.com/life/2026-08-26/ty-article-magazine/.premium/a-hot-mess-i-left-israel-for-switzerland-then-the-country-became-a-living-hell/000001a0-38c8-d686-afe7-f9e9d5ff0000,Haaretz,Netta Ahituv,2026-08-26T09:47:08,2026-08-26 10:35:40.555966,https://www.haaretz.com/life/2026-08-26/ty-article-magazine/.premium/a-hot-mess-i-left-israel-for-switzerland-then-the-country-became-a-living-hell/000001a0-38c8-d686-afe7-f9e9d5ff0000
Israel's emigration crisis is about more than war and security failures,The hundreds of thousands who have left Israel in recent years are not just fleeing a state of constant war; they are expressing a deeper loss of faith in the country's leadership and future,https://www.haaretz.com/opinion/2026-08-26/ty-article-opinion/.premium/israels-emigration-crisis-is-about-more-than-war-and-security-failures/000001a0-3d57-d5ed-a7a6-7ddff4c90000,Haaretz,Moran Stern,2026-08-26T09:49:06,2026-08-26 10:35:40.555936,https://www.haaretz.com/opinion/2026-08-26/ty-article-opinion/.premium/israels-emigration-crisis-is-about-more-than-war-and-security-failures/000001a0-3d57-d5ed-a7a6-7ddff4c90000
United Airlines to resume San Francisco-Tel Aviv flights in March 2027,"For the first time since flights connecting Israel and the Bay Area were canceled following the October 7, 2023 war in Gaza, the direct route will resume on March 28, 2027, with three flights a week",https://www.haaretz.com/israel-news/2026-08-26/ty-article/.premium/united-airlines-to-resume-san-francisco-tel-aviv-flights-in-march-2027/000001a0-3d6a-d5ed-a7a6-7deac3840000,Haaretz,Ben Kroll,2026-08-26T09:52:06,2026-08-26 10:35:40.555899,https://www.haaretz.com/israel-news/2026-08-26/ty-article/.premium/united-airlines-to-resume-san-francisco-tel-aviv-flights-in-march-2027/000001a0-3d6a-d5ed-a7a6-7deac3840000
"Israeli reserve soldier beaten, abducted by PA police in Area C, his lawyers say","The armed officers allegedly entered an area under Israeli security responsibility, seized the soldier’s weapon and drove him into Area A near Ramallah.",https://www.jns.org/news/israel-news/israeli-reserve-soldier-beaten-abducted-by-pa-police-in-area-c-his-lawyers-say,JNS,Josh Hasten,2026-08-26T09:42:30,2026-08-26 10:35:33.317944,https://www.jns.org/news/israel-news/israeli-reserve-soldier-beaten-abducted-by-pa-police-in-area-c-his-lawyers-say
"When Israel gives up the initiative, Hezbollah takes it",Diplomatic restraint is narrowing Israel’s freedom of action before its enemies have been disarmed.,https://www.jns.org/opinion/eyal-dror/when-israel-gives-up-the-initiative-hezbollah-takes-it,JNS,Eyal Dror,2026-08-26T09:45:00,2026-08-26 10:35:33.317909,https://www.jns.org/opinion/eyal-dror/when-israel-gives-up-the-initiative-hezbollah-takes-it
Netanyahu at Judea and Samaria event: This land ‘will remain ours’,The Israeli premier predicted a major wave of aliyah and vowed to eliminate remaining threats from Iran and its regional proxies.,https://www.jns.org/news/israel-news/netanyahu-at-judea-and-samaria-event-this-land-will-remain-ours,JNS,JNS Staff,2026-08-26T10:24:00,2026-08-26 10:35:33.317874,https://www.jns.org/news/israel-news/netanyahu-at-judea-and-samaria-event-this-land-will-remain-ours
"Israel Has No Shortage of Biomedical Startups, but Where Are the Global Companies?","This may be Israel’s blind spot. The system is exceptionally good at creating biomedical startups but not equally optimized for turning the strongest of them into enduring global companies. The post Israel Has No Shortage of Biomedical Startups, but Where Are the Global Companies? appeared first on Jewish Journal .",https://jewishjournal.com/commentary/opinion/391584/israel-has-no-shortage-of-biomedical-startups-but-where-are-the-global-companies/,Jewish Journal,David Adler,2026-08-26T09:38:07,2026-08-26 10:35:30.935223,https://jewishjournal.com/?p=391584
The Nexus of the Ruffalo Problem,"Once the target is Jews rather than Israeli policy, the Nexus Document itself takes over. The post The Nexus of the Ruffalo Problem appeared first on Jewish Journal .",https://jewishjournal.com/commentary/opinion/391587/the-nexus-of-the-ruffalo-problem/,Jewish Journal,Mark Goldfeder,2026-08-26T09:42:29,2026-08-26 10:35:30.935178,https://jewishjournal.com/?p=391587
Rosner’s Domain | Has Oct. 7 Made Israelis More Religious?,"Several surveys showed that there is substance to the claim that a degree of Jewish ""strengthening"" is evident in the Israeli public. However, all the studies so far have dealt with adult society. The post Rosner&#8217;s Domain | Has Oct. 7 Made Israelis More Religious? appeared first on Jewish Journal .",https://jewishjournal.com/rosnersdomain/391590/has-oct-7-made-israelis-more-religious/,Jewish Journal,Shmuel Rosner,2026-08-26T09:47:45,2026-08-26 10:35:30.935141,https://jewishjournal.com/?p=391590
Let’s remember the Torah of Dolly Parton,"Last summer, I made the most unconventional of Jewish pilgrimages — not visiting Jerusalem or tracing my family’s journey from their former shtetls in the Pale of Settlement, but taking a road trip to the happiest place on earth (with apologies to Disney World): Dollywood. As a die-hard Dolly Parton fan, I was heartbroken to... Read More The post Let’s remember the Torah of Dolly Parton appeared first on eJewishPhilanthropy .",https://ejewishphilanthropy.com/lets-remember-the-torah-of-dolly-parton/,eJewish Philanthropy,Laura Liebman,2026-08-26T10:20:00,2026-08-26 10:35:22.165303,https://ejewishphilanthropy.com/?p=179197
Likud polls Russian-speaking Israelis on adding Channel 9 journalists to slate,"Channel 9 condemned the poll for using its journalists' names for 'political purposes' and threatened legal action. The survey followed a rare Netanyahu interview with the channel, filmed at a Likud campaign studio",https://www.haaretz.com/israel-news/israel-politics/2026-08-26/ty-article/.premium/likud-polls-russian-speaking-israelis-on-adding-channel-9-journalists-to-slate/000001a0-3d47-ddff-a3a2-7ddf86520000,Haaretz,Bar Peleg,2026-08-26T09:29:56,2026-08-26 09:41:20.665387,https://www.haaretz.com/israel-news/israel-politics/2026-08-26/ty-article/.premium/likud-polls-russian-speaking-israelis-on-adding-channel-9-journalists-to-slate/000001a0-3d47-ddff-a3a2-7ddf86520000
Israeli forces seize property from released terrorists who received PA payments,"The Israel Police and National Bureau for Counter-Terror Financing unit forces confiscated cash worth more than $33,000, as well as vehicles and jewelry.",https://www.jns.org/news/israel-news/israeli-forces-seize-property-from-released-terrorists-who-received-pa-payments,JNS,JNS Staff,2026-08-26T09:01:36,2026-08-26 09:41:13.987272,https://www.jns.org/news/israel-news/israeli-forces-seize-property-from-released-terrorists-who-received-pa-payments
Off the Hook,"Without noticing it, my body has gone from a shiny new Audi to a dented rent-a-wreck. I went from “Let me get it” to “Just give me two minutes to catch my breath.” The post Off the Hook appeared first on Jewish Journal .",https://jewishjournal.com/commentary/columnist/391555/off-the-hook/,Jewish Journal,Mark Schiff,2026-08-26T08:59:38,2026-08-26 09:41:11.667938,https://jewishjournal.com/?p=391555
What the Return of Yehuda Katz Says About Israel’s Covenant With Its People,"Most nations honor their fallen, but Israel does something more. We make a covenant with them. The post What the Return of Yehuda Katz Says About Israel’s Covenant With Its People appeared first on Jewish Journal .",https://jewishjournal.com/commentary/columnist/391560/what-the-return-of-yehuda-katz-says-about-israels-covenant-with-its-people/,Jewish Journal,Ari Sacher,2026-08-26T09:07:33,2026-08-26 09:41:11.667881,https://jewishjournal.com/?p=391560
I’m So (Sorta) Sorry,The classic case of a “nonapology” apology is when the allegedly contrite offender says something to the effect of “I’m so sorry that you’re upset.” Note that the speaker doesn’t actually acknowledge doing anything wrong. The post I’m So (Sorta) Sorry appeared first on Jewish Journal .,https://jewishjournal.com/commentary/columnist/391563/im-so-sorta-sorry/,Jewish Journal,Morton Schapiro,2026-08-26T09:12:24,2026-08-26 09:41:11.667843,https://jewishjournal.com/?p=391563
"America’s First, Remarkable Flag, a Reminder of Biblical Faith","The Continental Union Flag deserves to be remembered as a window into the political process of independence, as in the time of biblical Israel. The post America’s First, Remarkable Flag, a Reminder of Biblical Faith appeared first on Jewish Journal .",https://jewishjournal.com/judaism/391566/americas-first-remarkable-flag-a-reminder-of-biblical-faith/,Jewish Journal,Rabbi Dr. Stuart Halpern,2026-08-26T09:15:51,2026-08-26 09:41:11.667804,https://jewishjournal.com/?p=391566
Why I Don’t Care About Antisemitism,Maybe we are fighting the wrong battle. The post Why I Don’t Care About Antisemitism appeared first on Jewish Journal .,https://jewishjournal.com/commentary/opinion/391570/why-i-dont-care-about-antisemitism/,Jewish Journal,Bill Gross,2026-08-26T09:21:10,2026-08-26 09:41:11.667767,https://jewishjournal.com/?p=391570
Intermarriage and the Conservative Movement – A Different Approach,"While I understand and sympathize with the issues confronting Conservative rabbis and synagogues in the United States concerning intermarriage, allowing Conservative rabbis to officiate at intermarriages will not solve that problem. The post Intermarriage and the Conservative Movement – A Different Approach appeared first on Jewish Journal .",https://jewishjournal.com/judaism/391574/intermarriage-and-the-conservative-movement-a-different-approach/,Jewish Journal,Rabbi Prof. David Golinkin,2026-08-26T09:27:44,2026-08-26 09:41:11.667735,https://jewishjournal.com/?p=391574
Could Jon Ossoff Become the First Jewish President?,"It is possible that a record four Jewish candidates will be on a debate stage, vying to become the Democratic nominee for the 2028 presidential election. The post Could Jon Ossoff Become the First Jewish President? appeared first on Jewish Journal .",https://jewishjournal.com/commentary/opinion/391577/could-jon-ossoff-become-the-first-jewish-president/,Jewish Journal,Alan Zeitlin,2026-08-26T09:30:21,2026-08-26 09:41:11.667688,https://jewishjournal.com/?p=391577
The Legacy of Everyday Love,"We may not remember every conversation or every accomplishment, but we remember how people made us feel. In the end, it is those ordinary acts of kindness that stay with us the longest. The post The Legacy of Everyday Love appeared first on Jewish Journal .",https://jewishjournal.com/commentary/opinion/391580/the-legacy-of-everyday-love/,Jewish Journal,Regina Portnoy,2026-08-26T09:32:38,2026-08-26 09:41:11.667644,https://jewishjournal.com/?p=391580
I was on the Altalena. Its political exploitation distorts memory and history,The far right calls the ship's rediscovery a symbol of unity. But the Altalena's memory does not belong to those now stoking grievance and revenge,https://www.haaretz.com/opinion/2026-08-26/ty-article-opinion/.premium/i-was-on-the-altalena-its-political-exploitation-distorts-memory-and-history/000001a0-391e-ddff-a3a2-7d9e645a0000,Haaretz,Saul Friedlander,2026-08-26T08:09:26,2026-08-26 08:43:11.326079,https://www.haaretz.com/opinion/2026-08-26/ty-article-opinion/.premium/i-was-on-the-altalena-its-political-exploitation-distorts-memory-and-history/000001a0-391e-ddff-a3a2-7d9e645a0000
"Iran planned to assassinate Netanyahu's son Yair in Florida, report says, citing U.S. source","Israeli intelligence reportedly uncovered the plot last December, prompting Yair Netanyahu to immediately leave his Miami-area home and return to Israel",https://www.haaretz.com/israel-news/israel-security/2026-08-26/ty-article/iran-planned-to-assassinate-netanyahus-son-yair-in-florida-report-says/000001a0-3cb1-d274-a7f4-bcb112a60000,Haaretz,Haaretz,2026-08-26T08:34:11,2026-08-26 08:43:11.326043,https://www.haaretz.com/israel-news/israel-security/2026-08-26/ty-article/iran-planned-to-assassinate-netanyahus-son-yair-in-florida-report-says/000001a0-3cb1-d274-a7f4-bcb112a60000
Montreal passes Palestinian solidarity motion after removing text on cutting ties with Israel,"(JTA) — Montreal has passed a motion of solidarity with Palestinians after stripping a clause that called for severing institutional and diplomatic ties with Israel. Montreal’s city council late Monday adopted the measure, which also removed earlier references to Israeli “apartheid” and “genocide,” after a contentious debate about the role of local government in denouncing... The post Montreal passes Palestinian solidarity motion after removing text on cutting ties with Israel appeared first on The Forward .",https://forward.com/fast-forward/846881/montreal-passes-palestinian-solidarity-motion-after-removing-text-on-cutting-ties-with-israel/,The Forward,Shira Li Bartov,2026-08-26T08:28:10,2026-08-26 08:42:57.477830,https://forward.com/?p=846881
"Progressive politics notches another deep-red win in Oklahoma race, bolstered by anti-AIPAC messaging","(JTA) — Oklahoma nurse and activist N’kiyla Jasmine Thomas, who ran a campaign with anti-AIPAC messaging, defeated centrist Jim Priest in a Democratic Senate primary runoff on Tuesday that marked the latest victory for a progressive politician in a solidly conservative state. The Associated Press called Tuesday’s race, a sequel to the state’s June primary,... The post Progressive politics notches another deep-red win in Oklahoma race, bolstered by anti-AIPAC messaging appeared first on The Forward .",https://forward.com/fast-forward/846905/progressive-politics-notches-another-deep-red-win-in-oklahoma-race-bolstered-by-anti-aipac-messaging/,The Forward,Sharon Udasin,2026-08-26T08:30:09,2026-08-26 08:42:57.477777,https://forward.com/?p=846905
Sister of pro-Israel stalwart Lindsey Graham secures GOP Senate nomination,"(JTA) — South Carolina Sen. Darline Graham defeated U.S. House Rep. Ralph Norman in a special primary runoff on Tuesday, putting her in a dominant position to win the Senate seat left vacant with the death in July of her older brother, the pro-Israel stalwart Lindsey Graham. The Associated Press called the race two hours... The post Sister of pro-Israel stalwart Lindsey Graham secures GOP Senate nomination appeared first on The Forward .",https://forward.com/fast-forward/846911/sister-of-pro-israel-stalwart-lindsey-graham-secures-gop-senate-nomination/,The Forward,Sharon Udasin,2026-08-26T08:32:40,2026-08-26 08:42:57.477710,https://forward.com/?p=846911
Israeli left-wing youth group plans kibbutz-style settlement in occupied Jordan Valley,"Hamahanot Haolim – a century-old 'pioneering, socialist Zionist youth group' – says it is exploring the possibility of building a new Kibbutz in the West Bank, arguing that leftists should populate the area rather than far-right outposts inhabited by violent settlers",https://www.haaretz.com/israel-news/israel-security/2026-08-26/ty-article/.premium/israeli-leftist-youth-group-plans-kibbutz-style-settlement-in-jordan-valley/000001a0-3b22-d268-a1fe-3b7675040000,Haaretz,Yair Foldes,2026-08-26T07:00:11,2026-08-26 07:46:46.414241,https://www.haaretz.com/israel-news/israel-security/2026-08-26/ty-article/.premium/israeli-leftist-youth-group-plans-kibbutz-style-settlement-in-jordan-valley/000001a0-3b22-d268-a1fe-3b7675040000
"US Secret Service probing Iranian video threat against Trump's son, Barron","Tehran has threatened the president and his family since his first term, with threats intensifying after the elimination of Iranian general Qassem Soleimani.",https://www.jns.org/news/u-s-news/us-secret-service-probing-iranian-video-threat-against-trumps-son-barron,JNS,JNS Staff,2026-08-26T07:10:00,2026-08-26 07:46:39.342045,https://www.jns.org/news/u-s-news/us-secret-service-probing-iranian-video-threat-against-trumps-son-barron
Egypt FM: Camp David still serves Cairo’s ‘national interest’,"Badr Abdelatty says ties with Israel are “so far, so good,” while warning against any transfer of Gazans into Sinai.",https://www.jns.org/news/israel-news/egypt-fm-camp-david-still-serves-cairos-national-interest,JNS,JNS Staff,2026-08-26T07:15:56,2026-08-26 07:46:39.342023,https://www.jns.org/news/israel-news/egypt-fm-camp-david-still-serves-cairos-national-interest
Netanyahu sounds alarm over right-wing splinter parties,"New parties are a recurring feature of Israeli elections, but when they fail to pass, votes are lost.",https://www.jns.org/analysis/netanyahu-sounds-alarm-over-right-wing-splinter-parties,JNS,David Isaac,2026-08-26T07:25:04,2026-08-26 07:46:39.341999,https://www.jns.org/analysis/netanyahu-sounds-alarm-over-right-wing-splinter-parties
Violent settler youth betray Judaism,The actions of this small but misguided lot violate the grave prohibition against harming innocents.,https://www.jns.org/opinion/rabbi-avi-shafran/violent-settler-youth-betray-judaism,JNS,Rabbi Avi Shafran,2026-08-26T07:30:00,2026-08-26 07:46:39.341978,https://www.jns.org/opinion/rabbi-avi-shafran/violent-settler-youth-betray-judaism
AFTAU appoints Ari E. Steinberg as senior vice president of development and planned giving,New role focuses on national fundraising and long-term philanthropic growth.,https://www.jns.org/wire/american-friends-of-tel-aviv-university/aftau-appoints-ari-e-steinberg-as-senior-vice-president-of-development-and-planned-giving,JNS,,2026-08-26T07:30:01,2026-08-26 07:46:39.341949,https://www.jns.org/wire/american-friends-of-tel-aviv-university/aftau-appoints-ari-e-steinberg-as-senior-vice-president-of-development-and-planned-giving
"Survey finds heavy financial toll of war on Israeli households, reservists","Lower-income households and families of military reservists have been particularly hard hit, according to an IFCJ poll.",https://www.jns.org/news/israel-news/survey-finds-heavy-financial-toll-of-war-on-israeli-households-reservists,JNS,Pesach Benson/TPS-IL,2026-08-26T05:33:09,2026-08-26 06:50:27.455913,https://www.jns.org/news/israel-news/survey-finds-heavy-financial-toll-of-war-on-israeli-households-reservists
IDF chief in Gaza: ‘We will not return to Oct. 6’,Lt. Gen. Eyal Zamir says the military will prevent Hamas from rebuilding and continue hunting down every terrorist who took part in the Oct. 7 massacre.,https://www.jns.org/news/israel-news/idf-chief-in-gaza-we-will-not-return-to-oct-6,JNS,JNS Staff,2026-08-26T05:51:42,2026-08-26 06:50:27.455884,https://www.jns.org/news/israel-news/idf-chief-in-gaza-we-will-not-return-to-oct-6
Israel: Gaza kites are weapons of terror,"Gazan terrorist groups have used them to launch incendiary devices into Israel, burning large swaths of land and causing massive property damage.",https://www.jns.org/israel-gaza-kites-are-weapons-of-terror,JNS,JNS Staff,2026-08-26T06:27:42,2026-08-26 06:50:27.455846,https://www.jns.org/israel-gaza-kites-are-weapons-of-terror
“Genocidaire: A Twilight Zone Episode”,"Once an accusation this explosive becomes accepted as fact, it changes the moral status of the accused. Israelis become genocidaires. Zionists become supporters of genocide. Jews who support Israel become apologists for genocide. The post “Genocidaire: A Twilight Zone Episode” appeared first on Jewish Journal .",https://jewishjournal.com/commentary/opinion/391546/genocidaire-a-twilight-zone-episode/,Jewish Journal,Peter Himmelman,2026-08-26T06:02:35,2026-08-26 06:50:24.900393,https://jewishjournal.com/?p=391546
AIPAC’s New Challenge,"AIPAC’s leaders face fundamental strategic questions unlike those they have confronted in the modern era.… Their ability to adapt to these new circumstances will define not only their future, but that of the U.S.-Israel relationship in this uncertain era. The post AIPAC’s New Challenge appeared first on Jewish Journal .",https://jewishjournal.com/commentary/columnist/391550/aipacs-new-challenge/,Jewish Journal,Dan Schnur,2026-08-26T06:05:36,2026-08-26 06:50:24.900345,https://jewishjournal.com/?p=391550
Sister of pro-Israel stalwart Lindsey Graham secures GOP Senate nomination,"Crediting Trump for her victory, Darlene Graham will now face off against Democrat Annie Andrews. -- The post Sister of pro-Israel stalwart Lindsey Graham secures GOP Senate nomination appeared first on Jewish Telegraphic Agency .",https://www.jta.org/2026/08/26/politics/sister-of-pro-israel-stalwart-lindsey-graham-secures-gop-senate-nomination,JTA,Sharon Udasin,2026-08-26T05:54:54,2026-08-26 06:50:17.866162,https://www.jta.org/?p=1906805
Joe Rogan of the left? Hasan Piker is much more of a Kardashian,"The far-left Twitch streamer is getting endless attention from politicians and the media, but does he really stand for anything, apart from hateful statements about Jews and Israel?",https://www.haaretz.com/opinion/2026-08-26/ty-article-opinion/.premium/joe-rogan-of-the-left-hasan-piker-is-much-more-of-a-kardashian/000001a0-3c6a-d268-a1fe-3d7e7da70000,Haaretz,Megan Peck Shub,2026-08-26T05:23:34,2026-08-26 05:34:43.496774,https://www.haaretz.com/opinion/2026-08-26/ty-article-opinion/.premium/joe-rogan-of-the-left-hasan-piker-is-much-more-of-a-kardashian/000001a0-3c6a-d268-a1fe-3d7e7da70000
Becoming the finance nation,A large hedge-fund industry can serve as an economic catalyst for Israel’s growth.,https://www.jns.org/opinion/karen-sinai/becoming-the-finance-nation,JNS,Karen Sinai,2026-08-26T05:00:00,2026-08-26 05:34:36.587014,https://www.jns.org/opinion/karen-sinai/becoming-the-finance-nation
London police seek man seen wearing anti-Jewish shirt,The Khaybar slogan invokes a seventh-century assault on Jews; police are investigating a potential racially aggravated public-order offense.,https://www.jns.org/news/antisemitism/london-police-seek-man-seen-wearing-anti-jewish-shirt,JNS,Canaan Lidor,2026-08-26T05:26:24,2026-08-26 05:34:36.586986,https://www.jns.org/news/antisemitism/london-police-seek-man-seen-wearing-anti-jewish-shirt
"Progressive politics notches another deep-red win in Oklahoma race, bolstered by anti-AIPAC messaging","Activist N'kiyla Jasmine Thomas will face off against Republican Rep. Kevin Hern in November. -- The post Progressive politics notches another deep-red win in Oklahoma race, bolstered by anti-AIPAC messaging appeared first on Jewish Telegraphic Agency .",https://www.jta.org/2026/08/26/politics/progressive-politics-notches-another-deep-red-win-in-oklahoma-race-bolstered-by-anti-aipac-messaging,JTA,Sharon Udasin,2026-08-26T05:07:43,2026-08-26 05:34:27.355971,https://www.jta.org/?p=1906797
"Israeli researchers find evidence of grain cultivation 15,000 years ago",University of Haifa study of ancient sickle blades suggests Natufian hunter-gatherers systematically harvested wild grains thousands of years before established agriculture.,https://www.jns.org/news/israel-news/israeli-researchers-find-evidence-of-grain-cultivation-15-000-years-ago,JNS,Pesach Benson/TPS-IL,2026-08-26T04:21:13,2026-08-26 04:39:48.990867,https://www.jns.org/news/israel-news/israeli-researchers-find-evidence-of-grain-cultivation-15-000-years-ago
"Overcoming serious challenges, Israeli team conquers Kilimanjaro","Thirty-six Israelis facing disabilities, cancer, loss and war wounds joined Access Israel to climb Africa’s tallest mountain.",https://www.jns.org/feature/overcoming-serious-challenges-israeli-team-conquers-kilimanjaro,JNS,Howard Blas,2026-08-26T04:26:46,2026-08-26 04:39:48.990830,https://www.jns.org/feature/overcoming-serious-challenges-israeli-team-conquers-kilimanjaro
The case for a nation that knows its borders,Israel has waited a long time for a peace agreement to define its boundaries. The time has come to decide for itself.,https://www.jns.org/opinion/max-blankfeld/the-case-for-a-nation-that-knows-its-borders,JNS,Max Blankfeld,2026-08-26T03:15:00,2026-08-26 03:59:15.687746,https://www.jns.org/opinion/max-blankfeld/the-case-for-a-nation-that-knows-its-borders
Lesson from Montreal: When Will Jews Learn to be Offended?,"If the council was “disgraced,” the Jewish community should return to correct the record. The lies must not stand. Jews must attack the lies with the same fervor our enemies spew them. The post Lesson from Montreal: When Will Jews Learn to be Offended? appeared first on Jewish Journal .",https://jewishjournal.com/commentary/391531/lesson-from-montreal-when-will-jews-learn-to-be-offended/,Jewish Journal,David Suissa,2026-08-26T03:50:11,2026-08-26 03:59:13.306874,https://jewishjournal.com/?p=391531
Trump sends Saudi nuclear deal to Congress but says Riyadh must recognize Israel,,https://www.haaretz.com/israel-news/israel-security/2026-08-26/ty-article-live/trump-sends-saudi-nuclear-deal-to-congress-but-says-riyadh-must-recognize-israel/000001a0-3bb9-d274-a7f4-bfb9337f0000,Haaretz,Haaretz,2026-08-26T01:49:01,2026-08-26 03:05:13.782986,https://www.haaretz.com/israel-news/israel-security/2026-08-26/ty-article-live/trump-sends-saudi-nuclear-deal-to-congress-but-says-riyadh-must-recognize-israel/000001a0-3bb9-d274-a7f4-bfb9337f0000
Haaretz Cartoon,,https://www.haaretz.com/opinion/daily-cartoon/2026-08-26/ty-article-opinion/haaretz-cartoon/000001a0-3be9-d268-a1fe-3bfd14bc0000,Haaretz,Eran Wolkowski,2026-08-26T02:34:51,2026-08-26 03:05:13.782930,https://www.haaretz.com/opinion/daily-cartoon/2026-08-26/ty-article-opinion/haaretz-cartoon/000001a0-3be9-d268-a1fe-3bfd14bc0000
Darline Graham wins South Carolina Republican special Senate primary runoff,"She has pledged to uphold her brother’s foreign policy legacy, including support for Israel, backing the Trump administration in the war against Iran and opposing Russia’s invasion of Ukraine.",https://www.jns.org/news/u-s-news/darline-graham-wins-south-carolina-republican-special-senate-primary-runoff,JNS,Andrew Bernard,2026-08-26T01:54:41,2026-08-26 03:05:06.284289,https://www.jns.org/news/u-s-news/darline-graham-wins-south-carolina-republican-special-senate-primary-runoff
"Jewish Democrats must fight the DSA, not tolerate it","The hard-left faction is organizing and winning elections, even if many in the party don’t agree with them or share their antisemitism. They will take it over in 2028 if not stopped now.",https://www.jns.org/opinion/column/jonathan-s-tobin/jewish-democrats-must-fight-the-dsa-not-tolerate-it,JNS,Jonathan S. Tobin,2026-08-26T00:15:00,2026-08-26 01:18:52.060802,https://www.jns.org/opinion/column/jonathan-s-tobin/jewish-democrats-must-fight-the-dsa-not-tolerate-it
Netanyahu invited Israelis to call him. Experts warn that he just wants their data,"The Israeli prime minister urged citizens to call him with their concerns, but experts warn the initiative is more about gathering information for Likud's campaign database ahead of the October election – as social media content exposed users' information online in the process",https://www.haaretz.com/israel-news/israel-politics/2026-08-26/ty-article/.premium/netanyahu-invited-israelis-to-call-him-experts-warn-he-just-wants-their-data/000001a0-3b08-d268-a1fe-3b5ce13a0000,Haaretz,Oded Yaron,2026-08-25T22:45:08,2026-08-25 23:25:11.161308,https://www.haaretz.com/israel-news/israel-politics/2026-08-26/ty-article/.premium/netanyahu-invited-israelis-to-call-him-experts-warn-he-just-wants-their-data/000001a0-3b08-d268-a1fe-3b5ce13a0000
"Despite Hasan Piker and Israel divide, Jewish Democrats say El-Sayed is making inroads with voters","'Historically, Jews don't do well under authoritarian governments': Jewish Democrats say disagreements with El-Sayed over Israel pale beside their concerns about the GOP",https://www.haaretz.com/us-news/2026-08-26/ty-article-magazine/.premium/jewish-democrats-say-el-sayed-is-making-inroads-securing-communitys-support/000001a0-3a69-d02f-a9ed-7e6b3fc00000,Haaretz,Arno Rosenfeld,2026-08-25T22:47:34,2026-08-25 23:25:11.161260,https://www.haaretz.com/us-news/2026-08-26/ty-article-magazine/.premium/jewish-democrats-say-el-sayed-is-making-inroads-securing-communitys-support/000001a0-3a69-d02f-a9ed-7e6b3fc00000
This Is Not an Obituary as Annette Shapiro Lives,[&#8230;] The post This Is Not an Obituary as Annette Shapiro Lives appeared first on Jewish Journal .,https://jewishjournal.com/commentary/391524/this-is-not-an-obituary-as-annette-shapiro-lives/,Jewish Journal,Rabbi Lori Shapiro,2026-08-25T23:16:04,2026-08-25 23:25:01.153096,https://jewishjournal.com/?p=391524
The United Arab List is selling the house for a night in a hotel,"The right to life and personal security is a basic right of every citizen. In any law-abiding country, the responsibility for upholding law and order and stopping crime rests solely with the state, not its citizens",https://www.haaretz.com/opinion/2026-08-26/ty-article-opinion/.premium/the-united-arab-list-is-selling-the-house-for-a-night-in-a-hotel/000001a0-34a9-d02f-a9ed-7ceb22860000,Haaretz,Kasem Bakri,2026-08-25T21:51:17,2026-08-25 22:27:44.006547,https://www.haaretz.com/opinion/2026-08-26/ty-article-opinion/.premium/the-united-arab-list-is-selling-the-house-for-a-night-in-a-hotel/000001a0-34a9-d02f-a9ed-7ceb22860000
Israel's secular culture is rediscovering Judaism – but only the easy parts,"From tefillin and Shabbat to kabbala and mysticism, Jewish tradition has become cultural currency among secular Israeli artists and celebrities. But this selective return to Judaism embraces its symbols while sidestepping their religious and political implications",https://www.haaretz.com/opinion/2026-08-26/ty-article-opinion/.premium/israels-secular-culture-is-rediscovering-judaism-but-only-the-easy-parts/000001a0-39f7-d02f-a9ed-7dff45a00000,Haaretz,Shani Pocker,2026-08-25T21:55:33,2026-08-25 22:27:44.006514,https://www.haaretz.com/opinion/2026-08-26/ty-article-opinion/.premium/israels-secular-culture-is-rediscovering-judaism-but-only-the-easy-parts/000001a0-39f7-d02f-a9ed-7dff45a00000
Eisenkot won't be able to run away from Netanyahu's Israel,The bloc isn't ignoring issues of religion and state; it is openly calling for drafting the ultra-Orthodox. It is trying to fall in line with Netanyahu's aggressive policies and is leery of saying anything that implies recognition of the Palestinians,https://www.haaretz.com/opinion/2026-08-26/ty-article-opinion/.premium/eisenkot-wont-be-able-to-run-away-from-netanyahus-israel/000001a0-3a3a-db47-afe9-fbbe64d10000,Haaretz,Aluf Benn,2026-08-25T21:56:56,2026-08-25 22:27:44.006475,https://www.haaretz.com/opinion/2026-08-26/ty-article-opinion/.premium/eisenkot-wont-be-able-to-run-away-from-netanyahus-israel/000001a0-3a3a-db47-afe9-fbbe64d10000
The Israeli left should be fighting settlements - not building them,"It's hard to think of anything more hypocritical – humanism with dispossession, socialism with expulsion. With a left like this, there's truly no need for the right",https://www.haaretz.com/opinion/editorial/2026-08-26/ty-article-opinion/the-israeli-left-should-be-fighting-settlements-not-building-them/000001a0-3a0b-d936-a7ac-3a2f03a10000,Haaretz,Haaretz Editorial,2026-08-25T22:00:34,2026-08-25 22:27:44.006440,https://www.haaretz.com/opinion/editorial/2026-08-26/ty-article-opinion/the-israeli-left-should-be-fighting-settlements-not-building-them/000001a0-3a0b-d936-a7ac-3a2f03a10000
Netanyahu's gun-toting security detail clears Tel Aviv beach for Altalena video shoot,Shin Bet defends security measures after bodyguards clear beachgoers so the prime minister could film a video about the newly found shipwreck,https://www.haaretz.com/israel-news/israel-security/2026-08-26/ty-article/.premium/netanyahus-gun-toting-security-detail-clears-tel-aviv-beach-for-video-shoot/000001a0-3af2-d40e-a9f2-3bfa88620000,Haaretz,Haaretz,2026-08-25T22:18:27,2026-08-25 22:27:44.006397,https://www.haaretz.com/israel-news/israel-security/2026-08-26/ty-article/.premium/netanyahus-gun-toting-security-detail-clears-tel-aviv-beach-for-video-shoot/000001a0-3af2-d40e-a9f2-3bfa88620000
"Muslim Brotherhood Builds Expanding Influence Network Across Canada, New Report Finds","The Muslim Brotherhood has built an extensive network of organizations, financial structures, and influence operations across Canada while maintaining a...",https://www.algemeiner.com/2026/08/25/muslim-brotherhood-builds-expanding-influence-network-across-canada-new-report-finds/,Algemeiner,Ailin Vilches Arguello,2026-08-25T21:43:58,2026-08-25 22:27:39.533886,https://www.algemeiner.com/?p=778399
Jewish Federation and AJU: In Memory of Annette Shapiro,"In Loving Memory, 1930–2026 The post Jewish Federation and AJU: In Memory of Annette Shapiro appeared first on Jewish Journal .",https://jewishjournal.com/judaism/obituaries/391506/remembering-annette-shapiro/,Jewish Journal,Jewish Journal Staff,2026-08-25T21:20:41,2026-08-25 22:27:34.340471,https://jewishjournal.com/?p=391506
Remembering Annette Shapiro: A Smile Eternal,Maintaining a positive disposition so consistently is difficult to pull off. I know I can’t. The post Remembering Annette Shapiro: A Smile Eternal appeared first on Jewish Journal .,https://jewishjournal.com/commentary/columnist/editors-note/391509/remembering-annette-shapiro-a-smile-eternal/,Jewish Journal,David Suissa,2026-08-25T21:25:29,2026-08-25 22:27:34.340430,https://jewishjournal.com/?p=391509
UC Berkeley Hillel gears up for its 100th birthday — but don't expect a big gala,"With Berkeley Hillel’s 100th birthday coming next year, Rabbi Adam Naftalin-Kelman thought back to a day in 2009 when he was exploring the musty attic of its building on Bancroft [&#8230;]",https://jweekly.com/2026/08/25/uc-berkeley-hillel-will-mark-100th-anniversary-with-shabbat-across-berkeley/,J. Weekly,Dan Pine,2026-08-25T21:34:32,2026-08-25 22:27:22.838905,https://jweekly.com/?p=310250
"At family's request, Shin Bet joins search for Ethiopian girl missing since 2024",Father of nine-year-old Haymanot Kasau said at a meeting with President Isaac Herzog that the family fears the handling of her disappearance was affected by discrimination,https://www.haaretz.com/israel-news/israel-crime/2026-08-26/ty-article/.premium/at-familys-request-shin-bet-joins-search-for-ethiopian-girl-missing-since-2024/000001a0-3a40-d268-a1fe-3b54446f0000,Haaretz,Jonathan Lis,2026-08-25T21:09:03,2026-08-25 21:28:56.165202,https://www.haaretz.com/israel-news/israel-crime/2026-08-26/ty-article/.premium/at-familys-request-shin-bet-joins-search-for-ethiopian-girl-missing-since-2024/000001a0-3a40-d268-a1fe-3b54446f0000
"Pennsylvania Voters Approve of Shapiro, Fetterman Pro-Israel Stances, Poll Shows","Pennsylvania voters are broadly comfortable with the pro-Israel positions of two of the state&#8217;s most prominent Democratic figures, Gov. Josh...",https://www.algemeiner.com/2026/08/25/pennsylvania-voters-approve-shapiro-fetterman-pro-israel-stances-poll-shows/,Algemeiner,Corey Walker,2026-08-25T20:31:51,2026-08-25 21:28:51.598726,https://www.algemeiner.com/?p=778389
"Music legend Dolly Parton, country singer and songwriter, dies at 80",US President Donald Trump announced that he would lower the American flag nationwide for one week in honor of the star of sound and stage.,https://www.jns.org/news/u-s-news/music-legend-dolly-parton-country-singer-and-songwriter-dies-at-80,JNS,,2026-08-25T20:38:18,2026-08-25 21:28:49.265416,https://www.jns.org/news/u-s-news/music-legend-dolly-parton-country-singer-and-songwriter-dies-at-80
"Israeli ambassador in DC planning, again, to have an unusual High Holidays","“Will I have the opportunity on Rosh Hashanah to have a quiet Rosh Hashanah? Our enemies don’t rest,” Yechiel Leiter told JNS.",https://www.jns.org/news/israel-news/israeli-ambassador-in-dc-planning-again-to-have-an-unusual-high-holidays,JNS,Menachem Wecker,2026-08-25T21:11:35,2026-08-25 21:28:49.265375,https://www.jns.org/news/israel-news/israeli-ambassador-in-dc-planning-again-to-have-an-unusual-high-holidays
This Toronto street corner has been a site of anti-Zionist activism for months. Police just opened a hate crime investigation.,"The Toronto Police Service hate crimes unit is investigating teacher Abbas Hamze for remarks about “Zionists.” Canadian Jewish groups, including the Jewish Federations of Canada’s advocacy arm and B&#8217;nai Brith Canada, have called his speech, which went viral online, “blatant antisemitism.” Hamze’s remarks invoked antisemitic tropes, accusing “Zionists” of performing “black magic” as well as... The post This Toronto street corner has been a site of anti-Zionist activism for months. Police just opened a hate crime investigation. appeared first on The Forward .",https://forward.com/news/846839/toronto-antisemitism-hamze-abbas-hate-crime/,The Forward,Sage Lattman,2026-08-25T20:19:25,2026-08-25 21:28:42.291228,https://forward.com/?p=846839
Montreal passes Palestinian solidarity motion after removing text on cutting ties with Israel,National Jewish organizations strongly opposed the initial language. -- The post Montreal passes Palestinian solidarity motion after removing text on cutting ties with Israel appeared first on Jewish Telegraphic Agency .,https://www.jta.org/2026/08/25/global/montreal-passes-palestinian-solidarity-motion-after-removing-text-on-cutting-ties-with-israel,JTA,Shira Li Bartov,2026-08-25T20:34:09,2026-08-25 21:28:39.706242,https://www.jta.org/?p=1906759
This historian’s classic ideas about memory fuel a new drama about Oct. 7 and Jewish identity,"In Jonathan Spector’s play “Birthright,” a 40-year-old book is speaking to today's anxious audiences. -- The post This historian&#8217;s classic ideas about memory fuel a new drama about Oct. 7 and Jewish identity appeared first on Jewish Telegraphic Agency .",https://www.jta.org/2026/08/25/ideas/this-historians-classic-ideas-about-memory-fuel-a-new-drama-about-oct-7-and-jewish-identity,JTA,Pamela S. Nadell,2026-08-25T21:09:01,2026-08-25 21:28:39.706197,https://www.jta.org/?p=1906735
‘Never-ending incitement’: Second Reform synagogue vandalized in Israel this month,This article was first published in Haaretz and is reprinted with permission. A Reform synagogue in Israel was vandalized overnight into Monday in what the congregation described as a hate crime – [&#8230;],https://jweekly.com/2026/08/25/endless-incitement-second-reform-synagogue-vandalized-in-israel-this-month/,J. Weekly,Ben Kroll,2026-08-25T21:15:02,2026-08-25 21:28:34.911179,https://jweekly.com/?p=310238
"Driven by the Bible, Dolly Parton inspired a Jewish book charity","This story was originally published in the Forward. Click here to get the Forward&#8217;s free email newsletters delivered to your inbox. Dolly Parton, the musician, actor and philanthropist died Aug. [&#8230;]",https://jweekly.com/2026/08/25/driven-by-the-bible-dolly-parton-inspired-a-jewish-book-charity/,J. Weekly,Seth Rogovoy,2026-08-25T21:25:30,2026-08-25 21:28:34.911131,https://jweekly.com/?p=310244
Man says police left him wounded in remote Eilat location after beating,"Yadin White, a member of the Hebrew Israelite community, says he was arrested after leaving an Eilat club last week, when two police officers tackled him to the ground, handcuffed him and took him to an isolated location. 'I thought they wanted to kill me,' he said",https://www.haaretz.com/israel-news/israel-crime/2026-08-25/ty-article/.premium/man-says-police-beat-him-left-him-wounded-in-remote-location-in-southern-israel/000001a0-38b9-d268-a1fe-39fd856a0000,Haaretz,Eden Solomon,2026-08-25T19:34:24,2026-08-25 20:29:23.630446,https://www.haaretz.com/israel-news/israel-crime/2026-08-25/ty-article/.premium/man-says-police-beat-him-left-him-wounded-in-remote-location-in-southern-israel/000001a0-38b9-d268-a1fe-39fd856a0000
Report: U.S. to hold off Iran strikes until after U.S. Midterms,"Earlier on Tuesday, The New York Times reported that the U.S. ⁠State Department is preparing to ‌return diplomats to embassies in the Middle East ‌that were evacuated before and during the war with Iran",https://www.haaretz.com/middle-east-news/iran/2026-08-25/ty-article/report-u-s-to-hold-off-iran-strikes-until-after-u-s-midterms/000001a0-3a37-d274-a7f4-beb78ca00000,Haaretz,Haaretz,2026-08-25T20:00:31,2026-08-25 20:29:23.630406,https://www.haaretz.com/middle-east-news/iran/2026-08-25/ty-article/report-u-s-to-hold-off-iran-strikes-until-after-u-s-midterms/000001a0-3a37-d274-a7f4-beb78ca00000
"Vanderbilt to offer kosher food, looking to partner with Central Synagogue, school leader says at NYC campus opening","“Vanderbilt is known, I think, fairly well as a university that welcomes and has a welcoming environment for our Jewish students,” James Kellerhouse, assistant vice chancellor and executive director of operations and engagement for Vanderbilt in New York, told JNS.",https://www.jns.org/news/u-s-news/vanderbilt-to-offer-kosher-food-looking-to-partner-with-central-synagogue-school-leader-says-at-nyc-campus-opening,JNS,Rikki Zagelbaum,2026-08-25T19:42:30,2026-08-25 20:29:16.285989,https://www.jns.org/news/u-s-news/vanderbilt-to-offer-kosher-food-looking-to-partner-with-central-synagogue-school-leader-says-at-nyc-campus-opening
"Good Jew, bad Jew",Navigating the latest game board in the history of antisemitic weaponization.,https://www.jns.org/opinion/nancy-k-s-hochman/good-jew-bad-jew,JNS,Nancy K.S. Hochman,2026-08-25T19:45:00,2026-08-25 20:29:16.285945,https://www.jns.org/opinion/nancy-k-s-hochman/good-jew-bad-jew
Sephardic and Mizrahi groups accuse New York Magazine of erasing Middle Eastern Jews. The editor-in-chief agreed to a meeting.,"As editors of New York Magazine dug in their heels this week, defending the magazine’s viral “Habibi City” package published earlier this month, 14 Sephardic and Mizrahi Jewish organizations delivered an open letter on Monday night, accusing the magazine of erasing Middle Eastern Jews from its coverage. On Tuesday, Editor-in-chief David Haskell invited them to... The post Sephardic and Mizrahi groups accuse New York Magazine of erasing Middle Eastern Jews. The editor-in-chief agreed to a meeting. appeared first on The Forward .",https://forward.com/news/846803/sephardic-mizrahi-new-york-magazine-habibi-city/,The Forward,Simone Saidmehr,2026-08-25T19:47:35,2026-08-25 20:29:09.621438,https://forward.com/?p=846803
West Elm’s Russ & Daughters merch did something their in-house line could never,"Figuring out one’s Judaica vibe can be a challenging endeavor for those of us who don’t have tastes in line with the colorful stained glass or embossed silver aesthetics that tend to dominate the category. Newer designers have introduced some minimalist options, but that’s also not really for me. But for those of us with... The post West Elm&#8217;s Russ &#038; Daughters merch did something their in-house line could never appeared first on The Forward .",https://forward.com/culture/846806/russ-and-daughters-west-elm-jewish-holiday-decor/,The Forward,Mira Fox,2026-08-25T20:07:35,2026-08-25 20:29:09.621383,https://forward.com/?p=846806
This Toronto street corner has long been a site of anti-Zionist activism. Police finally opened a hate crime investigation.,"The Toronto Police Service hate crimes unit is investigating teacher Abbas Hamze for remarks about “Zionists.” Canadian Jewish groups, including the Jewish Federations of Canada’s advocacy arm and B&#8217;nai Brith Canada, have called his speech, which went viral online, “blatant antisemitism.” Hamze’s remarks invoked antisemitic tropes, accusing “Zionists” of performing “black magic” as well as... The post This Toronto street corner has long been a site of anti-Zionist activism. Police finally opened a hate crime investigation. appeared first on The Forward .",https://forward.com/news/846839/this-toronto-street-corner-has-long-been-a-site-of-anti-zionist-activism-police-finally-opened-a-hate-crime-investigation/,The Forward,Sage Lattman,2026-08-25T20:19:25,2026-08-25 20:29:09.621319,https://forward.com/?p=846839
El-Sayed seeks daylight from Hasan Piker as Democrats condemn streamer’s latest remarks about Jews,Critics argue that Piker was shifting the blame for antisemitic violence away from perpetrators and onto Jewish people for supporting Israel. -- The post El-Sayed seeks daylight from Hasan Piker as Democrats condemn streamer&#8217;s latest remarks about Jews appeared first on Jewish Telegraphic Agency .,https://www.jta.org/2026/08/25/politics/el-sayed-seeks-daylight-from-hasan-piker-as-democrats-condemn-streamers-latest-remarks-about-jews,JTA,Andrew Lapin,2026-08-25T19:55:46,2026-08-25 20:29:06.981357,https://www.jta.org/?p=1906756
I traveled all the way to Morocco to rediscover my Indiana Jewish roots,"Although my husband Richard and I have lived in our San Mateo home for 46 years, we are originally from Indiana. And while Morocco might not seem like the place [&#8230;]",https://jweekly.com/2026/08/25/i-traveled-all-the-way-to-morocco-to-rediscover-my-indiana-jewish-roots/,J. Weekly,Miriam Zimmerman,2026-08-25T19:50:55,2026-08-25 20:29:02.034030,https://jweekly.com/?p=310232
Venice Film Festival to Host World Premiere of Anti-Israel Doc Alleging ‘Calculated Mass Killings in Gaza’,"Organizers of the 83rd Venice International Film Festival announced on Monday the official lineup for the event next month, and...",https://www.algemeiner.com/2026/08/25/venice-film-festival-host-world-premiere-anti-israel-doc-alleging-calculated-mass-killings-gaza/,Algemeiner,Shiryn Ghermezian,2026-08-25T18:54:09,2026-08-25 19:31:56.770500,https://www.algemeiner.com/?p=778359
British Jewish Actress Maureen Lipman Slams ‘Sanctimonious Campaign’ Against Boy George Over Israel Support,British Jewish actress Maureen Lipman defended pop icon Boy George in a new op-ed for The Spectator while discussing her...,https://www.algemeiner.com/2026/08/25/british-jewish-actress-maureen-lipman-slams-sanctimonious-campaign-boy-george-israel-support/,Algemeiner,Shiryn Ghermezian,2026-08-25T19:12:38,2026-08-25 19:31:56.770468,https://www.algemeiner.com/?p=778356
Germany’s Antisemitism Commissioner Calls for Tougher Laws as Jewish Life Faces Widespread Hostility,"As anti-Jewish hatred and antisemitic violence fuel an increasingly hostile climate for Jews and Israelis in Germany, Felix Klein, the...",https://www.algemeiner.com/2026/08/25/germanys-antisemitism-commissioner-calls-tougher-laws-jewish-life-faces-widespread-hostility/,Algemeiner,Ailin Vilches Arguello,2026-08-25T19:18:27,2026-08-25 19:31:56.770417,https://www.algemeiner.com/?p=778384
US attorney asks judge to detain Central Synagogue attacker pending trial,"Larry Montes ""poses a continued threat to the synagogue and its congregants,"" the U.S. attorney wrote.",https://www.jns.org/news/u-s-news/us-attorney-asks-judge-to-detain-central-synagogue-attacker-pending-trial,JNS,Jessica Russak-Hoffman,2026-08-25T18:55:00,2026-08-25 19:31:54.545900,https://www.jns.org/news/u-s-news/us-attorney-asks-judge-to-detain-central-synagogue-attacker-pending-trial
66% of likely in-state voters think Shapiro doing well or should do more on Israel,"Just 14% thought that the Jewish Democratic governor is too supportive of the Jewish state, according to a new survey.",https://www.jns.org/news/u-s-news/66-of-likely-in-state-voters-think-shapiro-doing-well-or-should-do-more-on-israel,JNS,Jonathan D. Salant,2026-08-25T18:59:54,2026-08-25 19:31:54.545872,https://www.jns.org/news/u-s-news/66-of-likely-in-state-voters-think-shapiro-doing-well-or-should-do-more-on-israel
Israel evacuates UNRWA compound in Jerusalem,"Danny Danon, Israeli ambassador to the United Nations, said that the U.N. agency “will have no place in Israel’s capital” after the Kafr Aqab site was evacuated.",https://www.jns.org/news/israel-news/israel-evacuates-unrwa-compound-in-jerusalem,JNS,Rebecca Szlechter,2026-08-25T19:00:22,2026-08-25 19:31:54.545833,https://www.jns.org/news/israel-news/israel-evacuates-unrwa-compound-in-jerusalem
Jewish Michiganders face a very tough choice. Here's what I plan to do,The Jewish community in Michigan includes several groups with different views on the upcoming Senate election. Our biggest challenge will be to avoid demonization and hatred between ourselves,https://www.haaretz.com/opinion/2026-08-25/ty-article-opinion/.premium/jewish-michiganders-face-a-very-tough-choice-heres-what-i-plan-to-do/000001a0-39ef-d936-a7ac-39ef81f40000,Haaretz,Asher Lopatin,2026-08-25T17:30:08,2026-08-25 18:39:28.506024,https://www.haaretz.com/opinion/2026-08-25/ty-article-opinion/.premium/jewish-michiganders-face-a-very-tough-choice-heres-what-i-plan-to-do/000001a0-39ef-d936-a7ac-39ef81f40000
Hasan Piker isn't trying to hide anything. That's what makes him dangerous,"The radical influencer doesn't try to conceal his extremist views, including in his recent interview with Haaretz. Young men attracted to his toxic brand must be offered something better to believe in",https://www.haaretz.com/opinion/2026-08-25/ty-article-opinion/.premium/hasan-piker-isnt-trying-to-hide-anything-thats-what-makes-him-dangerous/000001a0-3a17-d02f-a9ed-7e7f5a1d0000,Haaretz,Joanna Landau,2026-08-25T18:19:57,2026-08-25 18:39:28.505993,https://www.haaretz.com/opinion/2026-08-25/ty-article-opinion/.premium/hasan-piker-isnt-trying-to-hide-anything-thats-what-makes-him-dangerous/000001a0-3a17-d02f-a9ed-7e7f5a1d0000
Israel bars Dutch officials from U.S. Gaza base over decision on settlements,"Last month, a senior Dutch diplomat told Haaretz that the Netherlands will ban the import of goods from Israeli settlements starting September 22. A senior Dutch diplomat told Haaretz that Israel's decision to ban Dutch officials is unlikely to have any practical effect",https://www.haaretz.com/israel-news/israel-politics/2026-08-25/ty-article/.premium/israel-bars-dutch-officials-from-u-s-base-overseeing-gaza-over-settlement-ban/000001a0-39f4-d274-a7f4-bdf51eea0000,Haaretz,Liza Rozovsky,2026-08-25T18:32:05,2026-08-25 18:39:28.505956,https://www.haaretz.com/israel-news/israel-politics/2026-08-25/ty-article/.premium/israel-bars-dutch-officials-from-u-s-base-overseeing-gaza-over-settlement-ban/000001a0-39f4-d274-a7f4-bdf51eea0000
"Iran Vows to Resist Widened US Sanctions, Says Washington Seeks Talks","Iran denounced on Tuesday expanded US sanctions aimed at isolating its economy as an act of &#8220;gross lawlessness,&#8221; expressing confidence...",https://www.algemeiner.com/2026/08/25/iran-vows-to-resist-widened-us-sanctions-says-washington-seeks-talks/,Algemeiner,Reuters and Algemeiner Staff,2026-08-25T17:36:51,2026-08-25 18:39:23.799702,https://www.algemeiner.com/?p=778380
Former BBC Sports Presenter Shares Instagram Post Comparing Zionism to Nazis,A sports presenter who resigned from the BBC in the United Kingdom last year after sharing an anti-Zionist video on...,https://www.algemeiner.com/2026/08/25/former-bbc-sports-presenter-shares-instagram-post-comparing-zionism-nazis/,Algemeiner,Shiryn Ghermezian,2026-08-25T18:14:25,2026-08-25 18:39:23.799665,https://www.algemeiner.com/?p=778282
Montreal passes amended motion that does not cut ties with Israel,"""A substantially improved motion is not the same thing as a good motion,"" stated Rabbi Saul Emanuel, executive director of the Jewish Community Council of Montreal. ""The fact that it was proposed at all, and that the council could not simply say no, demonstrates how profoundly Montreal has changed.""",https://www.jns.org/news/world/montreal-passes-amended-motion-that-does-not-cut-ties-with-israel,JNS,,2026-08-25T17:39:22,2026-08-25 18:39:21.398050,https://www.jns.org/news/world/montreal-passes-amended-motion-that-does-not-cut-ties-with-israel
The Islamic Shia theocracy is preparing for the next uprising—and next crackdown,"The language of Iran’s rulers reveals a regime preparing not to resolve the causes of unrest, but to survive the moment when Iranian society erupts again.",https://www.jns.org/analysis/the-islamic-shia-theocracy-is-preparing-for-the-next-uprising-and-next-crackdown,JNS,Erfan Fard,2026-08-25T18:30:00,2026-08-25 18:39:21.398003,https://www.jns.org/analysis/the-islamic-shia-theocracy-is-preparing-for-the-next-uprising-and-next-crackdown
A tourist’s guide to the vanished Jewish quarter of Warsaw,"פֿאַרן חורבן האָבן אין וואַרשע געוווינט אַן ערך 370 טויזנט ייִדן — די גרעסטע ייִדישע שטאָט אין אייראָפּע און די צווייט גרעסטע בכלל נאָך ניו-יאָרק. נאָך דער מלחמה איז די שטאָט און אירע ייִדישע אײַנוווינער, ווי באַוווּסט, געוואָרן איין גרויסע חורבֿה. דאָס גאַנצע רײַכע ייִדישע לעבן איז געוואָרן שטויב און אַש. אָבער אַ דאַנק די... The post A tourist&#8217;s guide to the vanished Jewish quarter of Warsaw appeared first on The Forward .",https://forward.com/yiddish/846740/a-tourists-guide-to-the-vanished-jewish-quarter-of-warsaw/,The Forward,עדי מהלאל,2026-08-25T18:06:19,2026-08-25 18:39:14.438063,https://forward.com/?p=846740
"Dolly Parton, inspired by Jewish stories, a beloved Jewish book program","Dolly Parton, the musician, actor and philanthropist died Aug. 25 at the age of 80. A Christian known for her Christmas output, she nonetheless connected to Judaism through a cause dear to her heart: literacy. In a “By the Book” interview, Dolly Parton told The New York Times that a copy of the Bible is... The post Dolly Parton, inspired by Jewish stories, a beloved Jewish book program appeared first on The Forward .",https://forward.com/culture/459683/the-secret-jewish-history-of-dolly-parton/,The Forward,Seth Rogovoy,2026-08-25T18:35:00,2026-08-25 18:39:14.438004,https://forward.com/culture/459683/the-secret-jewish-history-of-dolly-parton/
"Events: Shofar blasts, Rosh Hashanah fest, Shabbat yoga","So much happens in our community every day that it can be hard to sift through all of the events. We’re highlighting a few here, in every corner of the [&#8230;]",https://jweekly.com/2026/08/25/upcoming-events-shofar-blasts-rosh-hashanah-festival-shabbat-yoga/,J. Weekly,Rahel Knight,2026-08-25T18:25:52,2026-08-25 18:39:06.659159,https://jweekly.com/?p=310227
"Israel's top court halts coalition funds earmarked for Haredi education, West Bank settlements","The transfers, providing about 400 million shekels ($134 million) to the Education Ministry and the Settlement and National Missions Ministry, were approved last month in what opposition MKs claim to be a rushed procedure by the Knesset Finance Committee",https://www.haaretz.com/israel-news/elections/2026-08-25/ty-article/.premium/top-court-halts-coalition-funds-for-haredi-education-west-bank-settlements/000001a0-3833-dfc3-abf8-be37da540000,Haaretz,Avi Bar-Eli,2026-08-25T16:54:08,2026-08-25 17:31:48.997003,https://www.haaretz.com/israel-news/elections/2026-08-25/ty-article/.premium/top-court-halts-coalition-funds-for-haredi-education-west-bank-settlements/000001a0-3833-dfc3-abf8-be37da540000
Netanyahu guards pointing assault rifles at beachgoers shows how he sees Israeli civilians,"On two occasions over this past week, Netanyahu's bodyguards have drawn long guns on Israeli civilians, behavior that telegraphs a sense of intense, even mortal, personal embattlement. Netanyahu does not just fear an Iranian assassination plot – he fears Israel's own citizens",https://www.haaretz.com/israel-news/haaretz-today/2026-08-25/ty-article/.highlight/netanyahu-guards-pointing-guns-at-beachgoers-shows-how-he-sees-israeli-civilians/000001a0-39ad-d274-a7f4-bdadc91a0000,Haaretz,Joshua Leifer,2026-08-25T17:15:36,2026-08-25 17:31:48.996971,https://www.haaretz.com/israel-news/haaretz-today/2026-08-25/ty-article/.highlight/netanyahu-guards-pointing-guns-at-beachgoers-shows-how-he-sees-israeli-civilians/000001a0-39ad-d274-a7f4-bdadc91a0000
"US Removes Syria From Terrorism Sponsor List, Lifting Major Investment Obstacle","The United States removed Syria from its list of state sponsors of terrorism on Monday, lifting what Damascus says was the last major impediment to investing in the country as Washington deepens ties...",https://www.algemeiner.com/2026/08/25/us-removes-syria-from-terrorism-sponsor-list-lifting-major-investment-obstacle/,Algemeiner,Reuters and Algemeiner Staff,2026-08-25T17:01:35,2026-08-25 17:31:44.479100,https://www.algemeiner.com/?p=778371
"Trump Says Strait of Hormuz Has Been Demined, Warns Iran Not to Plant More",.. President Donald Trump said on Tuesday that all mines had been detonated or removed from international waters of the...,https://www.algemeiner.com/2026/08/25/trump-says-strait-of-hormuz-has-been-demined-warns-iran-not-to-plant-more/,Algemeiner,Reuters and Algemeiner Staff,2026-08-25T17:13:04,2026-08-25 17:31:44.479075,https://www.algemeiner.com/?p=778374
"US Starts Returning Staff to Middle East Embassies After Iran War Evacuations, Sources Say",The US is beginning to send personnel back to some diplomatic missions in the Middle East that were evacuated or...,https://www.algemeiner.com/2026/08/25/us-starts-returning-staff-to-middle-east-embassies-after-iran-war-evacuations-sources-say/,Algemeiner,Reuters and Algemeiner Staff,2026-08-25T17:30:04,2026-08-25 17:31:44.479046,https://www.algemeiner.com/?p=778377
"New Gaza nutrition data from UNICEF shows ‘truth always prevails,’ Akunis says","“All the American media put me and the State of Israel under pressure to admit that there is starvation in the Gaza Strip,” Ofir Akunis told JNS. “I insisted there was no starvation, because that was the truth.”",https://www.jns.org/news/world/new-gaza-nutrition-data-from-unicef-shows-truth-always-prevails-akunis-says,JNS,Rikki Zagelbaum,2026-08-25T16:33:16,2026-08-25 17:31:42.046188,https://www.jns.org/news/world/new-gaza-nutrition-data-from-unicef-shows-truth-always-prevails-akunis-says
"Netherlands must leave Gaza coordination center due to Dutch government’s boycott of ‘settlements,’ Israel says","“Those who act against Israel will have no foothold in the region,” stated Israeli Foreign Minister Gideon Sa’ar.",https://www.jns.org/news/world/netherlands-must-leave-gaza-coordination-center-due-to-dutch-governments-boycott-of-settlements-israel-says,JNS,Mike Wagenheim,2026-08-25T17:09:32,2026-08-25 17:31:42.046160,https://www.jns.org/news/world/netherlands-must-leave-gaza-coordination-center-due-to-dutch-governments-boycott-of-settlements-israel-says
El-Sayed was warned about Hasan Piker,"The Michigan Senate candidate insists that he stands against antisemitism. His words, judgment and embrace of Hasan Piker tell a different story.",https://www.jns.org/opinion/chaskel-bennett/el-sayed-was-warned-about-hasan-piker,JNS,Chaskel Bennett,2026-08-25T17:15:00,2026-08-25 17:31:42.046129,https://www.jns.org/opinion/chaskel-bennett/el-sayed-was-warned-about-hasan-piker
"In the Mike Rogers vs. Abdul El-Sayed Michigan Senate race, will anyone take AIPAC’s money?","Reports say the GOP candidate would like the pro-Israel lobby to refrain from direct spending on his campaign against the progressive Democrat. -- The post In the Mike Rogers vs. Abdul El-Sayed Michigan Senate race, will anyone take AIPAC’s money? appeared first on Jewish Telegraphic Agency .",https://www.jta.org/2026/08/25/politics/in-the-mike-rogers-vs-abdul-el-sayed-michigan-senate-race-will-anyone-take-aipacs-money,JTA,Andrew Lapin,2026-08-25T16:54:15,2026-08-25 17:31:32.662376,https://www.jta.org/?p=1906707
Amended Montreal city council resolution rejects call to suspend ties with Israel,The resolution's softened wording says the city 'expresses solidarity with the Palestinian people as well as all civilian victims of hostilities.' The Centre for Israel and Jewish Affairs condemned the vote as 'importing international conflicts',https://www.haaretz.com/jewish/2026-08-25/ty-article/.premium/amended-montreal-city-council-resolution-rejects-call-to-suspend-israel-ties/000001a0-392d-d268-a1fe-397dce510000,Haaretz,Ben Kroll,2026-08-25T16:06:37,2026-08-25 16:37:34.335862,https://www.haaretz.com/jewish/2026-08-25/ty-article/.premium/amended-montreal-city-council-resolution-rejects-call-to-suspend-israel-ties/000001a0-392d-d268-a1fe-397dce510000
The IDF can condemn Succot. It can't escape its role in settler violence,"The hammer-wielding MK's rampage is merely an extreme manifestation of an entire structure of systematic violence carried out by settlers with the army's backing, and at times with its eager assistance",https://www.haaretz.com/israel-news/israel-security/2026-08-25/ty-article/.premium/the-idf-can-condemn-succot-it-cant-escape-its-role-in-settler-violence/000001a0-393f-d936-a7ac-393f75480000,Haaretz,Amos Harel,2026-08-25T16:15:25,2026-08-25 16:37:34.335837,https://www.haaretz.com/israel-news/israel-security/2026-08-25/ty-article/.premium/the-idf-can-condemn-succot-it-cant-escape-its-role-in-settler-violence/000001a0-393f-d936-a7ac-393f75480000
Ex-IDF general and far-right hardliner Ofer Winter reveals new party ahead of Israel's election,"The retired IDF general is the newest actor to emerge on Israel's far-right political scene, and vows to 'reshape Israeli security.' Winter could draw votes from Smotrich or the right flank of the anti-Netanyahu bloc",https://www.haaretz.com/israel-news/elections/2026-08-25/ty-article/.premium/far-right-ex-idf-general-ofer-winter-reveals-new-party-ahead-of-israeli-election/000001a0-3933-d02f-a9ed-7d7b7c3d0000,Haaretz,Ben Kroll,2026-08-25T16:16:40,2026-08-25 16:37:34.335811,https://www.haaretz.com/israel-news/elections/2026-08-25/ty-article/.premium/far-right-ex-idf-general-ofer-winter-reveals-new-party-ahead-of-israeli-election/000001a0-3933-d02f-a9ed-7d7b7c3d0000
Palestinian Authority Shares Antisemitic Libel: Christian Who Burned Al-Aqsa Was an ‘Extremist Jew’,"The Palestinian Authority (PA) misses no opportunity to libel Israel, and has no qualms about distorting basic facts of history...",https://www.algemeiner.com/2026/08/25/palestinian-authority-shares-antisemitic-libel-christian-who-burned-al-aqsa-was-an-extremist-jew/,Algemeiner,Itamar Marcus,2026-08-25T15:57:31,2026-08-25 16:37:29.757100,https://www.algemeiner.com/?p=778344
The Media Continues to Withhold Key Details on Hamas’ Refusal to Disarm,"With media outlets, and particularly NBC, the devil is in the lack of details. In the Aug. 17 article, &#8220;Kushner...",https://www.algemeiner.com/2026/08/25/the-media-continues-to-withhold-key-details-on-hamas-refusal-to-disarm/,Algemeiner,Aaron Goren,2026-08-25T16:06:39,2026-08-25 16:37:29.757080,https://www.algemeiner.com/?p=778352
The Haber Bargain: What Jewish Validators of Antisemitic Hate Refuse to Learn,"Fritz Haber believed he&#8217;d made the trade that Jews in Germany had been taught, since the Enlightenment, would buy their...",https://www.algemeiner.com/2026/08/25/the-haber-bargain-what-jewish-validators-of-antisemitic-hate-refuse-to-learn/,Algemeiner,Micha Danzig,2026-08-25T16:16:40,2026-08-25 16:37:29.757054,https://www.algemeiner.com/?p=778349
"All Iranian mines cleared from Strait of Hormuz, Trump says",Trump previously claimed that the U.S. military had “mine-swept the entire strait” and had “100%” control of the waterway on Aug. 10.,https://www.jns.org/news/world/all-iranian-mines-cleared-from-strait-of-hormuz-trump-says,JNS,,2026-08-25T15:47:30,2026-08-25 16:37:27.302849,https://www.jns.org/news/world/all-iranian-mines-cleared-from-strait-of-hormuz-trump-says
Israel Friends appoints Matt Levin as new national director,"He is an experienced nonprofit executive with more than three decades of leadership in Jewish communal organizations, philanthropy and Israel advocacy.",https://www.jns.org/wire/israel-friends/israel-friends-appoints-matt-levin-as-new-national-director,JNS,,2026-08-25T16:15:00,2026-08-25 16:37:27.302820,https://www.jns.org/wire/israel-friends/israel-friends-appoints-matt-levin-as-new-national-director
"What school looked like in Israel decades ago, long before Zoom and tablets","“These photographs allow us to step for a moment into the classrooms of the past and see not only how children learned, but also what the society being built here looked like,” says Efrat Sinai, director of KKL-JNF’s Archives.",https://www.jns.org/news/israel-news/what-school-looked-like-in-israel-decades-ago-before-zoom-and-tablets,JNS,,2026-08-25T15:00:00,2026-08-25 15:41:52.153052,https://www.jns.org/news/israel-news/what-school-looked-like-in-israel-decades-ago-before-zoom-and-tablets
King Abdullah’s trip to China,"Jordan needs investment, employment, technology, manufacturing capacity and greater export potential. Beijing’s capital and industrial capabilities could help.",https://www.jns.org/opinion/carice-witte/king-abdullahs-trip-to-china,JNS,Carice Witte,2026-08-25T15:32:41,2026-08-25 15:41:52.153002,https://www.jns.org/opinion/carice-witte/king-abdullahs-trip-to-china
Can an Oklahoma Senate candidate attract voters with an ad tossing out AIPAC ‘trash’?,(JTA) —Oklahoma grassroots activist N’kiyla Jasmine Thomas is facing off on Tuesday against centrist Jim Priest in a Democratic Senate race that has become the latest litmus test for progressive politics in a conservative stronghold. The two candidates are battling at the ballot box for the second time this summer after neither of them secured... The post Can an Oklahoma Senate candidate attract voters with an ad tossing out AIPAC ‘trash’? appeared first on The Forward .,https://forward.com/fast-forward/846656/can-an-oklahoma-senate-candidate-attract-voters-with-an-ad-tossing-out-aipac-trash/,The Forward,Sharon Udasin,2026-08-25T15:01:57,2026-08-25 15:41:45.703480,https://forward.com/?p=846656
How Israel's Parliament Speaker turned the Knesset into Netanyahu's private club,"Amir Ohana has repeatedly trampled parliamentary norms to advance the government's assault on the judiciary, humiliating hostage families and Israel's gatekeepers along the way. Likud voters have duly rewarded him",https://www.haaretz.com/israel-news/elections/2026-08-25/ty-article-magazine/.premium/how-israels-parliament-speaker-turned-the-knesset-into-netanyahus-private-club/000001a0-2e38-d399-afb3-be3a497e0000,Haaretz,Noa Shpigel,2026-08-25T14:02:47,2026-08-25 14:44:56.032526,https://www.haaretz.com/israel-news/elections/2026-08-25/ty-article-magazine/.premium/how-israels-parliament-speaker-turned-the-knesset-into-netanyahus-private-club/000001a0-2e38-d399-afb3-be3a497e0000
Mah jongg was a Jewish grandmother thing. Now teens are getting in on the game.,The game that became a fixture of 20th-century Jewish women’s culture is getting a Gen Z revival. -- The post Mah jongg was a Jewish grandmother thing. Now teens are getting in on the game. appeared first on Jewish Telegraphic Agency .,https://www.jta.org/2026/08/25/culture/mah-jongg-was-a-jewish-grandmother-thing-now-teens-are-getting-in-on-the-game,JTA,Micah Bidner,2026-08-25T14:00:00,2026-08-25 14:44:40.207522,https://www.jta.org/?p=1906694
"Your Daily Phil: Remembering Shmuel Harlap, a quiet giant of Israeli philanthropy","The post Your Daily Phil: Remembering Shmuel Harlap, a quiet giant of Israeli philanthropy appeared first on eJewishPhilanthropy .",https://ejewishphilanthropy.com/your-daily-phil-remembering-shmuel-harlap-a-quiet-giant-of-israeli-philanthropy/,eJewish Philanthropy,EJP,2026-08-25T14:11:37,2026-08-25 14:44:38.005821,https://ejewishphilanthropy.com/?p=175300
Roll with it: How to make the ultimate Old-School Israeli chocolate balls,"There's something so satisfying about having a batch of chocolate balls in the fridge. This simple, reliable recipe works every time",https://www.haaretz.com/food/2026-08-25/ty-article-recipe/.premium/roll-with-it-how-to-make-the-ultimate-old-school-israeli-chocolate-balls/000001a0-38c3-d686-afe7-f9ebf3fa0000,Haaretz,Dana Melamed,2026-08-25T13:38:57,2026-08-25 13:50:51.879886,https://www.haaretz.com/food/2026-08-25/ty-article-recipe/.premium/roll-with-it-how-to-make-the-ultimate-old-school-israeli-chocolate-balls/000001a0-38c3-d686-afe7-f9ebf3fa0000
El-Sayed slated to take part in Michigan Jewish Dem event honoring Dana Nessel,"The state's Jewish caucus, which previously called on the Senate nominee to pursue ""healing"" with Michigan Jews, said that it invited all statewide candidates to its Summer Simcha.",https://www.jns.org/news/u-s-news/el-sayed-slated-to-take-part-in-michigan-jewish-dem-event-honoring-dana-nessel,JNS,,2026-08-25T13:02:09,2026-08-25 13:50:45.189851,https://www.jns.org/news/u-s-news/el-sayed-slated-to-take-part-in-michigan-jewish-dem-event-honoring-dana-nessel
"Jewish Future Promise says its 200,000 signatories have pledged more than $6.8 billion in future donations","“Every Promise represents a conversation about the future,” stated Mike Leven, founder of the movement.",https://www.jns.org/news/u-s-news/jewish-future-promise-says-its-200-000-signatories-have-pledged-more-than-6-8-billion-in-future-donations,JNS,,2026-08-25T13:12:35,2026-08-25 13:50:45.189818,https://www.jns.org/news/u-s-news/jewish-future-promise-says-its-200-000-signatories-have-pledged-more-than-6-8-billion-in-future-donations
What’s wrong with Israel’s right?,A plethora of small and splinter parties could be leading the right to disaster.,https://www.jns.org/opinion/column/yisrael-medad/whats-wrong-with-israels-right,JNS,Yisrael Medad,2026-08-25T13:30:00,2026-08-25 13:50:45.189776,https://www.jns.org/opinion/column/yisrael-medad/whats-wrong-with-israels-right
How YIVO and Max Weinreich Americanized the Yiddish project,װי אַזױ האָט ייִװאָ געפֿונען אַ נײַע הײם אין אַמעריקע נאָכן חורבן? קלמן װײַזער (יאָרק־אוניװערסיטעט אין טאָראָנטאָ) דערצײלט די דאָזיקע דראַמאַטישע געשיכטע אינעם נײַעם בוך „ייִדיש־װיסנשאַפֿט קומט קײן אַמעריקע“. לכתּחילה איז דער דערפֿאָלג פֿון ייִװאָ ניט געװען קיין זיכערער. װײַזער דערקלערט: „עס איז װײַט ניט געװען קלאָר פֿאַר די שטיצער און מיטאַרבעטער פֿון ייִװאָ אין... The post How YIVO and Max Weinreich Americanized the Yiddish project appeared first on The Forward .,https://forward.com/yiddish/846635/how-yivo-and-max-weinreich-americanized-the-yiddish-project/,The Forward,מיכאל קרוטיקאָװ,2026-08-25T12:50:24,2026-08-25 13:50:38.612669,https://forward.com/?p=846635
"‘Have a problem, call the PM,’ says Netanyahu as he gives out his number in campaign video","Hundreds of messages and calls arrived in minutes, disabling the WhatsApp account associated with the number. -- The post ‘Have a problem, call the PM,’ says Netanyahu as he gives out his number in campaign video appeared first on Jewish Telegraphic Agency .",https://www.jta.org/2026/08/24/israel/have-a-problem-call-the-pm-says-netanyahu-as-he-gives-out-his-number-in-campaign-video,JTA,Deborah Danan,2026-08-24T20:51:26,2026-08-25 13:50:36.247422,https://www.jta.org/?p=1906641
Are you a Sephardi or Mizrahi Jew? Your risk for breast cancer may be greater than you think.,It’s not just Ashkenazim: Jews of Spanish or Middle Eastern origins are also more likely to carry BRCA mutations. -- The post Are you a Sephardi or Mizrahi Jew? Your risk for breast cancer may be greater than you think. appeared first on Jewish Telegraphic Agency .,https://www.jta.org/2026/08/25/health/are-you-a-sephardi-or-mizrahi-jew-your-risk-for-breast-cancer-may-be-greater-than-you-think,JTA,Larry Luxner,2026-08-25T13:10:20,2026-08-25 13:50:36.247361,https://www.jta.org/?p=1906674
Second Reform synagogue vandalized in Israel this month amid 'endless incitement',A window at Reform Congregation Darchei Noam near Tel Aviv was smashed after a similar attack in Jerusalem. The director of Israel's Reform movement said the attacks undermine Jews' 'basic sense of security' to practice openly,https://www.haaretz.com/jewish/2026-08-25/ty-article/.premium/second-reform-synagogue-attacked-in-israel-this-month-amid-endless-incitement/000001a0-3857-d686-afe7-f9ff64090000,Haaretz,Ben Kroll,2026-08-25T11:48:24,2026-08-25 12:47:41.506952,https://www.haaretz.com/jewish/2026-08-25/ty-article/.premium/second-reform-synagogue-attacked-in-israel-this-month-amid-endless-incitement/000001a0-3857-d686-afe7-f9ff64090000
"Sliman Mansour, a pillar of contemporary Palestinian art, dies at 79","Mansour spent a lifetime depicting the struggle of Palestinians, their love for their land and the beauty of their cultural heritage. 'Palestine was not so much the subject of his work as it was its purpose,' said the Palestine Museum",https://www.haaretz.com/middle-east-news/palestinians/2026-08-25/ty-article-magazine/.premium/sliman-mansour-a-pillar-of-contemporary-palestinian-art-dies-at-79/000001a0-378d-d268-a1fe-3fdd16f20000,Haaretz,Nagham Zbeedat,2026-08-25T12:07:36,2026-08-25 12:47:41.506914,https://www.haaretz.com/middle-east-news/palestinians/2026-08-25/ty-article-magazine/.premium/sliman-mansour-a-pillar-of-contemporary-palestinian-art-dies-at-79/000001a0-378d-d268-a1fe-3fdd16f20000
Jerusalem launches $13.4 million educational hub in Arab neighborhood,"The city initiated renovations on JNF property, replacing an illegal UNRWA compound with modern academic and neighborhood facilities.",https://www.jns.org/news/israel-news/jerusalem-launches-13-4-million-educational-hub-in-arab-neighborhood,JNS,JNS Staff,2026-08-25T11:42:37,2026-08-25 12:47:34.075824,https://www.jns.org/news/israel-news/jerusalem-launches-13-4-million-educational-hub-in-arab-neighborhood
EasyJet nixes Israel flights for the next year,The British low-cost carrier is staying away from Tel Aviv through next summer.,https://www.jns.org/news/israel-news/easyjet-nixes-israel-flights-for-the-next-year,JNS,Etgar Lefkovits,2026-08-25T11:47:41,2026-08-25 12:47:34.075788,https://www.jns.org/news/israel-news/easyjet-nixes-israel-flights-for-the-next-year
Israeli Border Police uncover Second Temple-era burial cave in Silwan,"The site was discovered during an operation related to a violent dispute between local families, according to police.",https://www.jns.org/news/israel-news/israeli-border-police-uncover-second-temple-era-burial-cave-in-silwan,JNS,JNS Staff,2026-08-25T12:21:41,2026-08-25 12:47:34.075764,https://www.jns.org/news/israel-news/israeli-border-police-uncover-second-temple-era-burial-cave-in-silwan
United to restart San Francisco-Tel Aviv flights,The move is set for March; the Chicago-based carrier plans to resume service to Israel next month from its Newark hub.,https://www.jns.org/news/israel-news/united-to-restart-san-francisco-tel-aviv-flights,JNS,Etgar Lefkovits,2026-08-25T12:35:34,2026-08-25 12:47:34.075735,https://www.jns.org/news/israel-news/united-to-restart-san-francisco-tel-aviv-flights
Mamdani sidesteps questions about embattled dem socialists leader,The New York City mayor was asked whether he still stands by NYC-DSA co-chair Gustavo Gordillo and whether the controversy undermines the socialist movement.,https://www.jns.org/news/u-s-news/mamdani-sidesteps-questions-about-embattled-dem-socialists-leader,JNS,Rikki Zagelbaum,2026-08-25T12:46:04,2026-08-25 12:47:34.075700,https://www.jns.org/news/u-s-news/mamdani-sidesteps-questions-about-embattled-dem-socialists-leader
Hasan Piker causes new trouble for Democrats — especially in key Senate race,"Hasan Piker, the popular pundit who most recently suggested American Jews are making themselves targets of violence by supporting Israel, may speak for far-left progressives, but he doesn’t speak for one of the movement’s highest-profile candidates in a closely watched swing-state race, the candidate said. Dr. Abdul El-Sayed, the Michigan Democratic nominee for Senate, released... The post Hasan Piker causes new trouble for Democrats — especially in key Senate race appeared first on The Forward .",https://forward.com/news/846644/hasan-piker-el-sayed-michigan-antisemitism/,The Forward,Jacob Kornbluh,2026-08-25T11:28:43,2026-08-25 12:47:27.455219,https://forward.com/?p=846644
Jews of Color Initiative CEO Ilana Kaufman: ‘This conversation is about all of us’,"Growing up in the Fillmore District of San Francisco, Ilana Kaufman didn’t see being Black and Jewish as unusual. Living in a multiracial and multifaith community — surrounded by Jewish, Black and Japanese people, with kosher butchers and open fish markets near her synagogue — diversity was what she knew. She was spurred to found... Read More The post Jews of Color Initiative CEO Ilana Kaufman: ‘This conversation is about all of us’ appeared first on eJewishPhilanthropy .",https://ejewishphilanthropy.com/jews-of-color-initiative-ceo-ilana-kaufman-this-conversation-is-about-all-of-us/,eJewish Philanthropy,Jay Deitcher,2026-08-25T12:15:00,2026-08-25 12:47:22.581265,https://ejewishphilanthropy.com/?p=179160
"Shmuel Harlap, who gave Israel’s largest healthcare gift but kept his name off it, dies at 82","The post Shmuel Harlap, who gave Israel&#8217;s largest healthcare gift but kept his name off it, dies at 82 appeared first on eJewishPhilanthropy .",https://ejewishphilanthropy.com/shmuel-harlap-who-gave-israels-largest-healthcare-gift-but-kept-his-name-off-it-dies-at-82/,eJewish Philanthropy,Justin Hayet,2026-08-25T12:45:00,2026-08-25 12:47:22.581187,https://ejewishphilanthropy.com/?p=179164
"Report: U.S. prepares to return Mideast diplomats evacuated before Iran war, signaling renewed fighting is unlikely","Embassies reportedly slated to restore staffing include those in Israel, Lebanon, Saudi Arabia, Qatar, Jordan, Oman, Iraq and Kuwait. The return could begin as early as this week, The New York Times said",https://www.haaretz.com/israel-news/israel-security/2026-08-25/ty-article/report-u-s-prepares-to-return-mideast-diplomats-evacuated-before-iran-war/000001a0-387e-d936-a7ac-387f2b710000,Haaretz,Reuters,2026-08-25T10:41:20,2026-08-25 11:27:55.812649,https://www.haaretz.com/israel-news/israel-security/2026-08-25/ty-article/report-u-s-prepares-to-return-mideast-diplomats-evacuated-before-iran-war/000001a0-387e-d936-a7ac-387f2b710000
Israeli police launch major raid on last remaining UNRWA facility in Jerusalem,"National Security Minister Itamar Ben-Gvir joined the raid with a crew from pro-government Channel 14, saying the facility would be permanently shut. UNRWA said the site is 'protected by the privileges and immunities' under international law",https://www.haaretz.com/israel-news/israel-security/2026-08-25/ty-article/.premium/israeli-police-raid-last-remaining-unrwa-facility-in-jerusalem/000001a0-388b-d686-afe7-f9eba8fd0000,Haaretz,Nir Hasson,2026-08-25T11:01:47,2026-08-25 11:27:55.812617,https://www.haaretz.com/israel-news/israel-security/2026-08-25/ty-article/.premium/israeli-police-raid-last-remaining-unrwa-facility-in-jerusalem/000001a0-388b-d686-afe7-f9eba8fd0000
Netanyahu denounces far-right MK for attack on Palestinian memorial in West Bank,"Israeli politicians from across the political spectrum denounced Tzvi Succot's breaking of the monument, but far-right Heritage Minister 'welcomed' the assault. Netanyahu said Succot's action 'prevents the IDF from focusing on its missions against terrorism and incitement'",https://www.haaretz.com/israel-news/israel-security/2026-08-25/ty-article/.premium/netanyahu-denounces-far-right-mk-for-attack-on-palestinian-memorial/000001a0-382e-d268-a1fe-397e29780000,Haaretz,Liza Rozovsky,2026-08-25T11:23:25,2026-08-25 11:27:55.812581,https://www.haaretz.com/israel-news/israel-security/2026-08-25/ty-article/.premium/netanyahu-denounces-far-right-mk-for-attack-on-palestinian-memorial/000001a0-382e-d268-a1fe-397e29780000
Netanyahu vows to raise the ‘Altalena’ from the depths of the Mediterranean,"The Irgun vessel will serve as a “tangible symbol” of the imperative to never descend into civil war, the Israeli premier said.",https://www.jns.org/news/israel-news/netanyahu-vows-to-raise-the-altalena-from-the-depths-of-the-mediterranean,JNS,JNS Staff,2026-08-25T09:56:18,2026-08-25 11:27:48.422386,https://www.jns.org/news/israel-news/netanyahu-vows-to-raise-the-altalena-from-the-depths-of-the-mediterranean
Netanyahu condemns MK Sukkot's unauthorized demolition of terror monument,"Public officials must not take the law into their own hands, said the Israeli premier, after the IDF confirmed that the Knesset member's destruction of a monument in Madama was not authorized.",https://www.jns.org/news/israel-news/netanyahu-condemns-mk-sukkots-unauthorized-demo-of-terror-monument,JNS,JNS Staff,2026-08-25T10:36:45,2026-08-25 11:27:48.422347,https://www.jns.org/news/israel-news/netanyahu-condemns-mk-sukkots-unauthorized-demo-of-terror-monument
IDF dismantles Hamas weapon facilities in Gaza mosques and humanitarian sites,"“This is not disarmament,” Israel’s envoy in Washington said after Kalashnikov rifles were found inside mosques, in violation of international law.",https://www.jns.org/news/israel-news/idf-dismantles-hamas-weapon-facilities-in-gaza-mosques-and-humanitarian-sites,JNS,JNS Staff,2026-08-25T11:08:54,2026-08-25 11:27:48.422311,https://www.jns.org/news/israel-news/idf-dismantles-hamas-weapon-facilities-in-gaza-mosques-and-humanitarian-sites
Dutch broadcaster pulls out of Eurovision over Israel’s participation,"(JTA) — The Dutch public broadcaster Avrotros has pulled out of the next Eurovision Song Contest, saying that Israel’s participation undermined the event’s neutrality. Avrotros announced on Monday that it was withdrawing from the world’s largest music event next year because it “can no longer be considered neutral, with a participating country still involved in... The post Dutch broadcaster pulls out of Eurovision over Israel’s participation appeared first on The Forward .",https://forward.com/fast-forward/846629/dutch-broadcaster-pulls-out-of-eurovision-over-israels-participation/,The Forward,Shira Li Bartov,2026-08-25T10:01:55,2026-08-25 11:27:41.668634,https://forward.com/?p=846629
Providence voters to put Israel boycott movement to major test at the ballot box,"(JTA) — As pro-Palestinian progressives find some success at the 2026 ballot box, the long-gestating Israel divestment campaign is looking to capitalize in Rhode Island. Voters in Providence, the state capital, will vote on a referendum this November saying the city should refrain from investing in “foreign countries conducting ethnic cleansing, apartheid, illegal military occupation,... The post Providence voters to put Israel boycott movement to major test at the ballot box appeared first on The Forward .",https://forward.com/fast-forward/846593/providence-voters-to-put-israel-boycott-movement-to-major-test-at-the-ballot-box/,The Forward,Andrew Lapin,2026-08-25T10:06:42,2026-08-25 11:27:41.668585,https://forward.com/?p=846593
"‘Have a problem, call the PM,’ says Netanyahu as he gives out his number in campaign video","(JTA) — TEL AVIV – Prime Minister Benjamin Netanyahu on Sunday posted what he described as his personal phone number and invited Israelis to contact him with their questions and problems. It was an election-season stunt that drew such a flood of responses that the number’s WhatsApp account was blocked within minutes and those calling... The post ‘Have a problem, call the PM,’ says Netanyahu as he gives out his number in campaign video appeared first on The Forward .",https://forward.com/fast-forward/846623/have-a-problem-call-the-pm-says-netanyahu-as-he-gives-out-his-number-in-campaign-video/,The Forward,Deborah Danan,2026-08-25T10:20:11,2026-08-25 11:27:41.668527,https://forward.com/?p=846623
Worried about the future of global food production? Invest in the next generation of African agriculture.,"The world is experiencing a demographic shift unlike any in modern history. Many countries across the Global North now have fertility rates well below the replacement level of 2.1 children per woman. As populations age and shrink, these nations face labor shortages and declining economic productivity. Countries that have historically been among the worlds agricultural... Read More The post Worried about the future of global food production? Invest in the next generation of African agriculture. appeared first on eJewishPhilanthropy .",https://ejewishphilanthropy.com/worried-about-the-future-of-global-food-production-invest-in-the-next-generation-of-african-agriculture/,eJewish Philanthropy,Galit Cohen,2026-08-25T11:14:34,2026-08-25 11:27:36.633200,https://ejewishphilanthropy.com/?p=179149
Why this two-time GW alum never hesitated to stand up for the university’s Jewish students,"When I walked across George Washington Universitys campus as an undergraduate more than 20 years ago, I never questioned whether it was a safe place to be openly Jewish. Judaism wasnt something I felt I had to defend or hide. When I returned to GW two decades later to earn my masters degree, I wasn’t... Read More The post Why this two-time GW alum never hesitated to stand up for the university’s Jewish students appeared first on eJewishPhilanthropy .",https://ejewishphilanthropy.com/why-this-two-time-gw-alum-never-hesitated-to-stand-up-for-the-universitys-jewish-students/,eJewish Philanthropy,Jennifer Locane,2026-08-25T11:24:00,2026-08-25 11:27:36.633142,https://ejewishphilanthropy.com/?p=179146
Netanyahu has entered his Fat Elvis era,"Benjamin and Sara Netanyahu's surprise appearance at Mediterranean pop star Eden Ben Zaken's concert laid bare how the prime minister sees Israelis: not as citizens, but as subjects – a captive audience of die-hard, uncritical fans",https://www.haaretz.com/life/2026-08-24/ty-article-magazine/.premium/netanyahu-has-entered-his-fat-elvis-era/000001a0-32c7-d176-aba8-76ff3da30000,Haaretz,Nissan Shor,2026-08-24T14:38:39,2026-08-25 09:35:30.334837,https://www.haaretz.com/life/2026-08-24/ty-article-magazine/.premium/netanyahu-has-entered-his-fat-elvis-era/000001a0-32c7-d176-aba8-76ff3da30000
'Every child deserves medical care': The Israeli group opening a clinic in Gaza,"Israeli aid group Natan will open a $200,000 children's clinic in a displacement camp in southern Gaza, providing equipment and remote consultations with Israeli doctors",https://www.haaretz.com/gaza/2026-08-25/ty-article-magazine/.premium/every-child-deserves-medical-care-the-israeli-group-opening-a-clinic-in-gaza/000001a0-3303-dce1-a3e4-3f1b75640000,Haaretz,Nir Hasson,2026-08-25T08:53:30,2026-08-25 09:35:30.334741,https://www.haaretz.com/gaza/2026-08-25/ty-article-magazine/.premium/every-child-deserves-medical-care-the-israeli-group-opening-a-clinic-in-gaza/000001a0-3303-dce1-a3e4-3f1b75640000
Syrian president thanks Trump for removing Damascus from terrorism sponsor list,President al-Sharaa hailed Trump's 'historic decision' amid an increase in hostilities between Israel and Syria. Turkey called on the international community to unite around a prosperous Syria and '⁠put an ‌end to aggressive actions that jeopardise this vision',https://www.haaretz.com/middle-east-news/syria/2026-08-25/ty-article/syrian-president-thanks-trump-for-removing-damascus-from-terrorism-sponsor-list/000001a0-37c4-d268-a1fe-3fd4fd810000,Haaretz,Liza Rozovsky,2026-08-25T09:06:51,2026-08-25 09:35:30.334713,https://www.haaretz.com/middle-east-news/syria/2026-08-25/ty-article/syrian-president-thanks-trump-for-removing-damascus-from-terrorism-sponsor-list/000001a0-37c4-d268-a1fe-3fd4fd810000
The chaos at Ben-Gurion was just a preview: Israel faces a future cut off from the world,"Ben-Gurion Airport, Israel's gateway to the world, is expected to reach capacity by 2034. Without a second major international hub, disruptions like the chaos caused by last week's wildcat strike will become routine",https://www.haaretz.com/israel-news/travel/2026-08-25/ty-article/.premium/chaos-at-ben-gurion-israel-faces-a-future-cut-off-from-the-world/000001a0-34db-d936-a7ac-3cff7e690000,Haaretz,Meirav Arlosoroff,2026-08-25T09:22:22,2026-08-25 09:35:30.334648,https://www.haaretz.com/israel-news/travel/2026-08-25/ty-article/.premium/chaos-at-ben-gurion-israel-faces-a-future-cut-off-from-the-world/000001a0-34db-d936-a7ac-3cff7e690000
Israel cannot go back to Oct. 6,Will Trump’s Middle East vision collide with Israel’s post-Oct. 7 security doctrine?,https://www.jns.org/opinion/dr-eric-r-mandel/israel-cannot-go-back-to-oct-6,JNS,Dr. Eric R. Mandel,2026-08-25T08:45:00,2026-08-25 09:35:23.469223,https://www.jns.org/opinion/dr-eric-r-mandel/israel-cannot-go-back-to-oct-6
"Poll: Eisenkot maintains lead, but his bloc falters, falling two seats short of majority","The Netanyahu bloc would win 50 seats, unchanged from the previous poll, while the merger of three Arab parties into the Joint List would strengthen them by one seat, bringing their combined total with Mansour Abbas' United Arab List to 11",https://www.haaretz.com/israel-news/elections/2026-08-25/ty-article/.premium/poll-eisenkot-maintains-lead-but-his-bloc-falls-to-two-seats-short-of-majority/000001a0-3768-d3fd-a5ab-bfe817e60000,Haaretz,Haaretz,2026-08-25T08:38:37,2026-08-25 08:42:13.518501,https://www.haaretz.com/israel-news/elections/2026-08-25/ty-article/.premium/poll-eisenkot-maintains-lead-but-his-bloc-falls-to-two-seats-short-of-majority/000001a0-3768-d3fd-a5ab-bfe817e60000
"IDF apprehends terror suspect near Jenin, thwarting attack","The man’s father was recently killed when he attempted to stab an IDF soldier, and his brother murdered three Israelis in Tel Aviv in 2022.",https://www.jns.org/news/israel-news/idf-apprehends-terror-suspect-near-jenin-thwarting-attack,JNS,JNS Staff,2026-08-25T07:53:03,2026-08-25 08:42:06.133174,https://www.jns.org/news/israel-news/idf-apprehends-terror-suspect-near-jenin-thwarting-attack
Pakistan claims progress in talks with Iran on ending war,"The discussions occurred as Washington announced an ""economic onslaught"" targeting Tehran's global trade partners.",https://www.jns.org/news/world/pakistan-claims-progress-in-talks-with-iran-on-ending-war,JNS,JNS Staff,2026-08-25T08:17:32,2026-08-25 08:42:06.133156,https://www.jns.org/news/world/pakistan-claims-progress-in-talks-with-iran-on-ending-war
Ex-hostage Aviva Siegel: Hamas beat up all the girls into pieces,The abductee who was freed after 51 days in captivity shared some of the sexual abuses she had witnessed during her time in Gaza.,https://www.jns.org/news/israel-news/ex-hostage-aviva-siegel-hamas-beat-up-all-the-girls-into-pieces,JNS,JNS Staff,2026-08-25T08:31:07,2026-08-25 08:42:06.133136,https://www.jns.org/news/israel-news/ex-hostage-aviva-siegel-hamas-beat-up-all-the-girls-into-pieces
Can an Oklahoma Senate candidate attract voters with an ad tossing out AIPAC ‘trash’?,Democratic runoff tests the power of progressive politics in a deep-red state. -- The post Can an Oklahoma Senate candidate attract voters with an ad tossing out AIPAC ‘trash’? appeared first on Jewish Telegraphic Agency .,https://www.jta.org/2026/08/25/politics/can-an-oklahoma-senate-candidate-attract-voters-with-an-ad-tossing-out-aipac-trash,JTA,Sharon Udasin,2026-08-25T08:34:32,2026-08-25 08:41:56.466514,https://www.jta.org/?p=1906722
The Turkey-Syria conundrum,Ankara eyes a military presence in its newly burgeoning neighbor that would prove unacceptable to another nation in the neighbor: Israel.,https://www.jns.org/opinion/sarah-n-stern/the-turkey-syria-conundrum,JNS,Sarah N. Stern,2026-08-25T06:30:00,2026-08-25 07:43:32.463036,https://www.jns.org/opinion/sarah-n-stern/the-turkey-syria-conundrum
UNICEF UK 'takes action' against anti-Israel marketing pro,"A pro-Israel group claimed it had found ties between Muhammad Karim and an online shop that offered ""Death to the IDF"" hoodies and apparel honoring Hamas leaders.",https://www.jns.org/news/world/unicef-uk-takes-action-against-anti-israel-marketing-pro,JNS,Canaan Lidor,2026-08-25T06:50:16,2026-08-25 07:43:32.462999,https://www.jns.org/news/world/unicef-uk-takes-action-against-anti-israel-marketing-pro
Gwinnett County Young Democrats in Georgia tell Jewish lawmaker to 'mind her own business',The Jewish Council of the Democratic Party of Georgia called on the group to apologize to state representative Esther Panitch.,https://www.jns.org/news/u-s-news/gwinnett-county-young-democrats-in-georgia-tell-jewish-lawmaker-to-mind-her-own-business,JNS,Jessica Russak-Hoffman,2026-08-25T07:36:19,2026-08-25 07:43:32.462960,https://www.jns.org/news/u-s-news/gwinnett-county-young-democrats-in-georgia-tell-jewish-lawmaker-to-mind-her-own-business
Jewish space lasers? Israel wants 'Rods from God',Israel plans new military frontier with space-to-ground strike weapons,https://www.haaretz.com/israel-news/security-aviation/2026-08-25/ty-article-magazine/.premium/israel-plans-new-military-frontier-with-space-to-ground-strike-weapons/000001a0-3345-d7ba-aff3-b3c7a1320000,Haaretz,Oded Yaron,2026-08-25T06:05:00,2026-08-25 06:48:15.860639,https://www.haaretz.com/israel-news/security-aviation/2026-08-25/ty-article-magazine/.premium/israel-plans-new-military-frontier-with-space-to-ground-strike-weapons/000001a0-3345-d7ba-aff3-b3c7a1320000
Is the Haredi draft crisis really about the draft?,The Haredi community believes that its way of life is under attack.,https://www.jns.org/opinion/mordechai-traiman/is-the-haredi-draft-crisis-really-about-the-draft,JNS,Mordechai Traiman,2026-08-25T04:00:00,2026-08-25 06:48:08.730731,https://www.jns.org/opinion/mordechai-traiman/is-the-haredi-draft-crisis-really-about-the-draft
Dutch broadcaster again boycotts Eurovision over Israel,"AVROTROS, which nixed a Dutch entry this year, said it would not handle another one in 2027, opening the path for competitors to replace it.",https://www.jns.org/news/world/dutch-broadcaster-again-boycotts-eurovision-over-israel,JNS,JNS Staff,2026-08-25T06:04:56,2026-08-25 06:48:08.730707,https://www.jns.org/news/world/dutch-broadcaster-again-boycotts-eurovision-over-israel
1929 Hebron massacre remembered,"“In Hebron, Safed, Jerusalem and elsewhere, Jewish men, women and children were murdered and mutilated. Homes, businesses and synagogues were attacked, burned, looted and desecrated.”",https://www.jns.org/news/israel-news/1929-hebron-massacre-remembered,JNS,JNS Staff,2026-08-25T06:34:39,2026-08-25 06:48:08.730679,https://www.jns.org/news/israel-news/1929-hebron-massacre-remembered
Trump turns up pressure on Iran as military threat looms,"“Jerusalem Minute” is your JNS weekly news briefing filmed in the JNS Media Hub in Jerusalem, the heart of where some of Israel’s biggest stories unfold. Hosted by Alex Traiman, JNS CEO and Jerusalem bureau chief, and Middle East correspondent Josh Hasten, the show delivers sharp, real-time analysis on the events shaping Israel and the Middle East. From Gaza to Lebanon to Iran’s regional aggression, U.S.-Israel diplomacy and domestic political turmoil, “Jerusalem Minute” offers an up-to-the-minute picture of what’s happening and why it matters. Bring an understanding of the history of the Middle East and insider perspectives, Traiman and Hasten unpack Israel’s most urgent developments. Each episode connects breaking news to the broader geopolitical landscape—examining how global decisions, regional tensions and media narratives impact Israel’s security and diplomacy. For anyone seeking a credible, fast-moving analysis of Israel news and Middle East affairs, “Jerusalem Minute” delivers context and clarity you won’t find anywhere else. See more at: @JNS_TV and subscribe to our YouTube channel.",https://www.jns.org/jns-tv/jlminute/trump-turns-up-pressure-on-iran-as-military-threat-looms,JNS,Josh Hasten,2026-08-25T06:42:26,2026-08-25 06:48:08.730642,https://www.jns.org/jns-tv/jlminute/trump-turns-up-pressure-on-iran-as-military-threat-looms
Secular residents in Bnei Brak trapped by unlawful Haredi Shabbat roadblocks,Residents of the neighborhood in the north of the city repeatedly appeal to authorities to remove the sporadic blockades. A municipal representative told one resident that 'vehicles are not supposed to drive on Shabbat',https://www.haaretz.com/israel-news/2026-08-25/ty-article-magazine/.premium/secular-residents-in-bnei-brak-trapped-by-unlawful-haredi-shabbat-roadblocks/000001a0-33cd-df91-adaf-33cf94990000,Haaretz,Yair Foldes,2026-08-24T21:03:49,2026-08-25 05:31:59.208604,https://www.haaretz.com/israel-news/2026-08-25/ty-article-magazine/.premium/secular-residents-in-bnei-brak-trapped-by-unlawful-haredi-shabbat-roadblocks/000001a0-33cd-df91-adaf-33cf94990000
Palestinian woman held for 'spreading false information' after claiming settlers set fire to her home,"Police - having backtracked on initial claim that fire was started by electrical fault - told a military court that the woman made false accusations that could lead to acts of revenge. The cause of the fire is still under investigation, a police representative admitted",https://www.haaretz.com/israel-news/israel-security/2026-08-25/ty-article/.premium/palestinian-woman-detained-after-claiming-settlers-set-fire-to-her-home/000001a0-35fb-d94e-abeb-ffff18530000,Haaretz,Matan Golan,2026-08-25T03:10:12,2026-08-25 03:49:11.043629,https://www.haaretz.com/israel-news/israel-security/2026-08-25/ty-article/.premium/palestinian-woman-detained-after-claiming-settlers-set-fire-to-her-home/000001a0-35fb-d94e-abeb-ffff18530000
"Two children among four people killed in Gaza strikes, officials say",,https://www.haaretz.com/israel-news/israel-security/2026-08-25/ty-article-live/two-children-among-four-people-killed-in-gaza-strikes-officials-say/000001a0-3656-dfc3-abf8-b656da950000,Haaretz,Haaretz,2026-08-25T00:58:15,2026-08-25 01:16:16.558157,https://www.haaretz.com/israel-news/israel-security/2026-08-25/ty-article-live/two-children-among-four-people-killed-in-gaza-strikes-officials-say/000001a0-3656-dfc3-abf8-b656da950000
SCOOP: Dominican Republic adopting IHRA working definition of Jew-hatred,The announcement on Monday night places the country seventh on the list of Latin American states adopting the widely used working definition.,https://www.jns.org/news/world/scoop-dominican-republic-adopting-ihra-working-definition-of-jew-hatred,JNS,Mike Wagenheim,2026-08-25T01:04:10,2026-08-25 01:16:09.461818,https://www.jns.org/news/world/scoop-dominican-republic-adopting-ihra-working-definition-of-jew-hatred
The collapse of one Jewish federation's big campus plan,"(JTA) — When the Jewish federation in Harrisburg, Pennsylvania, laid off its entire support staff earlier this month, the move didn’t come as a surprise. Instead, it felt like an [&#8230;]",https://jweekly.com/2026/08/24/a-jewish-federation-had-big-plans-for-a-community-campus-then-the-money-ran-out/,J. Weekly,Grace Gilson,2026-08-24T17:00:00,2026-08-25 01:15:55.333959,https://jweekly.com/?p=310198
Israel’s new top diplomat in NorCal vows dialogue with critics,Ron Gerstenfeld arrived in San Francisco in mid-August to take up one of the most closely watched postings in Israel’s diplomatic corps: consul general for a region that stretches across [&#8230;],https://jweekly.com/2026/08/24/israels-new-top-diplomat-in-norcal-vows-to-seek-dialogue-with-countrys-critics/,J. Weekly,Niva Ashkenazi,2026-08-25T00:10:31,2026-08-25 01:15:55.333905,https://jweekly.com/?p=310207
"Despite pledge, Ben‑Gvir turns police‑volunteer ceremony into campaign event",Law enforcement sources told Haaretz on Sunday that Ben-Gvir and his ministry timed the conference to coincide with the election campaign,https://www.haaretz.com/israel-news/elections/2026-08-25/ty-article/.premium/despite-pledge-ben-gvir-turns-police-volunteer-ceremony-into-campaign-event/000001a0-35e0-d02f-a9ed-7deb3a0a0000,Haaretz,Josh Breiner,2026-08-24T22:53:25,2026-08-24 23:22:55.942449,https://www.haaretz.com/israel-news/elections/2026-08-25/ty-article/.premium/despite-pledge-ben-gvir-turns-police-volunteer-ceremony-into-campaign-event/000001a0-35e0-d02f-a9ed-7deb3a0a0000
Haaretz Cartoon,,https://www.haaretz.com/opinion/daily-cartoon/2026-08-25/ty-article-opinion/haaretz-cartoon/000001a0-35bd-d268-a1fe-3dfd8e4a0000,Haaretz,Amos Biderman,2026-08-24T21:53:26,2026-08-24 22:26:50.617384,https://www.haaretz.com/opinion/daily-cartoon/2026-08-25/ty-article-opinion/haaretz-cartoon/000001a0-35bd-d268-a1fe-3dfd8e4a0000
Focus on Israel 2026: Netanyahu found the perfect time to find the Altalena,,https://www.haaretz.com/opinion/editorial/2026-08-25/ty-article-opinion/focus-on-israel-2026-netanyahu-found-the-perfect-time-to-find-the-altalena/000001a0-3512-d268-a1fe-3d5630420000,Haaretz,Haaretz Editorial,2026-08-24T21:57:18,2026-08-24 22:26:50.617357,https://www.haaretz.com/opinion/editorial/2026-08-25/ty-article-opinion/focus-on-israel-2026-netanyahu-found-the-perfect-time-to-find-the-altalena/000001a0-3512-d268-a1fe-3d5630420000
Ben‑Gvir's Altalena move leaves Netanyahu shocked and silent ahead of the election,"Netanyahu learned of the Altalena discovery from the media. Two months before the election, the stunt was not only a brilliant move, it was an act of revenge. To divert the conversation, the prime minister rushed to film a video claiming the left was responsible for 'thousands of murdered people'",https://www.haaretz.com/israel-news/israel-politics/2026-08-25/ty-article/.premium/ben-gvirs-altalena-move-leaves-netanyahu-shocked-and-silent-ahead-of-election/000001a0-3540-d24e-a5e0-77d2c7990000,Haaretz,Yossi Verter,2026-08-24T22:13:37,2026-08-24 22:26:50.617320,https://www.haaretz.com/israel-news/israel-politics/2026-08-25/ty-article/.premium/ben-gvirs-altalena-move-leaves-netanyahu-shocked-and-silent-ahead-of-election/000001a0-3540-d24e-a5e0-77d2c7990000
Israel’s Netanyahu Says Iran Tried to Kill One of His Sons,"Israeli Prime Minister Benjamin Netanyahu said on Monday that Iran had tried to kill one of his sons, but gave no details...",https://www.algemeiner.com/2026/08/24/israels-netanyahu-says-iran-tried-kill-one-his-sons/,Algemeiner,Reuters and Algemeiner Staff,2026-08-24T20:15:54,2026-08-24 22:26:46.002400,https://www.algemeiner.com/?p=778326
"More Than Half of Israelis Fear Revealing Their Nationality Abroad, Survey Finds","More than half of Israelis now hesitate to disclose their nationality while abroad, a new survey has found, as rising...",https://www.algemeiner.com/2026/08/24/more-than-half-israelis-fear-revealing-nationality-abroad-survey-finds/,Algemeiner,Ailin Vilches Arguello,2026-08-24T21:40:41,2026-08-24 22:26:46.002361,https://www.algemeiner.com/?p=778317
US Unveils ‘Economic D-Day’ of Sanctions to Isolate Iran,"The US on Monday announced an expansion of secondary sanctions it hopes will &#8220;sever every economic lifeline&#8221; sustaining Iran, as President...",https://www.algemeiner.com/2026/08/24/us-unveils-economic-d-day-sanctions-isolate-iran/,Algemeiner,Reuters and Algemeiner Staff,2026-08-24T21:47:13,2026-08-24 22:26:46.002325,https://www.algemeiner.com/?p=778323
Where to buy Rosh Hashanah foods across Bay Area,"Food coverage is supported by a generous donation from Susan and Moses Libitzky. The High Holidays arrive before the start of fall this year, with Rosh Hashanah beginning at sundown [&#8230;]",https://jweekly.com/2026/08/24/where-to-buy-rosh-hashanah-foods-including-round-challah-across-bay-area/,J. Weekly,Rahel Knight,2026-08-24T21:45:01,2026-08-24 22:26:28.874126,https://jweekly.com/?p=310170
Israelis only see the victim when it's a donkey,The powerlessness of the victims is the modus of operandi of settler terror,https://www.haaretz.com/opinion/2026-08-24/ty-article-opinion/.premium/israelis-only-see-the-victim-when-its-a-donkey/000001a0-34c5-d936-a7ac-3cedca760000,Haaretz,Yoana Gonen,2026-08-24T20:42:18,2026-08-24 21:29:29.333134,https://www.haaretz.com/opinion/2026-08-24/ty-article-opinion/.premium/israelis-only-see-the-victim-when-its-a-donkey/000001a0-34c5-d936-a7ac-3cedca760000
"Netanyahu, suddenly an electoral leper, searches for treasure in the political junkyard",He has been desperately wooing quality people for his Likud party's Knesset slate only to be turned down time and again. Now he realizes that corruption isn't an asset but rather a burden,https://www.haaretz.com/opinion/2026-08-24/ty-article-opinion/.premium/netanyahu-an-electoral-leper-searches-for-treasure-in-the-political-junkyard/000001a0-34a9-d02f-a9ed-7ceb03d10000,Haaretz,Mordechai Gilat,2026-08-24T20:51:47,2026-08-24 21:29:29.333111,https://www.haaretz.com/opinion/2026-08-24/ty-article-opinion/.premium/netanyahu-an-electoral-leper-searches-for-treasure-in-the-political-junkyard/000001a0-34a9-d02f-a9ed-7ceb03d10000
Secular residents in Bnei Brak trapped by unlawful Haredi Shabbat roadblocks,Residents of the neighborhood in the north of the city repeatedly appeal to authorities to remove the sporadic blockades. A municipal representative told one resident that 'vehicles are not supposed to drive on Shabbat',https://www.haaretz.com/israel-news/2026-08-25/ty-article/.premium/secular-residents-in-bnei-brak-trapped-by-unlawful-haredi-shabbat-roadblocks/000001a0-33cd-df91-adaf-33cf94990000,Haaretz,Yair Foldes,2026-08-24T21:03:49,2026-08-24 21:29:29.333078,https://www.haaretz.com/israel-news/2026-08-25/ty-article/.premium/secular-residents-in-bnei-brak-trapped-by-unlawful-haredi-shabbat-roadblocks/000001a0-33cd-df91-adaf-33cf94990000
"Iran Threatens Trump’s Family, Offers $10 Million Bounty for Barron Trump","Iran has issued a chilling new threat against US President Donald Trump&#8217;s family, with state-run media airing alleged surveillance footage...",https://www.algemeiner.com/2026/08/24/iran-threatens-trumps-family-offers-10-million-bounty-barron-trump/,Algemeiner,Ailin Vilches Arguello,2026-08-24T20:42:24,2026-08-24 21:29:24.611570,https://www.algemeiner.com/?p=778303
"Hasan Piker Claims Pro-Israel Jews Cause Antisemitism, Sparks Backlash Across Political Aisle",Leftist streamer Hasan Piker said recently that pro-Israel American Jews could face violence because of their support for the Jewish...,https://www.algemeiner.com/2026/08/24/hasan-piker-claims-pro-israel-jews-cause-antisemitism-sparks-backlash-across-political-aisle/,Algemeiner,Corey Walker,2026-08-24T21:09:53,2026-08-24 21:29:24.611536,https://www.algemeiner.com/?p=778291
‘What am I doing here?’ The leap from cybersecurity to global Jewish community,"At its core, this work is actually not about overtly fighting antisemitism. It’s about empowering Jews to bring Jewish joy to work in order to counteract the hate.",https://www.jns.org/wire/jewish-ergs-what-am-i-doing-here-the-leap-from-cybersecurity-to-global-jewish-community,JNS,,2026-08-24T18:00:00,2026-08-24 21:29:22.066237,https://www.jns.org/wire/jewish-ergs-what-am-i-doing-here-the-leap-from-cybersecurity-to-global-jewish-community
Treasury launches ‘Operation Economic Outcast’ against Iran,The department said it was unleashing an “unprecedented” campaign to cut off sources of Iranian cash but refrained from immediately issuing secondary sanctions on Iran’s trade partners.,https://www.jns.org/news/u-s-news/treasury-launches-operation-economic-outcast-against-iran,JNS,Andrew Bernard,2026-08-24T20:35:03,2026-08-24 21:29:22.066185,https://www.jns.org/news/u-s-news/treasury-launches-operation-economic-outcast-against-iran
Legal expert slams ‘leniency’ of 30-day sentence for anti-Israel protesters who blocked Golden Gate Bridge traffic,"“The legal system has sent a clear message. Illegal activity that compromises public safety is allowed in the Bay Area,” Tali Klima of Bay Area Jewish Coalition told JNS.",https://www.jns.org/news/u-s-news/legal-expert-slams-leniency-of-30-day-sentence-for-anti-israel-protesters-who-blocked-golden-gate-bridge-traffic,JNS,Aaron Bandler,2026-08-24T20:46:52,2026-08-24 21:29:22.066150,https://www.jns.org/news/u-s-news/legal-expert-slams-leniency-of-30-day-sentence-for-anti-israel-protesters-who-blocked-golden-gate-bridge-traffic
Montreal mayor rejects calls to make foreign policy a city matter ahead of council vote on anti-Israel proposal,"“There is a documented correlation between conflict in the Middle East and increases in antisemitism,” B’nai Brith Canada wrote ahead of the scheduled vote.",https://www.jns.org/news/world/montreal-mayor-rejects-calls-to-make-foreign-policy-a-city-matter-ahead-of-council-vote-on-anti-israel-proposal,JNS,,2026-08-24T20:59:26,2026-08-24 21:29:22.066121,https://www.jns.org/news/world/montreal-mayor-rejects-calls-to-make-foreign-policy-a-city-matter-ahead-of-council-vote-on-anti-israel-proposal
"It’s not only what we do, but how we do it","A mitzvah done through gritted teeth is technically a mitzvah, but it’s missing the soul of the thing.",https://www.jns.org/opinion/column/rabbi-yossy-goldman/its-not-only-what-we-do-but-how-we-do-it,JNS,Rabbi Yossy Goldman,2026-08-24T21:00:00,2026-08-24 21:29:22.066090,https://www.jns.org/opinion/column/rabbi-yossy-goldman/its-not-only-what-we-do-but-how-we-do-it
'Washington Post' ordered to reinstate columnist fired over Charlie Kirk posts,"An arbitrator ruled that the newspaper did not have sufficient cause to terminate Karen Attiah, who was fired after posting ""ill-timed"" comments about Kirk’s killing.",https://www.jns.org/news/u-s-news/washington-post-ordered-to-reinstate-columnist-fired-over-charlie-kirk-posts,JNS,,2026-08-24T21:17:31,2026-08-24 21:29:22.066057,https://www.jns.org/news/u-s-news/washington-post-ordered-to-reinstate-columnist-fired-over-charlie-kirk-posts
This isn’t Mark Ruffalo’s first antisemitism controversy,"Mark Ruffalo is in the spotlight after facing accusations of antisemitism for his criticism of the Ellison family — but this isn’t the first time the actor has been caught in controversy on this topic. Last Friday, the actor connected the merger of David Ellison’s Paramount with Warner Bros. Discovery to Israel’s war with Hamas.... The post This isn’t Mark Ruffalo’s first antisemitism controversy appeared first on The Forward .",https://forward.com/news/846575/this-isnt-mark-ruffalos-first-antisemitism-controversy/,The Forward,Sage Lattman,2026-08-24T20:38:34,2026-08-24 21:29:15.303130,https://forward.com/?p=846575
"‘Have a problem, call the PM,’ says Netanyahu as he gives out his number in campaign video","Hundreds of messages and calls arrived in minutes, disabling the WhatsApp account associated with the number. -- The post ‘Have a problem, call the PM,’ says Netanyahu as he gives out his number in campaign video appeared first on Jewish Telegraphic Agency .",https://www.jta.org/2026/08/24/default/have-a-problem-call-the-pm-says-netanyahu-as-he-gives-out-his-number-in-campaign-video,JTA,Deborah Danan,2026-08-24T20:51:26,2026-08-24 21:29:12.745337,https://www.jta.org/?p=1906641
Dutch broadcaster pulls out of Eurovision over Israel’s participation,"The national network Avrotos said the annual song competition ""can no longer be considered neutral."" -- The post Dutch broadcaster pulls out of Eurovision over Israel’s participation appeared first on Jewish Telegraphic Agency .",https://www.jta.org/2026/08/24/global/dutch-broadcaster-pulls-out-of-eurovision-over-israels-participation,JTA,Shira Li Bartov,2026-08-24T21:02:50,2026-08-24 21:29:12.745291,https://www.jta.org/?p=1906685
U.S. announces expansion of sanctions in 'economic onslaught' on Iran,Treasury Secretary Scott Bessent unveiled what he described as an 'economic D-Day' that aims to give a final warning to countries to sever their business ties with Iran,https://www.haaretz.com/middle-east-news/iran/2026-08-24/ty-article/.premium/u-s-announces-expansion-of-sanctions-in-economic-onslaught-on-iran/000001a0-34f8-d936-a7ac-3cfd308c0000,Haaretz,Reuters,2026-08-24T19:36:48,2026-08-24 20:30:37.402938,https://www.haaretz.com/middle-east-news/iran/2026-08-24/ty-article/.premium/u-s-announces-expansion-of-sanctions-in-economic-onslaught-on-iran/000001a0-34f8-d936-a7ac-3cfd308c0000
Europe Wants Thousands of Gazans to Immigrate. What Could Go Wrong?,A working plan is being discussed to facilitate the departure of Palestinian families from Gaza and their reunification with relatives...,https://www.algemeiner.com/2026/08/24/europe-wants-thousands-gazans-immigrate-what-could-go-wrong/,Algemeiner,Jonathan Sacerdoti,2026-08-24T19:33:42,2026-08-24 20:30:32.556288,https://www.algemeiner.com/?p=778285
Another government with Ben-Gvir could be disastrous,The question is: How did we end up in a place where he’s a senior minister?,https://www.jns.org/opinion/amit-segal/another-government-with-ben-gvir-could-be-disastrous,JNS,Amit Segal,2026-08-24T19:30:00,2026-08-24 20:30:30.118235,https://www.jns.org/opinion/amit-segal/another-government-with-ben-gvir-could-be-disastrous
Camp Modin seeks protection order against man who allegedly shot gun near basketball courts,"The suspect was released on bail and barred from possessing dangerous weapons, consuming alcohol or going within 1,000 feet of the camp.",https://www.jns.org/news/u-s-news/camp-modin-seeks-protection-order-against-man-who-allegedly-shot-at-basketball-courts,JNS,,2026-08-24T19:45:00,2026-08-24 20:30:30.118200,https://www.jns.org/news/u-s-news/camp-modin-seeks-protection-order-against-man-who-allegedly-shot-at-basketball-courts
Lawmakers condemn Hasan Piker's remarks targeting American Jews,"""Piker is a hack who thrives on hate, shock and awe because he lacks substance,"" Rep. Hillary Scholten said.",https://www.jns.org/news/u-s-news/lawmakers-condemn-hasan-pikers-remarks-targeting-american-jews,JNS,Jessica Russak-Hoffman,2026-08-24T20:00:00,2026-08-24 20:30:30.118169,https://www.jns.org/news/u-s-news/lawmakers-condemn-hasan-pikers-remarks-targeting-american-jews
"‘Felt like a lynch mob,’ mom of 4-year-old says of NYC-funded festival, in which performer accuses Israel of ‘war crimes’","“I’m an immigrant from the former Soviet Union, so antisemitism is why I’m here in the first place,” the mother told JNS. “To see it out in full effect in the daylight is awful.”",https://www.jns.org/news/u-s-news/felt-like-a-lynch-mob-mom-of-4-year-old-says-of-nyc-funded-festival-in-which-performer-accuses-israel-of-war-crimes,JNS,Debra Nussbaum Cohen,2026-08-24T20:04:08,2026-08-24 20:30:30.118141,https://www.jns.org/news/u-s-news/felt-like-a-lynch-mob-mom-of-4-year-old-says-of-nyc-funded-festival-in-which-performer-accuses-israel-of-war-crimes
Netanyahu says Iran tried to kill one of his sons,The Israeli prime minister said that security is “more than a luxury.”,https://www.jns.org/news/israel-news/netanyahu-says-iran-tried-to-kill-one-of-his-sons,JNS,,2026-08-24T20:10:10,2026-08-24 20:30:30.118101,https://www.jns.org/news/israel-news/netanyahu-says-iran-tried-to-kill-one-of-his-sons
US removes Syria from state terror sponsors list,"""For too long, this designation was another wall separating the Syrian people from the investment, enterprise and opportunity necessary to rebuild their nation,"" said Tom Barrack, U.S. ambassador to Turkey and special presidential envoy for Syria and Iraq.",https://www.jns.org/news/u-s-news/us-removes-syria-from-state-sponsors-of-terrorism-list,JNS,,2026-08-24T20:26:34,2026-08-24 20:30:30.118064,https://www.jns.org/news/u-s-news/us-removes-syria-from-state-sponsors-of-terrorism-list
American synagogues are spending more than ever on security. How much is enough?,"At Temple Israel in Bloomfield, Michigan, which was attacked in March by a gunman, getting ready for the High Holidays this year means more than preparing for crowds of worshippers. The synagogue is spending millions of dollars on security upgrades, including a new gatehouse, artificial intelligence technology and physical and ballistic hardening of its building.... The post American synagogues are spending more than ever on security. How much is enough? appeared first on The Forward .",https://forward.com/news/846551/antisemitism-synagogue-attacks-central-synagogue/,The Forward,Simone Saidmehr,2026-08-24T20:08:33,2026-08-24 20:30:22.917384,https://forward.com/?p=846551
Providence voters to put Israel boycott movement to major test at the ballot box,"A divestment measure, backed by pro-Palestinian groups while not mentioning Israel, is up for a vote in November. -- The post Providence voters to put Israel boycott movement to major test at the ballot box appeared first on Jewish Telegraphic Agency .",https://www.jta.org/2026/08/24/united-states/providence-vote-puts-israel-boycott-movement-to-a-major-test-at-the-ballot-box,JTA,Andrew Lapin,2026-08-24T19:54:29,2026-08-24 20:30:20.177148,https://www.jta.org/?p=1906400
"Abdul El-Sayed distances himself from Hasan Piker over remarks on Jews, Israel","The Democratic nominee for Senate in Michigan, responded to a barrage of criticism after Piker said U.S. Jews who support Israel could lead 'somebody' to 'take actions against American Jews'",https://www.haaretz.com/us-news/2026-08-24/ty-article/.premium/abdul-el-sayed-distances-himself-from-hasan-piker-over-remarks-on-jews-israel/000001a0-34fd-d797-a3a2-b5ffdd5f0000,Haaretz,Arno Rosenfeld,2026-08-24T18:54:00,2026-08-24 19:30:26.294268,https://www.haaretz.com/us-news/2026-08-24/ty-article/.premium/abdul-el-sayed-distances-himself-from-hasan-piker-over-remarks-on-jews-israel/000001a0-34fd-d797-a3a2-b5ffdd5f0000
Police who assaulted Arab man got light sentences because attack took place shortly after October 7,"Nader was violently attacked by three officers who were searching for Palestinians without permits in Bnei Brak. The tribunal only gave two of them a slap on the wrist due to 'the atmosphere, feelings and vigilance' after Oct. 7",https://www.haaretz.com/israel-news/israel-security/2026-08-24/ty-article/.premium/police-who-assaulted-arab-man-got-light-sentences-because-attack-followed-oct-7/000001a0-331f-d443-abb0-331f1b250000,Haaretz,Josh Breiner,2026-08-24T19:03:11,2026-08-24 19:30:26.294230,https://www.haaretz.com/israel-news/israel-security/2026-08-24/ty-article/.premium/police-who-assaulted-arab-man-got-light-sentences-because-attack-followed-oct-7/000001a0-331f-d443-abb0-331f1b250000
"Hamas Wants to Keep Its Arsenal, Just Change the Address",Eight foreign ministries asked Washington last week to &#8220;ensure and enforce Israel&#8217;s full compliance with the commitments and arrangements envisaged...,https://www.algemeiner.com/2026/08/24/hamas-wants-keep-arsenal-just-change-address/,Algemeiner,Uriel Zehavi,2026-08-24T18:45:21,2026-08-24 19:30:21.632264,https://www.algemeiner.com/?p=778263
The Israeli Victory That No Enemy Can Stop,"When people speak about Israel&#8217;s strength, they tend to reach for the familiar symbols: the Israel Defense Forces, the Air...",https://www.algemeiner.com/2026/08/24/israeli-victory-no-enemy-can-stop/,Algemeiner,Sabine Sterk,2026-08-24T18:50:10,2026-08-24 19:30:21.632227,https://www.algemeiner.com/?p=778255
NYPD releases footage of suspects in two hate crime attacks on synagogues,Both suspects allegedly threw bags of motor oil at synagogues in Queens on July 16.,https://www.jns.org/news/u-s-news/nypd-releases-footage-of-suspects-in-two-hate-crime-attacks-on-synagogues,JNS,Menachem Wecker,2026-08-24T18:41:15,2026-08-24 19:30:19.276577,https://www.jns.org/news/u-s-news/nypd-releases-footage-of-suspects-in-two-hate-crime-attacks-on-synagogues
The far right is more dangerous to Jews than the far left. A historian explains why.,"When Jewish leaders speak out these days, it’s often to blast the anti-Israel actions of one Democratic Socialists of America politician or another. Given all the attention — and the millions of dollars raised within the Jewish community to help defeat these candidates — you’d think the greatest existential threat to American Jews was coming... The post The far right is more dangerous to Jews than the far left. A historian explains why. appeared first on The Forward .",https://forward.com/opinion/846527/antisemitism-white-supremacy-steve-ross-book/,The Forward,Rob Eshman,2026-08-24T19:27:46,2026-08-24 19:30:12.671485,https://forward.com/?p=846527
"Jewish journalism, a ritual and a ‘miracle’ for Israeli girl","We recently shared the story of a 6-year-old Israeli girl named Lina, who came to Stanford Children’s Hospital over a year ago for surgery. The visit lasted a lot longer [&#8230;]",https://jweekly.com/2026/08/24/jewish-journalism-a-ritual-and-a-miracle-for-israeli-girl/,J. Weekly,Asaf Elia-Shalev,2026-08-24T19:29:34,2026-08-24 19:30:05.445097,https://jweekly.com/?p=310167
Train service to Ben-Gurion Airport disrupted after helium balloon damages electrical cable,Israel Railways denied that Ben-Gurion Airport station had been evacuated. The disruption caused delays and crowding at stations across central Israel and is the latest in maintenance issues involving Israel Railways' electrification infrastructure,https://www.haaretz.com/israel-news/2026-08-24/ty-article/.premium/ben-gurion-airport-train-station-halted-after-balloon-damages-electrical-cable/000001a0-3478-dfc3-abf8-b67ef4d70000,Haaretz,Yifat Reuven,2026-08-24T17:37:18,2026-08-24 18:40:43.144897,https://www.haaretz.com/israel-news/2026-08-24/ty-article/.premium/ben-gurion-airport-train-station-halted-after-balloon-damages-electrical-cable/000001a0-3478-dfc3-abf8-b67ef4d70000
"Trump can stop the next war in the West Bank, but he must act now","Even Trump's ambassador to Israel, a staunch supporter of the settlements, has hinted at American sanctions against violent settlers. The U.S. must adopt such a policy, before it's too late",https://www.haaretz.com/opinion/2026-08-24/ty-article-opinion/.premium/trump-can-stop-the-next-war-in-the-west-bank-but-he-must-act-now/000001a0-34e3-d268-a1fe-3df7e3020000,Haaretz,Gershon Baskin,2026-08-24T18:17:14,2026-08-24 18:40:43.144865,https://www.haaretz.com/opinion/2026-08-24/ty-article-opinion/.premium/trump-can-stop-the-next-war-in-the-west-bank-but-he-must-act-now/000001a0-34e3-d268-a1fe-3df7e3020000
Shin Bet refusal to protect Netanyahu's rival raises a chilling question about the election,"Will Shin Bet chief David Zini, who recently okayed lifelong security for the Netanyahus, feel more obligated to ensure Israel's election is free and fair than he did about protecting the man who is currently the greatest threat to his boss' continued rule?",https://www.haaretz.com/israel-news/haaretz-today/2026-08-24/ty-article/.highlight/shin-bet-refusal-to-protect-eisenkot-raises-chilling-question-about-the-election/000001a0-34df-d268-a1fe-3ddfc26a0000,Haaretz,Allison Kaplan Sommer,2026-08-24T18:23:12,2026-08-24 18:40:43.144824,https://www.haaretz.com/israel-news/haaretz-today/2026-08-24/ty-article/.highlight/shin-bet-refusal-to-protect-eisenkot-raises-chilling-question-about-the-election/000001a0-34df-d268-a1fe-3ddfc26a0000
Paramount Slams Mark Ruffalo for ‘Antisemitic Tropes’ in Warner Bros Merger Attack,Mark Ruffalo has triggered a fresh antisemitism backlash after Paramount accused the Hollywood star of invoking anti-Jewish tropes in his...,https://www.algemeiner.com/2026/08/24/paramount-slams-mark-ruffalo-antisemitic-tropes-warner-bros-merger-attack/,Algemeiner,Debbie Weiss,2026-08-24T17:40:15,2026-08-24 18:40:38.671066,https://www.algemeiner.com/?p=778287
Dutch Broadcaster Boycotts Eurovision Song Contest for Second Consecutive Year Over Israel’s Inclusion,"The Dutch public broadcaster AVROTROS announced on Monday that it is again boycotting the Eurovision Song Contest, for the second...",https://www.algemeiner.com/2026/08/24/dutch-broadcaster-boycotts-eurovision-song-contest-second-consecutive-year-israels-inclusion/,Algemeiner,Shiryn Ghermezian,2026-08-24T17:55:08,2026-08-24 18:40:38.671036,https://www.algemeiner.com/?p=778274
How Subtle Language Delegitimizes the Jewish Connection to Israel,"The Jewish people have a long and undeniable connection to the Land of Israel, as evidenced by centuries of archaeological...",https://www.algemeiner.com/2026/08/24/how-subtle-language-delegitimizes-jewish-connection-israel/,Algemeiner,Sharon Levy,2026-08-24T18:03:33,2026-08-24 18:40:38.671004,https://www.algemeiner.com/?p=778269
Why Giving Israel Defensive Weapons Is Completely Justified Under Humanitarian Law,&#8220;If somebody is walking down the street with a sword and you hand them a shield and they&#8217;re massacring people...,https://www.algemeiner.com/2026/08/24/why-giving-israel-defensive-weapons-is-completely-justified-under-humanitarian-law/,Algemeiner,Shlomo Levin,2026-08-24T18:36:16,2026-08-24 18:40:38.670969,https://www.algemeiner.com/?p=778259
The red-green alliance: From the Hebron massacre to Oct. 7,"Modern socialist organizations have adopted the narrative of Islamic jihad, replacing religious language with the terminology of “social justice” and “resistance to oppression.”",https://www.jns.org/opinion/shimon-refaeli/the-red-green-alliance-from-the-hebron-massacre-to-oct-7,JNS,Shimon Refaeli,2026-08-24T18:00:00,2026-08-24 18:40:36.338761,https://www.jns.org/opinion/shimon-refaeli/the-red-green-alliance-from-the-hebron-massacre-to-oct-7
Mark Ruffalo accused of antisemitism in clash with Paramount,"This story was originally published in the Forward. American actor Mark Ruffalo on Saturday denied that he is antisemitic, one day after Paramount accused the actor of invoking antisemitic tropes [&#8230;]",https://jweekly.com/2026/08/24/when-does-criticizing-israel-become-antisemitism-ask-mark-ruffalo/,J. Weekly,Benyamin Cohen,2026-08-24T18:26:19,2026-08-24 18:40:18.464401,https://jweekly.com/?p=310160
"Pakistan's army chief set to meet people close to Khamenei during Tehran visit, source says","Trump spoke with the Pakistani general ahead of the Tehran visit on Monday, and requested Pakistan's help in bringing Iran back to the negotiating table, according to a Pakistani source",https://www.haaretz.com/middle-east-news/2026-08-24/ty-article/pakistans-army-chief-set-to-meet-people-close-to-khamenei-during-tehran-visit/000001a0-33d4-d268-a1fe-3bd43ea10000,Haaretz,Reuters,2026-08-24T16:54:49,2026-08-24 17:31:20.763753,https://www.haaretz.com/middle-east-news/2026-08-24/ty-article/pakistans-army-chief-set-to-meet-people-close-to-khamenei-during-tehran-visit/000001a0-33d4-d268-a1fe-3bd43ea10000
"'NAZA,' an Israeli documentary about Israel's actions in Gaza, to premiere at Venice Film Festival","Directed by Yuval Abraham and Rachel Szor, 'NAZA,' which derives its name from the Hebrew military acronym for collateral damage, is billed as showing 'in detail the systems behind Israel's calculated mass killing of Palestinian civilians in Gaza'",https://www.haaretz.com/life/film/2026-08-24/ty-article/.premium/naza-film-about-israels-actions-in-gaza-to-premiere-at-venice-film-festival/000001a0-3418-dfc3-abf8-b61e4d510000,Haaretz,Nirit Anderman,2026-08-24T17:05:21,2026-08-24 17:31:20.763722,https://www.haaretz.com/life/film/2026-08-24/ty-article/.premium/naza-film-about-israels-actions-in-gaza-to-premiere-at-venice-film-festival/000001a0-3418-dfc3-abf8-b61e4d510000
Resurrect the Altalena? Experts say Netanyahu's latest ploy may be dead in the Mediterranean,"The ship, carrying arms for a right-wing militia, was sunk 78 years ago on the orders of Israel's founders off Tel Aviv. A longtime symbol of the Israeli right, one maritime expert tells Haaretz of the perils of the 'extraordinarily complex and costly' salvage operation",https://www.haaretz.com/israel-news/israel-politics/2026-08-24/ty-article/.premium/resurrect-the-altalena-netanyahus-latest-ploy-may-be-dead-in-the-mediterranean/000001a0-3473-de46-a3a8-fc7bc2b90000,Haaretz,Ofer Aderet,2026-08-24T17:22:27,2026-08-24 17:31:20.763686,https://www.haaretz.com/israel-news/israel-politics/2026-08-24/ty-article/.premium/resurrect-the-altalena-netanyahus-latest-ploy-may-be-dead-in-the-mediterranean/000001a0-3473-de46-a3a8-fc7bc2b90000
Netherlands to boycott Eurovision for second year over Israel's participation,"A Dutch broadcaster said the contest cannot be considered neutral as long as Israel participates due to the humanitarian situation in Gaza, and called on the European Broadcasting Union to establish clear rules for countries involved in military conflicts",https://www.haaretz.com/world-news/europe/2026-08-24/ty-article/.premium/netherlands-to-boycott-eurovision-for-second-year-over-israels-participation/000001a0-34b1-d936-a7ac-3cbdc3170000,Haaretz,Haaretz,2026-08-24T17:26:37,2026-08-24 17:31:20.763624,https://www.haaretz.com/world-news/europe/2026-08-24/ty-article/.premium/netherlands-to-boycott-eurovision-for-second-year-over-israels-participation/000001a0-34b1-d936-a7ac-3cbdc3170000
Jewish musician appeals ruling on concert canceled over his ‘Zionist views’,"“For many Jews, Zionism is inseparable from our Judaism,” Mikey Pauker told JNS, arguing that discrimination over that relationship to Israel should not be dismissed as “political.”",https://www.jns.org/news/u-s-news/jewish-musician-appeals-ruling-on-concert-canceled-over-his-zionist-views,JNS,Aaron Bandler,2026-08-24T16:44:29,2026-08-24 17:31:10.497367,https://www.jns.org/news/u-s-news/jewish-musician-appeals-ruling-on-concert-canceled-over-his-zionist-views
University of Washington proposes student code of conduct changes amid destructive anti-Israel protests,The revisions would expand who can hear disciplinary appeals and broaden the university’s ability to sanction students involved in campus misconduct.,https://www.jns.org/news/u-s-news/university-of-washington-proposes-student-code-of-conduct-changes-amid-destructive-anti-israel-protests,JNS,Jessica Russak-Hoffman,2026-08-24T17:15:27,2026-08-24 17:31:10.497327,https://www.jns.org/news/u-s-news/university-of-washington-proposes-student-code-of-conduct-changes-amid-destructive-anti-israel-protests
Italy is having a Yiddish moment. An unprecedented I.J. Singer translation is part of the boom.,"(JTA) — In September 1932, Israel Joshua Singer boarded a ship bound for New York, where he had been invited to report on the United States for Yiddish-speaking Jews like himself. “Americans are a difficult people to understand,” the famed novelist wrote in one of his first articles from the U.S. “They have tried at... The post Italy is having a Yiddish moment. An unprecedented I.J. Singer translation is part of the boom. appeared first on The Forward .",https://forward.com/fast-forward/846125/italy-is-having-a-yiddish-moment-an-unprecedented-i-j-singer-translation-is-part-of-the-boom/,The Forward,Simone Somekh,2026-08-24T17:27:29,2026-08-24 17:31:03.828287,https://forward.com/?p=846125
Dreaming of a pragmatic West Asia from an ideological Middle East,"In 'West Asia: A New American Grand Strategy in the Middle East,' Mohammed Soliman argues that until October 7, a burgeoning 'Indo-Abrahamic' regional order was taking shape. Israel is now on the outside – can it find its way back?",https://www.haaretz.com/life/books/2026-08-24/ty-article-review/.premium/dreaming-of-a-pragmatic-west-asia-from-an-ideological-middle-east/000001a0-2eb5-d453-afbc-feb737cd0000,Haaretz,Gabriel Mitchell,2026-08-24T15:45:23,2026-08-24 16:37:42.894753,https://www.haaretz.com/life/books/2026-08-24/ty-article-review/.premium/dreaming-of-a-pragmatic-west-asia-from-an-ideological-middle-east/000001a0-2eb5-d453-afbc-feb737cd0000
20 Marvel stars call for Marwan Barghouti's release from Israeli jail,"Mark Ruffalo, Benedict Cumberbatch, Cate Blanchett, Tilda Swinton and Ian McKellen are among the signatories protesting Barghouti's imprisonment and treatment. He was sentenced in 2004 for planning attacks on Israelis",https://www.haaretz.com/middle-east-news/palestinians/2026-08-24/ty-article/.premium/twenty-marvel-stars-call-for-release-of-palestinian-leader-marwan-barghouti/000001a0-33f0-d36c-a3a8-33f21b1b0000,Haaretz,Ben Kroll,2026-08-24T15:56:48,2026-08-24 16:37:42.894716,https://www.haaretz.com/middle-east-news/palestinians/2026-08-24/ty-article/.premium/twenty-marvel-stars-call-for-release-of-palestinian-leader-marwan-barghouti/000001a0-33f0-d36c-a3a8-33f21b1b0000
Israeli airline Israir clears final hurdle to begin flying the Tel Aviv-New York route,"Following approval by the U.S. federal authority, the airline is due to begin service between Tel Aviv and New York's JFK International Airport on Oct. 19, although the carrier said it would consider beginning service before that",https://www.haaretz.com/israel-news/travel/news/2026-08-24/ty-article/.premium/israeli-airline-israir-clears-last-hurdle-to-fly-to-new-york/000001a0-3435-d02f-a9ed-7c7fa8ce0000,Haaretz,Ben Kroll,2026-08-24T16:02:59,2026-08-24 16:37:42.894686,https://www.haaretz.com/israel-news/travel/news/2026-08-24/ty-article/.premium/israeli-airline-israir-clears-last-hurdle-to-fly-to-new-york/000001a0-3435-d02f-a9ed-7c7fa8ce0000
"Israeli Election Committee overrules AG, lets Ben-Gvir attend police confab","In his decision, Noam Sohlberg, the chairman of the Central Elections Committee, explained that he received the national security minister's pledge 'not to deliver electioneering remarks at the event'",https://www.haaretz.com/israel-news/israel-politics/2026-08-24/ty-article/israeli-election-committee-overrules-ag-lets-ben-gvir-attend-police-confab/000001a0-338b-dfd7-a5a1-33dffdcb0000,Haaretz,Josh Breiner,2026-08-24T16:12:24,2026-08-24 16:37:42.894652,https://www.haaretz.com/israel-news/israel-politics/2026-08-24/ty-article/israeli-election-committee-overrules-ag-lets-ben-gvir-attend-police-confab/000001a0-338b-dfd7-a5a1-33dffdcb0000
"'Ready for the backlash?' Hasan Piker talks Hamas, anti-Zionism and why Americans are fed up with Israel","In his first interview with Israeli media, left-wing streamer Hasan Piker tells Haaretz that October 7 must be seen in the context of the Israeli occupation, that even liberal Zionists should be 'named and shamed,' and explains why most Americans just don't like Israel anymore",https://www.haaretz.com/us-news/2026-08-24/ty-article-magazine/.premium/hasan-piker-talks-hamas-anti-zionism-and-why-americans-are-fed-up-with-israel/000001a0-29fd-d293-a1e7-39fdf95c0000,Haaretz,Etan Nechin,2026-08-24T16:22:35,2026-08-24 16:37:42.894615,https://www.haaretz.com/us-news/2026-08-24/ty-article-magazine/.premium/hasan-piker-talks-hamas-anti-zionism-and-why-americans-are-fed-up-with-israel/000001a0-29fd-d293-a1e7-39fdf95c0000
NYPD commissioner pledges support for Jewish New Yorkers after synagogue attack,"“Jewish families will not be told to accept fear as the price of practicing their faith,” Jessica Tisch told worshippers at Manhattan’s Central Synagogue one week after an alleged hate-motivated attack disrupted Shabbat services.",https://www.jns.org/news/u-s-news/nypd-commissioner-pledges-support-for-jewish-new-yorkers-after-synagogue-attack,JNS,Rebecca Szlechter,2026-08-24T15:45:26,2026-08-24 16:37:36.202373,https://www.jns.org/news/u-s-news/nypd-commissioner-pledges-support-for-jewish-new-yorkers-after-synagogue-attack
Don’t answer the antisemites; it’s a political war,Arguing against antisemitic lies is futile. Antisemitism must be confronted for what it has become: a political weapon against Jews and the Jewish state.,https://www.jns.org/opinion/column/fiamma-nirenstein/dont-answer-the-antisemites-its-a-political-war,JNS,Fiamma Nirenstein,2026-08-24T16:24:49,2026-08-24 16:37:36.202328,https://www.jns.org/opinion/column/fiamma-nirenstein/dont-answer-the-antisemites-its-a-political-war
Pro-Palestinian groups plan Labour conference protests to push U.K. Gaza genocide recognition,"Pro-Palestinian groups are set to mobilize at Labour's annual conference next month, pressing Prime Minister Andy Burnham to adopt a series of measures against Israel",https://www.haaretz.com/world-news/europe/2026-08-24/ty-article/.premium/u-k-leftists-plan-labour-party-protests-to-push-gaza-genocide-recognition/000001a0-343e-de46-a3a8-fc3fd9f30000,Haaretz,Ben Kroll,2026-08-24T14:56:04,2026-08-24 15:39:24.667455,https://www.haaretz.com/world-news/europe/2026-08-24/ty-article/.premium/u-k-leftists-plan-labour-party-protests-to-push-gaza-genocide-recognition/000001a0-343e-de46-a3a8-fc3fd9f30000
A moderate Arab leader spoke of a Palestinian state. Israeli politicians didn't listen to a word,Netanyahu seized upon ordinary remarks by Mansour Abbas. His main contender Eisenkot fell right into the trap,https://www.haaretz.com/israel-news/2026-08-24/ty-article-magazine/.premium/a-moderate-arab-leader-spoke-of-palestine-israeli-politicians-wouldnt-listen/000001a0-33f4-d936-a7ac-3bfd39ba0000,Haaretz,Dahlia Scheindlin,2026-08-24T15:26:32,2026-08-24 15:39:24.667425,https://www.haaretz.com/israel-news/2026-08-24/ty-article-magazine/.premium/a-moderate-arab-leader-spoke-of-palestine-israeli-politicians-wouldnt-listen/000001a0-33f4-d936-a7ac-3bfd39ba0000
Snakes on a plate: Could reptile consumption have freed us to settle down?,"Lizards and snakes comprised almost a third of the Natufian diet in northern Israel 15,000 years ago, but that doesn't mean eating them was a choice",https://www.haaretz.com/archaeology/2026-08-24/ty-article-magazine/snakes-on-a-plate-could-reptile-consumption-have-freed-us-to-settle-down/000001a0-32f1-d9cb-a3f3-3af3bd450000,Haaretz,Ruth Schuster,2026-08-24T15:28:25,2026-08-24 15:39:24.667390,https://www.haaretz.com/archaeology/2026-08-24/ty-article-magazine/snakes-on-a-plate-could-reptile-consumption-have-freed-us-to-settle-down/000001a0-32f1-d9cb-a3f3-3af3bd450000
In praise of difficult languages,"די גאַנצע וועלט מיינט, אַז לערנען זיך ענגליש איז גרינג ווײַל ענגליש האָט אַזוי ווינציק סופֿיקסן: כּמעט אַלע סובסטאַנטיוון פֿורעמען דעם פּלוראַל אויף -s; ווערבאַלע קאָניוגאַציעס זענען זייער פּשוט; נישטאָ קיין גראַמאַטישער מין, בשעת פֿראַנצייזיש און שפּאַניש האָבן צו צוויי גראַמאַטישע מינים און רײַכע ווערבאַלע קאָניוגאַציעס. וואָס שייך דײַטשיש און ייִדיש האָבן זיי אַלץ וואָס... The post In praise of difficult languages appeared first on The Forward .",https://forward.com/yiddish/846509/in-praise-of-difficult-languages/,The Forward,הערשל גלעזער,2026-08-24T15:10:17,2026-08-24 15:39:10.088329,https://forward.com/?p=846509
Your Daily Phil: Preparedness empowers: CSS-MDA partnership highlights expanding layer in community security,"In today’s edition ofYour Daily Phil, we report on the newly minted partnership betweenCommunity Security ServiceandMagen David Adom,Ohels sale ofCamp Lavito a for-profit group led by the camp’s former director and a key finding from a newAnti-Defamation Leaguestudy. We feature an opinion piece byArieh Milleraddressing a gap between leadership training and leadership opportunities in the... Read More The post Your Daily Phil: Preparedness empowers: CSS-MDA partnership highlights expanding layer in community security appeared first on eJewishPhilanthropy .",https://ejewishphilanthropy.com/your-daily-phil-preparedness-empowers-css-mda-partnership-highlights-expanding-layer-in-community-security/,eJewish Philanthropy,EJP,2026-08-24T14:58:37,2026-08-24 15:39:04.913423,https://ejewishphilanthropy.com/?p=179020
Jewish space lasers? How about Israeli 'Rods from God',"Israel's defense minister is widely regarded as unserious, but experts say he may be onto something with his vision of space-to-ground capabilities, not merely missile defense",https://www.haaretz.com/israel-news/security-aviation/2026-08-24/ty-article-magazine/.premium/the-real-jewish-space-lasers-will-israel-deploy-offensive-weapons-in-orbit/000001a0-3345-d7ba-aff3-b3c7a1320000,Haaretz,Oded Yaron,2026-08-24T13:56:12,2026-08-24 14:42:05.089431,https://www.haaretz.com/israel-news/security-aviation/2026-08-24/ty-article-magazine/.premium/the-real-jewish-space-lasers-will-israel-deploy-offensive-weapons-in-orbit/000001a0-3345-d7ba-aff3-b3c7a1320000
Netanyahu claims 'fascist' rivals will 'shut down the internet' if elected,"Netanyahu urged right-wing voters to shun smaller parties, warning they could 'bring the left to power,' invoking the 1992 election that led to Oslo and preceded Rabin's assassination",https://www.haaretz.com/israel-news/elections/2026-08-24/ty-article/.premium/netanyahu-claims-fascist-rivals-will-shut-down-the-internet-if-elected/000001a0-3424-d36c-a3a8-36b617260000,Haaretz,Haaretz,2026-08-24T14:25:40,2026-08-24 14:42:05.089399,https://www.haaretz.com/israel-news/elections/2026-08-24/ty-article/.premium/netanyahu-claims-fascist-rivals-will-shut-down-the-internet-if-elected/000001a0-3424-d36c-a3a8-36b617260000
Netanyahu's surprise concert appearance confirms he's entered his Fat Elvis era,"Benjamin and Sara Netanyahu's surprise appearance at Mediterranean pop star Eden Ben Zaken's concert laid bare how the prime minister sees Israelis: not as citizens, but as subjects – a captive audience of die-hard, uncritical fans",https://www.haaretz.com/life/2026-08-24/ty-article-magazine/.premium/netanyahus-surprise-concert-appearance-confirms-hes-entered-his-fat-elvis-era/000001a0-32c7-d176-aba8-76ff3da30000,Haaretz,Nissan Shor,2026-08-24T14:38:39,2026-08-24 14:42:05.089361,https://www.haaretz.com/life/2026-08-24/ty-article-magazine/.premium/netanyahus-surprise-concert-appearance-confirms-hes-entered-his-fat-elvis-era/000001a0-32c7-d176-aba8-76ff3da30000
Adolph & Rose Levis JCC enters new chapter with building purchase and major renovation,The $9 million renovation of the main building on the Toby & Leon Cooperman Campus is expected to be completed this fall.,https://www.jns.org/wire/Adolph-and-Rose-Levis-JCC/adolph-rose-levis-jcc-enters-new-chapter-with-building-purchase-and-major-renovation,JNS,,2026-08-24T13:53:16,2026-08-24 14:41:58.064355,https://www.jns.org/wire/Adolph-and-Rose-Levis-JCC/adolph-rose-levis-jcc-enters-new-chapter-with-building-purchase-and-major-renovation
US should deport one of South Africa’s top antisemites,Redi Tlhabi has spent nine years waiting to be judged by her words. The U.S. Secretary of State should do so.,https://www.jns.org/opinion/lawrence-nowosenetz/us-should-deport-one-of-south-africas-top-antisemites,JNS,Lawrence Nowosenetz,2026-08-24T14:30:00,2026-08-24 14:41:58.064312,https://www.jns.org/opinion/lawrence-nowosenetz/us-should-deport-one-of-south-africas-top-antisemites
Preparedness empowers: CSS-MDA partnership highlights expanding layer in community security,"Five minutes. That’s how quickly a severe hemorrhage can become fatal if a major artery is involved and no intervention occurs, according to the Stop the Bleed, the emergency response curriculum developed after the Sandy Hook mass shooting. If that figure is unsettling, consider this: The median response time for emergency responders in the U.S.... Read More The post Preparedness empowers: CSS-MDA partnership highlights expanding layer in community security appeared first on eJewishPhilanthropy .",https://ejewishphilanthropy.com/preparedness-empowers-css-mda-partnership-highlights-expanding-layer-in-community-security/,eJewish Philanthropy,Rachel Kohn,2026-08-24T13:57:18,2026-08-24 14:41:45.906845,https://ejewishphilanthropy.com/?p=179128
From Armenia to Gaza: The language of denial that makes atrocities possible,"From Nazi 'language rules' to the American military's 'collateral damage' and Israel's 'voluntary migration' policy for Gaza, euphemisms do more than conceal crimes. They allow ordinary people to live with them",https://www.haaretz.com/opinion/2026-08-24/ty-article-opinion/.premium/from-armenia-to-gaza-the-language-of-denial-that-makes-atrocities-possible/000001a0-32e7-d9cb-a3f3-3af77f630000,Haaretz,Daniel Blatman,2026-08-24T10:10:53,2026-08-24 13:52:03.154723,https://www.haaretz.com/opinion/2026-08-24/ty-article-opinion/.premium/from-armenia-to-gaza-the-language-of-denial-that-makes-atrocities-possible/000001a0-32e7-d9cb-a3f3-3af77f630000
Pro-Palestinian protesters sentenced over blocking Golden Gate Bridge traffic in 2024,Seven pro-Palestinian protestors saying they acted out of a moral responsibility to oppose U.S. support for Israeli strikes on Gaza were sentenced to 30 days in San Francisco County jail over blocking traffic on the Golden Gate Bridge,https://www.haaretz.com/us-news/2026-08-24/ty-article/pro-palestinian-protesters-sentenced-over-blocking-golden-gate-bridge-in-2024/000001a0-3374-d453-afbc-ff770c720000,Haaretz,Reuters,2026-08-24T12:45:31,2026-08-24 13:52:03.154688,https://www.haaretz.com/us-news/2026-08-24/ty-article/pro-palestinian-protesters-sentenced-over-blocking-golden-gate-bridge-in-2024/000001a0-3374-d453-afbc-ff770c720000
A stunt or a seismic shift: Will Iran join the Saudi-led defense pact?,Iran says it was invited to join the Pakistan-Saudi-Turkish defense pact. Would Trump accept Tehran's regional legitimacy in exchange for Gulf stability – over Israeli and Gulf objections?,https://www.haaretz.com/middle-east-news/2026-08-24/ty-article/.premium/what-will-trump-do-if-iran-joins-the-saudi-pakistani-turkish-defense-pact/000001a0-32cb-d453-afbc-feef5c600000,Haaretz,Ksenia Svetlova,2026-08-24T12:55:41,2026-08-24 13:52:03.154655,https://www.haaretz.com/middle-east-news/2026-08-24/ty-article/.premium/what-will-trump-do-if-iran-joins-the-saudi-pakistani-turkish-defense-pact/000001a0-32cb-d453-afbc-feef5c600000
Netanyahu says top opposition candidate Eisenkot will form 'fascist regime' if wins election,"Netanyahu, warning against Yashar party leader Gadi Eisenkot winning Israel's October election, invoked Israel's 1992 election, which led to the assassinated Prime Minister Yitzhak Rabin signing the Oslo Accords with Palestinian President Yasser Arafat",https://www.haaretz.com/israel-news/elections/2026-08-24/ty-article/.premium/netanyahu-says-top-rival-eisenkot-would-form-fascist-regime-if-elected/000001a0-3360-dc1a-abac-f3f209040000,Haaretz,Haaretz,2026-08-24T13:43:45,2026-08-24 13:52:03.154614,https://www.haaretz.com/israel-news/elections/2026-08-24/ty-article/.premium/netanyahu-says-top-rival-eisenkot-would-form-fascist-regime-if-elected/000001a0-3360-dc1a-abac-f3f209040000
Totalitarianism has concluded an alliance with irony,Today’s antisemitism is all the more dangerous because it is so ridiculous.,https://www.jns.org/opinion/column/benjamin-kerstein/totalitarianism-has-concluded-an-alliance-with-irony,JNS,Benjamin Kerstein,2026-08-24T13:00:00,2026-08-24 13:51:56.149246,https://www.jns.org/opinion/column/benjamin-kerstein/totalitarianism-has-concluded-an-alliance-with-irony
NYPD chief pledges to protect Jews at Central Synagogue one week after Shabbat attack,"(JTA) — New York City Police Commissioner Jessica Tisch said she felt a “deeply personal” commitment to protect Jews in a speech at Central Synagogue, where she is a member, in the aftermath of an attack during Shabbat services there. Tisch addressed the Reform synagogue in Midtown Manhattan during its Friday evening prayers a week... The post NYPD chief pledges to protect Jews at Central Synagogue one week after Shabbat attack appeared first on The Forward .",https://forward.com/fast-forward/846488/nypd-chief-pledges-to-protect-jews-at-central-synagogue-one-week-after-shabbat-attack/,The Forward,Shira Li Bartov,2026-08-24T12:55:43,2026-08-24 13:51:49.372965,https://forward.com/?p=846488
Israel slammed for closing probe into killing of seven World Central Kitchen workers,"(JTA) — TEL AVIV — The United Kingdom, Canada and Australia jointly condemned Israel for declining to open a criminal probe into the April 2024 killing of seven World Central Kitchen workers in Deir al-Balah. The three countries, whose citizens were among the dead, called the decision “shameful,” adding that “the victims of this incident... The post Israel slammed for closing probe into killing of seven World Central Kitchen workers appeared first on The Forward .",https://forward.com/fast-forward/846473/israel-slammed-for-closing-probe-into-killing-of-seven-world-central-kitchen-workers/,The Forward,Theia Chatelle,2026-08-24T11:39:32,2026-08-24 12:50:45.189846,https://forward.com/?p=846473
NYPD chief pledges to protect Jews at Central Synagogue days after Shabbat attack,"Police Commissioner Jessica Tisch called herself ""a proud Jew and a lifelong member of this congregation."" -- The post NYPD chief pledges to protect Jews at Central Synagogue days after Shabbat attack appeared first on Jewish Telegraphic Agency .",https://www.jta.org/2026/08/24/ny/nypd-chief-pledges-to-protect-jews-at-central-synagogue-days-after-shabbat-attack,JTA,Shira Li Bartov,2026-08-24T12:48:01,2026-08-24 12:50:42.620550,https://www.jta.org/?p=1906647
Food lovers wait all year for this Druze farmer's heirloom eggplant,"In a village in the Golan Heights, Salman Sharf is one of the last farmers still growing heirloom eggplants by traditional methods. The local Druze use them to make an irresistible stuffed delicacy",https://www.haaretz.com/food/2026-08-24/ty-article-magazine/.premium/food-lovers-wait-all-year-for-this-druze-farmers-heirloom-eggplant/000001a0-3284-d9cb-a3f3-3af735470000,Haaretz,Ronit Vered,2026-08-24T09:45:58,2026-08-24 11:29:08.218489,https://www.haaretz.com/food/2026-08-24/ty-article-magazine/.premium/food-lovers-wait-all-year-for-this-druze-farmers-heirloom-eggplant/000001a0-3284-d9cb-a3f3-3af735470000
U.S. envoy walks back Golan Heights comments that contradicted Trump's position,"Tom Barrack reaffirmed Trump's recognition of the Israeli annexation of the Golan Heights after saying Friday that Israel 'still' occupies the territory. Speaking to the Associated Press, Barrack said his comments do not endorse the UN position on the territory",https://www.haaretz.com/middle-east-news/syria/2026-08-24/ty-article/u-s-envoy-walks-back-golan-heights-comments-that-contradicted-trumps-position/000001a0-332a-ddec-a7a5-37fe121c0000,Haaretz,The Associated Press,2026-08-24T11:24:15,2026-08-24 11:29:08.218449,https://www.haaretz.com/middle-east-news/syria/2026-08-24/ty-article/u-s-envoy-walks-back-golan-heights-comments-that-contradicted-trumps-position/000001a0-332a-ddec-a7a5-37fe121c0000
Living in pain,"A young reservist leaves Sheba or Ichilov Hospital with a new prosthetic, a folder of discharge paperwork and a bottle of painkillers. His physical therapy went well. His surgeons are satisfied. By every measure the hospital tracks, he is a success story. Then he goes home. Almost no one in the philanthropic world is looking... Read More The post Living in pain appeared first on eJewishPhilanthropy .",https://ejewishphilanthropy.com/living-in-pain/,eJewish Philanthropy,Aviad Yisraeli,2026-08-24T11:08:00,2026-08-24 11:28:49.212456,https://ejewishphilanthropy.com/?p=179105
From Armenia to Gaza: The language of denial that make atrocities possible,"From Nazi 'language rules' to the American military's 'collateral damage' and Israel's 'voluntary migration' policy for Gaza, euphemisms do more than conceal crimes. They allow ordinary people to live with them",https://www.haaretz.com/opinion/2026-08-24/ty-article-opinion/.premium/from-armenia-to-gaza-the-language-of-denial-that-make-atrocities-possible/000001a0-32e7-d9cb-a3f3-3af77f630000,Haaretz,Daniel Blatman,2026-08-24T10:10:53,2026-08-24 10:37:24.576763,https://www.haaretz.com/opinion/2026-08-24/ty-article-opinion/.premium/from-armenia-to-gaza-the-language-of-denial-that-make-atrocities-possible/000001a0-32e7-d9cb-a3f3-3af77f630000
A desperate Netanyahu is firing at all fronts to win the election. Even Trump has had enough,,https://www.haaretz.com/israel-news/podcasts/2026-08-24/ty-article-podcast/a-desperate-netanyahu-is-firing-at-all-fronts-to-win-the-election/000001a0-32e4-dc1a-abac-f2f635150000,Haaretz,Haaretz Podcast,2026-08-24T10:13:15,2026-08-24 10:37:24.576646,https://www.haaretz.com/israel-news/podcasts/2026-08-24/ty-article-podcast/a-desperate-netanyahu-is-firing-at-all-fronts-to-win-the-election/000001a0-32e4-dc1a-abac-f2f635150000
Altalena shipwreck found intact underwater 78 years after IDF sank Irgun vessel,"The vessel was found 500 meters underwater, over seven decades after it was was brought to Israel's coast by the Irgun militia loaded with weapons and fighters. Ben-Gurion saw it as a threat to the state's sovereignty and ordered it to be fired upon",https://www.haaretz.com/jewish/history/2026-08-24/ty-article/.premium/altalena-shipwreck-found-intact-underwater-78-years-after-idf-sank-irgun-vessel/000001a0-32c2-df45-a1a5-b7efcf090000,Haaretz,Jonathan Lis,2026-08-24T08:25:35,2026-08-24 09:48:05.213910,https://www.haaretz.com/jewish/history/2026-08-24/ty-article/.premium/altalena-shipwreck-found-intact-underwater-78-years-after-idf-sank-irgun-vessel/000001a0-32c2-df45-a1a5-b7efcf090000
"This 84-year-old Druze farmer's Levantine eggplant is so prized, there's a waiting list","In a village in the Golan Heights, Salman Sharf is one of the last farmers still growing heirloom eggplants by traditional methods. The local Druze use them to make an irresistible stuffed delicacy",https://www.haaretz.com/food/2026-08-24/ty-article-magazine/.premium/this-druze-farmers-levantine-eggplant-is-so-prized-theres-a-waiting-list/000001a0-3284-d9cb-a3f3-3af735470000,Haaretz,Ronit Vered,2026-08-24T09:45:58,2026-08-24 09:48:05.213882,https://www.haaretz.com/food/2026-08-24/ty-article-magazine/.premium/this-druze-farmers-levantine-eggplant-is-so-prized-theres-a-waiting-list/000001a0-3284-d9cb-a3f3-3af735470000
‘An organization like Mossad must think big’,"After Mossad chief Roman Gofman removed two senior officials tied to a reported failed Iran regime-change plan, former Israeli intelligence officials share their reactions with JNS.",https://www.jns.org/analysis/an-organization-like-mossad-must-think-big,JNS,Yaakov Lappin,2026-08-24T08:53:11,2026-08-24 09:47:58.258678,https://www.jns.org/analysis/an-organization-like-mossad-must-think-big
The threat of ‘de-Judaification’,The exclusion of Jews from civic life happened in Germany. It happened in the Soviet Union. Now it’s happening here.,https://www.jns.org/opinion/richard-kronenfeld/the-threat-of-de-judaification,JNS,Richard Kronenfeld,2026-08-24T09:30:00,2026-08-24 09:47:58.258659,https://www.jns.org/opinion/richard-kronenfeld/the-threat-of-de-judaification
"1,600-year-old Samson mosaic goes on public display in Galilee",The artwork depicts scenes from the Book of Judges.,https://www.jns.org/news/israel-news/1-600-year-old-samson-mosaic-goes-on-public-display-in-galilee,JNS,Eitan Elhadez-Barak/TPS-IL,2026-08-24T09:31:24,2026-08-24 09:47:58.258634,https://www.jns.org/news/israel-news/1-600-year-old-samson-mosaic-goes-on-public-display-in-galilee
Swiss police probe 'death to Zionism' rally in Basel,"The unauthorized event, whose organizers are unknown, is timed to take place on the 129th anniversary of Herzl's 1st Zionist Congress.",https://www.jns.org/news/world/swiss-police-probe-death-to-zionism-rally-in-basel,JNS,Canaan Lidor,2026-08-24T09:37:43,2026-08-24 09:47:58.258618,https://www.jns.org/news/world/swiss-police-probe-death-to-zionism-rally-in-basel
Israel locates Altalena shipwreck off coast 78 years later,"The Heritage Ministry found the sunken Irgun vessel intact at a depth of 1,650 feet during an operation conducted with oceanographic researchers.",https://www.jns.org/news/israel-news/israel-locates-altalena-shipwreck-off-coast-78-years-later,JNS,JNS Staff,2026-08-24T09:42:36,2026-08-24 09:47:58.258594,https://www.jns.org/news/israel-news/israel-locates-altalena-shipwreck-off-coast-78-years-later
Some of My Best Friends Are Jewish: Mark Ruffalo and the Anatomy of a Modern Blood Libel,"What Ruffalo actually did was take a family’s business decision, an American company buying an American media conglomerate, and launder it through Israel to try and make it seem sinister. The post Some of My Best Friends Are Jewish: Mark Ruffalo and the Anatomy of a Modern Blood Libel appeared first on Jewish Journal .",https://jewishjournal.com/commentary/opinion/391492/some-of-my-best-friends-are-jewish-mark-ruffalo-and-the-anatomy-of-a-modern-blood-libel/,Jewish Journal,Micha Danzig,2026-08-24T08:53:41,2026-08-24 09:47:55.939112,https://jewishjournal.com/?p=391492
Mark Ruffalo Once Admitted the “Genocide” Libel Fuels Antisemitism. Now He’s Doing It Again?,The most devastating rebuttal to Mark Ruffalo in 2026 comes from Mark Ruffalo himself in 2021. The post Mark Ruffalo Once Admitted the “Genocide” Libel Fuels Antisemitism. Now He’s Doing It Again? appeared first on Jewish Journal .,https://jewishjournal.com/commentary/opinion/391496/mark-ruffalo-once-admitted-the-genocide-libel-fuels-antisemitism-now-hes-doing-it-again/,Jewish Journal,Rabbi Shmuley Boteach,2026-08-24T09:07:02,2026-08-24 09:47:55.939073,https://jewishjournal.com/?p=391496
Israel slammed for closing probe into killing of seven World Central Kitchen workers,"IDF to investigate killing of Hind Rajab, 5, in Gaza in January 2024. -- The post Israel slammed for closing probe into killing of seven World Central Kitchen workers appeared first on Jewish Telegraphic Agency .",https://www.jta.org/2026/08/24/default/israel-slammed-for-closing-probe-into-killing-of-seven-world-central-kitchen-workers,JTA,Theia Chatelle,2026-08-24T08:54:29,2026-08-24 09:47:49.137757,https://www.jta.org/?p=1906601
‘Future leader’: It’s not the compliment we think it is,"Picture an apprentice carpenter. She learns to translate architectural drawings into physical structures; how timber, steel and concrete respond differently under weight and force; and the regulations governing how to build a structure safely. All of it is necessary — indeed, it is vital — but none of it makes her a carpenter. She becomes... Read More The post ‘Future leader’: It’s not the compliment we think it is appeared first on eJewishPhilanthropy .",https://ejewishphilanthropy.com/future-leader-its-not-the-compliment-we-think-it-is/,eJewish Philanthropy,Contributing Author,2026-08-24T09:29:00,2026-08-24 09:47:46.734411,https://ejewishphilanthropy.com/?p=179099
"78 years after IDF sank right-wing militia Irgun's Altalena, wreck found intact underwater","The Irgun brought the ship, loaded with weapons, to Israel's shores. In the days after the dismantling of the underground militias, Ben-Gurion viewed the Altalena as a threat to the state's sovereignty and ordered it to be fired upon. Three Israel Defense Forces soldiers and 16 Irgun activists were killed",https://www.haaretz.com/jewish/history/2026-08-24/ty-article/.premium/78-years-after-idf-sank-irguns-altalena-wreck-found-intact-underwater/000001a0-32c2-df45-a1a5-b7efcf090000,Haaretz,Jonathan Lis,2026-08-24T08:25:35,2026-08-24 08:48:35.895851,https://www.haaretz.com/jewish/history/2026-08-24/ty-article/.premium/78-years-after-idf-sank-irguns-altalena-wreck-found-intact-underwater/000001a0-32c2-df45-a1a5-b7efcf090000
IDF slays Hamas commander involved in rebuilding Gaza terrorist capabilities,"In a separate incident, a Nukhba Force platoon commander was struck in the Khan Yunis area in the Strip's south.",https://www.jns.org/news/israel-news/idf-slays-hamas-commander-involved-in-rebuilding-gaza-terrorist-capabilities,JNS,JNS Staff,2026-08-24T08:39:28,2026-08-24 08:48:29.029752,https://www.jns.org/news/israel-news/idf-slays-hamas-commander-involved-in-rebuilding-gaza-terrorist-capabilities
"US envoy walks back Golan remarks, cites Trump policy",Ambassador Tom Barrack clarified his comments regarding Israeli control of the strategic plateau after drawing rebukes from Jerusalem and Capitol Hill.,https://www.jns.org/news/israel-news/us-envoy-walks-back-golan-remarks-cites-trump-policy,JNS,JNS Staff,2026-08-24T07:03:24,2026-08-24 07:57:55.600341,https://www.jns.org/news/israel-news/us-envoy-walks-back-golan-remarks-cites-trump-policy
"Netanyahu, Katz order zero-tolerance response to Gaza kites","“If the launches continue—powerful actions will be taken to put an end to the phenomenon,” Israel's defense minister said.",https://www.jns.org/news/israel-news/netanyahu-katz-order-zero-tolerance-response-to-gaza-kites,JNS,JNS Staff,2026-08-24T07:24:53,2026-08-24 07:57:55.600312,https://www.jns.org/news/israel-news/netanyahu-katz-order-zero-tolerance-response-to-gaza-kites
"Israel, Syria hold high-level talks in Jordan after airstrikes in Idlib",The sides discussed a U.S.-supervised communication mechanism involving Ankara that would prevent escalation in Syrian territory.,https://www.jns.org/news/israel-news/israel-syria-hold-high-level-talks-in-jordan-after-airstrikes-in-idlib,JNS,JNS Staff,2026-08-24T07:35:43,2026-08-24 07:57:55.600271,https://www.jns.org/news/israel-news/israel-syria-hold-high-level-talks-in-jordan-after-airstrikes-in-idlib
Israel is wasting one of its greatest educational opportunities: summer,"Youth movements, teachers, municipalities and civil-society organizations could join forces with Jewish camps, foundations and educational institutions abroad.",https://www.jns.org/opinion/shira-tzachi/israel-is-wasting-one-of-its-greatest-educational-opportunities-summer,JNS,Shira Tzachi,2026-08-24T06:15:00,2026-08-24 06:58:35.407341,https://www.jns.org/opinion/shira-tzachi/israel-is-wasting-one-of-its-greatest-educational-opportunities-summer
"Trump's ‘economic D-Day’ against Iran to get underway, says Bessent","The U.S. Treasury secretary described the campaign as “the single greatest financial offensive ever marshaled against an adversary.""",https://www.jns.org/news/world/trumps-economic-d-day-against-iran-to-get-underway-says-bessent,JNS,,2026-08-24T06:35:18,2026-08-24 06:58:35.407310,https://www.jns.org/news/world/trumps-economic-d-day-against-iran-to-get-underway-says-bessent
Israel to deny entry to Swedish EU lawmakers over hostile activity,"MEPs Jonas Sjöstedt and Hanna Gedin consistently acted against the Jewish state, the Foreign Ministry in Jerusalem said.",https://www.jns.org/news/israel-news/israel-to-deny-entry-to-swedish-eu-lawmakers-over-hostile-activity,JNS,TPS-IL Staff,2026-08-24T05:24:30,2026-08-24 05:38:19.351396,https://www.jns.org/news/israel-news/israel-to-deny-entry-to-swedish-eu-lawmakers-over-hostile-activity
Syria tells Israel it won't limit military buildup in security deal talks,"Syrian state media said Damascus insisted on its right to develop its military and maintain foreign alliances, while seeking an end to Israeli strikes and a withdrawal to lines held before December 2024",https://www.haaretz.com/israel-news/israel-security/2026-08-24/ty-article/syria-tells-israel-it-wont-limit-military-buildup-in-security-deal-talks/000001a0-308d-dc1a-abac-f2ffa0080000,Haaretz,Jack Khoury,2026-08-23T21:52:13,2026-08-24 04:00:43.920187,https://www.haaretz.com/israel-news/israel-security/2026-08-24/ty-article/syria-tells-israel-it-wont-limit-military-buildup-in-security-deal-talks/000001a0-308d-dc1a-abac-f2ffa0080000
Police arrest two on suspicion of assaulting elderly W. Bank Palestinian amputee,,https://www.haaretz.com/israel-news/israel-security/2026-08-24/ty-article-live/police-arrest-two-on-suspicion-of-assaulting-elderly-w-bank-palestinian-amputee/000001a0-3188-dc1a-abac-f3fa2dfc0000,Haaretz,Haaretz,2026-08-24T02:12:10,2026-08-24 03:03:45.788815,https://www.haaretz.com/israel-news/israel-security/2026-08-24/ty-article-live/police-arrest-two-on-suspicion-of-assaulting-elderly-w-bank-palestinian-amputee/000001a0-3188-dc1a-abac-f3fa2dfc0000
"Almost three years after October 7, can Kibbutz Nir Oz rebuild without families with children?","Almost three years after the October 7 massacre, the kibbutz that lost a third of its members is coming back to life. Yet despite the return of veteran members and an influx of newcomers, few young families are choosing to settle there",https://www.haaretz.com/israel-news/israel-security/2026-08-24/ty-article-magazine/.premium/almost-three-years-after-october-7-can-nir-oz-rebuild-without-children/000001a0-2d88-de14-a5be-eddefabd0000,Haaretz,Nir Hasson,2026-08-23T23:56:26,2026-08-24 01:18:19.656505,https://www.haaretz.com/israel-news/israel-security/2026-08-24/ty-article-magazine/.premium/almost-three-years-after-october-7-can-nir-oz-rebuild-without-children/000001a0-2d88-de14-a5be-eddefabd0000
"Burned homes, blood feuds and a fear of what 'Israelization' could bring to East Jerusalem","Three killed in a conflict between two families in Silwan raise fears among East Jerusalem residents of a rise in violence, to a level similar to that in Israel's Arab community. Meanwhile, the police appear to be making every possible mistake and preventing attempts to calm tensions.",https://www.haaretz.com/israel-news/israel-crime/2026-08-24/ty-article/.premium/deadly-silwan-feud-raises-grim-question-about-israelization-in-east-jerusalem/000001a0-2fef-d204-a9b4-afffaf260000,Haaretz,Nir Hasson,2026-08-24T00:12:14,2026-08-24 01:18:19.656479,https://www.haaretz.com/israel-news/israel-crime/2026-08-24/ty-article/.premium/deadly-silwan-feud-raises-grim-question-about-israelization-in-east-jerusalem/000001a0-2fef-d204-a9b4-afffaf260000
The ultimate test: Can the IDF Chief resist Netanyahu's election-year war push?,"The prime minister is not the military's commander in chief, and Israeli generals have challenged him before. With an election two months away, Eyal Zamir must be prepared to do so again",https://www.haaretz.com/opinion/2026-08-24/ty-article-opinion/.premium/the-ultimate-test-can-the-idf-chief-resist-netanyahus-election-year-war-push/000001a0-2f7c-d7ba-aff3-bffed7c20000,Haaretz,Ofer Shelah,2026-08-24T00:57:16,2026-08-24 01:18:19.656453,https://www.haaretz.com/opinion/2026-08-24/ty-article-opinion/.premium/the-ultimate-test-can-the-idf-chief-resist-netanyahus-election-year-war-push/000001a0-2f7c-d7ba-aff3-bffed7c20000
The last thing Israel needs is another leader afraid to say 'Palestinian state',Israel's political leaders treat the mere mention of a Palestinian state as a threat. But anyone seeking to replace Netanyahu must offer Israelis a different path – not just a different prime minister,https://www.haaretz.com/opinion/editorial/2026-08-24/ty-article-opinion/the-last-thing-israel-needs-is-another-leader-afraid-to-say-palestinian-state/000001a0-302f-dc1a-abac-f2ff357a0000,Haaretz,Haaretz Editorial,2026-08-24T01:00:43,2026-08-24 01:18:19.656429,https://www.haaretz.com/opinion/editorial/2026-08-24/ty-article-opinion/the-last-thing-israel-needs-is-another-leader-afraid-to-say-palestinian-state/000001a0-302f-dc1a-abac-f2ff357a0000
Israel's former Labor Party leader announces pancreatic cancer diagnosis,"Former Labor Party chair, Shelly Yacimovich, said she was diagnosed with cancer eight months ago and is currently undergoing chemotherapy treatments: 'Luckily, I was diagnosed at an early stage'",https://www.haaretz.com/israel-news/israel-politics/2026-08-24/ty-article/.premium/israels-former-labor-party-leader-announces-pancreatic-cancer-diagnosis/000001a0-3015-d9cb-a3f3-38f723be0000,Haaretz,Haaretz,2026-08-24T01:06:06,2026-08-24 01:18:19.656395,https://www.haaretz.com/israel-news/israel-politics/2026-08-24/ty-article/.premium/israels-former-labor-party-leader-announces-pancreatic-cancer-diagnosis/000001a0-3015-d9cb-a3f3-38f723be0000
Spanish case: Moral disengagement and antisemitism as explanation,"Compared to other conflicts, including those that are deadlier or more brutal, Arab-Israeli discord occupies a prime and disproportionate place in the Western political imagination.",https://www.jns.org/opinion/marcelo-wio/spanish-case-moral-disengagement-and-antisemitism-as-explanation,JNS,Marcelo Wio,2026-08-23T23:55:59,2026-08-24 01:18:12.683357,https://www.jns.org/opinion/marcelo-wio/spanish-case-moral-disengagement-and-antisemitism-as-explanation
The Dark Side of DEI,It’s racist to hand someone a job based on skin color alone. They will be doomed to fail because representing one’s identity is not the same thing as mastering a profession. The post The Dark Side of DEI appeared first on Jewish Journal .,https://jewishjournal.com/commentary/opinion/391484/the-dark-side-of-dei/,Jewish Journal,Thane Rosenbaum,2026-08-24T00:09:32,2026-08-24 01:18:10.203434,https://jewishjournal.com/?p=391484
Poll: Arab parties gain seat after Joint List merger; coalition falls to 51 seats,"Gadi Eisenkot's bloc remained at 57 seats, while his party led with 24; several parties again failed to cross the electoral threshold",https://www.haaretz.com/israel-news/elections/2026-08-24/ty-article/poll-arab-parties-gain-seat-after-joint-list-merger-coalition-drops-to-51/000001a0-30ab-d443-abb0-30bfd8460000,Haaretz,Haaretz,2026-08-23T22:52:16,2026-08-23 23:20:57.829947,https://www.haaretz.com/israel-news/elections/2026-08-24/ty-article/poll-arab-parties-gain-seat-after-joint-list-merger-coalition-drops-to-51/000001a0-30ab-d443-abb0-30bfd8460000
When does criticizing Israel become antisemitism? Ask Mark Ruffalo,"American actor Mark Ruffalo on Saturday denied that he is antisemitic, one day after Paramount accused the actor of invoking antisemitic tropes in his campaign against the studio’s $111 billion bid to acquire Warner Bros. Discovery. The clash lands as Paramount is trying to clear the last major obstacle to closing the Warner Bros. Discovery... The post When does criticizing Israel become antisemitism? Ask Mark Ruffalo appeared first on The Forward .",https://forward.com/news/846434/mark-ruffalo-paramount-oracle-israel-antisemitism/,The Forward,Benyamin Cohen,2026-08-23T23:11:11,2026-08-23 23:20:43.143661,https://forward.com/?p=846434
Syria tells Israel it won't limit military buildup in security deal talks,"Syrian state media said Damascus insisted on its right to develop its military and maintain foreign alliances, while seeking an end to Israeli strikes and a withdrawal to lines held before December 2024",https://www.haaretz.com/israel-news/israel-security/2026-08-24/ty-article/.premium/syria-tells-israel-it-wont-limit-military-buildup-in-security-deal-talks/000001a0-308d-dc1a-abac-f2ffa0080000,Haaretz,Jack Khoury,2026-08-23T21:52:13,2026-08-23 22:22:17.695499,https://www.haaretz.com/israel-news/israel-security/2026-08-24/ty-article/.premium/syria-tells-israel-it-wont-limit-military-buildup-in-security-deal-talks/000001a0-308d-dc1a-abac-f2ffa0080000
Stop treating the mass killing in Gaza as a series of IDF 'exceptions' – It's the rule,"Criminal investigations isolate individual atrocities, while the genocide debate gets trapped in legal definitions. Both risk obscuring the policy that made civilian deaths routine",https://www.haaretz.com/opinion/2026-08-24/ty-article-opinion/.premium/the-mass-killing-in-gaza-is-not-a-series-of-idf-exceptions-its-the-rule/000001a0-2f7b-ddec-a7a5-2fff71e80000,Haaretz,Yagil Levy,2026-08-23T21:18:56,2026-08-23 21:21:45.417736,https://www.haaretz.com/opinion/2026-08-24/ty-article-opinion/.premium/the-mass-killing-in-gaza-is-not-a-series-of-idf-exceptions-its-the-rule/000001a0-2f7b-ddec-a7a5-2fff71e80000
AIPAC wants to defeat Abdul El-Sayed in Michigan Senate race. Mike Rogers would rather it stay out.,"In the race for Michigan’s open U.S. Senate seat, both candidates are trying to turn a narrow margin into victory. Republican Mike Rogers is trying to win as the more moderate alternative to Democratic nominee Dr. Abdul El-Sayed, a progressive and an outspoken critic of Israel. El-Sayed, who narrowly defeated Rep. Haley Stevens in the... The post AIPAC wants to defeat Abdul El-Sayed in Michigan Senate race. Mike Rogers would rather it stay out. appeared first on The Forward .",https://forward.com/news/846410/mike-rogers-el-sayed-aipac-michigan/,The Forward,Jacob Kornbluh,2026-08-23T21:13:47,2026-08-23 21:21:31.578337,https://forward.com/?p=846410
"Mossad chief meets with Syrian foreign minister, source says","On Saturday, Defense Minister Israel Katz said Israel warned Syria before bombing Abu al-Duhur airbase over intelligence reports about Turkey's 'intention' to carry out activities that would 'endanger Israel's security'",https://www.haaretz.com/israel-news/israel-security/2026-08-23/ty-article/.premium/mossad-chief-meets-with-syrian-foreign-minister-source-says/000001a0-2fe8-ddec-a7a5-2ffe0b6c0000,Haaretz,Liza Rozovsky,2026-08-23T20:02:53,2026-08-23 20:23:19.167226,https://www.haaretz.com/israel-news/israel-security/2026-08-23/ty-article/.premium/mossad-chief-meets-with-syrian-foreign-minister-source-says/000001a0-2fe8-ddec-a7a5-2ffe0b6c0000
The illusion of peace with Tehran,Little will change for the Iranian people or anyone else as long as the same repressive system remains in power.,https://www.jns.org/opinion/farid-alamdar/the-illusion-of-peace-with-tehran,JNS,Farid Alamdar,2026-08-23T20:00:00,2026-08-23 20:23:12.278445,https://www.jns.org/opinion/farid-alamdar/the-illusion-of-peace-with-tehran
"Defense Minister Katz orders IDF to 'act forcefully' in Gaza against launches of balloons, kites","Israel's defense minister ordered the military to target Hamas by 'any means necessary,' after four kites found in Israeli territory were launched from Gaza, renewing concerns of Israeli border community residents of a possible escalation on the border",https://www.haaretz.com/gaza/2026-08-23/ty-article/.premium/israel-defense-minister-katz-orders-idf-to-retaliate-against-gaza-kite-launches/000001a0-2f91-d9cb-a3f3-3ff37bb20000,Haaretz,Eden Solomon,2026-08-23T18:48:53,2026-08-23 19:22:10.156879,https://www.haaretz.com/gaza/2026-08-23/ty-article/.premium/israel-defense-minister-katz-orders-idf-to-retaliate-against-gaza-kite-launches/000001a0-2f91-d9cb-a3f3-3ff37bb20000
Ex-spy Jonathan Pollard joins former deputy minister's new right-wing 'Israel First' party,"Pollard, who spent three decades in a U.S. jail for spying on behalf of Israel, previously said he would advocate as a Knesset member for the forcible transfer of Palestinians living in Gaza and the 'repopulation' of the enclave by Israelis",https://www.haaretz.com/israel-news/elections/2026-08-23/ty-article/.premium/ex-spy-jonathan-pollard-joins-former-deputy-ministers-new-right-wing-party/000001a0-2fdc-d7ba-aff3-bfdec13c0000,Haaretz,Noa Shpigel,2026-08-23T19:00:11,2026-08-23 19:22:10.156840,https://www.haaretz.com/israel-news/elections/2026-08-23/ty-article/.premium/ex-spy-jonathan-pollard-joins-former-deputy-ministers-new-right-wing-party/000001a0-2fdc-d7ba-aff3-bfdec13c0000
The note Netanyahu would never write,"George H.W. Bush left the Oval Office on January 20, 1993, after losing his bid for reelection to Bill Clinton. On the desk, he left his successor a handwritten note wishing him well with obvious sincerity and ending with an expression of democratic grace: “Your success now is our country’s success.” It is hard to... The post The note Netanyahu would never write appeared first on The Forward .",https://forward.com/opinion/846398/netanyahu-eisenkot-polical-violence-israel/,The Forward,Dan Perry,2026-08-23T18:43:42,2026-08-23 19:21:56.588960,https://forward.com/?p=846398
Netanyahu shares 'personal phone number' inviting Israelis to contact him,"As Israel nears October elections and Likud's campaign is in full swing, Netanyahu published what he says is his personal phone number and invited the public to contact him: 'I can't promise I'll answer everyone, but I'll respond to as many as I can'",https://www.haaretz.com/israel-news/israel-politics/2026-08-23/ty-article/.premium/netanyahu-shares-personal-phone-number-inviting-israelis-to-contact-him/000001a0-2f8d-d453-afbc-ffafcfb10000,Haaretz,Haaretz,2026-08-23T17:24:29,2026-08-23 18:29:54.538170,https://www.haaretz.com/israel-news/israel-politics/2026-08-23/ty-article/.premium/netanyahu-shares-personal-phone-number-inviting-israelis-to-contact-him/000001a0-2f8d-d453-afbc-ffafcfb10000
Head of Caucasian crime ring shot dead in gas station in northern Israel,"Police said the killing of Yanis Yushvaev, considered one of Israel's most dangerous criminals, was likely linked to a criminal feud. Three people were also killed overnight in East Jerusalem, two of them by police after a family dispute, with two others seriously wounded",https://www.haaretz.com/israel-news/israel-crime/2026-08-23/ty-article/.premium/israeli-crime-boss-shot-dead-near-caesarea/000001a0-2f3e-d23d-aff5-6fbf30a00000,Haaretz,Adi Hashmonai,2026-08-23T17:35:42,2026-08-23 18:29:54.538136,https://www.haaretz.com/israel-news/israel-crime/2026-08-23/ty-article/.premium/israeli-crime-boss-shot-dead-near-caesarea/000001a0-2f3e-d23d-aff5-6fbf30a00000
Israel earmarked Negev land for Bedouin. Now it may sell it off,The land was designated for income-generating solar projects in exchange for relinquishing ownership claims. Its sale on the open market would contradict a 2022 government resolution,https://www.haaretz.com/israel-news/2026-08-23/ty-article/.premium/israel-earmarked-negev-land-for-bedouin-now-it-may-sell-it-off/000001a0-2e73-daef-a1b5-2ff72e000000,Haaretz,Idan Binyamin,2026-08-23T16:54:19,2026-08-23 17:20:41.711566,https://www.haaretz.com/israel-news/2026-08-23/ty-article/.premium/israel-earmarked-negev-land-for-bedouin-now-it-may-sell-it-off/000001a0-2e73-daef-a1b5-2ff72e000000
Shin Bet chief's sister joins far-right anti-LGBTQ party ahead of election,"Yiska Haimov, sister of Shin Bet chief David Zini, has managed several West Bank settlements and joins Maoz's party as her brother faces scrutiny over his security decisions. Her appointment comes amid growing attention to the Shin Bet chief's family ties to the far right",https://www.haaretz.com/israel-news/elections/2026-08-23/ty-article/.premium/shin-bet-chiefs-sister-joins-far-right-anti-lgbtq-party-ahead-of-election/000001a0-2efe-d139-a5e8-fefe5e6f0000,Haaretz,Noa Shpigel,2026-08-23T15:31:50,2026-08-23 16:25:42.228052,https://www.haaretz.com/israel-news/elections/2026-08-23/ty-article/.premium/shin-bet-chiefs-sister-joins-far-right-anti-lgbtq-party-ahead-of-election/000001a0-2efe-d139-a5e8-fefe5e6f0000
One Palestinian demand revealed the limits of an Arab's place in Israeli politics,"Mansour Abbas spent years reassuring Jewish Israelis that Palestinian citizens were partners rather than threats, separating their civil needs from their national identity. Then, suddenly, all those years of reassurance counted for nothing",https://www.haaretz.com/israel-news/haaretz-today/2026-08-23/ty-article/.highlight/one-palestinian-demand-exposed-the-limits-of-an-arabs-place-in-israeli-politics/000001a0-2f1e-d453-afbc-ff3f2b5b0000,Haaretz,Nagham Zbeedat,2026-08-23T16:06:49,2026-08-23 16:25:42.228018,https://www.haaretz.com/israel-news/haaretz-today/2026-08-23/ty-article/.highlight/one-palestinian-demand-exposed-the-limits-of-an-arabs-place-in-israeli-politics/000001a0-2f1e-d453-afbc-ff3f2b5b0000
Canada warns businesses of risks of doing business with West Bank settlements,"Ottawa urges companies to avoid investments, purchases and tourism linked to settlements, calling them illegal and a 'serious obstacle' to peace. The advisory comes as Canada's criticism of Israel intensifies over Gaza and settler violence",https://www.haaretz.com/world-news/americas/2026-08-23/ty-article/.premium/canada-warns-businesses-of-risks-of-doing-business-with-west-bank-settlements/000001a0-2f1f-ddec-a7a5-2fffe8590000,Haaretz,Ben Kroll,2026-08-23T16:18:18,2026-08-23 16:25:42.227980,https://www.haaretz.com/world-news/americas/2026-08-23/ty-article/.premium/canada-warns-businesses-of-risks-of-doing-business-with-west-bank-settlements/000001a0-2f1f-ddec-a7a5-2fffe8590000
Leading opposition MK Eisenkot not granted Shin Bet security detail despite claiming threats,"Yashar, Eisenkot's party, says his private security is inadequate and warns that threats against him are growing. 'The atmosphere on the Israeli street, as well as on social media, is heating up, and threats are surfacing and multiplying,' the party wrote",https://www.haaretz.com/israel-news/israel-politics/2026-08-23/ty-article/.premium/opposition-mk-eisenkot-not-granted-security-detail-despite-claiming-threats/000001a0-2ed3-d74d-adbd-feff01db0000,Haaretz,Chen Maanit,2026-08-23T14:46:56,2026-08-23 15:22:59.889184,https://www.haaretz.com/israel-news/israel-politics/2026-08-23/ty-article/.premium/opposition-mk-eisenkot-not-granted-security-detail-despite-claiming-threats/000001a0-2ed3-d74d-adbd-feff01db0000
Being Israeli abroad has become embarrassing. You don't talk about it,How could I move back to Israel? Israeliness has become a mark of Cain abroad – and coming back home is no relief,https://www.haaretz.com/opinion/2026-08-23/ty-article-opinion/.premium/being-israeli-abroad-has-become-embarrassing-you-dont-talk-about-it/000001a0-1f35-d129-a3ba-5f3f4f230000,Haaretz,Shany Littman,2026-08-23T08:34:20,2026-08-23 14:23:27.357196,https://www.haaretz.com/opinion/2026-08-23/ty-article-opinion/.premium/being-israeli-abroad-has-become-embarrassing-you-dont-talk-about-it/000001a0-1f35-d129-a3ba-5f3f4f230000
"Israeli man moderately wounded in West Bank stabbing attack, medics say","The man's brother said he was driving with his pregnant wife and two daughters to Tiberias, a city in northern Israel, and stopped at the shopping center to buy cigarettes. The IDF said soldiers sealed off the area and special forces were searching for the suspect",https://www.haaretz.com/west-bank/2026-08-23/ty-article/.premium/israeli-man-moderately-wounded-in-west-bank-stabbing-attack-medics-say/000001a0-2e82-dc38-a7f1-3faf18d30000,Haaretz,Matan Golan,2026-08-23T13:52:10,2026-08-23 14:23:27.357112,https://www.haaretz.com/west-bank/2026-08-23/ty-article/.premium/israeli-man-moderately-wounded-in-west-bank-stabbing-attack-medics-say/000001a0-2e82-dc38-a7f1-3faf18d30000
"Politics, labor conditions and peak summer travel combust in wildcat airport strike at Ben-Gurion",Israel’s main gateway saw the worst delays in the world for a day due to the the backlog.,https://www.jns.org/analysis/politics-labor-conditions-and-peak-summer-travel-combust-in-wildcat-airport-strike-at-ben-gurion,JNS,Etgar Lefkovits,2026-08-23T13:49:04,2026-08-23 14:23:20.379261,https://www.jns.org/analysis/politics-labor-conditions-and-peak-summer-travel-combust-in-wildcat-airport-strike-at-ben-gurion
IDF was warned 170 soldiers' details were online. It did nothing for a week,"An AI-built website revealed personal identification numbers, classified procedures and internal investigations. The data was taken offline only after TheMarker contacted the army",https://www.haaretz.com/israel-news/business/tech-roundup/2026-08-23/ty-article/.premium/idf-was-warned-170-soldiers-details-were-online-it-did-nothing-for-a-week/000001a0-2de7-d92b-a1b8-ade7b3d90000,Haaretz,Ran Bar-Zik,2026-08-23T11:19:51,2026-08-23 12:39:52.580714,https://www.haaretz.com/israel-news/business/tech-roundup/2026-08-23/ty-article/.premium/idf-was-warned-170-soldiers-details-were-online-it-did-nothing-for-a-week/000001a0-2de7-d92b-a1b8-ade7b3d90000
Iran: Countries joining US economic campaign will be considered enemies,Tehran issued stark warnings after Trump and Treasury Secretary Bessent vowed to impose record financial penalties.,https://www.jns.org/news/u-s-news/iran-countries-joining-us-economic-campaign-will-be-considered-enemies,JNS,JNS Staff,2026-08-23T11:31:25,2026-08-23 12:39:44.801559,https://www.jns.org/news/u-s-news/iran-countries-joining-us-economic-campaign-will-be-considered-enemies
Convicted spy and former US intelligence analyst Jonathan Pollard announces Knesset run,Pollard will run on the slate of the newly formed Israel First Party founded by Israel's former deputy foreign minister Sharon Haskel.,https://www.jns.org/news/israel-news/convicted-spy-and-former-us-intelligence-analyst-jonathan-pollard-announces-knesset-run,JNS,Pesach Benson/TPS-IL,2026-08-23T12:02:35,2026-08-23 12:39:44.801531,https://www.jns.org/news/israel-news/convicted-spy-and-former-us-intelligence-analyst-jonathan-pollard-announces-knesset-run
Israel’s cold peace with Egypt and Jordan faces new regional strains,"As regional alliances shift, Israel’s peace with Egypt and Jordan is under growing strain, but shared security, economic and strategic interests still favor continued cooperation.",https://www.jns.org/analysis/israels-cold-peace-with-egypt-and-jordan-faces-new-regional-strains,JNS,Eran Lerman,2026-08-23T12:20:44,2026-08-23 12:39:44.801492,https://www.jns.org/analysis/israels-cold-peace-with-egypt-and-jordan-faces-new-regional-strains
Katz wants police to enforce civil law in the West Bank. IDF officials say that means annexation,"Military officials believe the defense minister's plan is intended to let settlers establish outposts without interference. Wary of confronting him publicly, they are framing their opposition in legal terms",https://www.haaretz.com/west-bank/2026-08-23/ty-article/.premium/idf-officials-say-giving-police-west-bank-powers-requires-formal-annexation/000001a0-2d7a-dc39-adf7-6d7f5c7d0000,Haaretz,Yaniv Kubovich,2026-08-23T10:49:35,2026-08-23 11:20:53.971549,https://www.haaretz.com/west-bank/2026-08-23/ty-article/.premium/idf-officials-say-giving-police-west-bank-powers-requires-formal-annexation/000001a0-2d7a-dc39-adf7-6d7f5c7d0000
Over 100 former British and French diplomats urge sweeping sanctions on Israel,"In a Le Monde letter, the former envoys urged an arms embargo, a ban on settlement trade and the suspension of EU and U.K. trade deals with Israel, warning that 'Palestine is being erased before our eyes'",https://www.haaretz.com/world-news/europe/2026-08-23/ty-article/over-100-former-british-french-diplomats-call-for-sweeping-sanctions-on-israel/000001a0-2e2a-d399-afb3-be2a49170000,Haaretz,Ben Kroll,2026-08-23T10:49:49,2026-08-23 11:20:53.971517,https://www.haaretz.com/world-news/europe/2026-08-23/ty-article/over-100-former-british-french-diplomats-call-for-sweeping-sanctions-on-israel/000001a0-2e2a-d399-afb3-be2a49170000
From Oct. 7 to operational adaptation: The IDF’s transformation under fire,"How network-centric warfare, battlefield innovation and hard-earned operational lessons reveal both the IDF’s growing military capabilities and the enduring gap between tactical success and strategic victory.",https://www.jns.org/analysis/from-oct-7-to-operational-adaptation-the-idfs-transformation-under-fire,JNS,Oded Ailam,2026-08-23T10:28:17,2026-08-23 11:20:46.883258,https://www.jns.org/analysis/from-oct-7-to-operational-adaptation-the-idfs-transformation-under-fire
Mark Ruffalo embroiled in antisemitism row with Paramount over Israel,"“We are, as always, troubled when antisemitic tropes are invoked in purported service of a business dispute,” the film production company said as the feud went viral.",https://www.jns.org/news/u-s-news/mark-ruffalo-embroiled-in-antisemitism-row-with-paramount-over-israel,JNS,Etgar Lefkovits,2026-08-23T10:29:12,2026-08-23 11:20:46.883224,https://www.jns.org/news/u-s-news/mark-ruffalo-embroiled-in-antisemitism-row-with-paramount-over-israel
US weakness is reshaping Middle East alliances,"“Our Middle East” offers a rare insider’s view of the region’s shifting politics, power plays and partnerships. Hosted by Dan Diker, president of the Jerusalem Center for Security and Foreign Affairs, and Khaled Abu Toameh, veteran Arab-Israeli journalist, senior fellow at the JCFA and at the Gatestone Institute, the show brings together two voices with unmatched access and experience. From Jerusalem to Amman, and Gaza to Riyadh, Diker and Abu Toameh go beyond the headlines to explain what’s really driving events in Israel and the wider Middle East—from diplomacy and security to media narratives and regional reform. Together, they offer something few shows can: a diverse perspective grounded in Israeli policy insight and Arab world reporting. Diker’s deep expertise in strategy and international relations meets Abu Toameh’s decades of firsthand experience covering Palestinian politics and regional affairs. The result is a candid, balanced and deeply informed discussion that cuts through ideology to uncover the facts shaping the region’s future. For viewers who really want to understand the real Middle East—not the one filtered through headlines—“Our Middle East” delivers clarity, credibility and context from our outstanding hosts. See more at: @JNS_TV and subscribe to our YouTube channel.",https://www.jns.org/jns-tv/our-middle-east/us-weakness-is-reshaping-middle-east-alliances,JNS,Khaled Abu Toameh,2026-08-23T09:30:50,2026-08-23 10:24:00.987924,https://www.jns.org/jns-tv/our-middle-east/us-weakness-is-reshaping-middle-east-alliances
Iran deadline expires as Hamas tests Gaza ceasefire,"“The Quad” is a dynamic weekly panel show hosted by Fleur Hassan-Nahoum, Israel’s innovation envoy and former deputy mayor of Jerusalem. The series brings together a powerhouse lineup of bold, insightful women to tackle the most pressing stories from Israel, the Middle East and the Jewish world. With Fleur at the helm, “The Quad” features regular co-hosts, including Shoshana Keats-Jaskel, founder of Chochmat Nashim; journalist and human-rights activist Emily Schrader and other leading voices shaping conversation and change. Through sharp analysis, diverse perspectives and unapologetic commentary, “The Quad” confronts the complex political, cultural and social challenges facing Israel and the Jewish people. Each episode cuts through noise and narrative spin to deliver insight and debate, and to empower female perspectives on issues that define our time. Bold, informed and refreshingly authentic, “The Quad” redefines how Israel and the Middle East are discussed, one conversation at a time. See more at: @JNS_TV and subscribe to our YouTube channel.",https://www.jns.org/jns-tv/the-quad/iran-deadline-expires-as-hamas-tests-gaza-ceasefire,JNS,Fleur Hassan-Nahoum,2026-08-23T09:38:08,2026-08-23 10:24:00.987838,https://www.jns.org/jns-tv/the-quad/iran-deadline-expires-as-hamas-tests-gaza-ceasefire
Syrian FM says expects talks on a security deal with Israel to restart soon,Asaad al-Shaibani said that contact with Jerusalem was cut off in the wake of the Israelis strikes on an airbase in northwestern Syria.,https://www.jns.org/news/israel-news/syrian-fm-says-expects-talks-on-a-security-deal-with-israel-to-restart-soon,JNS,JNS Staff,2026-08-23T09:45:11,2026-08-23 10:24:00.987758,https://www.jns.org/news/israel-news/syrian-fm-says-expects-talks-on-a-security-deal-with-israel-to-restart-soon
Why Israel struck Syria amid Turkish military buildup,"“The Meira K Show” brings a fresh, unfiltered look at society and politics in Israel and the Middle East. With her trademark energy and candor, she tackles stories too often ignored or distorted by mainstream media—offering clarity, courage and context in real time. Whether it’s breaking news, border tensions, political drama or cultural shifts, Meira delivers the facts and emotion behind the headlines with honesty and heart. Fast-paced, fearless and fiercely authentic, “The Meira K Show” gives viewers a frontline perspective on Israel’s most pressing challenges and inspiring moments. Each episode captures the urgency of the moment while keeping it grounded in truth and humanity. If you want to stay informed, inspired and connected to the real Israel, this is the show to watch. See more at: @JNS_TV and subscribe to our YouTube channel.",https://www.jns.org/jns-tv/meira-k-show/why-israel-struck-syria-amid-turkish-military-buildup,JNS,Meira K,2026-08-23T09:51:53,2026-08-23 10:24:00.987725,https://www.jns.org/jns-tv/meira-k-show/why-israel-struck-syria-amid-turkish-military-buildup
The question of gender-segregated education in Israel,"A university is not intended to impose values, but to impart knowledge in the best possible way.",https://www.jns.org/news/culture-and-society/amihood-amir/the-question-of-gender-segregated-education-in-israel,JNS,Amihood Amir,2026-08-23T10:00:00,2026-08-23 10:24:00.987637,https://www.jns.org/news/culture-and-society/amihood-amir/the-question-of-gender-segregated-education-in-israel
How could I move back to Israel?,Israeliness has become a mark of Cain abroad – and coming back home is no relief,https://www.haaretz.com/opinion/2026-08-23/ty-article-opinion/.premium/how-could-i-move-back-to-israel/000001a0-1f35-d129-a3ba-5f3f4f230000,Haaretz,Shany Littman,2026-08-23T08:34:20,2026-08-23 09:28:02.455983,https://www.haaretz.com/opinion/2026-08-23/ty-article-opinion/.premium/how-could-i-move-back-to-israel/000001a0-1f35-d129-a3ba-5f3f4f230000
Mark Ruffalo rejects Paramount antisemitism charge over Israel criticism: 'fundamentally dishonest',"Mark Ruffalo pushed back against Paramount's accusation that he invoked antisemitic tropes, saying criticism of Israel 'is not the same as criticizing Jewish people,' as he opposed the $111 billion Warner Bros. takeover",https://www.haaretz.com/us-news/2026-08-23/ty-article/.premium/mark-ruffalo-rejects-paramount-antisemitism-charge-over-israel-criticism/000001a0-2dcd-d399-afb3-bdef3e690000,Haaretz,Ben Kroll,2026-08-23T09:00:36,2026-08-23 09:28:02.455948,https://www.haaretz.com/us-news/2026-08-23/ty-article/.premium/mark-ruffalo-rejects-paramount-antisemitism-charge-over-israel-criticism/000001a0-2dcd-d399-afb3-bdef3e690000
The double standard of disqualification,"An Arab Knesset member proclaims the Negev a battlefront for Palestine, and Israel’s judicial establishment refuses to disqualify his party.",https://www.jns.org/opinion/daniel-winston/the-double-standard-of-disqualification,JNS,Daniel Winston,2026-08-23T08:35:00,2026-08-23 09:27:55.634052,https://www.jns.org/opinion/daniel-winston/the-double-standard-of-disqualification
Settlers call them 'hikes.' Palestinians keep ending up dead,"Armed settlers are increasingly venturing into Palestinian-controlled areas of the West Bank under the guise of ""hikes,"" provoking deadly clashes. The IDF and police point fingers at each other",https://www.haaretz.com/west-bank/2026-08-23/ty-article/.premium/settlers-call-them-hikes-palestinians-keep-ending-up-dead/000001a0-2d26-d5d0-abad-2d77520c0000,Haaretz,Matan Golan,2026-08-23T08:00:43,2026-08-23 08:30:32.078687,https://www.haaretz.com/west-bank/2026-08-23/ty-article/.premium/settlers-call-them-hikes-palestinians-keep-ending-up-dead/000001a0-2d26-d5d0-abad-2d77520c0000
Attacking Erdogan or clinging to the status quo? Israel's Turkey paradox,"After Israel struck a Syrian airbase, officials in Jerusalem sent mixed messages. Netanyahu, for his part, is seeking to counter claims that he is inflaming tensions ahead of the election",https://www.haaretz.com/middle-east-news/syria/2026-08-23/ty-article/.premium/attacking-erdogan-or-clinging-to-the-status-quo-israels-turkey-paradox/000001a0-2bf3-dd2f-a1b6-7bfb7a0e0000,Haaretz,Jonathan Lis,2026-08-23T08:09:01,2026-08-23 08:30:32.078655,https://www.haaretz.com/middle-east-news/syria/2026-08-23/ty-article/.premium/attacking-erdogan-or-clinging-to-the-status-quo-israels-turkey-paradox/000001a0-2bf3-dd2f-a1b6-7bfb7a0e0000
Syria's foreign minister sees Israel security talks resuming despite no trust,"Days after Israel bombed a Syrian airbase, al-Shaibani says he believes negotiations will resume soon, cautioning that it is 'very hard to bet on Israel'",https://www.haaretz.com/israel-news/israel-security/2026-08-23/ty-article/syrias-foreign-minister-sees-israel-security-talks-resuming-despite-no-trust/000001a0-2da8-d293-a1e7-3db8a5c90000,Haaretz,Reuters,2026-08-23T08:20:51,2026-08-23 08:30:32.078617,https://www.haaretz.com/israel-news/israel-security/2026-08-23/ty-article/syrias-foreign-minister-sees-israel-security-talks-resuming-despite-no-trust/000001a0-2da8-d293-a1e7-3db8a5c90000
Jewish groups urge Montreal City Council to jettison anti-Israel motion,CIJA blasted the opposition party for importing a foreign fight during local crises.,https://www.jns.org/news/world/jewish-groups-urge-montreal-city-council-to-jettison-anti-israel-motion,JNS,JNS Staff,2026-08-23T07:02:14,2026-08-23 07:33:36.314104,https://www.jns.org/news/world/jewish-groups-urge-montreal-city-council-to-jettison-anti-israel-motion
Israeli man wounded in Jordan Valley terror stabbing,Emergency responders evacuated a 24-year-old victim to a Jerusalem medical center while troops searched near Al-Auja for the knife-wielding assailant.,https://www.jns.org/news/israel-news/israeli-man-wounded-in-jordan-valley-terror-stabbing-attack,JNS,JNS Staff,2026-08-23T07:30:45,2026-08-23 07:33:36.314072,https://www.jns.org/news/israel-news/israeli-man-wounded-in-jordan-valley-terror-stabbing-attack
Inside Israel's intelligence room: The unfolding drama amid Turkey's secret military expansion in Syria,"Ankara's silent inroads in Syria has been on Israel's radar for over a year, whether it's APCs given as a ""gift"" to al-Sharaa or Turkey's aerial capabilities. The strike on Abu al-Duhur signals an end to its containment strategy.",https://www.jns.org/analysis/inside-israels-intelligence-room-the-unfolding-drama-amid-turkeys-secret-military-expansion-in-syria,JNS,Itay Ilnai,2026-08-23T05:56:51,2026-08-23 06:40:50.439925,https://www.jns.org/analysis/inside-israels-intelligence-room-the-unfolding-drama-amid-turkeys-secret-military-expansion-in-syria
Netanyahu: A left-wing government would include those calling for Palestinian statehood,United Arab List leader Mansour Abbas said he would promote Israeli recognition of a Palestinian state.,https://www.jns.org/news/israel-news/netanyahu-a-left-wing-government-would-include-those-calling-for-palestinian-statehood,JNS,JNS Staff,2026-08-23T06:31:35,2026-08-23 06:40:50.439878,https://www.jns.org/news/israel-news/netanyahu-a-left-wing-government-would-include-those-calling-for-palestinian-statehood
The Temple Mount ‘status quo’ is beginning to crumble,Allowing Jews to carry prayer books onto Judaism’s holiest site is not a provocation. The decades-long prohibition was the provocation.,https://www.jns.org/opinion/chaim-frankenhuis/the-temple-mount-status-quo-is-beginning-to-crumble,JNS,Chaim Frankenhuis,2026-08-23T05:15:00,2026-08-23 05:29:44.023093,https://www.jns.org/opinion/chaim-frankenhuis/the-temple-mount-status-quo-is-beginning-to-crumble
Trump's envoy was right to condemn Netanyahu over Syria strike,"Since the fall of Bashar Assad almost two years ago, Syria has made numerous overtures to Israel, only to find a government inept at negotiation and reliant solely on military might. The U.S. must carefully watch over Netanyahu before Israel's upcoming election",https://www.haaretz.com/opinion/2026-08-23/ty-article-opinion/.premium/trumps-envoy-was-right-to-condemn-netanyahu-over-syria-strike/000001a0-2ccd-dc38-a7f1-3fefd8bc0000,Haaretz,Louis Fishman,2026-08-23T04:33:24,2026-08-23 04:36:57.275073,https://www.haaretz.com/opinion/2026-08-23/ty-article-opinion/.premium/trumps-envoy-was-right-to-condemn-netanyahu-over-syria-strike/000001a0-2ccd-dc38-a7f1-3fefd8bc0000
Lessons Israel still hasn't learned from the Ukraine war,"Does Israel, regarded as one of the most innovative and well-informed countries on military developments, respond too slowly to new threats?",https://www.jns.org/analysis/lessons-israel-still-hasnt-learned-from-the-ukraine-war,JNS,David Isaac,2026-08-23T04:07:00,2026-08-23 04:36:50.500856,https://www.jns.org/analysis/lessons-israel-still-hasnt-learned-from-the-ukraine-war
IDF finds four kites in Israeli territory flown from Gaza,Concerns arise they may be harbingers of a resumption of arson attacks from the Strip.,https://www.jns.org/news/israel-news/idf-finds-four-kites-in-israeli-territory-flown-from-gaza,JNS,JNS Staff,2026-08-23T04:27:00,2026-08-23 04:36:50.500820,https://www.jns.org/news/israel-news/idf-finds-four-kites-in-israeli-territory-flown-from-gaza
"Police shoot dead two people amid feud between East Jerusalem families, Palestinian sources say","Three people were killed in Silwan after a shooting between two families led to arson, according to Palestinian sources. Police opened fire on those setting the fires, killing two additional residents",https://www.haaretz.com/israel-news/israel-crime/2026-08-23/ty-article/.premium/police-shoot-dead-two-people-amid-feud-between-east-jerusalem-families/000001a0-2c00-d5d0-abad-2d57a4ad0000,Haaretz,Nir Hasson,2026-08-23T02:34:21,2026-08-23 03:02:42.937291,https://www.haaretz.com/israel-news/israel-crime/2026-08-23/ty-article/.premium/police-shoot-dead-two-people-amid-feud-between-east-jerusalem-families/000001a0-2c00-d5d0-abad-2d57a4ad0000
Netanyahu's answer to election trouble: Open a front with Turkey and Syria,"Israel's strike on a Syrian airbase has exposed a rare public rift with the Trump administration over how to deal with Turkey's growing role in Syria. Meanwhile, Washington is quietly pressing Netanyahu over Israeli actions in Gaza and the West Bank",https://www.haaretz.com/middle-east-news/2026-08-23/ty-article/.premium/netanyahus-answer-to-election-trouble-open-a-front-with-turkey-and-syria/000001a0-2b07-d399-afb3-bf2f18f40000,Haaretz,Amos Harel,2026-08-23T02:44:56,2026-08-23 03:02:42.937273,https://www.haaretz.com/middle-east-news/2026-08-23/ty-article/.premium/netanyahus-answer-to-election-trouble-open-a-front-with-turkey-and-syria/000001a0-2b07-d399-afb3-bf2f18f40000
"Ben-Gurion airport has everything Israel loves: privilege, racism and a way out","A few hours of airport chaos sent Israelis into a fury and the media into a frenzy. But the obsession with Ben-Gurion reflects something deeper: the country's hierarchies, its sense of superiority and above all, its need for an escape route",https://www.haaretz.com/opinion/2026-08-23/ty-article-opinion/.premium/ben-gurion-airport-has-everything-israel-loves-privilege-racism-and-a-way-out/000001a0-2a94-d399-afb3-bebe07c30000,Haaretz,Gideon Levy,2026-08-23T02:54:03,2026-08-23 03:02:42.937249,https://www.haaretz.com/opinion/2026-08-23/ty-article-opinion/.premium/ben-gurion-airport-has-everything-israel-loves-privilege-racism-and-a-way-out/000001a0-2a94-d399-afb3-bebe07c30000
An overlooked opportunity for Israel and Saudi Arabia,Biotechnology could serve as a foundation for normalization between the two countries.,https://www.jns.org/opinion/david-adler/an-overlooked-opportunity-for-israel-and-saudi-arabia,JNS,David Adler,2026-08-23T03:00:00,2026-08-23 03:02:35.641017,https://www.jns.org/opinion/david-adler/an-overlooked-opportunity-for-israel-and-saudi-arabia
"Creative Community for Peace Calls Mark Ruffalo’s Ellison Attack Antisemitic, Urges Hollywood to Stop Platforming Him","The entertainment-industry organization said Ruffalo fused criticism of Israel with conspiratorial themes involving Jewish wealth, media ownership and concentrated power. Ruffalo called the antisemitism allegation “fundamentally dishonest.” The post Creative Community for Peace Calls Mark Ruffalo’s Ellison Attack Antisemitic, Urges Hollywood to Stop Platforming Him appeared first on Jewish Journal .",https://jewishjournal.com/culture/arts/hollywood/391439/creative-community-for-peace-calls-mark-ruffalos-ellison-attack-antisemitic-urges-hollywood-to-stop-platforming-him/,Jewish Journal,Benjamin Raziel,2026-08-23T02:06:44,2026-08-23 03:02:32.832872,https://jewishjournal.com/?p=391439
Israel Derangement Syndrome Is Blooming in Montreal,"On Monday, the city council will vote on a motion to cut ties with Israel. The post Israel Derangement Syndrome Is Blooming in Montreal appeared first on Jewish Journal .",https://jewishjournal.com/commentary/columnist/editors-note/391443/israel-derangement-syndrome-is-blooming-in-montreal/,Jewish Journal,David Suissa,2026-08-23T02:28:37,2026-08-23 03:02:32.832833,https://jewishjournal.com/?p=391443
Netanyahu is dragging Israel into another pointless conflict – this time with Turkey,"One cannot create security and foil threats only by bombing. This is no substitute for diplomacy and a well-thought-out policy, something which in the Netanyahu era has become devoid of any meaning",https://www.haaretz.com/opinion/editorial/2026-08-23/ty-article-opinion/netanyahu-is-dragging-israel-into-another-pointless-confrontation-with-turkey/000001a0-2af4-dd2f-a1b6-7bfe1eb10000,Haaretz,Haaretz Editorial,2026-08-23T00:05:15,2026-08-23 01:20:40.637447,https://www.haaretz.com/opinion/editorial/2026-08-23/ty-article-opinion/netanyahu-is-dragging-israel-into-another-pointless-confrontation-with-turkey/000001a0-2af4-dd2f-a1b6-7bfe1eb10000
Reports: Several Palestinians wounded by Israeli settler attacks in West Bank,,https://www.haaretz.com/israel-news/israel-security/2026-08-23/ty-article-live/reports-several-palestinians-wounded-by-israeli-settler-attacks-in-west-bank/000001a0-2b4c-dc38-a7f1-3f6fed180003,Haaretz,Haaretz,2026-08-22T21:11:46,2026-08-22 21:21:58.016192,https://www.haaretz.com/israel-news/israel-security/2026-08-23/ty-article-live/reports-several-palestinians-wounded-by-israeli-settler-attacks-in-west-bank/000001a0-2b4c-dc38-a7f1-3f6fed180003
Eisenkot vows no Palestinian state after Arab party leader urges recognition,"The opposition leader ruled out Palestinian statehood under a government he leads, drawing sharp criticism from coalition lawmakers, including Netanyahu, who questioned the credibility of his stance",https://www.haaretz.com/israel-news/elections/2026-08-22/ty-article/.premium/eisenkot-vows-no-palestinian-state-after-arab-party-leader-urges-recognition/000001a0-2ad2-d293-a1e7-3ad27a6a0000,Haaretz,Deiaa Haj Yahia,2026-08-22T20:14:48,2026-08-22 20:22:52.242020,https://www.haaretz.com/israel-news/elections/2026-08-22/ty-article/.premium/eisenkot-vows-no-palestinian-state-after-arab-party-leader-urges-recognition/000001a0-2ad2-d293-a1e7-3ad27a6a0000
It took 15 years to expand Jerusalem's light rail. Was it worth the wait?,"Jerusalem's new light rail section finally opened Friday after years of construction and delys, adding 7 kilometers and 12 stations to the city's network. But low frequency and closures raise questions about whether the long-awaited upgrade is enough",https://www.haaretz.com/israel-news/2026-08-22/ty-article-magazine/.premium/it-took-15-years-to-expand-jerusalems-light-rail-was-it-worth-the-wait/000001a0-2a6f-dd2f-a1b6-7bef72000000,Haaretz,Yifat Reuven,2026-08-22T19:18:09,2026-08-22 19:22:32.062456,https://www.haaretz.com/israel-news/2026-08-22/ty-article-magazine/.premium/it-took-15-years-to-expand-jerusalems-light-rail-was-it-worth-the-wait/000001a0-2a6f-dd2f-a1b6-7bef72000000
Israeli Arab party moves closer to adding ex-Yesh Atid MK to election slate following primaries,"Yoav Segalovitz has been in talks to join Mansour Abbas' United Arab List, potentially in its No. 2 slot; a party source says his addition could reshuffle the slate elected Saturday",https://www.haaretz.com/israel-news/elections/2026-08-22/ty-article/.premium/israeli-arab-party-moves-closer-to-adding-jewish-lawmaker-to-election-slate/000001a0-2a27-d40f-a5ff-af6764960000,Haaretz,Jack Khoury,2026-08-22T17:23:20,2026-08-22 18:31:01.149089,https://www.haaretz.com/israel-news/elections/2026-08-22/ty-article/.premium/israeli-arab-party-moves-closer-to-adding-jewish-lawmaker-to-election-slate/000001a0-2a27-d40f-a5ff-af6764960000
Israeli police admits it lied about why it canceled Haaretz subscriptions amid unlawful state boycott,"Police announced in February that it was cancelling all of its subscriptions to the newspaper because 'in accordance with readers' demands, it was decided to change the subscription to the newspaper preferred by readers,' saying that Haaretz is 'contrarian'",https://www.haaretz.com/israel-news/israel-politics/2026-08-22/ty-article/.premium/israel-police-admits-it-lied-about-reason-it-canceled-its-haaretz-subscription/000001a0-2a15-dc38-a7f1-3f3f0e950000,Haaretz,Josh Breiner,2026-08-22T16:31:24,2026-08-22 17:20:41.703457,https://www.haaretz.com/israel-news/israel-politics/2026-08-22/ty-article/.premium/israel-police-admits-it-lied-about-reason-it-canceled-its-haaretz-subscription/000001a0-2a15-dc38-a7f1-3f3f0e950000
Netanyahu’s office scorns Turkish regime threat to arrest PM,"“Erdoğan is an antisemitic dictator who has massacred Kurds, harbors Hamas terrorists, occupies half of Cyprus, and jails record numbers of journalists.”",https://www.jns.org/news/israel-news/netanyahus-office-scorns-turkish-regime-threat-to-arrest-pm,JNS,JNS Staff,2026-08-22T16:30:21,2026-08-22 17:20:34.376782,https://www.jns.org/news/israel-news/netanyahus-office-scorns-turkish-regime-threat-to-arrest-pm
"U.S., Iran trade warnings ahead of new sanctions as Hormuz traffic remains stalled","Washington is set to unveil what it calls its 'toughest sanctions in history' on Iran, which has denounced the measures as illegal",https://www.haaretz.com/middle-east-news/iran/2026-08-22/ty-article/u-s-iran-trade-warnings-before-new-sanctions-as-hormuz-traffic-remains-stalled/000001a0-29d5-d129-a3ba-6bff59840000,Haaretz,Reuters,2026-08-22T16:04:18,2026-08-22 16:24:07.856492,https://www.haaretz.com/middle-east-news/iran/2026-08-22/ty-article/u-s-iran-trade-warnings-before-new-sanctions-as-hormuz-traffic-remains-stalled/000001a0-29d5-d129-a3ba-6bff59840000
"Palm Beach County worker accused of Nazi salute, ‘Heil Hitler’ remark",Rep. Jared Moskowitz (D-Fla.) said the employee should no longer work for the county if the allegations are confirmed.,https://www.jns.org/news/u-s-news/palm-beach-county-worker-accused-of-nazi-salute-heil-hitler-remark,JNS,Rebecca Szlechter,2026-08-22T15:32:00,2026-08-22 16:24:01.280261,https://www.jns.org/news/u-s-news/palm-beach-county-worker-accused-of-nazi-salute-heil-hitler-remark
"Israel disputes U.S. envoy, says it warned Syria before striking airbase over Turkish military buildup","According to Defense Minister Katz, after Syria failed to heed the warning, he and Netanyahu authorized the strike, calling U.S. Ambassador to Turkey Tom Barrack's account inaccurate: 'Erdogan was caught with his hand in the cookie jar and was forced to back down'",https://www.haaretz.com/israel-news/israel-security/2026-08-22/ty-article/.premium/israel-says-it-warned-syria-before-striking-airbase-over-turkish-military-threat/000001a0-29bc-d129-a3ba-6bbe3d740000,Haaretz,Yaniv Kubovich,2026-08-22T14:33:42,2026-08-22 15:21:00.476616,https://www.haaretz.com/israel-news/israel-security/2026-08-22/ty-article/.premium/israel-says-it-warned-syria-before-striking-airbase-over-turkish-military-threat/000001a0-29bc-d129-a3ba-6bbe3d740000
"Israel warned Syrian government before attack on airbase, Katz says","Contrary to claims made by the U.S. special envoy for Syria, the IDF operated on “clear intelligence,” the defense minister said.",https://www.jns.org/news/israel-news/israel-warned-syrian-government-before-attack-on-airbase-katz-says,JNS,JNS Staff,2026-08-22T14:26:03,2026-08-22 15:20:53.142708,https://www.jns.org/news/israel-news/israel-warned-syrian-government-before-attack-on-airbase-katz-says
IDF slays Hamas terrorist engaged in rebuilding Gaza tunnel network,"The Israeli military also eliminated a Hamas terrorist who took part in the Oct. 7, 2023, massacre and held “numerous hostages” in its aftermath.",https://www.jns.org/news/israel-news/idf-slays-hamas-terrorist-engaged-in-rebuilding-gaza-tunnel-network,JNS,JNS Staff,2026-08-22T14:55:26,2026-08-22 15:20:53.142668,https://www.jns.org/news/israel-news/idf-slays-hamas-terrorist-engaged-in-rebuilding-gaza-tunnel-network
Four kites believed to have crossed from Gaza found in southern Israel,"The IDF said no suspicious materials were found on the kites and they posed no danger, while members of local communities expressed concern: 'This is how it started before October 7'",https://www.haaretz.com/israel-news/israel-security/2026-08-22/ty-article/.premium/four-kites-believed-to-have-crossed-from-gaza-found-in-southern-israel/000001a0-29a2-d399-afb3-bdaa93600000,Haaretz,Eden Solomon,2026-08-22T14:18:03,2026-08-22 14:21:19.515734,https://www.haaretz.com/israel-news/israel-security/2026-08-22/ty-article/.premium/four-kites-believed-to-have-crossed-from-gaza-found-in-southern-israel/000001a0-29a2-d399-afb3-bdaa93600000
"Man killed in Israeli drone strike on home in central Gaza, medical sources say",The reports come after ten Palestinians were killed and 15 wounded in two separate Israeli strikes on Wednesday,https://www.haaretz.com/israel-news/israel-security/2026-08-22/ty-article/.premium/man-killed-in-israeli-drone-strike-on-home-in-central-gaza-medical-sources-say/000001a0-292f-d129-a3ba-6b2f83b50000,Haaretz,Jack Khoury,2026-08-22T12:48:01,2026-08-22 13:32:08.998375,https://www.haaretz.com/israel-news/israel-security/2026-08-22/ty-article/.premium/man-killed-in-israeli-drone-strike-on-home-in-central-gaza-medical-sources-say/000001a0-292f-d129-a3ba-6b2f83b50000
Texas governor asks Justice Department to investigate Muslim wash stations at airports,"“Airports can no more offer Muslim-only bathroom spaces than they can maintain white-only bathrooms,” wrote Gov. Greg Abbott.",https://www.jns.org/news/u-s-news/texas-governor-asks-justice-department-to-investigate-muslim-wash-stations-at-airports,JNS,Mike Wagenheim,2026-08-22T12:53:36,2026-08-22 13:32:02.268095,https://www.jns.org/news/u-s-news/texas-governor-asks-justice-department-to-investigate-muslim-wash-stations-at-airports
Senior House Democrat: Israel’s refusal to criminally investigate WCK strike “a miscarriage of justice.”,Israel says the incident was “a serious mistake and failure” but there was no “reasonable suspicion for criminal misconduct.”,https://www.jns.org/news/u-s-news/senior-house-democrat-israels-refusal-to-criminally-investigate-wck-strike-a-miscarriage-of-justice,JNS,Mike Wagenheim,2026-08-22T13:17:14,2026-08-22 13:32:02.268063,https://www.jns.org/news/u-s-news/senior-house-democrat-israels-refusal-to-criminally-investigate-wck-strike-a-miscarriage-of-justice
Report: Britain weighs sanctions regime banning trade with Israeli settlements,"The measures under consideration would expand London's pressure campaign against Israel, with officials also weighing sanctions over alleged aid obstruction in Gaza and a possible endorsement of a nonbinding ICJ opinion that found Israel's occupation unlawful, Bloomberg reported",https://www.haaretz.com/world-news/europe/2026-08-22/ty-article/.premium/report-britain-weighs-sanctions-regime-banning-trade-with-israeli-settlements/000001a0-2912-dd2f-a1b6-79dac31a0000,Haaretz,Haaretz,2026-08-22T12:19:13,2026-08-22 12:38:55.724276,https://www.haaretz.com/world-news/europe/2026-08-22/ty-article/.premium/report-britain-weighs-sanctions-regime-banning-trade-with-israeli-settlements/000001a0-2912-dd2f-a1b6-79dac31a0000
Australian judge says anti-Israel graffiti is not Jew-hatred,Desmond Fagan stated from the bench that the graffiti is a “crude political expression of contempt and dismissal of a foreign state.”,https://www.jns.org/news/world/australian-judge-says-anti-israel-graffiti-is-not-jew-hatred,JNS,JNS Staff,2026-08-22T12:20:16,2026-08-22 12:38:48.477578,https://www.jns.org/news/world/australian-judge-says-anti-israel-graffiti-is-not-jew-hatred
Most on Committee to Protect Journalists list of journalists killed in Gaza have terror ties,"“Not only should CPJ apologize for laundering terrorist psychological warfare, news outlets should issue a sweeping wave of corrections and retractions,” says watchdog HonestReporting.",https://www.jns.org/news/u-s-news/most-on-committee-to-protect-journalists-list-of-journalists-killed-in-gaza-have-terror-ties,JNS,JNS Staff,2026-08-22T12:29:21,2026-08-22 12:38:48.477538,https://www.jns.org/news/u-s-news/most-on-committee-to-protect-journalists-list-of-journalists-killed-in-gaza-have-terror-ties
Syria report: Man wounded in Israeli drone strike on country's southwest,"The reported strike comes days after multiple strikes on Syria's Abu al-Duhur airbase. Israel has not claimed responsibility for the strikes on the airbase, but officials said Damascus violated security understandings by allowing a Turkish military presence",https://www.haaretz.com/middle-east-news/syria/2026-08-22/ty-article/.premium/syria-report-man-wounded-in-israeli-drone-strike-on-countrys-southwest/000001a0-28f2-d129-a3ba-6afa4bc70000,Haaretz,Jack Khoury,2026-08-22T10:35:53,2026-08-22 11:20:46.756337,https://www.haaretz.com/middle-east-news/syria/2026-08-22/ty-article/.premium/syria-report-man-wounded-in-israeli-drone-strike-on-countrys-southwest/000001a0-28f2-d129-a3ba-6afa4bc70000
Palestine Action activists spared terrorism sentencing over Barclays attack,"The five were convicted of causing more than £200,000 in damage after targeting a Barclays branch over its ties to Israel's Elbit Systems. The judge said the damage, while significant, did not meet the threshold for terrorism-related sentencing",https://www.haaretz.com/world-news/europe/2026-08-22/ty-article/.premium/report-palestine-actions-barclays-five-spared-terrorism-sentences/000001a0-289a-d399-afb3-bcbac5d80000,Haaretz,Haaretz,2026-08-22T10:03:56,2026-08-22 10:23:11.405966,https://www.haaretz.com/world-news/europe/2026-08-22/ty-article/.premium/report-palestine-actions-barclays-five-spared-terrorism-sentences/000001a0-289a-d399-afb3-bcbac5d80000
U.S. envoy: Israel risked confrontation with Turkey by 'baiting' Ankara,Barrack said Turkish forces could have scrambled their jets after Israel struck the Syrian airbase without warning. He compared the incident to Turkey's 2015 downing of a Russian fighter near the Syrian border,https://www.haaretz.com/israel-news/israel-security/2026-08-22/ty-article/.premium/u-s-envoy-israel-risked-confrontation-with-turkey-by-baiting-ankara/000001a0-2822-dc38-a7f1-3f2f77b90000,Haaretz,Ben Samuels,2026-08-22T08:31:47,2026-08-22 09:26:34.680523,https://www.haaretz.com/israel-news/israel-security/2026-08-22/ty-article/.premium/u-s-envoy-israel-risked-confrontation-with-turkey-by-baiting-ankara/000001a0-2822-dc38-a7f1-3f2f77b90000
Israel Land Authority head blocks show for employees citing religious concerns,Employees see the decision to stop a musical based on a popular Israeli singer's songs as imposing religious standards on a government agency. The agency's acting chief is a settlement movement leader and previously served as a council head in the West Bank,https://www.haaretz.com/israel-news/israel-politics/2026-08-22/ty-article/.premium/israel-land-authority-head-blocks-show-for-employees-citing-religious-concerns/000001a0-28a9-d129-a3ba-6aab0d870000,Haaretz,Meirav Arlosoroff,2026-08-22T09:15:00,2026-08-22 09:26:34.680490,https://www.haaretz.com/israel-news/israel-politics/2026-08-22/ty-article/.premium/israel-land-authority-head-blocks-show-for-employees-citing-religious-concerns/000001a0-28a9-d129-a3ba-6aab0d870000
"Seeking new opportunities, Israeli Arabs are moving to Jewish cities. Eilat is a case in point","The story of Eilat, where more than 3,000 Arabs from across Israel have already made their home, offers a glimpse of how the fabric of life in Israel is slowly changing",https://www.haaretz.com/israel-news/2026-08-22/ty-article-magazine/.highlight/israeli-arab-families-are-moving-to-jewish-cities-eilat-is-a-case-in-point/000001a0-281a-dd2f-a1b6-79dacf100000,Haaretz,Hilo Glazer,2026-08-22T08:06:02,2026-08-22 08:30:26.420886,https://www.haaretz.com/israel-news/2026-08-22/ty-article-magazine/.highlight/israeli-arab-families-are-moving-to-jewish-cities-eilat-is-a-case-in-point/000001a0-281a-dd2f-a1b6-79dacf100000
"A Palestinian lies paralyzed, while the settler who shot him remains on the hill",Harassment of the Palestinians began immediately after the new outpost sprouted up near the West Bank village of Sa'ir. A nurse seeking to help his neighbors after a settler opened fire was himself shot – and paralyzed for life,https://www.haaretz.com/israel-news/twilight-zone/2026-08-22/ty-article-magazine/.highlight/a-palestinian-lies-paralyzed-while-the-settler-who-shot-him-remains-on-the-hill/000001a0-1fd7-dc38-a7f1-3fff49de0000,Haaretz,Gideon Levy,2026-08-22T04:46:24,2026-08-22 05:27:49.885049,https://www.haaretz.com/israel-news/twilight-zone/2026-08-22/ty-article-magazine/.highlight/a-palestinian-lies-paralyzed-while-the-settler-who-shot-him-remains-on-the-hill/000001a0-1fd7-dc38-a7f1-3fff49de0000
"'The devastation was huge. I knew help wouldn't come, and I would have to improvise'",What happens when earthquakes strike an already dysfunctional country? The head of a team of Israeli rescue workers who grappled with the deadly chaos in Venezuela talks about the nightmares he cannot shake,https://www.haaretz.com/world-news/americas/2026-08-22/ty-article-magazine/.highlight/the-devastation-was-huge-i-knew-help-wouldnt-come-and-id-have-to-improvise/000001a0-1f02-d399-afb3-9f2a0eb50000,Haaretz,Ayelett Shani,2026-08-22T03:40:14,2026-08-22 04:33:11.081494,https://www.haaretz.com/world-news/americas/2026-08-22/ty-article-magazine/.highlight/the-devastation-was-huge-i-knew-help-wouldnt-come-and-id-have-to-improvise/000001a0-1f02-d399-afb3-9f2a0eb50000
An Israeli startup is reinventing salmon farming. It may upend a global industry,"Israelis are among the world's leading consumers of salmon, most of it imported. An Israeli startup says it has found a way to raise the cold-water fish locally – without antibiotics or hormones, and with a much smaller environmental footprint",https://www.haaretz.com/science-and-health/2026-08-22/ty-article-magazine/an-israeli-startup-is-reinventing-salmon-farming-it-may-upend-a-global-industry/000001a0-0930-d428-a1fc-9b7ec0a00000,Haaretz,Yana Pevzner,2026-08-22T04:16:58,2026-08-22 04:33:11.081409,https://www.haaretz.com/science-and-health/2026-08-22/ty-article-magazine/an-israeli-startup-is-reinventing-salmon-farming-it-may-upend-a-global-industry/000001a0-0930-d428-a1fc-9b7ec0a00000
U.S. envoy Barrack says Israeli strike in Syria could have led to war with Turkey,,https://www.haaretz.com/israel-news/israel-security/2026-08-22/ty-article-live/u-s-envoy-barrack-israeli-strike-in-syria-could-have-led-to-war-with-turkey/000001a0-2762-d129-a3ba-676ae4a50000,Haaretz,Haaretz,2026-08-22T03:20:14,2026-08-22 03:41:59.162234,https://www.haaretz.com/israel-news/israel-security/2026-08-22/ty-article-live/u-s-envoy-barrack-israeli-strike-in-syria-could-have-led-to-war-with-turkey/000001a0-2762-d129-a3ba-676ae4a50000
"Michigan Jews help form 'Democrats for Mike Rogers,' with little talk of Israel","Avoiding an explicit focus on Israel at Thursday's event, as some Jewish Democrats rally behind Rogers, may be a nod to the fact that U.S. support for Israel is increasingly unpopular among voters across the political spectrum",https://www.haaretz.com/us-news/2026-08-22/ty-article/.premium/michigan-jews-help-form-democrats-for-mike-rogers-with-little-talk-of-israel/000001a0-26ea-dc38-a7f1-3fef44fa0000,Haaretz,Arno Rosenfeld,2026-08-22T02:47:38,2026-08-22 02:54:14.381134,https://www.haaretz.com/us-news/2026-08-22/ty-article/.premium/michigan-jews-help-form-democrats-for-mike-rogers-with-little-talk-of-israel/000001a0-26ea-dc38-a7f1-3fef44fa0000
A Jewish federation had big plans for a community campus. Then the money ran out.,"(JTA) — When the Jewish federation in Harrisburg, Pennsylvania, laid off its entire support staff earlier this month, the move didn’t come as a surprise. Instead, it felt like an inevitable next step in an inexorable trajectory of decline that has unfolded in public over the course of months, upending the infrastructure that had long... The post A Jewish federation had big plans for a community campus. Then the money ran out. appeared first on The Forward .",https://forward.com/fast-forward/846353/jewish-federation-harrisburg-community-campus/,The Forward,Grace Gilson,2026-08-21T23:41:55,2026-08-22 01:14:06.244572,https://forward.com/?p=846353
Why an anti-Israel DSA member bested Alex Vindman in a Florida Senate primary,"(JTA) — When Democratic socialist Angie Nixon, an ardent critic of Israel, secured a surprise win in Florida’s U.S. Senate Democratic primary Tuesday over Jewish former Soviet refugee Alex Vindman, pro-Israel advocates expressed alarm that even in the South, Democratic momentum seems to be shifting toward the party’s farthest-left flank. Nixon is expected to face... The post Why an anti-Israel DSA member bested Alex Vindman in a Florida Senate primary appeared first on The Forward .",https://forward.com/fast-forward/846107/anti-israel-dsa-member-alex-vindman-florida-senate-primary/,The Forward,Sharon Udasin,2026-08-21T23:55:08,2026-08-22 01:14:06.244524,https://forward.com/?p=846107
California progressive Wahab defeats AIPAC-backed Hernandez in close race,"(JTA) — California progressive Aisha Wahab defeated AIPAC-backed moderate Melissa Hernandez in a congressional runoff this week, capping off a contest that had become unexpectedly tight after the pro-Israel lobby entered the fray. The Associated Press called the race between the Democrats — who were vying to replace a disgraced former Rep. Eric Swalwell —... The post California progressive Wahab defeats AIPAC-backed Hernandez in close race appeared first on The Forward .",https://forward.com/fast-forward/846119/california-progressive-defeats-aipac-backed-candidate/,The Forward,Sharon Udasin,2026-08-22T00:00:51,2026-08-22 01:14:06.244476,https://forward.com/?p=846119
Argentina removes federal judge over antisemitic remarks in historic first,"(JTA) — An Argentine federal judge was removed from office Tuesday for a series of antisemitic posts on his social media accounts that constituted misconduct incompatible with his role, an impeachment panel ruled. Alfredo Eugenio López, who headed Federal Court No. 4 in the coastal city of Mar del Plata, was removed by Argentina’s Jury... The post Argentina removes federal judge over antisemitic remarks in historic first appeared first on The Forward .",https://forward.com/fast-forward/846131/argentina-removes-federal-judge-over-antisemitic-remarks/,The Forward,Juan Melamed,2026-08-22T00:13:25,2026-08-22 01:14:06.244427,https://forward.com/?p=846131
UK threatens sanctions after Israel opens bids for E1 settler homes,"(JTA) — JERUSALEM – The United Kingdom threatened to sanction Israelis involved in West Bank settlement expansion after the Jewish state’s Lands Authority opened bids for 1,234 homes in the largely underdeveloped E1 section of the West Bank settlement of Ma’aleh Adumim. Construction in E1 “would cut across the heart of Palestine and risks separating... The post UK threatens sanctions after Israel opens bids for E1 settler homes appeared first on The Forward .",https://forward.com/fast-forward/846137/uk-threatens-sanctions-after-israel-opens-bids-for-e1-settler-homes/,The Forward,Tovah Lazaroff,2026-08-22T00:20:18,2026-08-22 01:14:06.244370,https://forward.com/?p=846137
"Tehran says war with U.S. must end, as world now recognizes Iran's victory","The Iranian parliament speaker said Tehran must prepare for 'unjust U.S. sanctions.' This came after the U.S. Treasury secretary announced additional sanctions against Iran, which he described as the toughest sanctions imposed to date",https://www.haaretz.com/middle-east-news/iran/2026-08-22/ty-article/tehran-says-war-with-u-s-must-end-as-world-now-recognizes-irans-victory/000001a0-2651-d129-a3ba-667b4a100000,Haaretz,Reuters,2026-08-21T22:45:26,2026-08-21 23:24:08.217290,https://www.haaretz.com/middle-east-news/iran/2026-08-22/ty-article/tehran-says-war-with-u-s-must-end-as-world-now-recognizes-irans-victory/000001a0-2651-d129-a3ba-667b4a100000
Why is Rep. Jamie Raskin enabling campus antisemitism?,Notable victories have been achieved against campus Jew-hatred. But the Maryland congressman wants to stop the DOJ from turning the tide against woke discrimination.,https://www.jns.org/opinion/column/jonathan-s-tobin/why-is-rep-jamie-raskin-enabling-campus-antisemitism,JNS,Jonathan S. Tobin,2026-08-21T22:45:00,2026-08-21 23:24:00.916865,https://www.jns.org/opinion/column/jonathan-s-tobin/why-is-rep-jamie-raskin-enabling-campus-antisemitism
"Echoing Ancient Tropes of Jewish control, Mark Ruffalo Accuses Ellison’s of Complicity in “Genocide” in New Attack on Paramount-Warner Deal","Ruffalo did not confine his argument to market concentration or other typical criticisms of a deal. Instead, he made the Ellisons’ relationship with Israel—and the nationality of an Oracle executive—a core part of his indictment of the merger. The post Echoing Ancient Tropes of Jewish control, Mark Ruffalo Accuses Ellison’s of Complicity in “Genocide” in New Attack on Paramount-Warner Deal appeared first on Jewish Journal .",https://jewishjournal.com/culture/arts/hollywood/391430/echoing-ancient-tropes-of-jewish-control-mark-ruffalo-accuses-ellisons-of-complicity-in-genocide-in-new-attack-on-paramount-warner-deal/,Jewish Journal,Benjamin Raziel,2026-08-21T23:20:44,2026-08-21 23:23:58.450671,https://jewishjournal.com/?p=391430
"Ohel announces Camp Lavi sale to for-profit group, not Camp Lavi Foundation","After a summer of uncertainty, the families and supporters of Camp Lavi in Lakewood, Penn., seemed poised to rescue the institution from closure after a bankruptcy scandal left the property on the auction block. On Tuesday, Camp Lavi sent out an email: “We are overjoyed to share the news this community has been working toward:... Read More The post Ohel announces Camp Lavi sale to for-profit group, not Camp Lavi Foundation appeared first on eJewishPhilanthropy .",https://ejewishphilanthropy.com/ohel-announces-camp-lavi-sale-to-for-profit-group-not-camp-lavi-foundation/,eJewish Philanthropy,Jay Deitcher,2026-08-21T23:02:55,2026-08-21 23:23:49.470364,https://ejewishphilanthropy.com/?p=179085
Why Italy is having a Yiddish moment,"(JTA) — In September 1932, Israel Joshua Singer boarded a ship bound for New York, where he had been invited to report on the United States for Yiddish-speaking Jews like [&#8230;]",https://jweekly.com/2026/08/21/italy-is-having-a-yiddish-moment-an-unprecedented-i-j-singer-translation-is-part-of-the-boom/,J. Weekly,Simone Somekh,2026-08-21T16:00:00,2026-08-21 23:23:47.087494,https://jweekly.com/?p=310146
When does Shabbat end? This astrophysicist thinks we’ve been getting it wrong,This story was originally published in the Forward. Click here to get the Forward&#8217;s free email newsletters delivered to your inbox. Aster Taylor observes Shabbat on their own time — [&#8230;],https://jweekly.com/2026/08/21/when-does-shabbat-end-this-astrophysicist-thinks-weve-been-getting-it-wrong/,J. Weekly,Hannah Feuer,2026-08-21T16:00:00,2026-08-21 23:23:47.087452,https://jweekly.com/?p=310141
Silicon Valley’s AI needs a dose of Proverbs’ Lady Wisdom,"Long before Silicon Valley’s AI sought to guide our lives, the Book of Proverbs imagined another guide for human flourishing.&#160; Chochmah, or Wisdom, personified as a woman in Proverbs, stands [&#8230;]",https://jweekly.com/2026/08/21/silicon-valleys-ai-needs-a-dose-of-proverbs-lady-wisdom/,J. Weekly,Uriah P. Kim,2026-08-21T23:14:02,2026-08-21 23:23:47.087389,https://jweekly.com/?p=310150
Michigan Rabbi Says He’ll Vote for Mike Rogers as Wolverine State Jews Fret Over El-Sayed,"Rabbi Asher Lopatin, an Orthodox rabbi in Michigan, announced this week that he will support Republican US Senate candidate Mike...",https://www.algemeiner.com/2026/08/21/michigan-rabbi-announces-vote-mike-rogers-wolverine-state-jews-fret-el-sayed/,Algemeiner,Corey Walker,2026-08-21T20:30:39,2026-08-21 22:25:14.560057,https://www.algemeiner.com/?p=778228
"US civil-rights commission approves bipartisan report on Jew-hatred at American colleges, federal agencies","Commission chair Rochelle Garza said the report will provide an “important factual record, emphasizing the need to protect Jewish students from discrimination and harassment while respecting constitutional protections for free speech.",https://www.jns.org/news/u-s-news/us-civil-rights-commission-approves-bipartisan-report-on-jew-hatred-at-american-colleges-federal-agencies,JNS,,2026-08-21T20:32:53,2026-08-21 21:24:48.456118,https://www.jns.org/news/u-s-news/us-civil-rights-commission-approves-bipartisan-report-on-jew-hatred-at-american-colleges-federal-agencies
"EXCLUSIVE: Report finds TikTok has best response to Jew-hatred, then Instagram, X","“We need to see more consistent enforcement, greater transparency and meaningful consequences for repeat offenders,” Liora Rez of StopAntisemitism told JNS.",https://www.jns.org/news/u-s-news/exclusive-report-finds-tiktok-has-best-response-to-jew-hatred-then-instagram-x,JNS,Aaron Bandler,2026-08-21T20:43:32,2026-08-21 21:24:48.456083,https://www.jns.org/news/u-s-news/exclusive-report-finds-tiktok-has-best-response-to-jew-hatred-then-instagram-x
New online study tracks migration of antisemitic language from fringe forums to mainstream platforms,"The Institute for Strategic Dialogue tracked what it called “lexical laundering,” the process by which extremist vocabulary enters mainstream discourse while retaining its original meaning among insiders and becoming more “deniable” to outsiders.",https://www.jns.org/news/u-s-news/new-online-study-tracks-migration-of-antisemitic-language-from-fringe-forums-to-mainstream-platforms,JNS,,2026-08-21T20:55:34,2026-08-21 21:24:48.456052,https://www.jns.org/news/u-s-news/new-online-study-tracks-migration-of-antisemitic-language-from-fringe-forums-to-mainstream-platforms
"‘Incredible pride’ to be Key West’s first Jewish mayor, Samuel Kaufman says","“We’re probably the only city in the state and in the country that raised the Israeli flag on our City Hall, next to our state flag, next to the American flag, and it stayed there for four months,” the mayor-elect told JNS.",https://www.jns.org/news/u-s-news/incredible-pride-to-be-key-wests-first-jewish-mayor-samuel-kaufman-says,JNS,Andrew Bernard,2026-08-21T21:12:58,2026-08-21 21:24:48.456005,https://www.jns.org/news/u-s-news/incredible-pride-to-be-key-wests-first-jewish-mayor-samuel-kaufman-says
Local kosher spots share their tried and true High Holiday recipes,Food coverage is supported by a generous donation from Susan and Moses Libitzky. What are you serving for Rosh Hashanah? Four Bay Area kosher food purveyors have fantastic recommendations. Pars [&#8230;],https://jweekly.com/2026/08/21/local-kosher-spots-share-their-tried-and-true-high-holiday-recipes/,J. Weekly,Faith Kramer,2026-08-21T20:34:45,2026-08-21 21:24:33.024842,https://jweekly.com/?p=310121
Rosh Hashanah activities for families across Bay Area,"Rosh Hashanah is a time to reflect on the past year, look ahead to the new one and — of course — eat apples and honey. We’ve rounded up events [&#8230;]",https://jweekly.com/2026/08/21/create-sweet-family-memories-at-these-rosh-hashanah-events-across-the-bay-area/,J. Weekly,Rahel Knight,2026-08-21T21:24:23,2026-08-21 21:24:33.024799,https://jweekly.com/?p=310131
Netanyahu Calls Erdogan an ‘Antisemitic Dictator’ as Turkey Seeks International Arrest Warrant for Israeli PM,Israeli Prime Minister Benjaman Netanyahu&#8217;s office on Friday lambasted Turkish President Recep Tayyip Erdogan as an &#8220;antisemitic dictator&#8221; hours after...,https://www.algemeiner.com/2026/08/21/netanyahu-calls-erdogan-antisemitic-dictator-turkey-seeks-international-arrest-warrant-israeli-pm/,Algemeiner,Debbie Weiss,2026-08-21T20:00:34,2026-08-21 20:26:00.166844,https://www.algemeiner.com/?p=778232
New ADL Study Shows Classroom Lessons Can Reduce Antisemitism,High school students are less likely to believe in antisemitic tropes when the public education system intervenes early to apprise...,https://www.algemeiner.com/2026/08/21/new-adl-study-shows-classroom-lessons-can-reduce-antisemitism/,Algemeiner,Dion J. Pierre,2026-08-21T20:14:29,2026-08-21 20:26:00.166802,https://www.algemeiner.com/?p=778205
"Jewish teacher, mother of four, dies in Long Island car accident","Allison Rahmani, 40, was able to call for help after her car entered her swimming pool in Hewlett, N.Y., but died in an ambulance en route to the hospital, a source familiar with the family told JNS.",https://www.jns.org/news/u-s-news/jewish-teacher-mother-of-four-dies-in-long-island-car-accident,JNS,Jessica Russak-Hoffman,2026-08-21T19:26:04,2026-08-21 20:25:57.856807,https://www.jns.org/news/u-s-news/jewish-teacher-mother-of-four-dies-in-long-island-car-accident
"Iran’s shadow war, out in the open",The IRCG Quds Force and a changing threat to Jewish targets.,https://www.jns.org/opinion/cedric-debernard/irans-shadow-war-out-in-the-open,JNS,Cédric Debernard,2026-08-21T19:45:00,2026-08-21 20:25:57.856776,https://www.jns.org/opinion/cedric-debernard/irans-shadow-war-out-in-the-open
"‘Deeply disturbing, unacceptable,’ Surfside, FL rabbi says of alleged antisemitic assault",Rabbi Gavriel Koskas of Magen David Congregation of Surfside-Bal Harbour told JNS that it appeared to be an “isolated incident” that shouldn’t define the beach town.,https://www.jns.org/news/u-s-news/deeply-disturbing-unacceptable-surfside-fl-rabbi-says-of-alleged-antisemitic-assault,JNS,Rebecca Szlechter,2026-08-21T19:53:00,2026-08-21 20:25:57.856729,https://www.jns.org/news/u-s-news/deeply-disturbing-unacceptable-surfside-fl-rabbi-says-of-alleged-antisemitic-assault
American missionary held captive by ISIS affiliate in Africa reunited with wife,Kevin Rideout was abducted outside his home in Niger in October 2025 and released into U.S. custody this week after more than nine months in captivity.,https://www.jns.org/news/u-s-news/american-missionary-held-captive-by-isis-affiliate-in-africa-reunited-with-wife,JNS,,2026-08-21T20:10:35,2026-08-21 20:25:57.856665,https://www.jns.org/news/u-s-news/american-missionary-held-captive-by-isis-affiliate-in-africa-reunited-with-wife
Looking for snow in August: My lifelong obsession with the Irish,"According to the 11th-century set of Irish texts known as Lebor Gabála Érenn, or The Book of the Invasions of Ireland, there once lived a man called Fénius Farsaid — “Irishman the Pharisee.” If the weirdness of this name is not hitting home for you, it’s a bit like if I told you my name... The post Looking for snow in August: My lifelong obsession with the Irish appeared first on The Forward .",https://forward.com/forward-newsletters/looking-forward/846185/looking-for-snow-in-august-my-lifelong-obsession-with-the-irish/,The Forward,Clara Shapiro,2026-08-21T19:30:18,2026-08-21 20:25:50.887503,https://forward.com/?p=846185
A Jewish federation had big plans for a community campus. Then the money ran out.,"In Harrisburg, Pennsylvania, questions are mounting after the abrupt closure of a Campus for Jewish Life. -- The post A Jewish federation had big plans for a community campus. Then the money ran out. appeared first on Jewish Telegraphic Agency .",https://www.jta.org/2026/08/21/united-states/a-jewish-federation-had-big-plans-for-a-community-campus-then-the-money-ran-out,JTA,Grace Gilson,2026-08-21T19:58:41,2026-08-21 20:25:48.144338,https://www.jta.org/?p=1906628
Jewish candidate for UN sec-gen falls to second place in new round of polling,"“After years of bias, failure and eroded trust, the organization needs a leader who is prepared to change the system,” stated Danny Danon, Israeli ambassador to the global body.",https://www.jns.org/news/world/jewish-candidate-for-un-sec-gen-falls-to-second-place-in-new-round-of-polling,JNS,Mike Wagenheim,2026-08-21T19:16:06,2026-08-21 19:25:51.031119,https://www.jns.org/news/world/jewish-candidate-for-un-sec-gen-falls-to-second-place-in-new-round-of-polling
When does Shabbat end? This astrophysicist thinks we’ve been getting it wrong,"Aster Taylor observes Shabbat on their own time — literally. For the past year, Taylor, a Ph.D. candidate in astrophysics at the University of Michigan, has been keeping Shabbat according to a schedule they devised using astronomical data. So this Saturday, when Chabad of Ann Arbor says Shabbat will end at 9:09 p.m., Taylor will... The post When does Shabbat end? This astrophysicist thinks we’ve been getting it wrong appeared first on The Forward .",https://forward.com/culture/846176/shabbat-stars-aster-taylor-michigan-physics/,The Forward,Hannah Feuer,2026-08-21T19:04:10,2026-08-21 19:25:44.478330,https://forward.com/?p=846176
"Lifecycles announcements for the week of Aug. 21, 2026","B’nai mitzvah Eli Bierlink Son of Dr. Rebecca Gitenstein and Bruce Bierlink, Saturday, Aug. 8, at Temple Sinai in Oakland.&#160; Jack Brass Son of Talya and Joel Brass, grandson of Rachel and [&#8230;]",https://jweekly.com/2026/08/21/lifecycles-announcements-for-the-week-of-aug-21-2026/,J. Weekly,J. Staff,2026-08-21T18:40:17,2026-08-21 19:25:37.343532,https://jweekly.com/?p=310105
Free or low-cost High Holiday services in the Bay Area,Welcome to our annual list of free and low-cost High Holiday services open to the public. All services listed here cost $100 or less. (Many accept donations or offer sliding [&#8230;],https://jweekly.com/2026/08/21/free-or-low-cost-rosh-hashanah-and-yom-kippur-services-around-the-bay-area/,J. Weekly,Rahel Knight,2026-08-21T18:42:27,2026-08-21 19:25:37.343485,https://jweekly.com/?p=310102
