title,description,link,source,author,published,scraped_at,guid
Israel's feckless opposition fails to capitalize on Netanyahu coalition blunders,"Netanyahu's coalition keeps giving the opposition easy targets - from the prime minister's continued refusal to take responsibility for the October 7 massacre to the flydubai fiasco, ultra-Orthodox rioting and loudmouthed cheerleaders",https://www.haaretz.com/israel-news/israel-politics/2026-10-09/ty-article/.premium/israels-feckless-opposition-fails-to-capitalize-on-netanyahu-coalition-blunders/000001a1-1d09-da49-a5e9-1da957510000,Haaretz,Yossi Verter,2026-10-09T03:00:16,2026-10-09 10:09:45.901336,https://www.haaretz.com/israel-news/israel-politics/2026-10-09/ty-article/.premium/israels-feckless-opposition-fails-to-capitalize-on-netanyahu-coalition-blunders/000001a1-1d09-da49-a5e9-1da957510000
Israel's expanding regional footprint raises questions about the costs of permanent war,"The army has adopted a new security strategy – Israel's first line of defense has moved into enemy territory. In the meantime, southern Lebanon, Gaza and West Bank refugee camps are left in ruins",https://www.haaretz.com/israel-news/israel-security/2026-10-09/ty-article/.premium/israel-is-leaving-a-trail-of-destruction-throughout-its-regional-conquests/000001a1-1d09-d90c-a7bd-9d0d30740000,Haaretz,Amos Harel,2026-10-09T03:00:46,2026-10-09 10:09:45.901313,https://www.haaretz.com/israel-news/israel-security/2026-10-09/ty-article/.premium/israel-is-leaving-a-trail-of-destruction-throughout-its-regional-conquests/000001a1-1d09-d90c-a7bd-9d0d30740000
"Daily Cartoon, October 9, 2026",,https://www.haaretz.com/opinion/daily-cartoon/2026-10-09/ty-article-opinion/daily-cartoon-october-9-2026/000001a1-1f5c-d8a5-ade7-3f5ddd660000,Haaretz,Amos Biderman,2026-10-09T06:34:41,2026-10-09 10:09:45.901285,https://www.haaretz.com/opinion/daily-cartoon/2026-10-09/ty-article-opinion/daily-cartoon-october-9-2026/000001a1-1f5c-d8a5-ade7-3f5ddd660000
U.K. Greens' Zack Polanski loses bid for parliament to Labour in London by-election,Polanski lost his bid to join Parliament in the by-election for the central London constituency vacated by former Prime Minister Kier Starmer. He faces criticism after the Greens passed a motion defining Zionism as a 'racist ideology',https://www.haaretz.com/world-news/europe/2026-10-09/ty-article/u-k-greens-zack-polanski-loses-parliament-bid-to-labour-in-london-by-election/000001a1-1f40-d10a-a5b1-bf4c01560000,Haaretz,Reuters,2026-10-09T07:03:17,2026-10-09 10:09:45.901265,https://www.haaretz.com/world-news/europe/2026-10-09/ty-article/u-k-greens-zack-polanski-loses-parliament-bid-to-labour-in-london-by-election/000001a1-1f40-d10a-a5b1-bf4c01560000
"U.S. to livestream firing squad execution of Fort Hood shooter, Pentagon says","Former Army psychiatrist Nidal Hasan is set to become the first person executed by firing squad by the U.S. military since 1945, amid renewed debate over capital punishment following a botched lethal injection in Tennessee last week",https://www.haaretz.com/us-news/2026-10-09/ty-article/u-s-to-livestream-firing-squad-execution-of-fort-hood-shooter-pentagon-says/000001a1-1f78-d10a-a5b1-bf7caeb80000,Haaretz,Reuters,2026-10-09T07:57:12,2026-10-09 10:09:45.901242,https://www.haaretz.com/us-news/2026-10-09/ty-article/u-s-to-livestream-firing-squad-execution-of-fort-hood-shooter-pentagon-says/000001a1-1f78-d10a-a5b1-bf7caeb80000
The IDF must allow activists to accompany West Bank olive harvests,"Instead of protecting the Palestinians against settler violence, the Israeli military is trying to keep away the people who do show up to protect them",https://www.haaretz.com/opinion/editorial/2026-10-09/ty-article-opinion/.premium/the-idf-must-allow-activists-to-accompany-west-bank-olive-harvests/000001a1-1f54-d5a0-ade7-ff74dc330000,Haaretz,Haaretz Editorial,2026-10-09T08:43:44,2026-10-09 10:09:45.901213,https://www.haaretz.com/opinion/editorial/2026-10-09/ty-article-opinion/.premium/the-idf-must-allow-activists-to-accompany-west-bank-olive-harvests/000001a1-1f54-d5a0-ade7-ff74dc330000
"At Jerusalem’s NatCon, Israel offers a lesson in family",Conservatives examined Israel’s high birthrates—and debated whether duty or self-fulfillment can revive family life across the West.,https://www.jns.org/feature/at-jerusalems-natcon-israel-offers-a-lesson-in-family,JNS,Canaan Lidor,2026-10-09T04:07:00,2026-10-09 10:09:38.974032,https://www.jns.org/feature/at-jerusalems-natcon-israel-offers-a-lesson-in-family
Herzog honors six heroes who saved flydubai flight from disaster,The Israeli president presented civilian heroism awards to passengers who helped thwart an attempted terrorist attack aboard a flight from Dubai to Tel Aviv.,https://www.jns.org/news/israel-news/herzog-honors-six-heroes-who-saved-flydubai-flight-from-disaster,JNS,Sharon Altshul,2026-10-09T04:36:25,2026-10-09 10:09:38.974010,https://www.jns.org/news/israel-news/herzog-honors-six-heroes-who-saved-flydubai-flight-from-disaster
IDF officer killed in Humvee accident in Southern Lebanon,Three other soldiers were lightly wounded when the military vehicle overturned.,https://www.jns.org/news/israel-news/idf-officer-killed-in-humvee-accident-in-southern-lebanon,JNS,JNS Staff,2026-10-09T04:54:38,2026-10-09 10:09:38.973990,https://www.jns.org/news/israel-news/idf-officer-killed-in-humvee-accident-in-southern-lebanon
Gaza border communities surge 10% above pre-Oct. 7 population,"Thousands of new families have moved into the region, and local schools now have approximately 2,000 more students than before the war.",https://www.jns.org/news/israel-news/gaza-border-communities-surge-10-above-pre-oct-7-population,JNS,David Israel/TPS-IL,2026-10-09T05:08:00,2026-10-09 10:09:38.973971,https://www.jns.org/news/israel-news/gaza-border-communities-surge-10-above-pre-oct-7-population
Sa’ar: Countries that act against Israel will ‘lose their influence’ in region,The Israeli foreign minister announced that Colombia will become the 10th country to open an embassy in Jerusalem.,https://www.jns.org/feature/saar-countries-that-act-against-israel-will-lose-their-influence-in-region,JNS,Steve Linde,2026-10-09T07:01:00,2026-10-09 10:09:38.973950,https://www.jns.org/feature/saar-countries-that-act-against-israel-will-lose-their-influence-in-region
Binyamin Regional Council launches body-camera initiative for Jewish shepherds,"The ‘Shepherd Camera Project’ aims to document confrontations in real time and provide footage to police, media and the public.",https://www.jns.org/feature/binyamin-regional-council-launches-body-camera-initiative-for-jewish-shepherds,JNS,Josh Hasten,2026-10-09T07:58:29,2026-10-09 10:09:38.973928,https://www.jns.org/feature/binyamin-regional-council-launches-body-camera-initiative-for-jewish-shepherds
IDF kills Hamas commander involved in holding three Israeli hostages,A terrorist in Hamas’s Daraj-Tuffah Battalion was killed in a separate strike in Gaza City.,https://www.jns.org/news/israel-news/idf-kills-hamas-commander-involved-in-holding-three-israeli-hostages,JNS,JNS Staff,2026-10-09T09:14:16,2026-10-09 10:09:38.973905,https://www.jns.org/news/israel-news/idf-kills-hamas-commander-involved-in-holding-three-israeli-hostages
Remembering victims and honoring heroes means defending the truth,Haters don't seek evidence and then draw conclusions; they start at the Jews and work backward.,https://www.jns.org/wire/the-focus-project/remembering-victims-and-honoring-heroes-means-defending-the-truth,JNS,,2026-10-09T10:00:00,2026-10-09 10:09:38.973870,https://www.jns.org/wire/the-focus-project/remembering-victims-and-honoring-heroes-means-defending-the-truth
Aaron Sorkin’s follow-up to ‘The Social Network’ has a pretty good Yiddish joke — too bad about the rest of the movie,"In The Social Reckoning, Aaron Sorkin&#8217;s misbegotten follow-up to the generational classic The Social Network, there is, amid a cascade of exposition on algorithms, a decent Yiddish joke. “Jeff, you would know this, settle a bet,” a coworker asks Jeremy Allen White’s Jeff Horwitz, a real journalist known for his 2021 Wall Street Journal series... The post Aaron Sorkin’s follow-up to ‘The Social Network’ has a pretty good Yiddish joke — too bad about the rest of the movie appeared first on The Forward .",https://forward.com/culture/film-tv/854816/the-social-reckoning-review-mark-zuckerberg-spatula-yiddish-aaron-sorkin/,The Forward,PJ Grisar,2026-10-09T10:00:43,2026-10-09 10:09:32.316643,https://forward.com/?p=854816
"Ossoff says IDF violated law of armed conflict in Gaza, but genocide is an issue for international courts","(JTA) — Democratic Sen. Jon Ossoff and Republican challenger Rep. Mike Collins clashed over Israel’s conduct in Gaza, U.S. weapons sales to Israel and the war in Iran during Thursday’s debate in Georgia’s closely watched Senate race. The race could help determine control of the Senate, with implications for U.S. policy toward Israel. The incumbent... The post Ossoff says IDF violated law of armed conflict in Gaza, but genocide is an issue for international courts appeared first on The Forward .",https://forward.com/fast-forward/854855/ossoff-idf-gaza-genocide-election-debate/,The Forward,Ryan Torok,2026-10-09T10:02:30,2026-10-09 10:09:32.316591,https://forward.com/?p=854855
Is Israel or Iran a bigger threat to the US? Michigan’s Abdul El-Sayed won’t say,Candidates in a tight US Senate race trade insults in an explosive debate on Wednesday. -- The post Is Israel or Iran a bigger threat to the US? Michigan&#8217;s Abdul El-Sayed won&#8217;t say appeared first on Jewish Telegraphic Agency .,https://www.jta.org/2026/10/09/politics/is-israel-or-iran-a-bigger-threat-to-the-us-michigans-abdul-el-sayed-wont-say,JTA,Sharon Udasin,2026-10-09T07:20:13,2026-10-09 10:09:29.433049,https://www.jta.org/?p=1910069
"Ossoff says IDF violated law of armed conflict in Gaza, but genocide is an issue for international courts","Georgia U.S. Senate candidates square off on Israel and Iran during a heated debate -- The post Ossoff says IDF violated law of armed conflict in Gaza, but genocide is an issue for international courts appeared first on Jewish Telegraphic Agency .",https://www.jta.org/2026/10/09/politics/ossoff-says-idf-violated-law-of-armed-conflict-in-gaza-but-genocide-is-an-issue-for-international-courts,JTA,Ryan Torok,2026-10-09T08:08:32,2026-10-09 10:09:29.433011,https://www.jta.org/?p=1910073
"After Oct. 7, Jewish parents chose Jewish schools. Now we have to keep the door open.","After Oct. 7, 2023, Jewish parents started asking different questions — not only whether their children are safe, but what does it mean to raise a Jewish child in this moment? What do I want my children to know about who they are? And what will ensure there is a next generation that not only... Read More The post After Oct. 7, Jewish parents chose Jewish schools. Now we have to keep the door open. appeared first on eJewishPhilanthropy .",https://ejewishphilanthropy.com/after-oct-7-jewish-parents-chose-jewish-schools-now-we-have-to-keep-the-door-open/,eJewish Philanthropy,Sydney Altfield,2026-10-09T08:30:00,2026-10-09 10:09:27.086615,https://ejewishphilanthropy.com/?p=180981
The overlooked faculty roots of the post-Oct. 7 campus crisis,"Three years after Hamas’s Oct. 7 attack, the images that defined the campus response remain familiar: student encampments, occupied buildings, disruptive protests, divestment campaigns, and Jewish students facing harassment, intimidation and exclusion. Students became the face of the campus antisemitism crisis. But a less visible force had been shaping the campus environment long before Oct.... Read More The post The overlooked faculty roots of the post-Oct. 7 campus crisis appeared first on eJewishPhilanthropy .",https://ejewishphilanthropy.com/the-overlooked-faculty-roots-of-the-post-oct-7-campus-crisis/,eJewish Philanthropy,Tammi Rossman-Benjamin,2026-10-09T09:44:00,2026-10-09 10:09:27.086567,https://ejewishphilanthropy.com/?p=180990
Rogers accuses El-Sayed of Hamas and Hezbollah ties during bitter Michigan Senate debate,"In a tight race expected to help determine control of the Senate, the two candidates traded personal insults and sparred over foreign policy, terrorism and their stances on Israel during a vicious debate",https://www.haaretz.com/us-news/2026-10-09/ty-article/.premium/rogers-accuses-el-sayed-of-ties-to-hamas-hezbollah-in-bitter-michigan-debate/000001a1-1def-d10a-a5b1-bdef925c0000,Haaretz,Arno Rosenfeld,2026-10-09T01:08:34,2026-10-09 02:49:19.019892,https://www.haaretz.com/us-news/2026-10-09/ty-article/.premium/rogers-accuses-el-sayed-of-ties-to-hamas-hezbollah-in-bitter-michigan-debate/000001a1-1def-d10a-a5b1-bdef925c0000
Sept. 11 and Oct. 7 bookend the decline of higher education,Campuses across the United States have fallen to anti-American and anti-Israel ideologues.,https://www.jns.org/opinion/alex-joffe/sept-11-and-oct-7-bookend-the-decline-of-higher-education,JNS,Asaf Romirowsky,2026-10-09T02:00:00,2026-10-09 02:49:11.184307,https://www.jns.org/opinion/alex-joffe/sept-11-and-oct-7-bookend-the-decline-of-higher-education
The End of the Beginning – A poem for Parsha Bereshit,This is the end of the beginning... The post The End of the Beginning &#8211; A poem for Parsha Bereshit appeared first on Jewish Journal .,https://jewishjournal.com/judaism/392871/the-end-of-the-beginning-a-poem-for-parsha-bereshit/,Jewish Journal,Rick Lupert,2026-10-08T23:00:50,2026-10-09 02:49:08.760397,https://jewishjournal.com/?p=392871
Religious Violence and Other Failures,"When our service of God degenerates into a paganism of self-worship, the deepest religious failures, including violence, take hold. The post Religious Violence and Other Failures appeared first on Jewish Journal .",https://jewishjournal.com/judaism/393020/religious-violence-and-other-failures/,Jewish Journal,Chaim Steinmetz,2026-10-09T00:13:45,2026-10-09 02:49:08.760355,https://jewishjournal.com/?p=393020
Israeli parties make GTA 6 the latest weapon in their campaign ad arsenal,"In AI-generated videos, Netanyahu and his far-right allies are cast as GTA-style targets, while Likud's parody has Gadi Eisenkot and Avigdor Lieberman stealing votes, diving into the Red Sea and handing their haul to one of the Arab parties",https://www.haaretz.com/israel-news/elections/2026-10-08/ty-article/.premium/israeli-parties-make-gta-6-the-latest-weapon-in-their-campaign-ad-arsenal/000001a1-1c70-dfee-aded-5c7e223c0000,Haaretz,Ben Kroll,2026-10-08T17:45:21,2026-10-08 23:01:02.024384,https://www.haaretz.com/israel-news/elections/2026-10-08/ty-article/.premium/israeli-parties-make-gta-6-the-latest-weapon-in-their-campaign-ad-arsenal/000001a1-1c70-dfee-aded-5c7e223c0000
'Most Nova survivors will go on to live full lives. They have abilities others don't',"Therapists who mobilized on October 7 knew they had five weeks to reduce PTSD risk among survivors of Nova and other parties targeted by Hamas. Three years on, the NGO they founded supports 1,000 survivors and their families",https://www.haaretz.com/science-and-health/2026-10-08/ty-article-magazine/.highlight/most-nova-survivors-will-live-full-lives-they-have-abilities-others-dont/000001a1-1b91-da49-a5e9-1bb936720000,Haaretz,Shir Angel,2026-10-08T18:09:13,2026-10-08 23:01:02.024354,https://www.haaretz.com/science-and-health/2026-10-08/ty-article-magazine/.highlight/most-nova-survivors-will-live-full-lives-they-have-abilities-others-dont/000001a1-1b91-da49-a5e9-1bb936720000
Pennsylvania Governor Josh Shapiro says he hopes Netanyahu loses Israel's election,"Shapiro, a Jewish Democrat widely seen as a 2028 presidential hopeful, sidestepped a question during gubernatorial debate about military aid to Israel. 'As governor, you don't make those decisions about shipping weaponry overseas to any country'",https://www.haaretz.com/us-news/2026-10-08/ty-article/.premium/pennsylvanias-josh-shapiro-says-he-hopes-netanyahu-loses-israels-election/000001a1-1ca5-d10a-a5b1-bdad9d8d0000,Haaretz,Etan Nechin,2026-10-08T18:12:39,2026-10-08 23:01:02.024325,https://www.haaretz.com/us-news/2026-10-08/ty-article/.premium/pennsylvanias-josh-shapiro-says-he-hopes-netanyahu-loses-israels-election/000001a1-1ca5-d10a-a5b1-bdad9d8d0000
"Israeli military officer killed in southern Lebanon operational accident, IDF says","Capt. Eliav Haim Tzapalamus, 21, was killed when a military vehicle tipped over during operational activity",https://www.haaretz.com/israel-news/israel-security/2026-10-08/ty-article/.premium/israeli-military-officer-killed-in-southern-lebanon-operational-accident/000001a1-1cb6-d90c-a7bd-9db67e2f0000,Haaretz,Yaniv Kubovich,2026-10-08T18:23:51,2026-10-08 23:01:02.024296,https://www.haaretz.com/israel-news/israel-security/2026-10-08/ty-article/.premium/israeli-military-officer-killed-in-southern-lebanon-operational-accident/000001a1-1cb6-d90c-a7bd-9db67e2f0000
Pro-Palestinian protesters who heckled Mamdani on October 7 actually did him a favor,"Open support for Hamas may reflect genuine support for militant Islamism or frustration with unchanged U.S. policy toward Israel. Either way, it amounts to trolling that any competent politician is free to ignore",https://www.haaretz.com/israel-news/haaretz-today/2026-10-08/ty-article/.highlight/pro-palestinian-protesters-who-heckled-mamdani-on-october-7-did-him-a-favor/000001a1-1cac-d4a7-a5fb-7dadec900000,Haaretz,Arno Rosenfeld,2026-10-08T18:26:26,2026-10-08 23:01:02.024271,https://www.haaretz.com/israel-news/haaretz-today/2026-10-08/ty-article/.highlight/pro-palestinian-protesters-who-heckled-mamdani-on-october-7-did-him-a-favor/000001a1-1cac-d4a7-a5fb-7dadec900000
"Jordan BDS group calls for boycott of Andrea Bocelli concert in Petra, citing Israel support","The campaign to boycott Bocelli's concert cited his 2010 performance at a fundraiser supporting the Israeli military, performances in Israel and other ties it says reflect longstanding support",https://www.haaretz.com/israel-news/culture/leisure/2026-10-08/ty-article/.premium/jordan-bds-group-urges-boycott-of-andrea-bocelli-over-alleged-israel-support/000001a1-1c8c-d10a-a5b1-bd8ca4ba0000,Haaretz,Ben Kroll,2026-10-08T18:59:51,2026-10-08 23:01:02.024242,https://www.haaretz.com/israel-news/culture/leisure/2026-10-08/ty-article/.premium/jordan-bds-group-urges-boycott-of-andrea-bocelli-over-alleged-israel-support/000001a1-1c8c-d10a-a5b1-bd8ca4ba0000
Trump Admin expands antisemitism probe of Swarthmore over video of burning Israeli soldier effigy,The Pennsylvania college says it revoked pro-Palestinian group's official recognition last year and has no control over the social media account that shared the video,https://www.haaretz.com/us-news/2026-10-08/ty-article/.premium/trump-admin-expands-swarthmore-antisemitism-probe-over-idf-effigy-video/000001a1-1cc6-d4a7-a5fb-7defea300000,Haaretz,Grace Gilson,2026-10-08T19:09:24,2026-10-08 23:01:02.024214,https://www.haaretz.com/us-news/2026-10-08/ty-article/.premium/trump-admin-expands-swarthmore-antisemitism-probe-over-idf-effigy-video/000001a1-1cc6-d4a7-a5fb-7defea300000
Mamdani defends attending October 7 vigil after pro-Palestine protesters heckle event,"New York Mayor Mamdani says his attendance and October 7 statement are part of 'reckoning with what that day has meant for this city,' promises he remains committed to dismantling NYPD's Strategic Response Group",https://www.haaretz.com/us-news/2026-10-08/ty-article/.premium/mamdani-defends-attending-october-7-vigil-after-protesters-heckle-event/000001a1-1cdc-d90c-a7bd-9ddc5d230000,Haaretz,Simone Saidmehr,2026-10-08T19:10:25,2026-10-08 23:01:02.024187,https://www.haaretz.com/us-news/2026-10-08/ty-article/.premium/mamdani-defends-attending-october-7-vigil-after-protesters-heckle-event/000001a1-1cdc-d90c-a7bd-9ddc5d230000
Tel Aviv complex asks resident to remove Democrats sign for 'good neighborly relations',"The resident's attorney said the move by Gindi Tel Aviv's management company 'infringes on his constitutional rights,' while other residents said political signage has long been common in the building and had not previously drawn objections",https://www.haaretz.com/israel-news/2026-10-08/ty-article/.premium/a-democrats-sign-hung-on-a-luxury-tel-aviv-complex-balcony-sparks-legal-battle/000001a1-1c91-d14e-aff7-5c95bc0b0000,Haaretz,Yair Foldes,2026-10-08T19:21:33,2026-10-08 23:01:02.024159,https://www.haaretz.com/israel-news/2026-10-08/ty-article/.premium/a-democrats-sign-hung-on-a-luxury-tel-aviv-complex-balcony-sparks-legal-battle/000001a1-1c91-d14e-aff7-5c95bc0b0000
Ultra-Orthodox protesters block major Israel roads in clashes over draft arrests,"Police said three protesters were arrested in Bnei Brak on suspicion of attacking officers, while another protester was arrested in Jerusalem. In another incident in Jerusalem, a vehicle struck a protester and fled the scene",https://www.haaretz.com/israel-news/israel-politics/2026-10-08/ty-article/.premium/ultra-orthodox-protesters-block-major-israel-roads-in-clashes-over-draft-arrests/000001a1-1cc9-da49-a5e9-1de948050000,Haaretz,Aaron Rabinowitz,2026-10-08T19:27:09,2026-10-08 23:01:02.024130,https://www.haaretz.com/israel-news/israel-politics/2026-10-08/ty-article/.premium/ultra-orthodox-protesters-block-major-israel-roads-in-clashes-over-draft-arrests/000001a1-1cc9-da49-a5e9-1de948050000
This top Israeli scientist is developing a patch that detects disease before symptoms appear,Technion scientist Hossam Haick envisions a cheap skin patch that diagnoses disease early and delivers personalized treatment. It sounds like science fiction – until you discover the man behind the ambitious venture,https://www.haaretz.com/science-and-health/2026-10-08/ty-article-magazine/could-this-patch-detect-disease-even-before-symptoms-appear/000001a1-0b43-d441-aff5-1b4f48630000,Haaretz,Gid'on Lev,2026-10-08T19:56:14,2026-10-08 23:01:02.024101,https://www.haaretz.com/science-and-health/2026-10-08/ty-article-magazine/could-this-patch-detect-disease-even-before-symptoms-appear/000001a1-0b43-d441-aff5-1b4f48630000
'Bizarre': Mossad chief seeks TV pundit with no security background to head key division,"A former tech executive and political pundit is set to fill a role previously held by veteran Mossad officials. Sources told Haaretz that Mossad employs four outside advisers who counsel Roman Gofman, the agency's chief",https://www.haaretz.com/israel-news/2026-10-08/ty-article/.premium/bizarre-mossad-chief-seeks-to-name-tv-pundit-as-spy-agencys-strategy-head/000001a1-1c51-d3ad-a3b7-bd7df8e90000,Haaretz,Michael Hauser Tov,2026-10-08T20:11:05,2026-10-08 23:01:02.024065,https://www.haaretz.com/israel-news/2026-10-08/ty-article/.premium/bizarre-mossad-chief-seeks-to-name-tv-pundit-as-spy-agencys-strategy-head/000001a1-1c51-d3ad-a3b7-bd7df8e90000
"'I'm a lifelong Jerusalemite, but Tel Aviv and I are starting a love story'","This week at Ben-Gurion Airport: A social worker hiking in Spain to quiet disturbing thoughts, and a biochemist exploring nature after retirement",https://www.haaretz.com/israel-news/holylandings/2026-10-08/ty-article-magazine/.highlight/im-a-lifelong-jerusalemite-but-tel-aviv-and-i-are-starting-a-love-story/000001a1-1d17-d4a7-a5fb-7d3f96100000,Haaretz,Mae Palty,2026-10-08T20:22:53,2026-10-08 23:01:02.024033,https://www.haaretz.com/israel-news/holylandings/2026-10-08/ty-article-magazine/.highlight/im-a-lifelong-jerusalemite-but-tel-aviv-and-i-are-starting-a-love-story/000001a1-1d17-d4a7-a5fb-7d3f96100000
The left can't win if it denies Israelis' genuine fear of a Palestinian state,"Israel's left must confront the legitimate fears driving the right, without accepting permanent military rule over Palestinians. The solution always has been, and always will be, moderate pragmatism",https://www.haaretz.com/opinion/2026-10-09/ty-article-opinion/.premium/the-left-cant-win-if-it-denies-israelis-genuine-fear-of-a-palestinian-state/000001a1-1cf3-d90c-a7bd-9df733870000,Haaretz,Ravit Hecht,2026-10-08T22:06:10,2026-10-08 23:01:02.023997,https://www.haaretz.com/opinion/2026-10-09/ty-article-opinion/.premium/the-left-cant-win-if-it-denies-israelis-genuine-fear-of-a-palestinian-state/000001a1-1cf3-d90c-a7bd-9df733870000
"Boy George Announces Second Israel Concert, Dedicates It to Nova Music Festival Survivors","British singer-songwriter Boy George announced on Thursday a second concert in Israel, which will be dedicated to the survivors of...",https://www.algemeiner.com/2026/10/08/boy-george-announces-second-israel-concert-dedicates-it-nova-music-festival-survivors/,Algemeiner,Shiryn Ghermezian,2026-10-08T17:48:01,2026-10-08 23:00:57.175367,https://www.algemeiner.com/?p=780922
Britain Says Consulate in Jerusalem to Remain Open as a UK Mission,"British Foreign Minister Ed Miliband said on Thursday its Consulate General building in East Jerusalem, ordered to close by Israel, would remain open as an...",https://www.algemeiner.com/2026/10/08/britain-says-consulate-jerusalem-remain-open-uk-mission/,Algemeiner,Reuters and Algemeiner Staff,2026-10-08T18:18:26,2026-10-08 23:00:57.175341,https://www.algemeiner.com/?p=780942
Plane Billows Smoke at Riyadh Airport as Houthis Escalate Attacks,"Yemen&#8217;s Iran-aligned Houthis escalated their campaign of strikes against Saudi Arabia on Thursday, trying to shut down the kingdom&#8217;s airspace and oil...",https://www.algemeiner.com/2026/10/08/plane-billows-smoke-riyadh-airport-houthis-escalate-attacks/,Algemeiner,Reuters and Algemeiner Staff,2026-10-08T18:23:41,2026-10-08 23:00:57.175313,https://www.algemeiner.com/?p=780945
Germany’s Left to Start Berlin Coalition Talks After Antisemitism Deal,"Germany&#8217;s Left Party agreed to measures on Thursday to address antisemitic incidents, satisfying a key condition set by potential coalition partners and allowing it...",https://www.algemeiner.com/2026/10/08/germanys-left-start-berlin-coalition-talks-antisemitism-deal/,Algemeiner,Reuters and Algemeiner Staff,2026-10-08T18:38:48,2026-10-08 23:00:57.175285,https://www.algemeiner.com/?p=780948
Trump Says US Will Not Attack Iran Before Midterm Elections in November,"President Donald Trump said on Thursday that the US will not launch an attack on Iran before November&#8216;s US midterm congressional elections, asserting that the two countries are having...",https://www.algemeiner.com/2026/10/08/trump-says-us-not-attack-iran-before-midterm-elections-november/,Algemeiner,Reuters and Algemeiner Staff,2026-10-08T19:04:32,2026-10-08 23:00:57.175253,https://www.algemeiner.com/?p=780951
"Hamas Rakes in Up to $5 Million Daily in Gaza While Rearming, Plotting Soldier Abductions, Israeli Reports Say","Hamas is generating as much as $5 million a day from goods entering Gaza while rebuilding tunnels, accumulating weapons, and...",https://www.algemeiner.com/2026/10/08/hamas-rakes-in-up-5-million-daily-gaza-rearming-plotting-soldier-abductions-israeli-reports-say/,Algemeiner,Debbie Weiss,2026-10-08T19:23:54,2026-10-08 23:00:57.175222,https://www.algemeiner.com/?p=780954
"Three Years After Oct. 7 Massacre, Pressure Mounts to Bring Suspects to Justice as Legal Proceedings Drag On","Three years after the Hamas-led invasion of and massacre across southern Israel on Oct. 7, 2023, pressure is mounting to...",https://www.algemeiner.com/2026/10/08/three-years-oct-7-massacre-pressure-mounts-bring-suspects-justice-legal-proceedings-drag-on/,Algemeiner,Ailin Vilches Arguello,2026-10-08T20:20:57,2026-10-08 23:00:57.175194,https://www.algemeiner.com/?p=780953
European Parliament Backs Calls to Put Muslim Brotherhood Entities on Terrorist List,The European Parliament on Thursday approved a resolution calling on the European Union to add people and entities linked to...,https://www.algemeiner.com/2026/10/08/european-parliament-backs-calls-put-muslim-brotherhood-entities-terrorist-list/,Algemeiner,Ailin Vilches Arguello,2026-10-08T21:38:51,2026-10-08 23:00:57.175165,https://www.algemeiner.com/?p=780965
Abdul El-Sayed Sidesteps Question on Whether Iran or Israel Poses Bigger Threat to US,Michigan Democratic Senate nominee Abdul El-Sayed drew criticism this week after refusing to affirm that the Iranian regime poses a...,https://www.algemeiner.com/2026/10/08/abdul-el-sayed-sidesteps-question-whether-iran-israel-poses-bigger-threat-us/,Algemeiner,Corey Walker,2026-10-08T22:29:11,2026-10-08 23:00:57.175129,https://www.algemeiner.com/?p=780962
"Jewish homes damaged, elderly left fearful of winter as Russian attacks hit Ukraine","The attacks also damaged the city’s gas network, leaving more than 18,000 residents without fuel.",https://www.jns.org/wire/World-Jewish-Relief/jewish-homes-damaged-elderly-left-fearful-of-winter-as-russian-attacks-hit-ukraine,JNS,,2026-10-08T18:00:00,2026-10-08 23:00:54.894422,https://www.jns.org/wire/World-Jewish-Relief/jewish-homes-damaged-elderly-left-fearful-of-winter-as-russian-attacks-hit-ukraine
"UJA event marking third anniversary of Oct. 7 draws about 400, memorial made of hostage pins, tags unveiled","“So much of the New York Oct. 7 story is the role that the New York Jewish community played in fighting for the return of the hostages,” Hindy Poupko of the UJA told JNS.",https://www.jns.org/news/u-s-news/uja-event-marking-third-anniversary-of-oct-7-draws-about-400-memorial-made-of-hostage-pins-tags-unveiled,JNS,Rebecca Szlechter,2026-10-08T18:02:00,2026-10-08 23:00:54.894394,https://www.jns.org/news/u-s-news/uja-event-marking-third-anniversary-of-oct-7-draws-about-400-memorial-made-of-hostage-pins-tags-unveiled
US-Israeli owner of Florida ransomware company charged with defrauding clients,"Zohar Pinhasi allegedly paid hackers to unlock victims’ files, falsely claiming his company could recover them without paying a ransom, and then charged clients far more than the ransom amount.",https://www.jns.org/news/u-s-news/us-israeli-owner-of-florida-ransomware-company-charged-with-defrauding-clients,JNS,,2026-10-08T18:19:23,2026-10-08 23:00:54.894363,https://www.jns.org/news/u-s-news/us-israeli-owner-of-florida-ransomware-company-charged-with-defrauding-clients
The Jewish fifth columnists,Outrage over anti-Israel extremists shouldn’t obscure the bigotry of much mainstream thinking.,https://www.jns.org/opinion/column/melanie-phillips/the-jewish-fifth-columnists,JNS,Melanie Phillips,2026-10-08T19:00:00,2026-10-08 23:00:54.894330,https://www.jns.org/opinion/column/melanie-phillips/the-jewish-fifth-columnists
"Xbox, Nintendo games may soon be used to teach Gaza children about Holocaust","“The changing educational system is central to ‘deradicalizing,’ as the phrase is used, the Palestinian population and future generations,” Gerald Steinberg of NGO Monitor told JNS.",https://www.jns.org/news/israel-news/xbox-nintendo-games-may-soon-be-used-to-teach-gaza-children-about-holocaust,JNS,Rikki Zagelbaum,2026-10-08T19:51:23,2026-10-08 23:00:54.894305,https://www.jns.org/news/israel-news/xbox-nintendo-games-may-soon-be-used-to-teach-gaza-children-about-holocaust
Democrats’ bargain with the left will replicate Europe’s catastrophic decline,Riots in France and Britain’s lurch left illustrate what follows when liberals appease and then surrender to the red-green alliance of Marxists and Islamists. Can it happen in America?,https://www.jns.org/opinion/column/jonathan-s-tobin/the-democrats-bargain-with-the-left-will-replicate-europes-catastrophic-decline,JNS,Jonathan S. Tobin,2026-10-08T20:30:00,2026-10-08 23:00:54.894275,https://www.jns.org/opinion/column/jonathan-s-tobin/the-democrats-bargain-with-the-left-will-replicate-europes-catastrophic-decline
FBI spoke with Minnesota teen accused of planning ISIS-style attack on Mall of America more than a year before arrest,"Agents visited Sheikhdoon Abdullahi Mohamud’s home in May 2025, months after he allegedly began discussing travel to Somalia to join a terror group.",https://www.jns.org/news/u-s-news/fbi-spoke-with-minnesota-teen-accused-of-planning-isis-style-attack-on-mall-of-america-more-than-a-year-before-arrest,JNS,Jessica Russak-Hoffman,2026-10-08T20:57:44,2026-10-08 23:00:54.894243,https://www.jns.org/news/u-s-news/fbi-spoke-with-minnesota-teen-accused-of-planning-isis-style-attack-on-mall-of-america-more-than-a-year-before-arrest
Mamdani tells interviewer a lesson of Oct. 7 is Israel responded by ‘initiating a genocide’ that ‘has continued to this day’,"“And the lesson of that is?” Errol Louis of NY1 told the mayor. “I mean, that’s a description of what happened.”",https://www.jns.org/news/u-s-news/mamdani-tells-interviewer-a-lesson-of-oct-7-is-israel-responded-by-initiating-a-genocide-that-has-continued-to-this-day,JNS,Rebecca Szlechter,2026-10-08T21:00:51,2026-10-08 23:00:54.894213,https://www.jns.org/news/u-s-news/mamdani-tells-interviewer-a-lesson-of-oct-7-is-israel-responded-by-initiating-a-genocide-that-has-continued-to-this-day
State Department returns Israel to highest rank in fight against human trafficking,"“After a term of intensive work, we have achieved full recognition of Israel’s status as a global leader in the fight against human trafficking,” the Jewish state’s deputy prime minister stated.",https://www.jns.org/news/u-s-news/state-department-returns-israel-to-highest-rank-in-fight-against-human-trafficking,JNS,Andrew Bernard,2026-10-08T21:01:54,2026-10-08 23:00:54.894182,https://www.jns.org/news/u-s-news/state-department-returns-israel-to-highest-rank-in-fight-against-human-trafficking
Museum of Tolerance in LA lit up blue for Oct. 7 anniversary,Vlad Khaykin of the Wiesenthal Center told JNS that Jew-hatred in 2026 is “more than an organic social prejudice. It is a tool of statecraft.”,https://www.jns.org/news/u-s-news/museum-of-tolerance-in-la-lit-up-blue-for-oct-7-anniversary,JNS,Aaron Bandler,2026-10-08T21:34:13,2026-10-08 23:00:54.894150,https://www.jns.org/news/u-s-news/museum-of-tolerance-in-la-lit-up-blue-for-oct-7-anniversary
"After meeting Qatari mediator, Dem senator says Iran deal not imminent, ‘skimpy’","“The administration is giving its middle finger to the Congress,” Sen. Chris Murphy told reporters, after he was denied access to U.S. military facilities in the Gulf.",https://www.jns.org/news/u-s-news/after-meeting-qatari-mediator-dem-senator-says-iran-deal-not-imminent-skimpy,JNS,Andrew Bernard,2026-10-08T21:47:29,2026-10-08 23:00:54.894118,https://www.jns.org/news/u-s-news/after-meeting-qatari-mediator-dem-senator-says-iran-deal-not-imminent-skimpy
"Giorgia Meloni, believe me: Jihad will never compromise",The Italian prime minister’s call to end the “spiral of violence” reflects a dangerous Western illusion.,https://www.jns.org/opinion/column/fiamma-nirenstein/giorgia-meloni-believe-me-jihad-will-never-compromise,JNS,Fiamma Nirenstein,2026-10-08T23:00:00,2026-10-08 23:00:54.894077,https://www.jns.org/opinion/column/fiamma-nirenstein/giorgia-meloni-believe-me-jihad-will-never-compromise
Simchat Torah is the Antidote of Hevel,[&#8230;] The post Simchat Torah is the Antidote of Hevel appeared first on Jewish Journal .,https://jewishjournal.com/spiritual/poetry/393009/simchat-torah-is-the-antidote-of-hevel/,Jewish Journal,Gershon Hepner,2026-10-08T19:01:12,2026-10-08 23:00:52.440011,https://jewishjournal.com/?p=393009
A Moment in Time: October 7 – We Will Not be Defined by Loss,[&#8230;] The post A Moment in Time: October 7 &#8211; We Will Not be Defined by Loss appeared first on Jewish Journal .,https://jewishjournal.com/commentary/blogs/392909/a-moment-in-time-october-7-we-will-not-be-defined-by-loss/,Jewish Journal,Rabbi Zach Shapiro,2026-10-08T19:28:05,2026-10-08 23:00:52.439983,https://jewishjournal.com/?p=392909
A Bisl Torah ~ Sharp Anchoring,"When we teach our children, the lesson they glean should be sharp and clear enough, so they feel anchored by our tradition and confident in our values. The post A Bisl Torah ~ Sharp Anchoring appeared first on Jewish Journal .",https://jewishjournal.com/judaism/a-bisl-torah/393016/sharp-anchoring/,Jewish Journal,Rabbi Nicole Guzik,2026-10-08T19:56:44,2026-10-08 23:00:52.439942,https://jewishjournal.com/?p=393016
Anne Carson — a poet of spirituality and ‘small things’ — has won the Nobel Prize,"Anne Carson, today awarded the Nobel Prize in Literature, can be a difficult poet. Much of her work is erudite, complex and genre-defying; it is poetry and prose and criticism and translation and, occasionally, a kind of theology. But Carson’s work is also profoundly spiritual and richly rewarding, especially for those of us prone to... The post Anne Carson — a poet of spirituality and &#8216;small things&#8217; — has won the Nobel Prize appeared first on The Forward .",https://forward.com/culture/854726/anne-carson-nobel-prize-small-things-jewish-catholic-spirituality/,The Forward,Jay Michaelson,2026-10-08T19:45:00,2026-10-08 23:00:40.064013,https://forward.com/?p=854726
"British consulate in Jerusalem downgraded, 20 diplomats asked to leave","Israel says consulate services ceased, UK’s Miliband “we retain our long standing presence.” -- The post British consulate in Jerusalem downgraded, 20 diplomats asked to leave appeared first on Jewish Telegraphic Agency .",https://www.jta.org/2026/10/08/israel/british-consulate-in-jerusalem-downgraded-20-diplomats-asked-to-leave,JTA,Tovah Lazaroff,2026-10-08T19:09:46,2026-10-08 23:00:37.557926,https://www.jta.org/?p=1909992
Europe sees fragmented pro-Palestinian protests three years after Oct. 7,The movement was overshadowed in France and Spain by demonstrations over domestic crises. -- The post Europe sees fragmented pro-Palestinian protests three years after Oct. 7 appeared first on Jewish Telegraphic Agency .,https://www.jta.org/2026/10/08/global/europe-sees-fragmented-pro-palestinian-protests-three-years-after-oct-7,JTA,Shira Li Bartov,2026-10-08T19:49:48,2026-10-08 23:00:37.557889,https://www.jta.org/?p=1910029
Mamdani says he was ‘proud to attend’ Oct. 7 vigil where protesters called him a ‘traitor’,"“This is what I signed up for,” the mayor said. -- The post Mamdani says he was ‘proud to attend’ Oct. 7 vigil where protesters called him a ‘traitor’ appeared first on Jewish Telegraphic Agency .",https://www.jta.org/2026/10/08/ny/mamdani-says-he-was-proud-to-attend-oct-7-vigil-where-protesters-called-him-a-traitor,JTA,Joseph Strauss,2026-10-08T20:36:35,2026-10-08 23:00:37.557854,https://www.jta.org/?p=1910049
Mamdani says he ‘signed up for’ boos at Israeli peace vigil,"Plus, nobody puts baby in a corner – “Dirty Dancing” is coming to Broadway. -- The post Mamdani says he ‘signed up for’ boos at Israeli peace vigil appeared first on Jewish Telegraphic Agency .",https://www.jta.org/2026/10/08/ny/mamdani-says-he-signed-up-for-boos-at-israeli-peace-vigil,JTA,New York Jewish Week Staff,2026-10-08T21:00:00,2026-10-08 23:00:37.557800,https://www.jta.org/?p=1910028
Top Jewish influencers say opting out is not an option when antisemitism is prevalent,Jonah Platt has a recipe for combating antisemitism: Speak out. -- The post Top Jewish influencers say opting out is not an option when antisemitism is prevalent appeared first on Jewish Telegraphic Agency .,https://www.jta.org/2026/10/08/united-states/top-jewish-influencers-say-opting-out-is-not-an-option-when-antisemitism-is-prevalent,JTA,Reyna Gobel,2026-10-08T21:44:43,2026-10-08 23:00:37.557757,https://www.jta.org/?p=1909757
Minnesota man charged with ISIS-inspired plot on Jewish-owned Mall of America,"Sheikhdoon Abdullahi Mohamud, 18, was caught in an FBI sting, according to the federal complaint. -- The post Minnesota man charged with ISIS-inspired plot on Jewish-owned Mall of America appeared first on Jewish Telegraphic Agency .",https://www.jta.org/2026/10/08/united-states/minnesota-man-charged-with-isis-inspired-plot-on-jewish-owned-mall-of-america,JTA,Emma Paidra,2026-10-08T22:55:59,2026-10-08 23:00:37.557713,https://www.jta.org/?p=1910062
"Israeli MK convicted of assaulting police officer in West Bank, risks losing Knesset seat","Hadash MK Ofer Cassif was filmed striking a police officer at a 2022 protest against the eviction of Palestinians in the West Bank's Masafer Yatta. Facing up to five years in prison, he called the verdict 'political persecution'",https://www.haaretz.com/israel-news/elections/2026-10-08/ty-article/.premium/israeli-mk-convicted-of-assaulting-policeman-in-west-bank-may-lose-knesset-seat/000001a1-1a90-dbd6-a5a5-9bf7740b0000,Haaretz,Chen Maanit,2026-10-08T10:10:13,2026-10-08 17:45:49.230425,https://www.haaretz.com/israel-news/elections/2026-10-08/ty-article/.premium/israeli-mk-convicted-of-assaulting-policeman-in-west-bank-may-lose-knesset-seat/000001a1-1a90-dbd6-a5a5-9bf7740b0000
Germany's Merz says AfD 'incompatible' with CDU after taking over state parliament,German Chancellor Friedrich Merz spoke out against cooperating with the far-right Alternative for Germany after the party's candidate was elected president of Saxony-Anhalt's state parliament with support from lawmakers outside the party,https://www.haaretz.com/world-news/europe/2026-10-08/ty-article/germanys-merz-warns-of-extremism-in-politics-after-afd-wins-key-state-post/000001a1-1a9b-dbc0-adfb-db9f8d000002,Haaretz,Reuters,2026-10-08T10:58:57,2026-10-08 17:45:49.230407,https://www.haaretz.com/world-news/europe/2026-10-08/ty-article/germanys-merz-warns-of-extremism-in-politics-after-afd-wins-key-state-post/000001a1-1a9b-dbc0-adfb-db9f8d000002
PM rival Lieberman says Netanyahu 'enabling' future U.S. move to recognize Palestinian state,"The Yisrael Beiteinu opposition party leader said U.S. officials he spoke with support recognizing a Palestinian state encompassing the West Bank, Gaza and East Jerusalem. He accused Netanyahu of allowing the move to proceed after Trump's tenure",https://www.haaretz.com/israel-news/israel-security/2026-10-08/ty-article/.premium/lieberman-says-netanyahu-aware-of-u-s-move-to-recognize-palestinian-state/000001a1-1b06-d997-a1e7-7fee19720000,Haaretz,Yaniv Kubovich,2026-10-08T11:28:24,2026-10-08 17:45:49.230389,https://www.haaretz.com/israel-news/israel-security/2026-10-08/ty-article/.premium/lieberman-says-netanyahu-aware-of-u-s-move-to-recognize-palestinian-state/000001a1-1b06-d997-a1e7-7fee19720000
Swedish opposition could force shift on EU-Israel Association Agreement,Sources say the Swedish Foreign Affairs Committee's new Social Democratic chair is pushing for a tougher policy toward Israel. The Center Party could determine whether a majority backs seeking suspension or termination,https://www.haaretz.com/world-news/europe/2026-10-08/ty-article/.premium/swedish-opposition-could-force-shift-on-eu-israel-association-agreement/000001a1-1af6-d3ad-a3b7-bffe810f0000,Haaretz,David Stavrou,2026-10-08T12:33:20,2026-10-08 17:45:49.230370,https://www.haaretz.com/world-news/europe/2026-10-08/ty-article/.premium/swedish-opposition-could-force-shift-on-eu-israel-association-agreement/000001a1-1af6-d3ad-a3b7-bffe810f0000
British Airways to resume Israel flights halted during Iran war,"The U.K. flag carrier will restart daily flights between London Heathrow and Tel Aviv on October 25, joining several airlines that have recently resumed operations in Israel",https://www.haaretz.com/israel-news/2026-10-08/ty-article/.premium/british-airways-to-resume-israel-flights-halted-during-iran-war/000001a1-1ac0-d70d-a5b9-fbda942f0000,Haaretz,Ben Kroll,2026-10-08T13:43:10,2026-10-08 17:45:49.230353,https://www.haaretz.com/israel-news/2026-10-08/ty-article/.premium/british-airways-to-resume-israel-flights-halted-during-iran-war/000001a1-1ac0-d70d-a5b9-fbda942f0000
Toronto police investigate potential hate crime after Israeli flags burned on church grounds,"The flags, displayed outside a Toronto church, were set on the third anniversary of Hamas' October 7 attacks. Police said they did not know whether the incident was linked to the anniversary, and no arrests have been made",https://www.haaretz.com/jewish/news/2026-10-08/ty-article/.premium/toronto-police-probe-israeli-flags-burning-at-church-as-potential-hate-crime/000001a1-1b6e-d316-adf1-df7e878f0000,Haaretz,Ben Kroll,2026-10-08T14:03:18,2026-10-08 17:45:49.230336,https://www.haaretz.com/jewish/news/2026-10-08/ty-article/.premium/toronto-police-probe-israeli-flags-burning-at-church-as-potential-hate-crime/000001a1-1b6e-d316-adf1-df7e878f0000
Can a picture of war be beautiful? Two attempts to capture an Israel in crisis,"This week in Israeli culture: A Haaretz reporter turns three years of war into a photographic diary, while a documentary about October 7 survivors can't find an audience abroad. Is the cultural boycott to blame, or does the film itself fall flat?",https://www.haaretz.com/life/2026-10-08/ty-article-magazine/.premium/can-a-picture-of-war-be-beautiful-two-attempts-to-capture-an-israel-in-crisis/000001a1-1630-d042-a9e9-163005520000,Haaretz,Avshalom Halutz,2026-10-08T14:04:26,2026-10-08 17:45:49.230318,https://www.haaretz.com/life/2026-10-08/ty-article-magazine/.premium/can-a-picture-of-war-be-beautiful-two-attempts-to-capture-an-israel-in-crisis/000001a1-1630-d042-a9e9-163005520000
Shin Bet chief's sister calls on agency to stop investigating Jewish terrorism,"Yiscah Haimov, a Knesset candidate for the far-right Noam LeYisrael party said shutting down the Shin Bet division tasked with tackling right-wing extremism was a priority for the party",https://www.haaretz.com/israel-news/2026-10-08/ty-article/.premium/shin-bet-chiefs-sister-calls-on-agency-to-stop-investigating-jewish-terrorism/000001a1-1bb7-db4b-abaf-5bb71aa70000,Haaretz,Noa Shpigel,2026-10-08T14:39:04,2026-10-08 17:45:49.230299,https://www.haaretz.com/israel-news/2026-10-08/ty-article/.premium/shin-bet-chiefs-sister-calls-on-agency-to-stop-investigating-jewish-terrorism/000001a1-1bb7-db4b-abaf-5bb71aa70000
In sickness and in health: An Israeli writer throws her lot in with the country,"The New Yorker's Ruth Margalit has compiled years of profiling Israel's most polarizing personas in her nonfiction debut 'In the Belly of the Whale,' offering a portrait of a society adrift",https://www.haaretz.com/life/books/2026-10-08/ty-article-review/.premium/in-sickness-and-in-health-an-israeli-writer-throws-her-lot-in-with-the-country/000001a1-0b06-d441-aff5-1b0ecae20000,Haaretz,Megan Peck Shub,2026-10-08T14:53:24,2026-10-08 17:45:49.230281,https://www.haaretz.com/life/books/2026-10-08/ty-article-review/.premium/in-sickness-and-in-health-an-israeli-writer-throws-her-lot-in-with-the-country/000001a1-0b06-d441-aff5-1b0ecae20000
Shin Bet arrests five Bedouin town residents over alleged terrorist plot,"According to the security agency, the suspects were planning to set up a ""military battalion"" and carry out terrorist attacks. It said about 50 people were charged with endangering state security since the year's start",https://www.haaretz.com/israel-news/israel-security/2026-10-08/ty-article/.premium/shin-bet-arrests-five-bedouin-israelis-over-alleged-terrorist-plot/000001a1-1bb7-dd2b-a3ef-9bff19f40000,Haaretz,Yaniv Kubovich,2026-10-08T14:57:11,2026-10-08 17:45:49.230263,https://www.haaretz.com/israel-news/israel-security/2026-10-08/ty-article/.premium/shin-bet-arrests-five-bedouin-israelis-over-alleged-terrorist-plot/000001a1-1bb7-dd2b-a3ef-9bff19f40000
Three killed in attacks on Saudi airports as Yemen fighting escalates,"Three people were killed and 36 wounded in attacks on airports in Riyadh and Abha, Saudi authorities said, as Saudi-backed Yemeni forces launch a counteroffensive near the Bab el-Mandeb Strait",https://www.haaretz.com/middle-east-news/2026-10-08/ty-article/three-killed-in-attacks-on-saudi-airports-as-yemen-fighting-escalates/000001a1-1b32-da49-a5e9-1bba56e10000,Haaretz,Reuters,2026-10-08T15:12:55,2026-10-08 17:45:49.230246,https://www.haaretz.com/middle-east-news/2026-10-08/ty-article/three-killed-in-attacks-on-saudi-airports-as-yemen-fighting-escalates/000001a1-1b32-da49-a5e9-1bba56e10000
Report: U.S. diplomat blocked memos on Israeli violations from reaching White House,"The aide reportedly suppressed a report that Israeli probes into settlers' and soldiers' killings of nine U.S. citizens made no progress, falsely saying Israel was cracking down on settler violence, and asked colleagues if they were 'pro-Hamas'",https://www.haaretz.com/us-news/2026-10-08/ty-article/report-u-s-diplomat-hid-memos-on-israeli-violations-from-white-house/000001a1-1b92-da49-a5e9-1bba391b0000,Haaretz,Haaretz,2026-10-08T15:27:50,2026-10-08 17:45:49.230228,https://www.haaretz.com/us-news/2026-10-08/ty-article/report-u-s-diplomat-hid-memos-on-israeli-violations-from-white-house/000001a1-1b92-da49-a5e9-1bba391b0000
Tanker attacks in Strait of Hormuz hit record weekly high since war began,"At least 12 attacks were reported last week as Iran maintained pressure on shipping, while Gulf producers pushed to increase exports",https://www.haaretz.com/middle-east-news/2026-10-08/ty-article/tanker-attacks-in-strait-of-hormuz-hit-record-weekly-high-since-war-began/000001a1-1bf9-dd2b-a3ef-9bfdf7130000,Haaretz,Reuters,2026-10-08T16:10:45,2026-10-08 17:45:49.230210,https://www.haaretz.com/middle-east-news/2026-10-08/ty-article/tanker-attacks-in-strait-of-hormuz-hit-record-weekly-high-since-war-began/000001a1-1bf9-dd2b-a3ef-9bfdf7130000
Trump: U.S. will not attack Iran before midterms,"U.S. representatives are having 'productive discussions' with Iran, the president said on Truth Social. Trump's comments follow a report in The Atlantic that the Pentagon was asked to prepare a potential strike ahead of the midterm elections",https://www.haaretz.com/us-news/2026-10-08/ty-article/.premium/trump-u-s-will-not-attack-iran-before-midterms/000001a1-1c52-d3ad-a3b7-bd7e04920000,Haaretz,Haaretz,2026-10-08T16:26:10,2026-10-08 17:45:49.230194,https://www.haaretz.com/us-news/2026-10-08/ty-article/.premium/trump-u-s-will-not-attack-iran-before-midterms/000001a1-1c52-d3ad-a3b7-bd7e04920000
America's right is tired of Israel and Jews. NatCon Jerusalem confirms it,"It was easy for the speakers at the first National Conservatism confab in Israel to slam globalists, Muslims and Tucker Carlson. But where Israel now fits into the league of nationalists, and whether Jews have a future in the GOP, is far less clear",https://www.haaretz.com/israel-news/israel-politics/2026-10-08/ty-article-magazine/.premium/americas-right-is-tired-of-israel-and-jews-natcon-jerusalem-confirms-it/000001a1-1b39-dfad-adff-fb3ba99d0000,Haaretz,Esther Solomon,2026-10-08T16:49:18,2026-10-08 17:45:49.230175,https://www.haaretz.com/israel-news/israel-politics/2026-10-08/ty-article-magazine/.premium/americas-right-is-tired-of-israel-and-jews-natcon-jerusalem-confirms-it/000001a1-1b39-dfad-adff-fb3ba99d0000
'October 7 blush sauce'? Columbia says dining hall sign was a template error,"The wording appeared at Columbia's John Jay Dining Hall on the anniversary of October 7, prompting online speculations that it was intentional",https://www.haaretz.com/us-news/2026-10-08/ty-article/.premium/october-7-blush-sauce-columbia-says-dining-hall-sign-was-a-template-error/000001a1-1c56-d3ad-a3b7-bd7e50b90000,Haaretz,Simone Saidmehr,2026-10-08T17:02:04,2026-10-08 17:45:49.230155,https://www.haaretz.com/us-news/2026-10-08/ty-article/.premium/october-7-blush-sauce-columbia-says-dining-hall-sign-was-a-template-error/000001a1-1c56-d3ad-a3b7-bd7e50b90000
An Arab pro-Israel advocate learns the right wing's love has its limits,"It turns out Yoseph Haddad once said that there should be a Palestinian state. Now he, too, is feeling the chilling contempt, even the dehumanization",https://www.haaretz.com/opinion/2026-10-08/ty-article-opinion/.premium/an-arab-israeli-pro-israel-advocate-learns-the-right-wings-love-has-its-limits/000001a1-16df-daf2-a7a5-dfffc0160000,Haaretz,Hanin Majadli,2026-10-08T17:14:28,2026-10-08 17:45:49.230139,https://www.haaretz.com/opinion/2026-10-08/ty-article-opinion/.premium/an-arab-israeli-pro-israel-advocate-learns-the-right-wings-love-has-its-limits/000001a1-16df-daf2-a7a5-dfffc0160000
Thousands are held in Israeli torture camps. This is what happens inside,Five testimonies from Palestinians held there,https://www.haaretz.com/israel-news/israel-security/2026-10-08/ty-article-magazine/.highlight/thousands-are-held-in-israeli-torture-camps-this-is-what-happens-inside/000001a1-1bf9-d3ad-a3b7-bffd7ed30000,Haaretz,Hagar Shezaf,2026-10-08T17:23:46,2026-10-08 17:45:49.230121,https://www.haaretz.com/israel-news/israel-security/2026-10-08/ty-article-magazine/.highlight/thousands-are-held-in-israeli-torture-camps-this-is-what-happens-inside/000001a1-1bf9-d3ad-a3b7-bffd7ed30000
Israeli startup developing minimally invasive alternative to bowel surgery,Phantom Gi founders say their device could allow doctors to create an opening in a patient's abdomen to drain the bowel without conventional surgery. The startup has raised $5 million to develop the device,https://www.haaretz.com/science-and-health/2026-10-08/ty-article/israeli-startup-developing-minimally-invasive-alternative-to-bowel-surgery/000001a1-1bf5-d3ad-a3b7-bffd3f240000,Haaretz,Corin Degani,2026-10-08T17:28:02,2026-10-08 17:45:49.230100,https://www.haaretz.com/science-and-health/2026-10-08/ty-article/israeli-startup-developing-minimally-invasive-alternative-to-bowel-surgery/000001a1-1bf5-d3ad-a3b7-bffd3f240000
Satellite Images of Gaza Don’t Explain the War on Terrorism,"Throughout the Israel-Hamas war, the internet has repeatedly leveled false accusations of genocide against Israel by distorting the meaning of...",https://www.algemeiner.com/2026/10/08/satellite-images-gaza-dont-explain-war-terrorism/,Algemeiner,Sharon Levy,2026-10-08T17:06:51,2026-10-08 17:45:44.238224,https://www.algemeiner.com/?p=780920
The Open Account: Don’t Be Surprised — the Gaza War Is Not Over,"In the Season 7 finale of &#8220;The Walking Dead,&#8221; Negan stands over Carl Grimes and tells the boy&#8217;s father what...",https://www.algemeiner.com/2026/10/08/open-account-dont-be-surprised-gaza-war-not-over/,Algemeiner,Sagiv Steinberg,2026-10-08T17:17:26,2026-10-08 17:45:44.238208,https://www.algemeiner.com/?p=780908
"Aiming at Israel, Europe Is Hitting Its Own Defenses in a Circular Firing Squad","Europe&#8217;s governments have stepped into a ring and leveled their weapons inward, treating Israel as the sole target in the...",https://www.algemeiner.com/2026/10/08/aiming-israel-europe-hitting-own-defenses-circular-firing-squad/,Algemeiner,Paul Becker and Yoni Tobin,2026-10-08T17:23:51,2026-10-08 17:45:44.238190,https://www.algemeiner.com/?p=780766
Your Israeli Election Primer: It All Comes Down to 61,"On Oct. 27, approximately 7.3 million eligible Israeli voters will pick one paper slip out of a tray of party...",https://www.algemeiner.com/2026/10/08/your-israeli-election-primer-all-comes-down-61/,Algemeiner,Uriel Zehavi,2026-10-08T17:42:57,2026-10-08 17:45:44.238169,https://www.algemeiner.com/?p=780912
"Three years after Oct. 7, the lies are only getting louder","“The Quad” is a dynamic weekly panel show hosted by Fleur Hassan-Nahoum, Israel’s innovation envoy and former deputy mayor of Jerusalem. The series brings together a powerhouse lineup of bold, insightful women to tackle the most pressing stories from Israel, the Middle East and the Jewish world. With Fleur at the helm, “The Quad” features regular co-hosts, including Shoshana Keats-Jaskel, founder of Chochmat Nashim; journalist and human-rights activist Emily Schrader and other leading voices shaping conversation and change. Through sharp analysis, diverse perspectives and unapologetic commentary, “The Quad” confronts the complex political, cultural and social challenges facing Israel and the Jewish people. Each episode cuts through noise and narrative spin to deliver insight and debate, and to empower female perspectives on issues that define our time. Bold, informed and refreshingly authentic, “The Quad” redefines how Israel and the Middle East are discussed, one conversation at a time. See more at: @JNS_TV and subscribe to our YouTube channel.",https://www.jns.org/jns-tv/the-quad/three-years-after-oct-7-the-lies-are-only-getting-louder,JNS,Emily Schrader,2026-10-08T11:02:14,2026-10-08 17:45:41.930178,https://www.jns.org/jns-tv/the-quad/three-years-after-oct-7-the-lies-are-only-getting-louder
Why Hamas sees survival as victory,"“Our Middle East” offers a rare insider’s view of the region’s shifting politics, power plays and partnerships. Hosted by Dan Diker, president of the Jerusalem Center for Security and Foreign Affairs, and Khaled Abu Toameh, veteran Arab-Israeli journalist, senior fellow at the JCFA and at the Gatestone Institute, the show brings together two voices with unmatched access and experience. From Jerusalem to Amman, and Gaza to Riyadh, Diker and Abu Toameh go beyond the headlines to explain what’s really driving events in Israel and the wider Middle East—from diplomacy and security to media narratives and regional reform. Together, they offer something few shows can: a diverse perspective grounded in Israeli policy insight and Arab world reporting. Diker’s deep expertise in strategy and international relations meets Abu Toameh’s decades of firsthand experience covering Palestinian politics and regional affairs. The result is a candid, balanced and deeply informed discussion that cuts through ideology to uncover the facts shaping the region’s future. For viewers who really want to understand the real Middle East—not the one filtered through headlines—“Our Middle East” delivers clarity, credibility and context from our outstanding hosts. See more at: @JNS_TV and subscribe to our YouTube channel.",https://www.jns.org/jns-tv/our-middle-east/why-hamas-sees-survival-as-victory,JNS,Khaled Abu Toameh,2026-10-08T11:08:46,2026-10-08 17:45:41.930132,https://www.jns.org/jns-tv/our-middle-east/why-hamas-sees-survival-as-victory
Flydubai attack sparks conspiracy theories blaming Israel,"Welcome to “Axis of Truth,” a fearless JNS series hosted by Emily Schrader—renowned journalist, human-rights activist and outspoken critic of authoritarian regimes. Each week, Schrader cuts through spin and censorship to uncover the political agendas, media manipulation and propaganda shaping Israel news and the broader Middle East. From Tehran to Tel Aviv and Washington to Damascus, “Axis of Truth” confronts the narratives driving conflict, misinformation and moral confusion in global coverage of Israel. Whether dissecting the Iranian regime’s election theater, Hamas’s tactics or the Western media’s distortion of Jewish self-defense, Schrader brings clarity and courage to stories too often clouded by ideology. Featuring in-depth interviews with dissidents, security experts, political leaders and journalists, Axis of Truth delivers hard-hitting analysis and unfiltered commentary on the issues that define the Middle East today. Episodes range from exclusive reporting on Gaza and Iran to exposés of Western hypocrisy, social media disinformation and the global networks enabling terror. With a sharp focus on facts, context and accountability, Schrader challenges both policymakers and the press to tell the truth about Israel’s fight for survival and the threats facing free societies. See more at: @JNS_TV and subscribe to our YouTube channel.",https://www.jns.org/jns-tv/axis-of-truth/flydubai-attack-sparks-conspiracy-theories-blaming-israel,JNS,Emily Schrader,2026-10-08T11:12:31,2026-10-08 17:45:41.930078,https://www.jns.org/jns-tv/axis-of-truth/flydubai-attack-sparks-conspiracy-theories-blaming-israel
"Jerusalem pharmacy student indicted over plot to kill Jews with explosives, poison",Mohammad Shalabi was charged with preparing to commit a terrorist act of murder and receiving training for terrorist purposes.,https://www.jns.org/news/israel-news/jerusalem-pharmacy-student-indicted-over-plot-to-kill-jews-with-explosives-poison,JNS,JNS Staff,2026-10-08T11:17:51,2026-10-08 17:45:41.930016,https://www.jns.org/news/israel-news/jerusalem-pharmacy-student-indicted-over-plot-to-kill-jews-with-explosives-poison
"Antisemitic hate crimes in England and Wales rise 10%, Jews most targeted per capita","The Community Security Trust said antisemitic hate crime ""remains at an unacceptably high level.""",https://www.jns.org/antisemitic-hate-crimes-in-england-and-wales-rise-10-jews-most-targeted-per-capita,JNS,JNS Staff,2026-10-08T11:21:26,2026-10-08 17:45:41.930000,https://www.jns.org/antisemitic-hate-crimes-in-england-and-wales-rise-10-jews-most-targeted-per-capita
Mamdani wants two kinds of Jews,Unity is the only answer to our enemies’ efforts to divide the community.,https://www.jns.org/opinion/rabbi-steven-burg/mamdani-wants-two-kinds-of-jews,JNS,Rabbi Steven Burg,2026-10-08T12:30:00,2026-10-08 17:45:41.929985,https://www.jns.org/opinion/rabbi-steven-burg/mamdani-wants-two-kinds-of-jews
Christian evangelical pastors vow in Jerusalem: ‘Israel is not alone’,A major global faith-based solidarity event is held on the third anniversary of the Oct. 7 attack.,https://www.jns.org/news/israel-news/christian-evangelical-pastors-vow-in-jerusalem-israel-is-not-alone,JNS,Etgar Lefkovits,2026-10-08T12:31:40,2026-10-08 17:45:41.929970,https://www.jns.org/news/israel-news/christian-evangelical-pastors-vow-in-jerusalem-israel-is-not-alone
ChaiFlicks releases two new films timed to Oct. 7: ‘Of Dogs and Men’ and ‘06:30’,"“The level of artistry is very high among Israelis. It’s almost therapeutic,” Anis Modi, vice president of development at ChaiFlicks/Menemsha Films, told JNS.",https://www.jns.org/chaiflicks-releases-two-new-films-timed-to-oct-7-of-dogs-and-men-and-06-30,JNS,Carin M. Smilk,2026-10-08T13:00:00,2026-10-08 17:45:41.929952,https://www.jns.org/chaiflicks-releases-two-new-films-timed-to-oct-7-of-dogs-and-men-and-06-30
"Anti-Israel protesters marching on Oct. 7 damage property at public college, Seattle Police Department says","""Due to the ongoing property destruction and other reported crimes, officers have activated their body-worn video,"" the police department stated.",https://www.jns.org/news/u-s-news/anti-israel-protesters-marching-on-oct-7-damage-property-at-public-college-seattle-police-department-says,JNS,Jessica Russak-Hoffman,2026-10-08T13:31:00,2026-10-08 17:45:41.929933,https://www.jns.org/news/u-s-news/anti-israel-protesters-marching-on-oct-7-damage-property-at-public-college-seattle-police-department-says
"Graphic nature notwithstanding, the world needs to see what Hamas did",They were proud of their accomplishments on Oct. 7 and gleefully filmed it in real time.,https://www.jns.org/opinion/gerald-platt/graphic-nature-notwithstanding-the-world-needs-to-see-what-hamas-did,JNS,Gerald Platt,2026-10-08T14:00:00,2026-10-08 17:45:41.929915,https://www.jns.org/opinion/gerald-platt/graphic-nature-notwithstanding-the-world-needs-to-see-what-hamas-did
"‘A lot of hope in Jewish community,’ says teacher surprised with Milken award on third anniversary of Oct. 7",Richard Sandler of the Milken Family Foundation told JNS that it’s important to recognize those who pass on Jewish values.,https://www.jns.org/news/u-s-news/a-lot-of-hope-in-jewish-community-says-teacher-surprised-with-milken-award-on-third-anniversary-of-oct-7,JNS,Aaron Bandler,2026-10-08T14:31:20,2026-10-08 17:45:41.929899,https://www.jns.org/news/u-s-news/a-lot-of-hope-in-jewish-community-says-teacher-surprised-with-milken-award-on-third-anniversary-of-oct-7
Arkansas-made Iron Dome interceptors Israel bound on Oct. 7 anniversary,"""Today is even more special to me, because my own parents are some of those who the Iron Dome protects, along with 250,000 other American citizens who call Israel home,"" stated Arkansas Gov. Sarah Huckabee Sanders.",https://www.jns.org/news/u-s-news/arkansas-made-iron-dome-interceptors-israel-bound-on-oct-7-anniversary,JNS,Jessica Russak-Hoffman,2026-10-08T14:50:53,2026-10-08 17:45:41.929880,https://www.jns.org/news/u-s-news/arkansas-made-iron-dome-interceptors-israel-bound-on-oct-7-anniversary
"Post-Oct. 7 Jewish engagement surge in US continuing steadily, new study suggests","“This year, instead of finding a decline since last year, there was a leveling off or new normal of engagement in Jewish life,” Mimi Kravetz of the Federation, which commissioned the study, told JNS.",https://www.jns.org/news/u-s-news/post-oct-7-jewish-engagement-surge-in-us-continuing-steadily-new-study-suggests,JNS,Debra Nussbaum Cohen,2026-10-08T15:16:38,2026-10-08 17:45:41.929861,https://www.jns.org/news/u-s-news/post-oct-7-jewish-engagement-surge-in-us-continuing-steadily-new-study-suggests
"Protesters jeer Mamdani at 'anti-occupation' Oct. 7 vigil, accuse anti-Israel mayor of being too easy on Jewish state","""Jewish New Yorkers deserve to mourn in peace, free from hatred and intimidation,"" stated New York Gov. Kathy Hochul. ""There is no excuse for this. None.""",https://www.jns.org/news/u-s-news/protesters-jeer-mamdani-at-anti-occupation-oct-7-vigil-accuse-anti-israel-mayor-of-being-too-easy-on-jewish-state,JNS,Debra Nussbaum Cohen,2026-10-08T15:35:32,2026-10-08 17:45:41.929840,https://www.jns.org/news/u-s-news/protesters-jeer-mamdani-at-anti-occupation-oct-7-vigil-accuse-anti-israel-mayor-of-being-too-easy-on-jewish-state
Center for Jewish Legal Studies convenes symposium on ‘genocide libel’ against Israel,"Historians, legal scholars and a federal judge examined how the genocide accusation against Israel took hold and how the law should respond.",https://www.jns.org/wire/the-center-for-jewish-legal-studies/center-for-jewish-legal-studies-convenes-symposium-on-genocide-libel-against-israel,JNS,,2026-10-08T15:54:27,2026-10-08 17:45:41.929821,https://www.jns.org/wire/the-center-for-jewish-legal-studies/center-for-jewish-legal-studies-convenes-symposium-on-genocide-libel-against-israel
"If Iran had direct hand in flydubai attack is ‘missing the point,’ Gorka says","“It doesn’t matter whether it’s Shia or Sunni. They’re all cut from the same cloth,” the deputy assistant to the U.S. president told JNS. “They all derive their ideological DNA from the Muslim Brotherhood.”",https://www.jns.org/news/u-s-news/if-iran-had-direct-hand-in-flydubai-attack-is-missing-the-point-gorka-says,JNS,Mike Wagenheim,2026-10-08T15:59:40,2026-10-08 17:45:41.929801,https://www.jns.org/news/u-s-news/if-iran-had-direct-hand-in-flydubai-attack-is-missing-the-point-gorka-says
"At Edan Alexander Way, Gottheimer announces bills marking Oct. 7, withholding US aid until UN designates Hamas, Hezbollah","“We speak the truth about Oct. 7,” the Jewish Democratic congressman said on the street named for the last liberated, living American hostage. “We stand up to hate, wherever it rears its ugly head.”",https://www.jns.org/news/u-s-news/at-edan-alexander-way-gottheimer-announces-bills-marking-oct-7-withholding-us-aid-until-un-designates-hamas-hezbollah,JNS,Jonathan D. Salant,2026-10-08T16:42:25,2026-10-08 17:45:41.929780,https://www.jns.org/news/u-s-news/at-edan-alexander-way-gottheimer-announces-bills-marking-oct-7-withholding-us-aid-until-un-designates-hamas-hezbollah
US sanctions ‘vast majority’ of remaining Iranian shadow fleet,The U.S. Treasury Department said it is “starving the tyrannical regime in Tehran of the money it uses to wage war in the region.”,https://www.jns.org/news/u-s-news/us-sanctions-vast-majority-of-remaining-iranian-shadow-fleet,JNS,Mike Wagenheim,2026-10-08T17:00:00,2026-10-08 17:45:41.929758,https://www.jns.org/news/u-s-news/us-sanctions-vast-majority-of-remaining-iranian-shadow-fleet
Jews were betrayed after Oct. 7,"“Think Twice” with Jonathan Tobin and guest Gil Troy, Ep. 241",https://www.jns.org/jns-tv/think-twice/jews-were-betrayed-after-oct-7,JNS,Jonathan S. Tobin,2026-10-08T17:15:50,2026-10-08 17:45:41.929736,https://www.jns.org/jns-tv/think-twice/jews-were-betrayed-after-oct-7
"No renewed attack on Iran before Election Day, Trump says","“We will not be attacking Iran at any time prior to the midterm elections to be held in the United States on Nov. 3,” the president wrote.",https://www.jns.org/news/u-s-news/no-renewed-attack-on-iran-before-election-day-trump-says,JNS,Andrew Bernard,2026-10-08T17:20:02,2026-10-08 17:45:41.929720,https://www.jns.org/news/u-s-news/no-renewed-attack-on-iran-before-election-day-trump-says
"EU should put Muslim Brotherhood on terror list, European Parliament votes","The matter now goes to the European Council, which determines political matters for the European Union.",https://www.jns.org/news/world/eu-should-put-muslim-brotherhood-on-terror-list-european-parliament-votes,JNS,Mike Wagenheim,2026-10-08T17:20:51,2026-10-08 17:45:41.929700,https://www.jns.org/news/world/eu-should-put-muslim-brotherhood-on-terror-list-european-parliament-votes
"Mr. Mamdani, you couldn't even give us one day to mourn?",An open letter to the mayor of New York City.,https://www.jns.org/opinion/rabbi-avi-weiss/mr-mamdani-you-couldnt-even-give-us-one-day-to-mourn,JNS,Rabbi Avi Weiss,2026-10-08T17:30:00,2026-10-08 17:45:41.929675,https://www.jns.org/opinion/rabbi-avi-weiss/mr-mamdani-you-couldnt-even-give-us-one-day-to-mourn
"Print Issue: The Genocide Case Against Hamas | October 9, 2026","Was a single day's attack, no matter how savage, too brief to qualify as genocide? It turns out that duration has never been the legal test. The post Print Issue: The Genocide Case Against Hamas | October 9, 2026 appeared first on Jewish Journal .",https://jewishjournal.com/print-issue/393006/print-issue-the-genocide-case-against-hamas-october-9-2026/,Jewish Journal,Jewish Journal Staff,2026-10-08T16:05:36,2026-10-08 17:45:39.641370,https://jewishjournal.com/?p=393006
"On Oct. 7, Mamdani spoke in support of Palestinians. A father from Gaza did it better.","On Wednesday in New York City, on the third anniversary of Oct. 7, two people spoke up for Palestinians. One of them was New York City Mayor Zohran Mamdani. The other person actually said something helpful. In a statement from the mayor’s office, Mamdani expressed sorrow at the loss of over 1,100 Israeli lives and... The post On Oct. 7, Mamdani spoke in support of Palestinians. A father from Gaza did it better. appeared first on The Forward .",https://forward.com/opinion/854573/oct-7-mamdani-palestinians-fathers-israel-gaza/,The Forward,Rob Eshman,2026-10-08T12:55:22,2026-10-08 17:45:35.260541,https://forward.com/?p=854573
"Three years after Oct. 7, survey says Jewish engagement has reached an elevated ‘new normal’","(JTA) — Levels of engagement in Jewish life have risen overall, establishing a “new normal” three years after the Oct. 7, 2023, attacks, according to a survey released Thursday by the Jewish Federations of North America. Thirty-eight percent of Jewish respondents surveyed by the federation umbrella group in May and June said they had increased... The post Three years after Oct. 7, survey says Jewish engagement has reached an elevated ‘new normal’ appeared first on The Forward .",https://forward.com/fast-forward/854555/three-years-after-oct-7-survey-says-jewish-engagement-has-reached-an-elevated-new-normal/,The Forward,Andrew Lapin,2026-10-08T13:16:47,2026-10-08 17:45:35.260511,https://forward.com/?p=854555
"Eva Marie Saint was born Quaker, but found her ‘Exodus’ in Jewish stories","Oscar-winning actress Eva Marie Saint, who has died at age 102, preferred mishpocheh to political posturing. Her stance was akin to that of author Albert Camus, who during a press conference in 1957 after winning the Nobel Prize in Literature, commented on strife in his native Algeria by opining of the terrorism used to liberate... The post Eva Marie Saint was born Quaker, but found her &#8216;Exodus&#8217; in Jewish stories appeared first on The Forward .",https://forward.com/culture/film-tv/854567/eva-marie-saint-appreciation-jewish-quaker-exodus-waterfront/,The Forward,Benjamin Ivry,2026-10-08T15:16:12,2026-10-08 17:45:35.260475,https://forward.com/?p=854567
She left Russia as a Jewish refugee — she returned to tell the stories of a new group of undesirables,"Julia Loktev left the Soviet Union with her family in 1979, when she was 9, during a brief window when Jews were allowed to emigrate. The pretext, in this time of refuseniks, was to go to Israel and practice their religion: only her family had no intention of going to Israel, and the last person... The post She left Russia as a Jewish refugee — she returned to tell the stories of a new group of undesirables appeared first on The Forward .",https://forward.com/culture/film-tv/854591/my-undesirable-friends-part-two-exile-julia-loktev-interview-russia-ukraine-war/,The Forward,PJ Grisar,2026-10-08T16:25:07,2026-10-08 17:45:35.260445,https://forward.com/?p=854591
"Ford was the most pro-Israel president in US history, and we need his playbook now","If you ask historians to name the most pro-Israel president in U.S. history, you’ll generally hear variations of the same responses. Harry Truman recognized the Jewish state; Ronald Reagan and Joe Biden defended Zionism; George W. Bush, Barack Obama, and Donald Trump have all, at various points, been dubbed &#8220;the first Jewish president.&#8221; Gerald Ford... The post Ford was the most pro-Israel president in US history, and we need his playbook now appeared first on The Forward .",https://forward.com/opinion/854360/gerald-ford-israel-rabin-kissinger/,The Forward,Daniel Zoughbie,2026-10-08T17:00:19,2026-10-08 17:45:35.260405,https://forward.com/?p=854360
"When did $650,000 become a reasonable nonprofit salary?","Some nonprofits seem to have lost sight of the difference between fair compensation and excessive compensation. -- The post When did $650,000 become a reasonable nonprofit salary? appeared first on Jewish Telegraphic Agency .",https://www.jta.org/2026/10/08/ideas/when-did-650000-become-a-reasonable-nonprofit-salary,JTA,Arnie Draiman,2026-10-08T15:00:00,2026-10-08 17:45:32.671475,https://www.jta.org/?p=1909619
New Israeli study links PTSD among combat vets with voting patterns,"Without a political “buffer” to protect them, Israeli combat reservists who oppose the current government are more likely to suffer from post-traumatic stress and experience high anxiety in their close relationships, according to a recent Hebrew University study. The research, published earlier this year in the international journal Anxiety, Stress, Coping, was led by... Read More The post New Israeli study links PTSD among combat vets with voting patterns appeared first on eJewishPhilanthropy .",https://ejewishphilanthropy.com/new-israeli-study-links-ptsd-among-combat-vets-with-voting-patterns/,eJewish Philanthropy,Justin Hayet,2026-10-08T12:04:44,2026-10-08 17:45:30.328441,https://ejewishphilanthropy.com/?p=180960
"Oct. 7 taught Jews they were on their own, but that’s not enough","In the outpouring of music, art and creativity that emerged from the trauma and pain of the Oct. 7 terror attacks, one song stands out — composed in that first terrible week of sorrow and uncertainty by the Israeli folk band Jane Bordeaux. Full of pained nostalgia for kibbutzim that were destroyed “on one cursed... Read More The post Oct. 7 taught Jews they were on their own, but that&#8217;s not enough appeared first on eJewishPhilanthropy .",https://ejewishphilanthropy.com/oct-7-taught-jews-they-were-on-their-own-but-thats-not-enough/,eJewish Philanthropy,Judah Ari Gross,2026-10-08T12:05:58,2026-10-08 17:45:30.328410,https://ejewishphilanthropy.com/?p=180961
"Your Daily Phil: Post-Oct. 7 Jewish engagement keeps ‘Surging,’ JFNA finds","The post Your Daily Phil: Post-Oct. 7 Jewish engagement keeps ‘Surging,’ JFNA finds appeared first on eJewishPhilanthropy .",https://ejewishphilanthropy.com/your-daily-phil-post-oct-7-jewish-engagement-keeps-surging-jfna-finds/,eJewish Philanthropy,EJP,2026-10-08T15:01:39,2026-10-08 17:45:30.328373,https://ejewishphilanthropy.com/?p=180975
Britain's consulate in East Jerusalem downgrades to mission after Israel announces closure,"After Israel's foreign minister said the consulate would be closed in response to Britain expanding sanctions on Israeli settlements, the sides compromised consular services will still be provided to U.K. citizens in the West Bank and East Jerusalem",https://www.haaretz.com/world-news/europe/2026-10-08/ty-article/.premium/israel-says-u-k-east-jerusalem-consulate-ended-operations-u-k-denies-closure/000001a1-1a2b-dba5-a5bf-df6bd6820000,Haaretz,Liza Rozovsky,2026-10-08T06:41:53,2026-10-08 10:07:33.906466,https://www.haaretz.com/world-news/europe/2026-10-08/ty-article/.premium/israel-says-u-k-east-jerusalem-consulate-ended-operations-u-k-denies-closure/000001a1-1a2b-dba5-a5bf-df6bd6820000
"'Traitor, traitor': Pro-Palestinian protesters confront Mamdani at October 7 vigil in NYC","New York Mayor Zohran Mamdani attended an October 7 vigil for Israeli and Palestinian victims, where protesters accused him of betraying the Palestinian cause and demanded policy changes. 'Stop using our people for clout and profit,' protesters said",https://www.haaretz.com/us-news/2026-10-08/ty-article/.premium/traitor-pro-palestinian-protesters-confront-mamdani-at-october-7-vigil-in-nyc/000001a1-18e9-d70d-a5b9-fbfb85a80000,Haaretz,Simone Saidmehr,2026-10-08T07:17:11,2026-10-08 10:07:33.906447,https://www.haaretz.com/us-news/2026-10-08/ty-article/.premium/traitor-pro-palestinian-protesters-confront-mamdani-at-october-7-vigil-in-nyc/000001a1-18e9-d70d-a5b9-fbfb85a80000
U.K. PM Burnham's Labour Party faces challenge from Greens in Starmer's old seat,Thursday's Holborn and St Pancras by-election is a test of whether Burnham can win back left-wing voters who turned to the Greens amid discontent over Labour's policy on Gaza and Israel,https://www.haaretz.com/world-news/2026-10-08/ty-article/u-k-pm-burnhams-labour-party-faces-challenge-from-greens-in-starmers-old-seat/000001a1-1a22-d042-a9e9-1a2210b00000,Haaretz,Reuters,2026-10-08T07:17:50,2026-10-08 10:07:33.906428,https://www.haaretz.com/world-news/2026-10-08/ty-article/u-k-pm-burnhams-labour-party-faces-challenge-from-greens-in-starmers-old-seat/000001a1-1a22-d042-a9e9-1a2210b00000
Arab students say Israeli university failed to quell fears over lecturer's alleged Jewish terror plot,"After a Jewish math professor was arrested for planning terror attacks against Palestinians in Israel and the West Bank, students at Bar-Ilan – where one in seven students are from Arab society – say the university hasn't done enough",https://www.haaretz.com/middle-east-news/palestinians/2026-10-08/ty-article-magazine/.premium/arab-students-say-israeli-university-failed-in-response-to-jewish-terror-case/000001a1-165e-d042-a9e9-167e18270000,Haaretz,Nagham Zbeedat,2026-10-08T07:26:29,2026-10-08 10:07:33.906410,https://www.haaretz.com/middle-east-news/palestinians/2026-10-08/ty-article-magazine/.premium/arab-students-say-israeli-university-failed-in-response-to-jewish-terror-case/000001a1-165e-d042-a9e9-167e18270000
'Too many lies': Netanyahu's ex-military secretary challenges prime minister's October 7 account,"The former aide alleges a 'pattern of criminal behavior' in Netanyahu's office and urges investigators to demand full recordings, warning that wartime transcripts may have been altered. Likud dismissed the interview as political propaganda",https://www.haaretz.com/israel-news/israel-security/2026-10-08/ty-article/too-many-lies-netanyahus-ex-military-secretary-challenges-october-7-account/000001a1-1a17-db57-abb5-bff781f50000,Haaretz,Haaretz,2026-10-08T08:41:34,2026-10-08 10:07:33.906388,https://www.haaretz.com/israel-news/israel-security/2026-10-08/ty-article/too-many-lies-netanyahus-ex-military-secretary-challenges-october-7-account/000001a1-1a17-db57-abb5-bff781f50000
"Three years after October 7, American Jews are finding new ways to connect – but many still struggle to belong","A new Jewish Federation study finds four out of 10 American Jews said they've found new ways to engage with Jewish life since October 7. But for many, amid communal fractures over Israel and Zionism, the search for meaningful connections continues",https://www.haaretz.com/us-news/2026-10-08/ty-article-magazine/.premium/post-october-7-u-s-jews-finding-new-ways-to-belong-but-many-still-struggle/000001a1-1a63-dbd6-a5a5-9bf72b6d0000,Haaretz,Philissa Cramer,2026-10-08T10:00:14,2026-10-08 10:07:33.906360,https://www.haaretz.com/us-news/2026-10-08/ty-article-magazine/.premium/post-october-7-u-s-jews-finding-new-ways-to-belong-but-many-still-struggle/000001a1-1a63-dbd6-a5a5-9bf72b6d0000
Made in Israel: Bringing creativity to playgrounds at home and abroad,"From its home in Binyamin, Psagot Playgrounds combines Israeli ingenuity with decades of experience to create unique play spaces in Israel and the United States.",https://www.jns.org/feature/made-in-israel-bringing-israeli-creativity-to-playgrounds-at-home-and-abroad,JNS,Josh Hasten,2026-10-08T04:07:00,2026-10-08 10:07:25.741810,https://www.jns.org/feature/made-in-israel-bringing-israeli-creativity-to-playgrounds-at-home-and-abroad
"Three years after Oct. 7, southern Israel turns trauma into growth","From Ofakim’s housing boom to startups tackling AI, stroke treatment and trauma, communities near Gaza are rebuilding with an eye toward expansion.",https://www.jns.org/feature/three-years-after-oct-7-southern-israel-turns-trauma-into-growth,JNS,Brett Goodman/TPS-IL,2026-10-08T04:37:00,2026-10-08 10:07:25.741792,https://www.jns.org/feature/three-years-after-oct-7-southern-israel-turns-trauma-into-growth
New footage documents battle to save lives at Beersheva hospital on Oct. 7,A “Kan 11” documentary chronicles how Soroka’s medical teams treated 674 wounded during the Hamas massacre.,https://www.jns.org/feature/new-footage-documents-battle-to-save-lives-at-beersheva-hospital-on-oct-7,JNS,Steve Linde,2026-10-08T04:54:57,2026-10-08 10:07:25.741775,https://www.jns.org/feature/new-footage-documents-battle-to-save-lives-at-beersheva-hospital-on-oct-7
"Ten parties, one stage: Israeli candidates make their case in Jerusalem","Candidates from across Israel’s political spectrum debated security, conscription, the economy and the country’s future at an English-language town hall.",https://www.jns.org/feature/ten-parties-one-stage-israeli-candidates-make-their-case-in-jerusalem,JNS,Eve Harow,2026-10-08T05:02:42,2026-10-08 10:07:25.741757,https://www.jns.org/feature/ten-parties-one-stage-israeli-candidates-make-their-case-in-jerusalem
"For lone soldiers and ‘bnot sherut,’ Nefesh B’Nefesh builds a support system beyond aliyah","From cutting through bureaucracy to providing a home away from home, the organization helps young immigrants and volunteers navigate military and national service.",https://www.jns.org/news/israel-news/for-lone-soldiers-and-bnot-sherut-nefesh-bnefesh-builds-a-support-system-beyond-aliyah,JNS,Sharon Altshul,2026-10-08T05:51:36,2026-10-08 10:07:25.741739,https://www.jns.org/news/israel-news/for-lone-soldiers-and-bnot-sherut-nefesh-bnefesh-builds-a-support-system-beyond-aliyah
'The laser beam disrupts the missile's seeker head',"An Elbit representative tells JNS how the company's C-MUSIC system shields airliners from heat-seeking missiles, as global demand grows",https://www.jns.org/analysis/the-laser-beam-disrupts-the-missiles-seeker-head,JNS,Yaakov Lappin,2026-10-08T06:13:32,2026-10-08 10:07:25.741720,https://www.jns.org/analysis/the-laser-beam-disrupts-the-missiles-seeker-head
Israel’s political parties explained: Yashar,"Gadi Eisenkot’s platform, partners and path to power.",https://www.jns.org/feature/israels-political-parties-explained-yashar,JNS,Shimon Sherman,2026-10-08T06:20:57,2026-10-08 10:07:25.741703,https://www.jns.org/feature/israels-political-parties-explained-yashar
IDF: Hamas terrorist planted explosives taken from Gaza hospital,"The Palestinian planted the IEDs near the ceasefire line in attempt to harm Israeli soldiers, the army said.",https://www.jns.org/news/israel-news/idf-hamas-terrorist-planted-explosives-taken-from-gaza-hospital,JNS,JNS Staff,2026-10-08T07:05:14,2026-10-08 10:07:25.741688,https://www.jns.org/news/israel-news/idf-hamas-terrorist-planted-explosives-taken-from-gaza-hospital
"Trump, Netanyahu speak on third anniversary of Oct. 7 attack",The American leader wished the Israeli premier well and condemned Hamas atrocities.,https://www.jns.org/news/u-s-news/trump-netanyahu-speak-on-third-anniversary-of-oct-7-attack,JNS,JNS Staff,2026-10-08T07:21:57,2026-10-08 10:07:25.741671,https://www.jns.org/news/u-s-news/trump-netanyahu-speak-on-third-anniversary-of-oct-7-attack
"Israel downgrades UK Jerusalem consulate after sanctions on Judea, Samaria",Twenty British diplomats will leave Israel; seven remain under an agreement that pauses retaliation while talks continue.,https://www.jns.org/news/israel-news/uk-jerusalem-consulate-becomes-smaller-diplomatic-mission,JNS,Canaan Lidor,2026-10-08T08:15:06,2026-10-08 10:07:25.741655,https://www.jns.org/news/israel-news/uk-jerusalem-consulate-becomes-smaller-diplomatic-mission
Latin America is turning more pro-Israel,"This is good news for the Jewish state, but it only has a short window to make it stick.",https://www.jns.org/opinion/brian-mcdonald/latin-america-is-turning-more-pro-israel,JNS,Brian McDonald,2026-10-08T08:30:00,2026-10-08 10:07:25.741638,https://www.jns.org/opinion/brian-mcdonald/latin-america-is-turning-more-pro-israel
Hadash MK Ofer Cassif convicted of assaulting police officer,"Cassif, the sole Jewish lawmaker of the predominantly Arab Hadash party, called the trial ""part of the continued political persecution.""",https://www.jns.org/news/israel-news/hadash-mk-ofer-cassif-convicted-of-assaulting-police-officer,JNS,JNS Staff,2026-10-08T09:00:54,2026-10-08 10:07:25.741621,https://www.jns.org/news/israel-news/hadash-mk-ofer-cassif-convicted-of-assaulting-police-officer
"Israeli FM to JNS: Israel faces difficult diplomatic years, must stand together","Gideon Sa'ar urged unity, and warned that violence in Judea and Samaria is damaging ties with Israel’s closest friends.",https://www.jns.org/news/israel-news/israeli-fm-to-jns-israel-faces-difficult-diplomatic-years-must-stand-together,JNS,Ariel Kahana,2026-10-08T09:04:15,2026-10-08 10:07:25.741604,https://www.jns.org/news/israel-news/israeli-fm-to-jns-israel-faces-difficult-diplomatic-years-must-stand-together
"Christian supporters of Israel ‘moral warriors’ against Qatar, Jewish leader tells JNS","The Gulf state has “brainwashed an entire generation,” Sylvan Adams said.",https://www.jns.org/news/israel-news/christian-supporters-of-israel-moral-warriors-against-qatar-sylvan-adams-tells-jns,JNS,Etgar Lefkovits,2026-10-08T09:37:57,2026-10-08 10:07:25.741584,https://www.jns.org/news/israel-news/christian-supporters-of-israel-moral-warriors-against-qatar-sylvan-adams-tells-jns
Netanyahu says he received no warning of Oct. 7 attack,"Security officials repeatedly evaluated Hamas as deterred prior to the massacre, according to intelligence documents Likud cited.",https://www.jns.org/news/israel-news/netanyahu-says-he-received-no-warning-of-oct-7-attack,JNS,JNS Staff,2026-10-08T10:04:04,2026-10-08 10:07:25.741559,https://www.jns.org/news/israel-news/netanyahu-says-he-received-no-warning-of-oct-7-attack
Table for Five: Bereshit,Primordial Light The post Table for Five: Bereshit appeared first on Jewish Journal .,https://jewishjournal.com/judaism/392975/bereshit-2/,Jewish Journal,Salvador Litvak,2026-10-08T06:25:02,2026-10-08 10:07:23.444513,https://jewishjournal.com/?p=392975
The Virtues of Fresh Salads,"After weeks of holiday feasting and heavy meals, the new Jewish year is a perfect time to reset, to nourish our bodies with food that is wholesome and still tastes delicious. The post The Virtues of Fresh Salads appeared first on Jewish Journal .",https://jewishjournal.com/culture/food/392978/the-virtues-of-fresh-salads/,Jewish Journal,Sharon Gomperts and Rachel Emquies Sheff,2026-10-08T06:33:44,2026-10-08 10:07:23.444495,https://jewishjournal.com/?p=392978
"Rabbis of LA | IDF Veteran Remembers October 7, 2023","Second of two parts The post Rabbis of LA | IDF Veteran Remembers October 7, 2023 appeared first on Jewish Journal .",https://jewishjournal.com/community/rabbis-of-la/392982/idf-veteran-remembers-october-7-2023/,Jewish Journal,Ari L. Noonan,2026-10-08T06:37:44,2026-10-08 10:07:23.444475,https://jewishjournal.com/?p=392982
Ynon Kreiz to Leave Mattel and Co-Lead Combined Paramount-Warner Bros. Discovery,Kreiz will join the board and oversee day-to-day management and integration of the businesses. The post Ynon Kreiz to Leave Mattel and Co-Lead Combined Paramount-Warner Bros. Discovery appeared first on Jewish Journal .,https://jewishjournal.com/culture/business/392985/ynon-kreiz-to-leave-mattel-and-co-lead-combined-paramount-warner-bros-discovery/,Jewish Journal,Brian Fishbach,2026-10-08T06:43:54,2026-10-08 10:07:23.444458,https://jewishjournal.com/?p=392985
Jewish Businessman Takes Pro-Palestinian Group to Court … and Wins,"“I have no problem with freedom of speech, but don’t call me a baby killer” - Philip Krawitz The post Jewish Businessman Takes Pro-Palestinian Group to Court &#8230; and Wins appeared first on Jewish Journal .",https://jewishjournal.com/community/392988/jewish-businessman-takes-pro-palestinian-group-to-court-and-wins/,Jewish Journal,Ayala Or-El,2026-10-08T06:49:40,2026-10-08 10:07:23.444436,https://jewishjournal.com/?p=392988
‘NAZA’ Proves Nada,"“Naza” is not successful on any level as a documentary, but if judged on awards, and getting people who were already angry angrier, it very well may be. The post ‘NAZA’ Proves Nada appeared first on Jewish Journal .",https://jewishjournal.com/culture/arts/film/392993/naza-proves-nada/,Jewish Journal,Alan Zeitlin,2026-10-08T06:53:03,2026-10-08 10:07:23.444412,https://jewishjournal.com/?p=392993
‘NAZA: The Real Story’ Gains Momentum as Counter-Film Challenges Gaza Documentary,"“NAZA: The Real Story” focuses on the IDF’s efforts to avoid civilian casualties while fighting Hamas, portraying an army that takes extensive precautions before carrying out strikes. The post ‘NAZA: The Real Story’ Gains Momentum as Counter-Film Challenges Gaza Documentary appeared first on Jewish Journal .",https://jewishjournal.com/culture/arts/film/392996/naza-the-real-story-gains-momentum-as-counter-film-challenges-gaza-documentary/,Jewish Journal,Ayala Or-El,2026-10-08T06:59:25,2026-10-08 10:07:23.444391,https://jewishjournal.com/?p=392996
Amichai,[&#8230;] The post Amichai appeared first on Jewish Journal .,https://jewishjournal.com/spiritual/poetry/393000/amichai/,Jewish Journal,Tova Gannana,2026-10-08T07:03:24,2026-10-08 10:07:23.444362,https://jewishjournal.com/?p=393000
Yasmin Levy Refuses to Put Ladino Music in a Museum,"The Israeli singer returns the Saban Theater in Beverly Hills on Oct. 11 with “One More Night,” bringing the mix of Ladino, flamenco and Middle Eastern music that has defined much of her work. The post Yasmin Levy Refuses to Put Ladino Music in a Museum appeared first on Jewish Journal .",https://jewishjournal.com/culture/arts/music/393003/yasmin-levy-refuses-to-put-ladino-music-in-a-museum/,Jewish Journal,Brian Fishbach,2026-10-08T07:06:53,2026-10-08 10:07:23.444339,https://jewishjournal.com/?p=393003
Bereaved mother: ‘Every day is Oct. 7. Still.’,"(JTA) — TEL AVIV – Some 50,000 Israelis filled Tel Aviv’s Yarkon Park on Wednesday night to mark three years since the Oct. 7 attacks, at a bereaved families’ memorial ceremony that for the first time took place with no hostages remaining in Gaza. The ceremony, organized for the third year by the Kumu movement,... The post Bereaved mother: &#8216;Every day is Oct. 7. Still.&#8217; appeared first on The Forward .",https://forward.com/fast-forward/854504/bereaved-mother-every-day-is-oct-7-still/,The Forward,Deborah Danan,2026-10-08T03:42:08,2026-10-08 10:07:19.038462,https://forward.com/?p=854504
Newly aired recordings of paramedic Amit Mann’s final hours renew push to let families access Oct. 7 records,"(JTA) — Three years after paramedic Amit Mann, 22, was killed by Hamas while treating the wounded in Kibbutz Be’eri on Oct. 7, newly aired recordings of her final calls revealed fresh and harrowing details about her last hours. The recordings, aired by Channel 12 on Tuesday, prompted her sister, Haviva Mann Izikson, to renew... The post Newly aired recordings of paramedic Amit Mann’s final hours renew push to let families access Oct. 7 records appeared first on The Forward .",https://forward.com/fast-forward/854486/newly-aired-recordings-of-paramedic-amit-manns-final-hours-renew-push-to-let-families-access-oct-7-records/,The Forward,Deborah Danan,2026-10-08T03:46:11,2026-10-08 10:07:19.038434,https://forward.com/?p=854486
Protesters overrun Oct. 7 Israeli peace vigil attended by Mamdani,"(New York Jewish Week) — Hundreds of pro-Palestinian protesters on Wednesday night overran a vigil marking Oct. 7 attended by New York City Mayor Zohran Mamdani. The demonstrators swamped the area of Union Square Park that was supposed to host the event held by Israelis for Peace, a left-wing peace group. The organizers moved the... The post Protesters overrun Oct. 7 Israeli peace vigil attended by Mamdani appeared first on The Forward .",https://forward.com/fast-forward/854492/protesters-overrun-oct-7-israeli-peace-vigil-attended-by-mamdani/,The Forward,Joseph Strauss,2026-10-08T06:00:00,2026-10-08 10:07:19.038395,https://forward.com/?p=854492
Israel is the one thing both Pennsylvania gubernatorial candidates agree on,"(JTA) — Democratic Pennsylvania Gov. Josh Shapiro and GOP opponent Stacy Garrity faced off on Wednesday in a heated gubernatorial debate, clashing over most policy issues — with the notable exception of Israel. “I want to recognize the anniversary of the Hamas attacks, where 1,200 innocent people were killed, including 49 Americans,” said Garrity, referring... The post Israel is the one thing both Pennsylvania gubernatorial candidates agree on appeared first on The Forward .",https://forward.com/fast-forward/854537/israel-is-the-one-thing-both-pennsylvania-gubernatorial-candidates-agree-on/,The Forward,Sharon Udasin,2026-10-08T06:01:03,2026-10-08 10:07:19.038359,https://forward.com/?p=854537
Israel is the one thing both Pennsylvania gubernatorial candidates agree on,"America can’t have a strong relationship with Israel while Netanyahu is in charge, Shapiro says. -- The post Israel is the one thing both Pennsylvania gubernatorial candidates agree on appeared first on Jewish Telegraphic Agency .",https://www.jta.org/2026/10/08/politics/israel-is-the-one-thing-both-pennsylvania-gubernatorial-candidates-agree-on,JTA,Sharon Udasin,2026-10-08T05:48:10,2026-10-08 10:07:16.397749,https://www.jta.org/?p=1909943
"Three years after Oct. 7, JFNA says Jewish engagement has reached an elevated ‘new normal’","A new survey from the national Federations umbrella group finds Jewish engagement higher than before the attacks. -- The post Three years after Oct. 7, JFNA says Jewish engagement has reached an elevated ‘new normal’ appeared first on Jewish Telegraphic Agency .",https://www.jta.org/2026/10/08/religion/three-years-after-oct-7-jfna-says-jewish-engagement-has-reached-an-elevated-new-normal,JTA,Andrew Lapin,2026-10-08T10:00:00,2026-10-08 10:07:16.397715,https://www.jta.org/?p=1909880
I thought I was done coming out. Then Oct. 7 happened.,"As the third anniversary of the Oct. 7 attacks approached, I kept thinking about something I started doing after the attack and never entirely stopped: editing myself. I first noticed it in conversations with friends and colleagues in progressive and queer spaces. Id hesitate before mentioning Israel. Could I say that I loved it? Could... Read More The post I thought I was done coming out. Then Oct. 7 happened. appeared first on eJewishPhilanthropy .",https://ejewishphilanthropy.com/i-thought-i-was-done-coming-out-then-oct-7-happened/,eJewish Philanthropy,Joshua Simmons,2026-10-08T09:47:00,2026-10-08 10:07:14.062654,https://ejewishphilanthropy.com/?p=180930
Political homelessness is freeing,"Last week, a friend told me about teaching her high school students political philosopher Thomas Hobbes’ theory that without government, we can’t live moral lives. Moral precepts like seeking peace and keeping ones word, which Hobbes calls eternal and discoverable through reason, exist even in the “state of nature”; the problem is that no one... Read More The post Political homelessness is freeing appeared first on eJewishPhilanthropy .",https://ejewishphilanthropy.com/political-homelessness-is-freeing/,eJewish Philanthropy,Rabbi Avi Killip,2026-10-08T09:47:41,2026-10-08 10:07:14.062621,https://ejewishphilanthropy.com/?p=180944
"‘The Surge’ in post-Oct. 7 Jewish engagement is growing again, JFNA finds","Three years after Hamas’ Oct. 7, 2023 terror attacks, the wave of heightened Jewish engagement that followed —commonly referred to as “The Surge” —is not only holding, but growing, according to the third annual survey from the Jewish Federations of North America released on Thursday. The survey, conducted in May and June, found that 38%... Read More The post &#8216;The Surge&#8217; in post-Oct. 7 Jewish engagement is growing again, JFNA finds appeared first on eJewishPhilanthropy .",https://ejewishphilanthropy.com/the-surge-in-post-oct-7-jewish-engagment-is-growing-again-jfna-finds/,eJewish Philanthropy,Nira Dayanim,2026-10-08T10:00:00,2026-10-08 10:07:14.062582,https://ejewishphilanthropy.com/?p=180950
The gentle Israeli intellectual who advocated genocide by popular demand,,https://www.haaretz.com/opinion/2026-10-08/ty-article-opinion/.premium/the-gentle-israeli-intellectual-who-advocated-genocide-by-popular-demand/000001a1-17fb-dbd6-a5a5-9fff39530000,Haaretz,Gideon Levy,2026-10-07T22:47:26,2026-10-08 02:34:55.302786,https://www.haaretz.com/opinion/2026-10-08/ty-article-opinion/.premium/the-gentle-israeli-intellectual-who-advocated-genocide-by-popular-demand/000001a1-17fb-dbd6-a5a5-9fff39530000
"The voice belongs to Yinon Magal, but the rotten, ugly script is Netanyahu's",,https://www.haaretz.com/opinion/2026-10-08/ty-article-opinion/.premium/the-voice-belongs-to-yinon-magal-but-the-rotten-ugly-script-is-netanyahus/000001a1-17a8-d042-a9e9-17a88e070000,Haaretz,Uri Misgav,2026-10-07T22:56:40,2026-10-08 02:34:55.302761,https://www.haaretz.com/opinion/2026-10-08/ty-article-opinion/.premium/the-voice-belongs-to-yinon-magal-but-the-rotten-ugly-script-is-netanyahus/000001a1-17a8-d042-a9e9-17a88e070000
"Daily Cartoon, October 8",,https://www.haaretz.com/opinion/daily-cartoon/2026-10-08/ty-article-opinion/daily-cartoon-october-8/000001a1-18b2-dba5-a5bf-dff2534e0000,Haaretz,La Familia,2026-10-07T23:38:24,2026-10-08 02:34:55.302734,https://www.haaretz.com/opinion/daily-cartoon/2026-10-08/ty-article-opinion/daily-cartoon-october-8/000001a1-18b2-dba5-a5bf-dff2534e0000
Report: Trump weighing Iran strike before midterms amid soaring energy costs,"According to The Atlantic, Pentagon planners are weighing military options as Washington navigates soaring war expenses and tight congressional races, while Vice President JD Vance stresses that any nuclear deal requires concrete steps from Tehran",https://www.haaretz.com/middle-east-news/2026-10-08/ty-article/report-trump-weighing-iran-strike-before-midterms-amid-soaring-energy-costs/000001a1-1950-d70d-a5b9-fbdabb3d0000,Haaretz,Haaretz,2026-10-08T02:32:56,2026-10-08 02:34:55.302697,https://www.haaretz.com/middle-east-news/2026-10-08/ty-article/report-trump-weighing-iran-strike-before-midterms-amid-soaring-energy-costs/000001a1-1950-d70d-a5b9-fbdabb3d0000
"Oct. 7 can’t become annual day that Jewish students must ‘negotiate for ability to mourn,’ Israeli-American Council says","“We are not asking universities to suppress speech,” Sagit Sade Attia, of the council, told JNS. “We are asking them to govern their campuses.”",https://www.jns.org/news/u-s-news/oct-7-cant-become-annual-day-that-jewish-students-must-negotiate-for-ability-to-mourn-israeli-american-council-says,JNS,Rebecca Szlechter,2026-10-07T22:59:19,2026-10-08 02:34:48.133219,https://www.jns.org/news/u-s-news/oct-7-cant-become-annual-day-that-jewish-students-must-negotiate-for-ability-to-mourn-israeli-american-council-says
Iran’s regime is cornered. Will it start another war to survive?,"Facing pressure abroad and the threat of revolt at home, Tehran may see escalation against America and Israel as its last escape route.",https://www.jns.org/opinion/erfan-fard/irans-regime-is-cornered-will-it-start-another-war-to-survive,JNS,Erfan Fard,2026-10-08T02:00:00,2026-10-08 02:34:48.133177,https://www.jns.org/opinion/erfan-fard/irans-regime-is-cornered-will-it-start-another-war-to-survive
"Rosner’s Domain | Remembering Oct. 7, Politically Speaking","October 7 is a day that already reverberates powerfully in the consciousness of every Jew. But the meaning of it has yet to be deciphered. The post Rosner&#8217;s Domain | Remembering Oct. 7, Politically Speaking appeared first on Jewish Journal .",https://jewishjournal.com/rosnersdomain/392947/remembering-oct-7-politically-speaking/,Jewish Journal,Shmuel Rosner,2026-10-07T22:48:40,2026-10-08 02:34:45.680047,https://jewishjournal.com/?p=392947
"On Oct. 7, Reflections on Remembrance","Even as we mourn everything we’ve lost, let us also remember the moments of hope and healing — moments that restore our faith in humanity’s promise. The post On Oct. 7, Reflections on Remembrance appeared first on Jewish Journal .",https://jewishjournal.com/judaism/392962/on-oct-7-reflections-on-remembrance/,Jewish Journal,Rabbi Yoshi Zweiback,2026-10-07T23:50:00,2026-10-08 02:34:45.680007,https://jewishjournal.com/?p=392962
Olympic Legend Moved By Hostage Painting,"Dwight Stones, who was born in Los Angeles and is Jewish, has long been a strong supporter of Israel. The post Olympic Legend Moved By Hostage Painting appeared first on Jewish Journal .",https://jewishjournal.com/culture/art/392968/olympic-legend-moved-by-hostage-painting/,Jewish Journal,Ayala Or-El,2026-10-08T01:46:25,2026-10-08 02:34:45.679959,https://jewishjournal.com/?p=392968
Bereaved mother: ‘Every day is Oct. 7. Still.’,"At event marking Hamas attacks, former hostage Eli Sharabi calls for Netanyahu to launch a state investigation. -- The post Bereaved mother: &#8216;Every day is Oct. 7. Still.&#8217; appeared first on Jewish Telegraphic Agency .",https://www.jta.org/2026/10/07/israel/bereaved-mother-every-day-is-oct-7-still,JTA,Deborah Danan,2026-10-08T02:33:02,2026-10-08 02:34:38.938491,https://www.jta.org/?p=1909960
Report: U.K. Green Party member behind 'Zionism is Racism' motion linked to al-Qaeda supporter,Court documents from 2015 show that party member Lubna Speitan was listed as a 'close friend' who could provide testimony over the mental health of a man accused and jailed for links to al-Qaeda and planning a bombing at Heathrow Airport,https://www.haaretz.com/world-news/2026-10-07/ty-article/report-u-k-greens-probe-member-behind-zionism-is-racism-motion/000001a1-1714-d042-a9e9-1734673c0000,Haaretz,Haaretz,2026-10-07T17:47:27,2026-10-07 22:49:54.323630,https://www.haaretz.com/world-news/2026-10-07/ty-article/report-u-k-greens-probe-member-behind-zionism-is-racism-motion/000001a1-1714-d042-a9e9-1734673c0000
Right-wing lawmaker says anti-gov't protest group to blame for October 7,Otzma Yehudit's Tally Gotliv spoke as about 40 right-wing protesters gathered outside the house of a prominenet anti-Netanyahu protester. The protesters blamed the group for the Hamas attack on October 7,https://www.haaretz.com/israel-news/elections/2026-10-07/ty-article/.premium/right-wing-lawmaker-says-anti-govt-protest-group-to-blame-for-october-7/000001a1-175b-daf2-a7a5-df7fbdc20000,Haaretz,Yair Foldes,2026-10-07T18:52:07,2026-10-07 22:49:54.323609,https://www.haaretz.com/israel-news/elections/2026-10-07/ty-article/.premium/right-wing-lawmaker-says-anti-govt-protest-group-to-blame-for-october-7/000001a1-175b-daf2-a7a5-df7fbdc20000
U.S. Democrats increasingly highlight Gaza war on October 7 anniversary,"While some of Israel's fiercest critics in Congress stayed silent, others paired commemoration of October 7 with criticism of Israel's response",https://www.haaretz.com/us-news/2026-10-07/ty-article/.premium/u-s-democrats-increasingly-highlight-gaza-war-on-october-7-anniversary/000001a1-1797-daf2-a7a5-dfb76cfc0000,Haaretz,Arno Rosenfeld,2026-10-07T19:08:09,2026-10-07 22:49:54.323590,https://www.haaretz.com/us-news/2026-10-07/ty-article/.premium/u-s-democrats-increasingly-highlight-gaza-war-on-october-7-anniversary/000001a1-1797-daf2-a7a5-dfb76cfc0000
"Poll: Netanyahu bloc tops rival bloc by 5 seats, neither secure majority without Arab parties","A Channel 13 poll shows Netanyahu's bloc rising to 55 of 120 seats, while Eisenkot rival bloc's boycott of the Arab parties, which together win 15 seats, leaves it with just 50 seats, far from the 61-seat majority needed",https://www.haaretz.com/israel-news/elections/2026-10-07/ty-article/.premium/poll-netanyahu-bloc-tops-eisenkots-by-5-seats-neither-secure-majority/000001a1-1795-d6bf-abe5-97dd19930000,Haaretz,Haaretz,2026-10-07T19:16:02,2026-10-07 22:49:54.323572,https://www.haaretz.com/israel-news/elections/2026-10-07/ty-article/.premium/poll-netanyahu-bloc-tops-eisenkots-by-5-seats-neither-secure-majority/000001a1-1795-d6bf-abe5-97dd19930000
A journey along Route 232 with those who survived and those who lost loved ones,"Survivors remain trapped in that morning, while bereaved families build memorials along Route 232. As the tributes multiply, residents struggle with how to preserve the memory of the massacre and keep living",https://www.haaretz.com/israel-news/2026-10-07/ty-article-magazine/.premium/a-journey-along-route-232-with-those-who-survived-and-those-who-lost-loved-ones/000001a1-179f-d042-a9e9-17bf2dea0000,Haaretz,Eden Solomon,2026-10-07T19:43:33,2026-10-07 22:49:54.323551,https://www.haaretz.com/israel-news/2026-10-07/ty-article-magazine/.premium/a-journey-along-route-232-with-those-who-survived-and-those-who-lost-loved-ones/000001a1-179f-d042-a9e9-17bf2dea0000
"In civilian ceremony attended by tens of thousands, October 7 victims' families and former hostages call for accountability","Omri Shifroni, a bereaved family member and one of the ceremony's organizers, called to investigate what happend on that day, saying that 'without investigating the truth, we cannot fix things, and we cannot make sure it never happens again'",https://www.haaretz.com/israel-news/2026-10-07/ty-article/.premium/former-hostages-vow-to-keep-the-october-7-memory-alive-in-civilian-led-ceremony/000001a1-17c1-d4cb-adfb-bffb96af0000,Haaretz,Bar Peleg,2026-10-07T20:55:20,2026-10-07 22:49:54.323531,https://www.haaretz.com/israel-news/2026-10-07/ty-article/.premium/former-hostages-vow-to-keep-the-october-7-memory-alive-in-civilian-led-ceremony/000001a1-17c1-d4cb-adfb-bffb96af0000
Ex-Biden official says he struggled to convince Israelis to prioritize hostages' safety,"Former ambassador Jack Lew spoke at an event commemorating the third anniversary of the October 7, 2023, Hamas attacks, saying the U.S. was limited in altering the conduct of the Gaza war because of Israel's awareness of Biden's unrelenting support",https://www.haaretz.com/us-news/2026-10-08/ty-article/.premium/former-u-s-ambassador-says-israel-took-advantage-of-biden-after-october-7/000001a1-17e1-d042-a9e9-17e1f23d0000,Haaretz,Arno Rosenfeld,2026-10-07T21:02:49,2026-10-07 22:49:54.323508,https://www.haaretz.com/us-news/2026-10-08/ty-article/.premium/former-u-s-ambassador-says-israel-took-advantage-of-biden-after-october-7/000001a1-17e1-d042-a9e9-17e1f23d0000
Israel's rotten Transportation Ministry puts lives at risk,The rot within the Transportation Ministry is emblematic of a country on a constant verge of national disaster. Another term of this government ensures further catastrophe,https://www.haaretz.com/opinion/editorial/2026-10-08/ty-article-opinion/israels-rotten-transportation-ministry-puts-lives-at-risk/000001a1-17a8-d199-a5fd-bfbec3300000,Haaretz,Haaretz Editorial,2026-10-07T21:31:47,2026-10-07 22:49:54.323479,https://www.haaretz.com/opinion/editorial/2026-10-08/ty-article-opinion/israels-rotten-transportation-ministry-puts-lives-at-risk/000001a1-17a8-d199-a5fd-bfbec3300000
I Don’t Want It to Be Oct. 7 Ever Again,I don&#8217;t want it to be Oct. 7 today. I&#8217;d like the calendar to go straight from the 6th to...,https://www.algemeiner.com/2026/10/07/i-dont-want-be-oct-7-ever-again/,Algemeiner,Gila Isaacson,2026-10-07T17:27:51,2026-10-07 22:49:49.740371,https://www.algemeiner.com/?p=780828
"From the Editor: The Oct. 7 Massacre, Three Years Later","I was on my tractor, using a bush hog to cut my front field, when I realized that the attack...",https://www.algemeiner.com/2026/10/07/from-editor-oct-7-massacre-three-years-later/,Algemeiner,Aaron Kliegman,2026-10-07T18:05:27,2026-10-07 22:49:49.740354,https://www.algemeiner.com/?p=780871
"In interview, US Vice President Vance Says Iran Must Cut Enrichment to End War","US Vice President JD Vance said in an exclusive interview with Reuters that Iran must make a &#8220;meaningful&#8221; reduction in its nuclear enrichment capacity to satisfy US demands and end the countries&#8217; seven-month war, even as Washington...",https://www.algemeiner.com/2026/10/07/interview-us-vice-president-vance-says-iran-must-cut-enrichment-end-war/,Algemeiner,Reuters and Algemeiner Staff,2026-10-07T18:40:09,2026-10-07 22:49:49.740337,https://www.algemeiner.com/?p=780880
Houthis Attack Aden Airport as Fighting Intensifies in Yemen,"Yemen&#8216;s Houthis attacked Aden&#8216;s international airport with ballistic missiles and explosive-laden drones on Wednesday, the country&#8217;s Transport Ministry said, as fighting between the Iran-backed group and Saudi-backed...",https://www.algemeiner.com/2026/10/07/houthis-attack-aden-airport-fighting-intensifies-yemen/,Algemeiner,Reuters and Algemeiner Staff,2026-10-07T18:52:13,2026-10-07 22:49:49.740316,https://www.algemeiner.com/?p=780883
"Attacks on Tankers in Hormuz Hit Highest of Any Week Since Start of Iran War, Sources Say","Attacks on tankers sailing through the Strait of Hormuz hit their highest last week of any week since the Iran war began, according to...",https://www.algemeiner.com/2026/10/07/attacks-tankers-hormuz-hit-highest-any-week-since-start-iran-war-sources-say/,Algemeiner,Reuters and Algemeiner Staff,2026-10-07T18:56:42,2026-10-07 22:49:49.740296,https://www.algemeiner.com/?p=780886
"New Milan Mural Depicts Former Hostages Noa Argamani, Avinatan Or Being Separated by Hamas Terrorists","A mural depicting Hamas-led terrorists separating Noa Argamani and Avinatan Or, a young couple abducted during the deadly rampage at...",https://www.algemeiner.com/2026/10/07/new-milan-mural-depicts-former-hostages-noa-argamani-avinatan-or-separated-hamas-terrorists/,Algemeiner,Shiryn Ghermezian,2026-10-07T19:01:40,2026-10-07 22:49:49.740277,https://www.algemeiner.com/?p=780846
Young Oct. 7 Survivors Heal From Their Trauma Through Rock Music in New Documentary,A new documentary from the Emmy-winning executive producer and director of &#8220;Friends&#8221; follows 10 young Israeli survivors of the Oct....,https://www.algemeiner.com/2026/10/07/young-oct-7-survivors-heal-their-trauma-rock-music-new-documentary/,Algemeiner,Shiryn Ghermezian,2026-10-07T19:07:17,2026-10-07 22:49:49.740259,https://www.algemeiner.com/?p=780855
Berlin Jews Fear Leftward Political Shift as Antisemitism Remains at Alarming Levels Three Years After Oct. 7,"Three years after the Hamas-led invasion of and massacre across southern Israel on Oct. 7, 2023, Berlin is still recording...",https://www.algemeiner.com/2026/10/07/berlin-jews-fear-leftward-political-shift-antisemitism-remains-alarming-levels-three-years-oct-7/,Algemeiner,Ailin Vilches Arguello,2026-10-07T19:20:31,2026-10-07 22:49:49.740241,https://www.algemeiner.com/?p=780872
"Israel’s Economy Continues to Grow, Defying Three Years of War, Global Pressure","Israel&#8217;s economy has shown a striking display of resilience over the past three years, continuing to grow and outperform major...",https://www.algemeiner.com/2026/10/07/israels-economy-continues-grow-defying-three-years-war-global-pressure/,Algemeiner,Ailin Vilches Arguello,2026-10-07T21:06:12,2026-10-07 22:49:49.740220,https://www.algemeiner.com/?p=780895
Mamdani Ignites Outrage for Accusing Israel of ‘Genocide’ in Oct. 7 Anniversary Statement,New York City Mayor Zohran Mamdani ignited controversy on Wednesday when he accused Israel of orchestrating an &#8220;ongoing genocide&#8221; in...,https://www.algemeiner.com/2026/10/07/mamdani-ignites-outrage-accusing-israel-genocide-oct-7-anniversary-statement/,Algemeiner,Corey Walker,2026-10-07T21:33:28,2026-10-07 22:49:49.740194,https://www.algemeiner.com/?p=780897
The Green Party’s ‘anti-racist’ exclusionary politics,It is a short step from excluding a political belief to excluding the people who embrace it.,https://www.jns.org/opinion/dov-maimon/the-green-partys-anti-racist-exclusionary-politics,JNS,Dov Maimon,2026-10-07T17:30:00,2026-10-07 22:49:47.421952,https://www.jns.org/opinion/dov-maimon/the-green-partys-anti-racist-exclusionary-politics
Poll: Shapiro leads GOP challenger by 25 points in Pennsylvania governor’s race,"“One of the country's most popular governors gets a rousing endorsement from Pennsylvania's likely voters in a race that looks like a rout,” Quinnipiac polling analyst Tim Malloy said.",https://www.jns.org/news/u-s-news/poll-shapiro-leads-gop-challenger-by-25-points-in-pennsylvania-governors-race,JNS,Jonathan D. Salant,2026-10-07T18:12:04,2026-10-07 22:49:47.421930,https://www.jns.org/news/u-s-news/poll-shapiro-leads-gop-challenger-by-25-points-in-pennsylvania-governors-race
Thinking about Oct. 7 from Geula Cohen’s point of view,The late member of the Jewish underground organization Lechi understood the nature of sacrifice.,https://www.jns.org/opinion/phyllis-chesler/thinking-about-oct-7-from-geula-cohens-point-of-view,JNS,Phyllis Chesler,2026-10-07T18:30:00,2026-10-07 22:49:47.421901,https://www.jns.org/opinion/phyllis-chesler/thinking-about-oct-7-from-geula-cohens-point-of-view
"Jewish politician still frontrunner to be next UN secretary-general, but race still open","Though Rebeca Grynspan has won four of five straw polls, her “negative” votes doubled on Wednesday.",https://www.jns.org/news/world/jewish-politician-still-frontrunner-to-be-next-un-secretary-general-but-race-still-open,JNS,Mike Wagenheim,2026-10-07T18:35:00,2026-10-07 22:49:47.421853,https://www.jns.org/news/world/jewish-politician-still-frontrunner-to-be-next-un-secretary-general-but-race-still-open
"Minnesota teen arrested for planning ISIS-style attack on Mall of America due to its Jewish owners, FBI says","Seamus Hughes, senior researcher at the University of Nebraska Omaha, told JNS that ""ISIS still has a resonance with a small subsection of Americans.""",https://www.jns.org/news/u-s-news/minnesota-teen-arrested-for-planning-isis-style-attack-on-mall-of-america-due-to-its-jewish-owners-fbi-says,JNS,Jessica Russak-Hoffman,2026-10-07T19:06:03,2026-10-07 22:49:47.421835,https://www.jns.org/news/u-s-news/minnesota-teen-arrested-for-planning-isis-style-attack-on-mall-of-america-due-to-its-jewish-owners-fbi-says
"Jewish student suing Parsons School of Design in NYC faced Jew-hatred in 'every form you can imagine,' her lawyer says","Sophie Shabot experienced ""verbal harassment, being chased, being pushed and shoved, being spat on, yelled at, blocked from entering a building,"" according to her lawyer.",https://www.jns.org/news/u-s-news/jewish-student-suing-parsons-school-of-design-in-nyc-faced-jew-hatred-in-every-form-you-can-imagine-her-lawyer-says,JNS,Jessica Russak-Hoffman,2026-10-07T19:15:00,2026-10-07 22:49:47.421815,https://www.jns.org/news/u-s-news/jewish-student-suing-parsons-school-of-design-in-nyc-faced-jew-hatred-in-every-form-you-can-imagine-her-lawyer-says
"In Michigan, the issue is erasing Jewish interests, not the Jewish vote",Electing “progressives” like El-Sayed requires more than just normalizing antisemitism and antisemitic candidates. It also means telling Jews to shut up.,https://www.jns.org/opinion/column/jonathan-s-tobin/in-michigan-the-issue-is-erasing-jewish-interests-not-the-jewish-vote,JNS,Jonathan S. Tobin,2026-10-07T20:00:00,2026-10-07 22:49:47.421795,https://www.jns.org/opinion/column/jonathan-s-tobin/in-michigan-the-issue-is-erasing-jewish-interests-not-the-jewish-vote
"In front of Parthenon, Rubio calls for Western revival","“The course we take will determine whether the West maintains its place at the head of the world, or resigns itself to a future of atrophy and servitude and decline,” the secretary of state said.",https://www.jns.org/news/u-s-news/in-front-of-parthenon-rubio-calls-for-western-revival,JNS,Andrew Bernard,2026-10-07T20:24:17,2026-10-07 22:49:47.421776,https://www.jns.org/news/u-s-news/in-front-of-parthenon-rubio-calls-for-western-revival
Akunis again invites Mamdani to screening of Oct. 7 footage after mayor’s statement criticized as ‘insult’ to victims,"“Anyone with a heart should be ashamed of the response of the mayor of New York City to the Oct. 7 massacre,” the Israeli consul general said.",https://www.jns.org/news/u-s-news/akunis-again-invites-mamdani-to-screening-of-oct-7-footage-after-mayors-statement-criticized-as-insult-to-victims,JNS,Rikki Zagelbaum,2026-10-07T20:56:34,2026-10-07 22:49:47.421755,https://www.jns.org/news/u-s-news/akunis-again-invites-mamdani-to-screening-of-oct-7-footage-after-mayors-statement-criticized-as-insult-to-victims
"Ed Dept urges schools, legislators to protect Jewish students amid Oct. 7 walkouts","""The most disturbing lesson Jewish students are learning in school today may be how quickly the adults look away,"" Steve Rosenberg of the North American Values Institute told JNS.",https://www.jns.org/news/u-s-news/ed-dept-urges-schools-legislators-to-protect-jewish-students-amid-oct-7-walkouts,JNS,Jessica Russak-Hoffman,2026-10-07T21:14:14,2026-10-07 22:49:47.421732,https://www.jns.org/news/u-s-news/ed-dept-urges-schools-legislators-to-protect-jewish-students-amid-oct-7-walkouts
Madrid bus campaign links Ceuta border breach to Oct. 7 attacks,"“Did Ceuta make you feel threatened? Imagine they’d come in to kill us. That was 7 October in Israel,” read one of the messages of the campaign, launched by the Spanish pro-Israel group ACOM.",https://www.jns.org/news/world/madrid-bus-campaign-links-ceuta-border-breach-to-oct-7-attacks,JNS,Canaan Lidor,2026-10-07T21:35:55,2026-10-07 22:49:47.421712,https://www.jns.org/news/world/madrid-bus-campaign-links-ceuta-border-breach-to-oct-7-attacks
"From bedside of his son on life support from terror attack, Israeli envoy to US decries Mamdani's 'dangerous lies'","""It's actually hard to find a sentence in Mamdani's post that isn't a lie,"" Israeli Ambassador Yechiel Leiter said, of the New York City mayor.",https://www.jns.org/news/u-s-news/from-bedside-of-his-son-on-life-support-from-terror-attack-israeli-envoy-to-us-decries-mamdanis-dangerous-lies,JNS,JNS Staff,2026-10-07T21:45:43,2026-10-07 22:49:47.421691,https://www.jns.org/news/u-s-news/from-bedside-of-his-son-on-life-support-from-terror-attack-israeli-envoy-to-us-decries-mamdanis-dangerous-lies
"Trump admin says it's expanding probe of alleged Jew-hatred at Swarthmore, now includes student group sharing video of burning Israeli in effigy","“If Swarthmore has in fact turned a blind eye to such provocation, using the most horrific acts of violence against Jews since the Holocaust as a propaganda tool, someone is asleep at the wheel,” the U.S. Education Department said.",https://www.jns.org/news/u-s-news/trump-admin-says-its-expanding-probe-of-alleged-jew-hatred-at-swarthmore-now-includes-student-group-sharing-video-of-burning-israeli-in-effigy,JNS,JNS Staff,2026-10-07T21:57:15,2026-10-07 22:49:47.421670,https://www.jns.org/news/u-s-news/trump-admin-says-its-expanding-probe-of-alleged-jew-hatred-at-swarthmore-now-includes-student-group-sharing-video-of-burning-israeli-in-effigy
Retired US military leaders reject genocide allegations against Israel,"“Protecting civilians and preserving the ability of our nation to defend itself requires us to defend the truth when the laws of war are being distorted to make false charges of genocide,” more than 75 signatories wrote in an open letter organized by JINSA.",https://www.jns.org/news/u-s-news/retired-us-military-leaders-reject-genocide-allegations-against-israel,JNS,Mike Wagenheim,2026-10-07T22:00:58,2026-10-07 22:49:47.421643,https://www.jns.org/news/u-s-news/retired-us-military-leaders-reject-genocide-allegations-against-israel
"Boeing explains its silence, as ‘false flag’ claims swirl around flydubai attack","The manufacturer told JNS that its role in the Saudi probe limits its ability to issue public comment on the aircraft’s survival of a reported 14,000-foot nosedive.",https://www.jns.org/news/world/boeing-explains-its-silence-as-false-flag-claims-swirl-around-flydubai-attack,JNS,Jessica Russak-Hoffman,2026-10-07T22:45:50,2026-10-07 22:49:47.421611,https://www.jns.org/news/world/boeing-explains-its-silence-as-false-flag-claims-swirl-around-flydubai-attack
Miracle at Fort Knox,"More than half a century later, I remember the punishing hills, but I also remember the chaplain who saw a brother rather than merely a soldier, and a Jewish community that made a young man from Cherry Hill, New Jersey, feel at home. The post Miracle at Fort Knox appeared first on Jewish Journal .",https://jewishjournal.com/commentary/columnist/392913/miracle-at-fort-knox/,Jewish Journal,Jeffrey P. Romm,2026-10-07T18:54:22,2026-10-07 22:49:44.983378,https://jewishjournal.com/?p=392913
My Three Sons,I just completed a project I started in November 2023: taking each of my three sons on vacation separately. The post My Three Sons appeared first on Jewish Journal .,https://jewishjournal.com/commentary/columnist/392916/my-three-sons/,Jewish Journal,Mark Schiff,2026-10-07T19:34:50,2026-10-07 22:49:44.983355,https://jewishjournal.com/?p=392916
Oct. 7 Haunts the Campus,Students like me have come to understand that pro-Israel students being othered is the new campus normal. It shouldn’t be. The post Oct. 7 Haunts the Campus appeared first on Jewish Journal .,https://jewishjournal.com/commentary/columnist/392920/oct-7-haunts-the-campus/,Jewish Journal,Ella Leon,2026-10-07T20:04:36,2026-10-07 22:49:44.983335,https://jewishjournal.com/?p=392920
"Achievement, Relationship, Purpose","A career becomes more rewarding when it supports rather than consumes the rest of life. Wealth becomes more meaningful when it creates security and enables generosity. The post Achievement, Relationship, Purpose appeared first on Jewish Journal .",https://jewishjournal.com/commentary/opinion/392922/achievement-relationship-purpose/,Jewish Journal,Selwyn Gerber,2026-10-07T20:09:05,2026-10-07 22:49:44.983313,https://jewishjournal.com/?p=392922
Flydubai Flight FZ1073 and the Indomitability of the Jews,"FZ1073 has a message for the world. For the terrorists striving to take innumerable Israeli lives and make the survivors’ lives unbearable, the message is that your love of death will never diminish our love of life nor make us any less determined to defend it. The post Flydubai Flight FZ1073 and the Indomitability of the Jews appeared first on Jewish Journal .",https://jewishjournal.com/commentary/opinion/392925/flydubai-flight-fz1073-and-the-indomitability-of-the-jews/,Jewish Journal,Michael Oren,2026-10-07T20:40:01,2026-10-07 22:49:44.983292,https://jewishjournal.com/?p=392925
A New Graphic Novel Re-Presents the Bible,"Following on the heels of his earlier presentations of the Passover Haggadah and the books of Esther and Jonah, Gorfinkel, known to his friends as “Gorf,” along with Israeli illustrator Yael Nathan and a team of specialized artists, have produced “The Koren Magerman Tanakh Graphic Novel: Bereshit Vol. 1,” which renders the first two Torah portions in Genesis, Bereshit and Noah, in dynamically engaging visual narrative form. The post A New Graphic Novel Re-Presents the Bible appeared first on Jewish Journal .",https://jewishjournal.com/judaism/392929/a-new-graphic-novel-re-presents-the-bible/,Jewish Journal,Rabbi Dr. Stuart Halpern,2026-10-07T21:38:25,2026-10-07 22:49:44.983262,https://jewishjournal.com/?p=392929
The Other Shoe,"I stood there in awe, my eyes blurring with tears, listening to the hush and experiencing the unnamed. I couldn't tell which was stranger: feeling the rainforest in me, or me in the rainforest. And then my phone rang. The post The Other Shoe appeared first on Jewish Journal .",https://jewishjournal.com/commentary/opinion/392932/the-other-shoe/,Jewish Journal,Hilla Gohary Kerendian,2026-10-07T21:48:29,2026-10-07 22:49:44.983227,https://jewishjournal.com/?p=392932
Mamdani Uses Oct. 7 to Accuse Israel of the Worst Crime in History,"Even on this singular day to honor the victims of Oct. 7, the mayor kept the poison coming. The post Mamdani Uses Oct. 7 to Accuse Israel of the Worst Crime in History appeared first on Jewish Journal .",https://jewishjournal.com/commentary/columnist/editors-note/392935/mamdani-uses-oct-7-to-accuse-israel-of-the-worst-crime-in-history/,Jewish Journal,David Suissa,2026-10-07T22:28:35,2026-10-07 22:49:44.983202,https://jewishjournal.com/?p=392935
When Peace Becomes Possible: A Lesson from the South Caucasus,"For Israel, and for everyone who believes that seemingly permanent conflicts need not remain permanent, what is unfolding in the South Caucasus deserves to be recognized, encouraged and protected. The post When Peace Becomes Possible: A Lesson from the South Caucasus appeared first on Jewish Journal .",https://jewishjournal.com/commentary/opinion/392941/when-peace-becomes-possible-a-lesson-from-the-south-caucasus/,Jewish Journal,Rabbi Israel Barouk,2026-10-07T22:42:42,2026-10-07 22:49:44.983171,https://jewishjournal.com/?p=392941
Why Dolly Parton sang a song about Daniel Pearl,"A Broadway show, a star-studded television tribute, a new hotel and museum in Nashville. As odes to Dolly Parton keep coming, a recording of the late country music singer honoring an American Jewish journalist has recently surfaced. Never before released in America, the song, “A Bridge Across,” sung by Parton and accompanied by the Nashville... The post Why Dolly Parton sang a song about Daniel Pearl appeared first on The Forward .",https://forward.com/news/854417/dolly-parton-daniel-pearl-song-bridge-across/,The Forward,Manya Brachear Pashman,2026-10-07T17:46:38,2026-10-07 22:49:40.724954,https://forward.com/?p=854417
Christian leaders are racing toward the Rapture. Is Israel really to blame?,"End Times Fascism: And the Fight for the Living World By Naomi Klein and Astra Taylor Farrar, Straus &#38; Giroux, 384 pages, $32 Judaism is not usually a religion associated with apocalyptic thought. There’s no Jewish version of the Book of Revelation. There is a concept of a Messianic Age, but most observant groups forbid... The post Christian leaders are racing toward the Rapture. Is Israel really to blame? appeared first on The Forward .",https://forward.com/culture/854204/naomi-klein-end-times-fascism-israel/,The Forward,Mira Fox,2026-10-07T19:04:06,2026-10-07 22:49:40.724922,https://forward.com/?p=854204
The definitive Oct. 7 book was written — and sketched — before the attack,"As Salomé Parent-Rachdi and Zac Deloupy worked on the drawings for a book about Israeli-Palestinian romance, they had no way of knowing the world they were depicting was on the brink of collapse. The day they finished their pencil sketches, we learn in the book’s introduction, was Oct. 6, 2023. The next day, Hamas invaded Israel,... The post The definitive Oct. 7 book was written — and sketched — before the attack appeared first on The Forward .",https://forward.com/culture/854414/love-and-desire-in-the-promised-land-book-oct-7/,The Forward,Louis Keene,2026-10-07T19:08:49,2026-10-07 22:49:40.724857,https://forward.com/?p=854414
"Haverford professor accused of threatening, stalking Jewish person online","Guangtian Ha was previously named in a 2024 antisemitism lawsuit against the school. -- The post Haverford professor accused of threatening, stalking Jewish person online appeared first on Jewish Telegraphic Agency .",https://www.jta.org/2026/10/07/united-states/haverford-professor-accused-of-threatening-stalking-jewish-person-online,JTA,Shira Li Bartov,2026-10-07T19:31:14,2026-10-07 22:49:38.185648,https://www.jta.org/?p=1909850
I made a film about Oct. 7 hostage posters. I was accused of centering ‘whiteness.’,"The insistence that Israelis should be seen as “white” is a dangerous category error, writes the director of ""TORN."" -- The post I made a film about Oct. 7 hostage posters. I was accused of centering &#8216;whiteness.&#8217; appeared first on Jewish Telegraphic Agency .",https://www.jta.org/2026/10/07/ideas/i-made-a-film-about-oct-7-hostage-posters-i-was-accused-of-centering-whiteness,JTA,Nim Shapira,2026-10-07T19:39:16,2026-10-07 22:49:38.185624,https://www.jta.org/?p=1909671
Newly aired recordings of paramedic Amit Mann’s final hours renew push to let families access Oct. 7 records,Mann's sister is urging the state to collect documentation related to the attack and offer it to victims’ families. -- The post Newly aired recordings of paramedic Amit Mann’s final hours renew push to let families access Oct. 7 records appeared first on Jewish Telegraphic Agency .,https://www.jta.org/2026/10/07/israel/newly-aired-recordings-of-paramedic-amit-manns-final-hours-renew-push-to-let-families-access-oct-7-records,JTA,Deborah Danan,2026-10-07T20:39:50,2026-10-07 22:49:38.185594,https://www.jta.org/?p=1909830
"On NYC streets, Jews feel fear on Oct. 7 anniversary, while protesters rage against Israel","From commemorative exhibits to passionate protests at City Hall, New York is divided. -- The post On NYC streets, Jews feel fear on Oct. 7 anniversary, while protesters rage against Israel appeared first on Jewish Telegraphic Agency .",https://www.jta.org/2026/10/07/ny/on-nyc-streets-jews-feel-fear-on-oct-7-anniversary-while-protesters-rage-against-israel,JTA,Joseph Strauss,2026-10-07T21:22:41,2026-10-07 22:49:38.185552,https://www.jta.org/?p=1909877
"Three years after October 7, 'October 8 Jews' are still learning how to belong",The Hamas attack prompted many American Jews to seek deeper connections to Israel and Jewish life. A friendship between a secular therapist and an Orthodox educator reveals how that search can change both newcomers and those welcoming them,https://www.haaretz.com/us-news/2026-10-06/ty-article-magazine/.premium/three-years-after-october-7-october-8-jews-are-still-learning-how-to-belong/000001a1-11e2-d28a-a3a5-d3fb97bd0000,Haaretz,Philissa Cramer,2026-10-06T18:11:08,2026-10-07 17:19:00.403720,https://www.haaretz.com/us-news/2026-10-06/ty-article-magazine/.premium/three-years-after-october-7-october-8-jews-are-still-learning-how-to-belong/000001a1-11e2-d28a-a3a5-d3fb97bd0000
IDF threatens to close Palestinian olive groves if activists accompany farmers,Soldiers were documented stopping olive picking and telling a landowner: 'You are forbidden to pick olives until the anarchist Jews leave',https://www.haaretz.com/west-bank/2026-10-07/ty-article/.premium/idf-threatens-to-close-palestinian-olive-groves-if-activists-accompany-farmers/000001a1-1126-d0df-a3f5-5db634f70000,Haaretz,Matan Golan,2026-10-07T09:56:41,2026-10-07 17:19:00.403656,https://www.haaretz.com/west-bank/2026-10-07/ty-article/.premium/idf-threatens-to-close-palestinian-olive-groves-if-activists-accompany-farmers/000001a1-1126-d0df-a3f5-5db634f70000
"Three years after October 7, is it really Gaza's economy, stupid?","Israel thought addressing Gaza's economic woes would tone down the conflict. It was wrong, but three years later, it hasn't any better answer",https://www.haaretz.com/israel-news/israel-politics/2026-10-07/ty-article/.premium/three-years-after-october-7-is-it-really-gazas-economy-stupid/000001a1-0705-dff9-a3b3-c72d10f60000,Haaretz,David Rosenberg,2026-10-07T10:04:18,2026-10-07 17:19:00.403640,https://www.haaretz.com/israel-news/israel-politics/2026-10-07/ty-article/.premium/three-years-after-october-7-is-it-really-gazas-economy-stupid/000001a1-0705-dff9-a3b3-c72d10f60000
Three mothers on the fight for their daughters' lives and legacies,"Three years after October 7, three Israeli mothers reflect on how their lives were transformed by what happened to their daughters, and the 'repeated choice to choose life every day'",https://www.haaretz.com/israel-news/2026-10-07/ty-article-magazine/.premium/three-mothers-on-the-fight-for-their-daughters-lives-and-legacies/000001a1-10ba-dd49-a5ff-d2ba44040000,Haaretz,Linda Dayan,2026-10-07T10:10:16,2026-10-07 17:19:00.403624,https://www.haaretz.com/israel-news/2026-10-07/ty-article-magazine/.premium/three-mothers-on-the-fight-for-their-daughters-lives-and-legacies/000001a1-10ba-dd49-a5ff-d2ba44040000
What I learned working on the Haaretz news desk on October 7,"I remember rushing into the newsroom in Tel Aviv shortly after Hamas launched its attack and joining the early-morning editor, who was trying, between rocket sirens, to figure out, like the rest of the country, what was happening",https://www.haaretz.com/opinion/2026-10-07/ty-article-opinion/.premium/what-i-learned-working-on-the-haaretz-news-desk-on-october-7/000001a1-159f-d88d-aba1-dd9fa4540000,Haaretz,Eitan Bolokan,2026-10-07T10:20:19,2026-10-07 17:19:00.403607,https://www.haaretz.com/opinion/2026-10-07/ty-article-opinion/.premium/what-i-learned-working-on-the-haaretz-news-desk-on-october-7/000001a1-159f-d88d-aba1-dd9fa4540000
'The worst gamble in Israeli military history': Amos Harel on the failures of October 7,,https://www.haaretz.com/israel-news/podcasts/2026-10-07/ty-article-podcast/amos-harel-on-the-failures-of-october-7/000001a1-1578-d0f2-a5fd-5f79263e0000,Haaretz,Haaretz Podcast,2026-10-07T10:36:22,2026-10-07 17:19:00.403588,https://www.haaretz.com/israel-news/podcasts/2026-10-07/ty-article-podcast/amos-harel-on-the-failures-of-october-7/000001a1-1578-d0f2-a5fd-5f79263e0000
"Israeli aviation officials investigated over conflict of interest concerns, paid side jobs","One official responsible for foreign airline oversight allegedly received money from flydubai and Emirates; another, who oversees foreign crew screening, held a paid aviation-security side job",https://www.haaretz.com/israel-news/israel-security/2026-10-07/ty-article/.premium/israeli-aviation-officials-investigated-over-paid-side-jobs-in-the-industry/000001a1-150c-df57-a7e5-3d8c16f60000,Haaretz,Josh Breiner,2026-10-07T11:12:24,2026-10-07 17:19:00.403573,https://www.haaretz.com/israel-news/israel-security/2026-10-07/ty-article/.premium/israeli-aviation-officials-investigated-over-paid-side-jobs-in-the-industry/000001a1-150c-df57-a7e5-3d8c16f60000
"Israel's European allies and critics mark October 7, acknowledge antisemitism","From pro-Netanyahu allies across Europe to politicians calling to recognize Palestinian suffering during the three years of war, leaders worldwide marked the third anniversary of Hamas' attack, as some leaders remained silent on social media",https://www.haaretz.com/world-news/europe/2026-10-07/ty-article/.premium/we-will-never-forget-them-european-leaders-pay-tribute-to-october-7-victims/000001a1-15b7-dd5c-a1f9-57b764450000,Haaretz,Ben Kroll,2026-10-07T11:31:01,2026-10-07 17:19:00.403556,https://www.haaretz.com/world-news/europe/2026-10-07/ty-article/.premium/we-will-never-forget-them-european-leaders-pay-tribute-to-october-7-victims/000001a1-15b7-dd5c-a1f9-57b764450000
Likud deflects Netanyahu's press avoidance by casting rival Eisenkot as media-shy,Likud and Netanyahu's aides are projecting the prime minister's aversion to volatile media appearances onto his chief rival – even though Eisenkot was the one who invited Netanyahu to debate him in the first place,https://www.haaretz.com/israel-news/israel-politics/2026-10-07/ty-article/.premium/after-three-years-of-netanyahus-media-silence-likud-asks-wheres-eisenkot/000001a1-156d-d28a-a3a5-d77f66210000,Haaretz,Noa Shpigel,2026-10-07T11:33:35,2026-10-07 17:19:00.403536,https://www.haaretz.com/israel-news/israel-politics/2026-10-07/ty-article/.premium/after-three-years-of-netanyahus-media-silence-likud-asks-wheres-eisenkot/000001a1-156d-d28a-a3a5-d77f66210000
Israel set out to reshape the Middle East. Now it's been pushed to the sidelines,"Three years after October 7, the hostages are back, some home and others buried in Israeli soil, but the country itself remains hostage to a gang devoid of all restraint. Israel, once a global role model, is steeped in the toxic fumes of hubris",https://www.haaretz.com/israel-news/israel-security/2026-10-07/ty-article/.premium/israel-set-out-to-reshape-the-middle-east-now-its-been-pushed-to-the-sidelines/000001a1-1522-df57-a7e5-3da283200000,Haaretz,Zvi Bar'el,2026-10-07T12:13:20,2026-10-07 17:19:00.403503,https://www.haaretz.com/israel-news/israel-security/2026-10-07/ty-article/.premium/israel-set-out-to-reshape-the-middle-east-now-its-been-pushed-to-the-sidelines/000001a1-1522-df57-a7e5-3da283200000
Bearing witness: Websites document Gaza's catastrophe for the ages,"These efforts are laying bare the humanitarian disaster and Israel's suspected war crimes, preserving evidence for courts and 'the day Israeli society has the desire or courage to look in the mirror'",https://www.haaretz.com/gaza/2026-10-07/ty-article-magazine/.premium/bearing-witness-websites-document-gazas-catastrophe-for-the-ages/000001a1-15fd-dbd6-a5a5-9dff241f0000,Haaretz,Nir Hasson,2026-10-07T14:22:27,2026-10-07 17:19:00.403483,https://www.haaretz.com/gaza/2026-10-07/ty-article-magazine/.premium/bearing-witness-websites-document-gazas-catastrophe-for-the-ages/000001a1-15fd-dbd6-a5a5-9dff241f0000
All the warnings Netanyahu got before October 7 – that we know of,"A Haaretz investigation and multiple reports show Netanyahu received warnings from Israeli security officials, a Gaza mediator who conveyed the Hamas leader's threat, the chief of Egyptian intelligence and the ruler of the United Arab Emirates",https://www.haaretz.com/israel-news/israel-security/2026-10-07/ty-article-magazine/.premium/all-the-warnings-netanyahu-got-before-october-7-that-we-know-of/000001a1-1604-dba5-a5bf-df44dbe70000,Haaretz,Haaretz,2026-10-07T15:07:28,2026-10-07 17:19:00.403465,https://www.haaretz.com/israel-news/israel-security/2026-10-07/ty-article-magazine/.premium/all-the-warnings-netanyahu-got-before-october-7-that-we-know-of/000001a1-1604-dba5-a5bf-df44dbe70000
Mamdani to attend October 7 vigil as pro-Palestinian activists rally against him,"City Hall protesters accuse mayor of 'capitulation to Zionist pressure,' while ADL chief condemns his October 7 statement invoking Israel's 'genocide' in Gaza",https://www.haaretz.com/us-news/2026-10-07/ty-article/.premium/mamdani-to-go-to-october-7-vigil-as-pro-palestine-activists-protest-his-policies/000001a1-16d2-d4ab-a7f1-befb2e190000,Haaretz,Simone Saidmehr,2026-10-07T15:08:45,2026-10-07 17:19:00.403446,https://www.haaretz.com/us-news/2026-10-07/ty-article/.premium/mamdani-to-go-to-october-7-vigil-as-pro-palestine-activists-protest-his-policies/000001a1-16d2-d4ab-a7f1-befb2e190000
Haverford professor charged with cyberstalking over antisemitic threats,Prosecutors allege Guangtian Ha used anonymous X accounts to send roughly 50 threatening messages to a Jewish man. The college has placed him on leave and barred him from campus,https://www.haaretz.com/us-news/2026-10-07/ty-article/.premium/haverford-professor-charged-with-cyberstalking-over-antisemitic-threats/000001a1-16e9-dafb-a3b1-3ef9fefe0000,Haaretz,Grace Gilson,2026-10-07T15:43:20,2026-10-07 17:19:00.403430,https://www.haaretz.com/us-news/2026-10-07/ty-article/.premium/haverford-professor-charged-with-cyberstalking-over-antisemitic-threats/000001a1-16e9-dafb-a3b1-3ef9fefe0000
Five arrested in London after pro-Palestinian protest on October 7 anniversary,"Police said the five, detained outside the U.K. Jewish community's representative body, chanted slogans calling for 'intifada.' They remained in custody over alleged incitement to racial hatred, amid restrictions on a march and counter-protests",https://www.haaretz.com/world-news/europe/2026-10-07/ty-article/.premium/five-arrested-in-london-after-pro-palestinian-protest-on-october-7-anniversary/000001a1-169e-dbd6-a5a5-9fff0fe80000,Haaretz,Ben Kroll,2026-10-07T15:51:28,2026-10-07 17:19:00.403413,https://www.haaretz.com/world-news/europe/2026-10-07/ty-article/.premium/five-arrested-in-london-after-pro-palestinian-protest-on-october-7-anniversary/000001a1-169e-dbd6-a5a5-9fff0fe80000
Hezbollah receives $200 million from Iran to aid Lebanese displaced by war with Israel,"Intermediaries who moved the money charged a 20 percent fee, two people with direct ‌knowledge of the transfer said. Israel's bombardment and invasion of Lebanon uprooted hundreds of thousands of Hezbollah's Shi'ite Muslim constituents",https://www.haaretz.com/middle-east-news/lebanonnews/2026-10-07/ty-article/hezbollah-received-200-million-from-iran-to-aid-lebanese-displaced-by-war/000001a1-16df-d042-a9e9-16ffc0960000,Haaretz,Reuters,2026-10-07T16:11:36,2026-10-07 17:19:00.403394,https://www.haaretz.com/middle-east-news/lebanonnews/2026-10-07/ty-article/hezbollah-received-200-million-from-iran-to-aid-lebanese-displaced-by-war/000001a1-16df-d042-a9e9-16ffc0960000
Haaretz staff picks: The pieces that stayed with us since October 7,,https://www.haaretz.com/israel-news/2026-10-07/ty-article-timeline/.premium/haaretz-staff-picks-the-pieces-that-stayed-with-us-since-october-7/000001a1-10ad-df41-a5f7-9cef519a0000,Haaretz,Haaretz,2026-10-07T16:14:00,2026-10-07 17:19:00.403371,https://www.haaretz.com/israel-news/2026-10-07/ty-article-timeline/.premium/haaretz-staff-picks-the-pieces-that-stayed-with-us-since-october-7/000001a1-10ad-df41-a5f7-9cef519a0000
Ben-Gvir excluded from right-wing convention with Netanyahu and Smotrich ahead of Oct. election,Dozens of prominent rabbis and community figures were invited to the 'Save the Right' convention. Ben-Gvir's party said the snub was part of 'a series of worrying signs' about his prospects in the next Knesset term,https://www.haaretz.com/israel-news/elections/2026-10-07/ty-article/.premium/far-right-ben-gvir-excluded-from-netanyahu-smotrich-save-the-right-convention/000001a1-1693-ddec-a5fb-5eff8dde0000,Haaretz,Noa Shpigel,2026-10-07T16:27:36,2026-10-07 17:19:00.403355,https://www.haaretz.com/israel-news/elections/2026-10-07/ty-article/.premium/far-right-ben-gvir-excluded-from-netanyahu-smotrich-save-the-right-convention/000001a1-1693-ddec-a5fb-5eff8dde0000
Israeli banks fear expanded U.K. sanctions on West Bank settlements could hurt their operations,"The banks fear British sanctions could also target entities involved in settlement expansion. For now, they won't say whether they will guarantee contractors bidding on internationally condemned tenders for construction in the West Bank's E1 area",https://www.haaretz.com/israel-news/israel-security/2026-10-07/ty-article/.premium/israeli-banks-fear-expanded-sanctions-on-settlements-could-hurt-their-operations/000001a1-16c2-dc83-abad-3fdbb1980000,Haaretz,Liza Rozovsky,2026-10-07T16:47:22,2026-10-07 17:19:00.403336,https://www.haaretz.com/israel-news/israel-security/2026-10-07/ty-article/.premium/israeli-banks-fear-expanded-sanctions-on-settlements-could-hurt-their-operations/000001a1-16c2-dc83-abad-3fdbb1980000
"Three years after October 7, three decades of broken promises","October 7 forces us to ask what kind of Israel can exist. The answer, however much Israelis deny it, depends on Palestinians being able to exist too",https://www.haaretz.com/israel-news/haaretz-today/2026-10-07/ty-article/.highlight/three-years-after-october-7-three-decades-of-broken-promises/000001a1-1723-dbd6-a5a5-9ff756370000,Haaretz,David Issacharoff,2026-10-07T16:58:24,2026-10-07 17:19:00.403316,https://www.haaretz.com/israel-news/haaretz-today/2026-10-07/ty-article/.highlight/three-years-after-october-7-three-decades-of-broken-promises/000001a1-1723-dbd6-a5a5-9ff756370000
"Israeli former hostage details botched escape attempt, why he opposed cease-fire deal","Avinatan Or was kidnapped from the Nova festival on October 7. Three years after the Hamas attack and one year after he returned to Israel, the 33-year-old reveals how he devised a plan to escape from a tunnel",https://www.haaretz.com/israel-news/2026-10-07/ty-article/.premium/israeli-former-hostage-details-botched-escape-why-he-opposed-cease-fire-deal/000001a1-1639-dc83-abad-3ffbeaaa0000,Haaretz,Ben Kroll,2026-10-07T17:01:11,2026-10-07 17:19:00.403294,https://www.haaretz.com/israel-news/2026-10-07/ty-article/.premium/israeli-former-hostage-details-botched-escape-why-he-opposed-cease-fire-deal/000001a1-1639-dc83-abad-3ffbeaaa0000
Israelis Mark Three Years Since Oct. 7 Attack,Israelis gathered in silence on Wednesday in a kibbutz near the Gaza border that was overrun by Hamas terrorists on...,https://www.algemeiner.com/2026/10/07/israelis-mark-three-years-since-oct-7-attack/,Algemeiner,Reuters and Algemeiner Staff,2026-10-07T16:51:46,2026-10-07 17:18:55.646337,https://www.algemeiner.com/?p=780857
‘Holding Liat’ Is a Gripping Oct. 7 Documentary That Is Different — and Worth Your Time,"We do not see or hear shooting or any shouts from Hamas in the award-winning documentary Holding Liat, in which...",https://www.algemeiner.com/2026/10/07/holding-liat-gripping-oct-7-documentary-different-worth-your-time/,Algemeiner,Alan Zeitlin,2026-10-07T17:13:00,2026-10-07 17:18:55.646315,https://www.algemeiner.com/?p=780830
Trump on Iranian nuclear ambitions: 'That will never happen',"Tehran missed ""multiple opportunities"" for a nuclear deal and its economy was in “total and complete freefall,” said Secretary of State Marco Rubio.",https://www.jns.org/news/u-s-news/trump-on-iranian-nuclear-ambitions-that-will-never-happen,JNS,JNS Staff,2026-10-07T10:51:47,2026-10-07 17:18:53.300595,https://www.jns.org/news/u-s-news/trump-on-iranian-nuclear-ambitions-that-will-never-happen
"'We will never forget what happened on Oct. 7,' NYC Council's first Jewish speaker tells JNS","Julie Menin and fellow council Jewish Caucus members Eric Dinowitz, Lynn Schulman and Harvey Epstein hosted Oct. 7 survivor Shalev Biton and his rescuer, Yunis Alkarnawi, at City Hall.",https://www.jns.org/news/u-s-news/nyc-council-hosts-oct-7-survivor-shalev-biton-rescuer-yunis-alkarnawi-at-city-hall,JNS,JNS Staff,2026-10-07T11:00:00,2026-10-07 17:18:53.300574,https://www.jns.org/news/u-s-news/nyc-council-hosts-oct-7-survivor-shalev-biton-rescuer-yunis-alkarnawi-at-city-hall
"JNS, Yad L’Olim to host English-language Israeli election debate",The Oct. 11 program will feature representatives of nine parties ahead of Israel’s Oct. 27 vote.,https://www.jns.org/promo/jns-yad-lolim-to-host-english-language-israeli-election-debate,JNS,JNS Staff,2026-10-07T11:17:44,2026-10-07 17:18:53.300552,https://www.jns.org/promo/jns-yad-lolim-to-host-english-language-israeli-election-debate
Netherlands searches Israeli travelers for Judea and Samaria products,"“Judeacation” takes viewers to the heart of Judea and Samaria, where history, faith and modern Israel meet. Hosted by JNS Middle East correspondent Josh Hasten, the series dispels myths and misconceptions about life in the region the world calls the “West Bank,” but which Jews know as the cradle of their civilization. Through on-the-ground reporting and candid conversations with residents, leaders and pioneers, “Judeacation” reveals the truth about the people who live and build in the heart of the Jewish homeland—a place where ancient history and contemporary Zionism intertwine. Each episode offers a look at the realities of Israel’s heartland, countering media bias with firsthand stories of courage, community and connection to the land. Hasten explores topics ranging from security and sovereignty to faith, culture and innovation, spotlighting those shaping Israel’s future from its biblical core. As Hasten often reminds viewers, Jews are called Jews because they come from Judea. And “Judeacation” is where that story continues to unfold. See more at: @JNS_TV and subscribe to our YouTube channel.",https://www.jns.org/jns-tv/judeacation/netherlands-searches-israeli-travelers-for-judea-and-samaria-products,JNS,Josh Hasten,2026-10-07T11:28:49,2026-10-07 17:18:53.300531,https://www.jns.org/jns-tv/judeacation/netherlands-searches-israeli-travelers-for-judea-and-samaria-products
"Board of Peace marks Oct. 7 with vow to disarm, deradicalize Gaza","The U.S.-backed organization credited hostage releases to U.S. President Donald Trump, and called a weapons-free enclave essential for long-term security.",https://www.jns.org/news/israel-news/board-of-peace-marks-oct-7-with-vow-to-disarm-deradicalize-gaza,JNS,JNS Staff,2026-10-07T12:27:05,2026-10-07 17:18:53.300458,https://www.jns.org/news/israel-news/board-of-peace-marks-oct-7-with-vow-to-disarm-deradicalize-gaza
Mamdani’s pretend war on Jew-hatred leaves Zionist Jews outside the law,"Discrimination against such Jews is illegal under federal, state and municipal law.",https://www.jns.org/opinion/jeffrey-lax/mamdanis-pretend-war-on-jew-hatred-leaves-zionist-jews-outside-the-law,JNS,Jeffrey Lax,2026-10-07T13:15:00,2026-10-07 17:18:53.300439,https://www.jns.org/opinion/jeffrey-lax/mamdanis-pretend-war-on-jew-hatred-leaves-zionist-jews-outside-the-law
"‘Recovery takes time,’ orphans of Oct. 7 say of life three years after massacre","“This is my responsibility, that each one of the kids will get the same treatment, the same money,” Mody Kidon of the Israeli Children’s Fund told JNS.",https://www.jns.org/news/u-s-news/recovery-takes-time-orphans-of-oct-7-say-of-life-three-years-after-massacre,JNS,Rikki Zagelbaum,2026-10-07T14:06:48,2026-10-07 17:18:53.300421,https://www.jns.org/news/u-s-news/recovery-takes-time-orphans-of-oct-7-say-of-life-three-years-after-massacre
I am not going to explain myself anymore,"When facts aren’t enough to fight falsehoods, simply tell the truth about who we are.",https://www.jns.org/opinion/raphael-shore/i-am-not-going-to-explain-myself-anymore,JNS,Raphael Shore,2026-10-07T15:00:00,2026-10-07 17:18:53.300397,https://www.jns.org/opinion/raphael-shore/i-am-not-going-to-explain-myself-anymore
SCOOP: Lithuania tells JNS it’ll ‘respect’ Jewish burial site where commercial development was planned,The Lithuanian government told JNS exclusively that it “does not envisage any activities on the site of the former Jewish cemetery in Šnipiškės that would be incompatible with the historical significance of this place and respect for the Jewish community.”,https://www.jns.org/news/u-s-news/scoop-lithuania-tells-jns-itll-respect-jewish-burial-site-where-commercial-development-was-planned,JNS,Mike Wagenheim,2026-10-07T15:20:12,2026-10-07 17:18:53.300378,https://www.jns.org/news/u-s-news/scoop-lithuania-tells-jns-itll-respect-jewish-burial-site-where-commercial-development-was-planned
Texas governor orders flags lowered to half-staff on third anniversary of Oct. 7,"“Texas stands with Israel and the Jewish community and will always honor the lives lost that day,” Gov. Greg Abbott said.",https://www.jns.org/news/u-s-news/texas-governor-orders-flags-lowered-to-half-staff-on-third-anniversary-of-oct-7,JNS,Mike Wagenheim,2026-10-07T15:24:08,2026-10-07 17:18:53.300350,https://www.jns.org/news/u-s-news/texas-governor-orders-flags-lowered-to-half-staff-on-third-anniversary-of-oct-7
Oct. 7 playwrights call for police probe after someone pulled fire alarm during staging at Northwestern University,"""These people are demonic. Disrupting the truth, disrupting stories of tragedy and heroism. They should be ashamed of themselves,"" Phelim McAleer, who wrote the play with his wife, Ann McElhinney, told JNS.",https://www.jns.org/news/u-s-news/oct-7-playwrights-call-for-police-probe-after-someone-pulled-fire-alarm-during-staging-at-northwestern-university,JNS,Jessica Russak-Hoffman,2026-10-07T15:34:04,2026-10-07 17:18:53.300328,https://www.jns.org/news/u-s-news/oct-7-playwrights-call-for-police-probe-after-someone-pulled-fire-alarm-during-staging-at-northwestern-university
"Pittsburgh-area man indicted for getting gun, ammo to support ISIS","The suspect “offered to share explosive manuals with others” and wanted to prepare for a “mission,” the U.S. Justice Department stated.",https://www.jns.org/news/u-s-news/pittsburgh-area-man-indicted-for-getting-gun-ammo-to-support-isis,JNS,JNS Staff,2026-10-07T15:38:26,2026-10-07 17:18:53.300304,https://www.jns.org/news/u-s-news/pittsburgh-area-man-indicted-for-getting-gun-ammo-to-support-isis
"Mamdani statement an effort to ‘hijack’ Oct. 7 anniversary, Danon tells JNS","“We will remember those who were murdered, and we will never forget who was behind this massacre,” the Israeli envoy to the United Nations said.",https://www.jns.org/news/u-s-news/mamdani-statement-an-effort-to-hijack-oct-7-anniversary-danon-tells-jns,JNS,Rikki Zagelbaum,2026-10-07T16:08:36,2026-10-07 17:18:53.300282,https://www.jns.org/news/u-s-news/mamdani-statement-an-effort-to-hijack-oct-7-anniversary-danon-tells-jns
Anti-Israel vandals target Seattle home,"Surveillance video shared with JNS showed two people tearing down U.S. and Israeli flags at a private residence, placing a Palestinian flag and vandalizing the property.",https://www.jns.org/news/u-s-news/anti-israel-vandals-target-seattle-home,JNS,Jessica Russak-Hoffman,2026-10-07T16:34:10,2026-10-07 17:18:53.300258,https://www.jns.org/news/u-s-news/anti-israel-vandals-target-seattle-home
"Hochul orders flags lowered, landmarks lit yellow on Oct. 7 anniversary","“The pain of that dark day has not faded,” the New York governor said. “But neither has the strength, resilience and enduring hope of the Jewish people.”",https://www.jns.org/news/u-s-news/hochul-orders-flags-lowered-landmarks-lit-yellow-on-oct-7-anniversary,JNS,Rebecca Szlechter,2026-10-07T16:56:04,2026-10-07 17:18:53.300237,https://www.jns.org/news/u-s-news/hochul-orders-flags-lowered-landmarks-lit-yellow-on-oct-7-anniversary
"For Nova survivors, Oct. 7 trauma persists three years later","SafeHeart, an Israeli mental-health support non-profit, reports rising distress among survivors, with 79% recognized as having a psychiatric disability and many struggling to return to work amid what it claims is inadequate state support.",https://www.jns.org/news/israel-news/for-nova-survivors-oct-7-trauma-persists-three-years-later,JNS,Canaan Lidor,2026-10-07T17:14:00,2026-10-07 17:18:53.300207,https://www.jns.org/news/israel-news/for-nova-survivors-oct-7-trauma-persists-three-years-later
Torah Portion: B’ray’sheet,"In the beginning God creates the heavens — the universe — something very, very, very big. The post Torah Portion: B’ray’sheet appeared first on Jewish Journal .",https://jewishjournal.com/judaism/torahmusings/392898/torah-portion-braysheet/,Jewish Journal,Allen Estrin,2026-10-07T10:12:22,2026-10-07 17:18:50.912262,https://jewishjournal.com/?p=392898
"Bass, Raman, Israel","Raman repeated her previously-stated opinion that the Israeli military’s efforts to protect its country’s people from terrorist attack constituted genocide. Bass said that it did not. The post Bass, Raman, Israel appeared first on Jewish Journal .",https://jewishjournal.com/commentary/columnist/392901/bass-raman-israel/,Jewish Journal,Dan Schnur,2026-10-07T10:19:53,2026-10-07 17:18:50.912236,https://jewishjournal.com/?p=392901
"Jewish New Yorkers fault Mamdani on antisemitism but back his police commissioner, poll finds","Nearly two-thirds of Jewish voters in New York City disapprove of Mayor Zohran Mamdani’s handling of antisemitism, according to a new poll released on the third anniversary of the Oct. 7, 2023, Hamas attack on Israel. Jewish voters also said Mamdani, a fierce critic of Israel, should not hold or attend an official city event... The post Jewish New Yorkers fault Mamdani on antisemitism but back his police commissioner, poll finds appeared first on The Forward .",https://forward.com/news/854279/mamdani-jews-antisemitism-poll-oct-7/,The Forward,Jacob Kornbluh,2026-10-07T10:52:51,2026-10-07 17:18:46.523391,https://forward.com/?p=854279
"Chicago Jewish theater drops Naomi Ragen play, saying actors feared repercussions of working with the Israeli writer","(JTA) — Naomi Ragen, the New York-born Israeli novelist and playwright known for her portrayals of Orthodox Jewish women in crisis, says the cancellation of a planned Chicago revival of one of her plays represents a “return to McCarthyism” in the American cultural scene. Ragen, 77, has revealed that plans by a Jewish arts company... The post Chicago Jewish theater drops Naomi Ragen play, saying actors feared repercussions of working with the Israeli writer appeared first on The Forward .",https://forward.com/fast-forward/854300/chicago-jewish-theater-drops-naomi-ragen-play-saying-actors-feared-repercussions-of-working-with-the-israeli-writer/,The Forward,Lianne Kolirin,2026-10-07T11:49:43,2026-10-07 17:18:46.523359,https://forward.com/?p=854300
Mamdani marks first Oct. 7 anniversary as mayor with statement blasting Israel’s war in Gaza as genocide,"On the third anniversary of the Oct. 7, 2023, Hamas attack on Israel — his first commemoration as New York City’s mayor — Zohran Mamdani mourned the Israeli victims and the 251 people taken hostage before devoting most of a statement to condemning Israel’s war in Gaza as a “genocide” and accusing the U.S. government... The post Mamdani marks first Oct. 7 anniversary as mayor with statement blasting Israel&#8217;s war in Gaza as genocide appeared first on The Forward .",https://forward.com/news/854366/mamdani-oct-7-statement-gaza-palestinians/,The Forward,Jacob Kornbluh,2026-10-07T17:09:22,2026-10-07 17:18:46.523320,https://forward.com/?p=854366
"Chicago Jewish theater drops Naomi Ragen play, citing fears of repercussions for working with the Israeli writer","The novelist called the cancellation a return to “McCarthyism.” -- The post Chicago Jewish theater drops Naomi Ragen play, citing fears of repercussions for working with the Israeli writer appeared first on Jewish Telegraphic Agency .",https://www.jta.org/2026/10/07/culture/chicago-jewish-theater-drops-naomi-ragen-play-saying-actors-feared-repercussions-of-working-with-the-israeli-writer,JTA,Lianne Kolirin,2026-10-07T10:00:00,2026-10-07 17:18:43.888537,https://www.jta.org/?p=1909770
"In a single day, Sapir College lost 50 people. Three years later it is rebuilding – itself and Israel’s south.","Resilience cannot mean simply returning to where we were before the disaster. -- The post In a single day, Sapir College lost 50 people. Three years later it is rebuilding – itself and Israel’s south. appeared first on Jewish Telegraphic Agency .",https://www.jta.org/2026/10/07/ideas/in-a-single-day-sapir-college-lost-50-people-three-years-later-it-is-rebuilding-itself-and-israels-south,JTA,Nir Kedar,2026-10-07T15:00:00,2026-10-07 17:18:43.888501,https://www.jta.org/?p=1909762
"Mamdani pays tribute to Israelis, Palestinians on third anniversary of Hamas attacks on Oct. 7","The New York City mayor used the words “genocide,” “apartheid” and “war crimes” in his message, which also criticized Israel’s government over the war that ensued. -- The post Mamdani pays tribute to Israelis, Palestinians on third anniversary of Hamas attacks on Oct. 7 appeared first on Jewish Telegraphic Agency .",https://www.jta.org/2026/10/07/ny/mamdani-pays-tribute-to-israelis-palestinians-on-third-anniversary-of-hamas-attacks-on-oct-7,JTA,JTA Staff,2026-10-07T17:00:38,2026-10-07 17:18:43.888468,https://www.jta.org/?p=1909829
"Oct. 7 reshaped Israel. Three years on, its political map remains largely unchanged.","As Israelis head to the polls, analysts say Oct. 7 and the war that followed have hardened existing political divisions rather than fundamentally changing them. -- The post Oct. 7 reshaped Israel. Three years on, its political map remains largely unchanged. appeared first on Jewish Telegraphic Agency .",https://www.jta.org/2026/10/07/israel/oct-7-reshaped-israel-three-years-on-its-political-map-remains-largely-unchanged,JTA,Ruth Eglash,2026-10-07T17:08:50,2026-10-07 17:18:43.888432,https://www.jta.org/?p=1909791
What we can offer that cannot be sent,"On one of the final mornings of an 11-day healing retreat, an Israeli soldier approached one of the facilitators with news. Since the war began, he had not been able to sleep through the night. He woke regularly and needed both assistance and medication. But that morning, he told the facilitator something had changed. “Last... Read More The post What we can offer that cannot be sent appeared first on eJewishPhilanthropy .",https://ejewishphilanthropy.com/what-we-can-offer-that-cannot-be-sent/,eJewish Philanthropy,Maya Talmon Chvaicer,2026-10-07T10:17:00,2026-10-07 17:18:41.111006,https://ejewishphilanthropy.com/?p=180853
"3 years on, ICF aids 573 kids, young adults orphaned on Oct. 7 with the long, slow road to recovery","In a single bloody day, hundreds of Israeli children and young adults had their lives upended as their parentswere butchered in the deadliest terror attack in Israel’s history and one of the deadliest ever. In some cases, they too were injured by the very terrorists who killed their parents or were forced to witness the... Read More The post 3 years on, ICF aids 573 kids, young adults orphaned on Oct. 7 with the long, slow road to recovery appeared first on eJewishPhilanthropy .",https://ejewishphilanthropy.com/3-years-on-icf-aids-573-kids-young-adults-orphaned-on-oct-7-with-the-long-slow-road-to-recovery/,eJewish Philanthropy,Judah Ari Gross,2026-10-07T11:44:23,2026-10-07 17:18:41.110976,https://ejewishphilanthropy.com/?p=180871
How Oct. 7 shaped and reshaped the Jewish nonprofit world and its leaders,"In the days and weeks after Oct. 7, the New Israel Fund began, for the first time, providing direct services to Israelis, calling hotels, buying open rooms to house displaced Israelis and supplying basic needs to survivors and hostage families. In the middle of the night on Oct. 7, Yotam Polizer, who leads the Israeli... Read More The post How Oct. 7 shaped and reshaped the Jewish nonprofit world and its leaders appeared first on eJewishPhilanthropy .",https://ejewishphilanthropy.com/how-oct-7-shaped-and-reshaped-the-jewish-nonprofit-world-and-its-leaders/,eJewish Philanthropy,Jay Deitcher,2026-10-07T12:20:09,2026-10-07 17:18:41.110942,https://ejewishphilanthropy.com/?p=180872
Three years since the Oct. 7 attacks told through the eJP stories that documented it,"One month before Hamas terrorists attacked Israels South at 6:29 a.m. on Oct. 7, 2023, killing some 1,200 people and taking 251 hostage, Israeli-Palestinian dialogue groups held a West Bank race to promote peace initiatives. Imagine that. At the same time, Jewish aid groups were responding to crises around the world — droughts in Kenya,... Read More The post Three years since the Oct. 7 attacks told through the eJP stories that documented it appeared first on eJewishPhilanthropy .",https://ejewishphilanthropy.com/three-years-since-the-oct-7-attacks-told-through-the-ejp-stories-that-documented-it/,eJewish Philanthropy,Nira Dayanim,2026-10-07T13:29:15,2026-10-07 17:18:41.110911,https://ejewishphilanthropy.com/?p=180890
Your Daily Phil: Aiding the widows and orphans of Oct. 7,The post Your Daily Phil: Aiding the widows and orphans of Oct. 7 appeared first on eJewishPhilanthropy .,https://ejewishphilanthropy.com/your-daily-phil-aiding-the-widows-and-orphans-of-oct-7/,eJewish Philanthropy,EJP,2026-10-07T14:52:18,2026-10-07 17:18:41.110869,https://ejewishphilanthropy.com/?p=180908
Vance: Iran must cut nuclear enrichment to end war with U.S.,"U.S. is in talks with President Pezeshkian and Foreign Minister Araqchi, Vance says",https://www.haaretz.com/us-news/2026-10-07/ty-article/vance-iran-must-cut-nuclear-enrichment-to-end-war-with-u-s/000001a1-1454-df57-a7e5-3cd41d3d0000,Haaretz,Reuters,2026-10-07T03:15:02,2026-10-07 09:55:51.398941,https://www.haaretz.com/us-news/2026-10-07/ty-article/vance-iran-must-cut-nuclear-enrichment-to-end-war-with-u-s/000001a1-1454-df57-a7e5-3cd41d3d0000
"Three years after Hamas attacked on October 7, Israel has yet to start reckoning with its failures","The collapse of Israel's intelligence and security remains unresolved and the officials who dismissed warnings of Hamas' attack are still in charge. As Netanyahu's government delays an independent inquiry, war rages on, and the scars have yet to heal",https://www.haaretz.com/israel-news/israel-security/2026-10-07/ty-article/.premium/three-years-after-october-7-israel-has-yet-to-start-reckoning-with-its-failures/000001a1-12c3-dd49-a5ff-d2d3156c0000,Haaretz,Amos Harel,2026-10-07T03:23:52,2026-10-07 09:55:51.398916,https://www.haaretz.com/israel-news/israel-security/2026-10-07/ty-article/.premium/three-years-after-october-7-israel-has-yet-to-start-reckoning-with-its-failures/000001a1-12c3-dd49-a5ff-d2d3156c0000
October 7 gave us an important lesson on intersectional feminism,A simplistic and ideologically-driven narrative about October 7 has led certain feminist writers to minimize or even justify sexual violence. This view embodies antisemitism and must be strongly rejected,https://www.haaretz.com/opinion/2026-10-07/ty-article-opinion/.premium/october-7-gave-us-an-important-lesson-on-intersectional-feminism/000001a1-14a6-d091-aba9-15ee179c0000,Haaretz,Karin Stögner,2026-10-07T05:30:48,2026-10-07 09:55:51.398884,https://www.haaretz.com/opinion/2026-10-07/ty-article-opinion/.premium/october-7-gave-us-an-important-lesson-on-intersectional-feminism/000001a1-14a6-d091-aba9-15ee179c0000
Protests across Israel mark third anniversary of October 7,"Families of hostages and victims renewed calls for a state commission of inquiry, while demonstrations were also held outside senior politicians' homes",https://www.haaretz.com/israel-news/israel-politics/2026-10-07/ty-article/.premium/protests-across-israel-mark-third-anniversary-of-october-7/000001a1-147a-dd49-a5ff-d6fabcf60000,Haaretz,Bar Peleg,2026-10-07T05:52:43,2026-10-07 09:55:51.398854,https://www.haaretz.com/israel-news/israel-politics/2026-10-07/ty-article/.premium/protests-across-israel-mark-third-anniversary-of-october-7/000001a1-147a-dd49-a5ff-d6fabcf60000
"Palestinian killed, 16 wounded amid West Bank violence as IDF launches raids","The violence came as the olive harvest season begins and as Israeli forces carried out raids targeting suspects accused of terrorism, incitement and support for the October 7 massacre",https://www.haaretz.com/west-bank/2026-10-07/ty-article/.premium/idf-border-police-raid-west-bank-over-terror-oct-7-support-suspicions/000001a1-1542-d28a-a3a5-d75ba4db0000,Haaretz,Jack Khoury,2026-10-07T07:31:01,2026-10-07 09:55:51.398827,https://www.haaretz.com/west-bank/2026-10-07/ty-article/.premium/idf-border-police-raid-west-bank-over-terror-oct-7-support-suspicions/000001a1-1542-d28a-a3a5-d75ba4db0000
Israelis nationwide mark three years since October 7,,https://www.haaretz.com/israel-news/israel-security/2026-10-07/ty-article-live/.premium/protests-across-israel-mark-three-year-anniversary-of-october-7/000001a1-155f-dd49-a5ff-d7df14e40000,Haaretz,Haaretz,2026-10-07T08:00:05,2026-10-07 09:55:51.398798,https://www.haaretz.com/israel-news/israel-security/2026-10-07/ty-article-live/.premium/protests-across-israel-mark-three-year-anniversary-of-october-7/000001a1-155f-dd49-a5ff-d7df14e40000
Bereaved Israeli families hold nationwide minute of silence in protest calling for October 7 probe,"The October Council, an organization of bereaved families calling for a state probe into October 7, said over 500 municipalities, universities, hospitals, schools, companies, museums and institutions pledged to observe the moment of silence",https://www.haaretz.com/israel-news/israel-politics/2026-10-07/ty-article/.premium/across-israel-voluntary-minute-of-silence-held-for-october-7-victims/000001a1-157e-d88d-aba1-ddffd5b60000,Haaretz,Linda Dayan,2026-10-07T08:52:25,2026-10-07 09:55:51.398771,https://www.haaretz.com/israel-news/israel-politics/2026-10-07/ty-article/.premium/across-israel-voluntary-minute-of-silence-held-for-october-7-victims/000001a1-157e-d88d-aba1-ddffd5b60000
Israeli professor accused of planning mass terror attacks on Arabs identified,Prosecutors say Shahar Nevo planned simultaneous attacks targeting Arab Israelis and Palestinians and tried to recruit election candidate Moshe Feiglin,https://www.haaretz.com/israel-news/israel-security/2026-10-07/ty-article/.premium/shahar-nevo-named-as-professor-suspected-of-plotting-terror-attacks-on-arabs/000001a1-15b6-dd5c-a1f9-57b7bc120000,Haaretz,Josh Breiner,2026-10-07T09:39:47,2026-10-07 09:55:51.398733,https://www.haaretz.com/israel-news/israel-security/2026-10-07/ty-article/.premium/shahar-nevo-named-as-professor-suspected-of-plotting-terror-attacks-on-arabs/000001a1-15b6-dd5c-a1f9-57b7bc120000
"Haverford president 'heartbroken, furious' by alleged Jew-hatred, as professor arrested for online harassment","“The charging by the FBI of Haverford College associate professor Guangtian Ha for harassment and intimidation of a Jewish Israeli professor closes the dotted line between verbal acts of harassment and actionable violence which, when Jews are the recipients, is far too often ignored,” Lori Lowenthal Marcus, of the Deborah Project, told JNS.",https://www.jns.org/news/u-s-news/haverford-president-heartbroken-furious-by-alleged-jew-hatred-as-professor-arrested-for-online-harassment,JNS,JNS Staff,2026-10-07T02:14:53,2026-10-07 09:55:44.612500,https://www.jns.org/news/u-s-news/haverford-president-heartbroken-furious-by-alleged-jew-hatred-as-professor-arrested-for-online-harassment
"‘I’m here, I’m alive—and it’s the most important thing in the world,’ former Hamas hostage tells JNS","Luis Har was freed from captivity in Gaza in a daring Israeli military operation 129 days after he was abducted during the Oct. 7, 2023, massacre.",https://www.jns.org/feature/im-here-im-alive-and-its-the-most-important-thing-in-the-world-former-hamas-hostage-tells-jns,JNS,Amelie Botbol,2026-10-07T03:00:00,2026-10-07 09:55:44.612461,https://www.jns.org/feature/im-here-im-alive-and-its-the-most-important-thing-in-the-world-former-hamas-hostage-tells-jns
Anti-Israel protests expected to surge worldwide around Oct. 7 anniversary,The Ministry of Diaspora Affairs and Combating Antisemitism has classified 87 of the events as posing a medium or high level of risk.,https://www.jns.org/news/world/anti-israel-protests-expected-to-surge-worldwide-around-oct-7-anniversary,JNS,Pesach Benson/TPS-IL,2026-10-07T04:07:00,2026-10-07 09:55:44.612431,https://www.jns.org/news/world/anti-israel-protests-expected-to-surge-worldwide-around-oct-7-anniversary
"‘Life grows around the pain’: Three years after Oct. 7, a widow raises the son her husband barely knew",Anat Meir talks to JNS about building a life for herself and 3-year-old Shaked in the shadow of David’s death.,https://www.jns.org/feature/life-grows-around-the-pain-three-years-after-oct-7-a-widow-raises-the-son-her-husband-barely-knew,JNS,Tania Shalom Michaelian,2026-10-07T04:07:00,2026-10-07 09:55:44.612404,https://www.jns.org/feature/life-grows-around-the-pain-three-years-after-oct-7-a-widow-raises-the-son-her-husband-barely-knew
Oct. 7 isn’t over ...,"Three years after the Hamas massacre, the battle has expanded from Israel’s borders to a global campaign against the Jewish state and the Jews.",https://www.jns.org/opinion/column/fiamma-nirenstein/oct-7-isnt-over,JNS,Fiamma Nirenstein,2026-10-07T04:30:00,2026-10-07 09:55:44.612374,https://www.jns.org/opinion/column/fiamma-nirenstein/oct-7-isnt-over
Nigerian king visits biblical sites across Judea and Samaria,"A royal delegation toured Psagot Winery and ancient Shiloh, strengthening bilateral ties between an African kingdom and regional municipal leaders.",https://www.jns.org/news/israel-news/nigerian-king-visits-biblical-sites-across-judea-and-samaria,JNS,JNS Staff,2026-10-07T04:47:00,2026-10-07 09:55:44.612347,https://www.jns.org/news/israel-news/nigerian-king-visits-biblical-sites-across-judea-and-samaria
"Israeli family struck by tragedy three times, yet finds strength to carry on","A terror attack, a car accident and the war against Hamas have brought repeated loss to the Mark family—and forged extraordinary resilience.",https://www.jns.org/feature/israeli-family-struck-by-tragedy-three-times-yet-finds-strength-to-carry-on,JNS,Photography by Rina Castelnuovo,2026-10-07T05:05:58,2026-10-07 09:55:44.612320,https://www.jns.org/feature/israeli-family-struck-by-tragedy-three-times-yet-finds-strength-to-carry-on
‘Infidel Awareness Month’ underway from Sept. 11 to Oct. 7,27 Days of Truth: Remember the victims of global jihad and name the ideology behind it.,https://www.jns.org/wire/infidel-awareness-month/infidel-awareness-month-underway-from-sept-11-to-oct-7,JNS,,2026-10-07T05:21:21,2026-10-07 09:55:44.612291,https://www.jns.org/wire/infidel-awareness-month/infidel-awareness-month-underway-from-sept-11-to-oct-7
"'Passing these stories on is an immensely important national mission,' says former hostage Omri Miran",The “Salon Otef” event at the President’s Residence launched hundreds of gatherings across Israel aimed at preserving firsthand testimony of the Oct. 7 Hamas massacre and its aftermath.,https://www.jns.org/news/israel-news/passing-these-stories-on-is-an-immensely-important-national-mission-says-former-hostage-omri-miran,JNS,JNS Staff,2026-10-07T05:28:00,2026-10-07 09:55:44.612257,https://www.jns.org/news/israel-news/passing-these-stories-on-is-an-immensely-important-national-mission-says-former-hostage-omri-miran
Likud inks vote-sharing deal with Religious Zionism-Zehut list,“Vote-sharing” between two separate party lists helps reduce the number of votes that go unused.,https://www.jns.org/news/israel-news/likud-inks-vote-sharing-deal-with-religious-zionism-zehut-list,JNS,JNS Staff,2026-10-07T05:30:44,2026-10-07 09:55:44.612226,https://www.jns.org/news/israel-news/likud-inks-vote-sharing-deal-with-religious-zionism-zehut-list
Paris bans anti-Israel rally planned for Oct. 7,Police cited heightened terrorism concerns and high antisemitism ahead of the third anniversary of Hamas’s massacre.,https://www.jns.org/news/antisemitism/paris-bans-anti-israel-rally-planned-for-oct-7,JNS,Canaan Lidor,2026-10-07T05:34:37,2026-10-07 09:55:44.612200,https://www.jns.org/news/antisemitism/paris-bans-anti-israel-rally-planned-for-oct-7
'Complete BS': Brett McGurk rejects claims Hamas was ready to free all hostages,"McGurk refuted recent reports, including from Hebrew daily ""Haaretz,"" that Hamas had signaled within a day of the Oct. 7, 2023, massacre that it was prepared to release all civilian hostages.",https://www.jns.org/news/world/complete-bs-brett-mcgurk-rejects-claims-hamas-was-ready-to-free-all-hostages,JNS,David Isaac,2026-10-07T05:43:18,2026-10-07 09:55:44.612173,https://www.jns.org/news/world/complete-bs-brett-mcgurk-rejects-claims-hamas-was-ready-to-free-all-hostages
Judea and Samaria farmers brace for disruptions during olive harvest,The goal of an online conference was to prepare for hostile foreigners brought by left-wing organizations to stir up trouble.,https://www.jns.org/news/israel-news/judea-and-samaria-farmers-brace-for-disruptions-during-olive-harvest,JNS,David Isaac,2026-10-07T05:43:37,2026-10-07 09:55:44.612143,https://www.jns.org/news/israel-news/judea-and-samaria-farmers-brace-for-disruptions-during-olive-harvest
Paris names park path for slain Bibas children,"At an inauguration, the father of Ariel and Kfir recalled the fateful decision in Nir Oz to resist terrorists before his children and wife Shiri were killed.",https://www.jns.org/news/world/paris-names-park-path-for-slain-bibas-children,JNS,Amelie Botbol,2026-10-07T05:45:00,2026-10-07 09:55:44.612103,https://www.jns.org/news/world/paris-names-park-path-for-slain-bibas-children
I was caught by surprise on Oct. 7,And I served as a lieutenant colonel in military intelligence in the Israel Defense Forces.,https://www.jns.org/opinion/or-horvitz/i-was-caught-by-surprise-on-oct-7,JNS,Or Horvitz,2026-10-07T06:00:00,2026-10-07 09:55:44.612076,https://www.jns.org/opinion/or-horvitz/i-was-caught-by-surprise-on-oct-7
"Oct. 7, remembered in Israel and beyond","Israeli President Isaac Herzog marked the third anniversary of the Hamas attack by lighting a memorial candle at 6:29 a.m., the time the terror invasion began.",https://www.jns.org/news/israel-news/oct-7-remembered-in-israel-and-beyond,JNS,JNS Staff,2026-10-07T06:16:50,2026-10-07 09:55:44.612051,https://www.jns.org/news/israel-news/oct-7-remembered-in-israel-and-beyond
First cranes of season arrive at Israel's Hula Lake,"The birds migrate to Israel primarily from northern Russia, Finland and Estonia, with tens of thousands expected in the coming weeks.",https://www.jns.org/news/israel-news/first-cranes-of-season-arrive-at-israels-hula-lake,JNS,JNS Staff,2026-10-07T06:31:35,2026-10-07 09:55:44.612024,https://www.jns.org/news/israel-news/first-cranes-of-season-arrive-at-israels-hula-lake
EU prepares to monitor upcoming Palestinian Authority parliamentary elections,Foreign policy chief Kaja Kallas tells Ramallah official Hussein al-Sheikh the bloc is ready to send observers for the first vote since Hamas’s 2006 victory.,https://www.jns.org/news/israel-news/eu-prepares-to-monitor-upcoming-palestinian-authority-parliamentary-elections,JNS,JNS Staff,2026-10-07T06:51:43,2026-10-07 09:55:44.611997,https://www.jns.org/news/israel-news/eu-prepares-to-monitor-upcoming-palestinian-authority-parliamentary-elections
Who still fights the war on terror?,"Regular people, including a plumber, a dentist, a farmer and a wounded pilot.",https://www.jns.org/opinion/clifford-d-may/who-still-fights-the-war-on-terror,JNS,Clifford D. May,2026-10-07T07:00:19,2026-10-07 09:55:44.611967,https://www.jns.org/opinion/clifford-d-may/who-still-fights-the-war-on-terror
"Three years after Oct. 7, world Jewry forges a resilient era",Prominent American and European communal figures described hardened security protocols alongside an extraordinary grassroots surge of bold solidarity.,https://www.jns.org/news/jewish-life/three-years-after-oct-7-world-jewry-forges-a-resilient-era,JNS,Joshua Marks,2026-10-07T07:52:45,2026-10-07 09:55:44.611942,https://www.jns.org/news/jewish-life/three-years-after-oct-7-world-jewry-forges-a-resilient-era
85th anniversary of Babi Yar killings marked in shadow of Russia-Ukraine war,Ukraine's leader drew a parallel between the need to remember the crimes of the past and the shared struggle against contemporary threats.,https://www.jns.org/news/world/85th-anniversary-of-babi-yar-killings-marked-in-shadow-of-russia-ukraine-war,JNS,JNS Staff,2026-10-07T08:07:27,2026-10-07 09:55:44.611915,https://www.jns.org/news/world/85th-anniversary-of-babi-yar-killings-marked-in-shadow-of-russia-ukraine-war
"World marks 3 years since Oct. 7 with vows to stand with Israel, combat antisemitism","U.S. Embassy in Jerusalem, European leaders condemn Hamas terrorism and remember the victims of the attack.",https://www.jns.org/news/world/world-marks-3-years-since-oct-7-with-vows-to-stand-with-israel-combat-antisemitism,JNS,JNS Staff,2026-10-07T09:09:00,2026-10-07 09:55:44.611884,https://www.jns.org/news/world/world-marks-3-years-since-oct-7-with-vows-to-stand-with-israel-combat-antisemitism
German state defends draft ban on calling for Israel's destruction,A legal opinion backs the proposal amid constitutional concerns from Germany’s federal government and reservations from Jewish leader Josef Schuster.,https://www.jns.org/news/world/german-state-defends-draft-ban-on-calling-for-israels-destruction,JNS,Canaan Lidor,2026-10-07T09:29:30,2026-10-07 09:55:44.611853,https://www.jns.org/news/world/german-state-defends-draft-ban-on-calling-for-israels-destruction
The U.N.’s anti-Israel blacklist,The world body fuels division and distorts international law.,https://www.jns.org/opinion/anne-herzberg/the-u-n-s-anti-israel-blacklist,JNS,Anne Herzberg,2026-10-07T09:30:00,2026-10-07 09:55:44.611807,https://www.jns.org/opinion/anne-herzberg/the-u-n-s-anti-israel-blacklist
A Haverford professor called antisemitism complaints ‘Zionist witch hunts.’ Authorities say he was stalking a Jewish person online.,"A religion professor named by Jewish Haverford College students in a recently settled lawsuit against the school was arrested Tuesday after authorities say he used anonymous accounts to harass a Jewish person online. According to an indictment unsealed in federal court Tuesday, Haverford professor Guangtian Ha used at least four burner accounts on X to send... The post A Haverford professor called antisemitism complaints &#8216;Zionist witch hunts.&#8217; Authorities say he was stalking a Jewish person online. appeared first on The Forward .",https://forward.com/news/854246/haverford-professor-ha-cyberstalking-jewish-student-indictment/,The Forward,Louis Keene,2026-10-07T03:19:01,2026-10-07 09:55:37.970381,https://forward.com/?p=854246
Maine Senate candidates spar over military aid to Israel,"(JTA) — Troy Jackson, Maine’s Democratic nominee for the U.S. Senate, said he opposed “giving a blank check” to Israel at a debate on Tuesday, while also linking American military assistance to the killings of Palestinians. “I didn’t want any more offensive weapons going to murder people in Palestine,” Jackson explained, in a rebuttal to... The post Maine Senate candidates spar over military aid to Israel appeared first on The Forward .",https://forward.com/fast-forward/854276/maine-senate-candidates-spar-over-military-aid-to-israel/,The Forward,Sharon Udasin,2026-10-07T08:39:41,2026-10-07 09:55:37.970310,https://forward.com/?p=854276
The battle for Sderot still rages in the minds of its survivors,"(JTA) — SDEROT, Israel – Shalom Aida was at home when the first air raid siren sounded at 6:29 a.m. on October 7, 2023, but he wasn’t initially fazed. Rocket sirens were a common occurrence in his city of Sderot, which is less than a mile from Gaza at its closest point. It wasn’t until... The post The battle for Sderot still rages in the minds of its survivors appeared first on The Forward .",https://forward.com/fast-forward/854198/the-battle-for-sderot-still-rages-in-the-minds-of-its-survivors/,The Forward,Michele Chabin,2026-10-07T09:16:50,2026-10-07 09:55:37.970243,https://forward.com/?p=854198
"They survived Oct. 7. At Rock Camp, they found a way to feel alive again.","(JTA) — ”They tried to kill us. We survived. Let’s eat.” Alan King’s joke about Jewish holidays gets to the essence of Jewish persistence in the face of horror. He might have added “Let’s sing.” Music has accompanied the Jewish people for millennia through periods of joy and sorrow. Moses and the Israelites praised God... The post They survived Oct. 7. At Rock Camp, they found a way to feel alive again. appeared first on The Forward .",https://forward.com/fast-forward/854117/they-survived-oct-7-at-rock-camp-they-found-a-way-to-feel-alive-again/,The Forward,Aviva Engel,2026-10-07T09:19:19,2026-10-07 09:55:37.970171,https://forward.com/?p=854117
Maine Senate candidates spar over military aid to Israel,"Democrat Jackson opposes “giving a blank check” to Israel, Republican Collins says the current level of military aid is “good.” -- The post Maine Senate candidates spar over military aid to Israel appeared first on Jewish Telegraphic Agency .",https://www.jta.org/2026/10/07/politics/maine-senate-candidates-spar-over-military-aid-to-israel,JTA,Sharon Udasin,2026-10-07T06:12:49,2026-10-07 09:55:35.566455,https://www.jta.org/?p=1909780
"Three years after Oct. 7, recognition is no longer enough","Sexual violence has a long and well-documented history in warfare and in Jewish history specifically, including its use in pogroms against Jews in Eastern Europe at the turn of the 20th century and in atrocities committed against Jewish women during the Holocaust. Despite this long history, when the postwar international human rights regime was established... Read More The post Three years after Oct. 7, recognition is no longer enough appeared first on eJewishPhilanthropy .",https://ejewishphilanthropy.com/three-years-after-oct-7-recognition-is-no-longer-enough/,eJewish Philanthropy,Ruth Halperin-Kaddari,2026-10-07T09:34:00,2026-10-07 09:55:33.100158,https://ejewishphilanthropy.com/?p=180841
'A stranger in my own city': How October 7 changed Israeli life in America,"From former liberals moving right to observant Jews organizing against the war, nine Israelis and Israeli-Americans describe three years that unsettled their sense of home. The coming election offers a chance to act – but little promise of closure",https://www.haaretz.com/us-news/2026-10-07/ty-article-magazine/.premium/a-stranger-in-my-own-city-how-october-7-changed-israeli-life-in-america/000001a1-136f-df57-a7e5-3befd2790000,Haaretz,Etan Nechin,2026-10-07T00:39:10,2026-10-07 02:09:08.114546,https://www.haaretz.com/us-news/2026-10-07/ty-article-magazine/.premium/a-stranger-in-my-own-city-how-october-7-changed-israeli-life-in-america/000001a1-136f-df57-a7e5-3befd2790000
Efforts grow to hold 'complicit' Biden officials accountable for Gaza,"Three years after October 7, activists are targeting the careers of Biden officials over Gaza. But can blacklists and report cards change who shapes the next Democratic president's foreign policy?",https://www.haaretz.com/us-news/2026-10-07/ty-article-magazine/.premium/efforts-grow-to-hold-complicit-biden-officials-accountable-for-gaza/000001a1-13e9-dd49-a5ff-d3fbe4f70000,Haaretz,Arno Rosenfeld,2026-10-07T01:41:48,2026-10-07 02:09:08.114499,https://www.haaretz.com/us-news/2026-10-07/ty-article-magazine/.premium/efforts-grow-to-hold-complicit-biden-officials-accountable-for-gaza/000001a1-13e9-dd49-a5ff-d3fbe4f70000
Lies and the Holy Land,Rashid Khalidi’s bestselling book distorts the history of his own Palestinian family.,https://www.jns.org/opinion/richard-mcdaniel/lies-and-the-holy-land,JNS,Richard McDaniel,2026-10-07T02:00:00,2026-10-07 02:09:01.225582,https://www.jns.org/opinion/richard-mcdaniel/lies-and-the-holy-land
"In Britain, ‘Jewish Greens’ chief mulls quitting party after ‘Zionism is Racism’ motion passes","(JTA) — The head of the Jewish Greens said she may leave the Green Party of England and Wales after it adopted a policy that defines Zionism as racism and calls for a single democratic state “in all of historic Palestine.” Vivien Lichtenstein, a 29-year member of the Greens who worked on Israeli-Palestinian peace initiatives... The post In Britain, ‘Jewish Greens’ chief mulls quitting party after ‘Zionism is Racism’ motion passes appeared first on The Forward .",https://forward.com/fast-forward/854189/in-britain-jewish-greens-chief-mulls-quitting-party-after-zionism-is-racism-motion-passes/,The Forward,Shira Li Bartov,2026-10-06T23:04:04,2026-10-07 02:08:54.730246,https://forward.com/?p=854189
The Philadelphia teacher who pretended to be Palestinian raised alarms for Jewish groups before she became infamous,"(JTA) — The first time most of the world heard Hannah Gann’s name was in late September, when the 34-year-old Philadelphia high school teacher and activist confessed to having fabricated a Palestinian and Black identity — with media reports revealing she was Jewish in real life. But Jason Holtzman, director of Philadelphia’s Jewish Community Relations... The post The Philadelphia teacher who pretended to be Palestinian raised alarms for Jewish groups before she became infamous appeared first on The Forward .",https://forward.com/fast-forward/854180/the-philadelphia-teacher-who-pretended-to-be-palestinian-raised-alarms-for-jewish-groups-before-she-became-infamous/,The Forward,Andrew Lapin,2026-10-06T23:07:10,2026-10-07 02:08:54.730197,https://forward.com/?p=854180
Israelis don’t lose sleep over Mamdani. Why is Netanyahu focused on him?,"(JTA) — Benjamin Netanyahu’s speech at the United Nations General Assembly this year came at a critical time for Israel. Talks were underway to resolve the conflicts in Gaza, Lebanon and Syria, and Israel was awaiting the outcome of the on-again, off-again U.S.-Iran ceasefire negotiations. The country had also just been sanctioned by 12 countries,... The post Israelis don’t lose sleep over Mamdani. Why is Netanyahu focused on him? appeared first on The Forward .",https://forward.com/fast-forward/854171/israelis-dont-lose-sleep-over-mamdani-why-is-netanyahu-focused-on-him/,The Forward,Eliav Breuer,2026-10-06T23:09:47,2026-10-07 02:08:54.730142,https://forward.com/?p=854171
‘He has repeatedly capitulated to Zionist pressure’: Leftist groups to protest Mamdani on Oct. 7,"A raft of pro-Palestinian and democratic socialist groups will protest against New York City Mayor Zohran Mamdani on the three-year anniversary of the Oct. 7 attacks, accusing the mayor of capitulating to pro-Israel pressure since taking office. More than 20 local organizations, most of them college chapters of Students for Justice in Palestine or Young... The post &#8216;He has repeatedly capitulated to Zionist pressure’: Leftist groups to protest Mamdani on Oct. 7 appeared first on The Forward .",https://forward.com/news/854219/leftist-students-protest-mamdani/,The Forward,Molly Myers,2026-10-06T23:39:30,2026-10-07 02:08:54.730083,https://forward.com/?p=854219
"Israeli, EU officials condemn politician over taking down of Israeli flag at October 7 tribute","Rima Hassan acknowledged removing an Israeli flag from an October 7 memorial at the European Parliament, saying the EU flag fell as a result. Her office said the action was meant to protest Israel's 'ongoing genocide' in Gaza, not the victims' memory",https://www.haaretz.com/world-news/europe/2026-10-06/ty-article/eu-officials-condemn-politician-over-israeli-flag-removal-at-oct-7-event/000001a1-117e-dd49-a5ff-d3fe26b80000,Haaretz,Liza Rozovsky,2026-10-06T18:44:14,2026-10-06 22:55:32.290175,https://www.haaretz.com/world-news/europe/2026-10-06/ty-article/eu-officials-condemn-politician-over-israeli-flag-removal-at-oct-7-event/000001a1-117e-dd49-a5ff-d3fe26b80000
Likud strikes deal with organization flying expats back to Israel to vote in election,"The parties accepted a proposal by the Central Elections Committee chairman, according to which the initiative will not add additional flights beyond those planned and will not provide transportation, accommodation or services of monetary value",https://www.haaretz.com/israel-news/elections/2026-10-06/ty-article/.premium/likud-reaches-deal-with-groups-organizing-flights-to-bring-israelis-home-to-vote/000001a1-125a-d574-a9ab-735bb3930000,Haaretz,Chen Maanit,2026-10-06T19:05:38,2026-10-06 22:55:32.290158,https://www.haaretz.com/israel-news/elections/2026-10-06/ty-article/.premium/likud-reaches-deal-with-groups-organizing-flights-to-bring-israelis-home-to-vote/000001a1-125a-d574-a9ab-735bb3930000
Netanyahu ordered to remove video warning of attack against Israel from social media,The chairman of the Central Elections Committee determined that Netanyahu's video last week warning that 'there are signs that ahead of the elections our enemies will try to attack Israel' contained 'elements of electioneering',https://www.haaretz.com/israel-news/israel-security/2026-10-06/ty-article/.premium/netanyahu-ordered-to-remove-warning-of-attack-against-israel-from-social-media/000001a1-12a0-d88d-aba1-debbc18e0000,Haaretz,Chen Maanit,2026-10-06T19:32:39,2026-10-06 22:55:32.290142,https://www.haaretz.com/israel-news/israel-security/2026-10-06/ty-article/.premium/netanyahu-ordered-to-remove-warning-of-attack-against-israel-from-social-media/000001a1-12a0-d88d-aba1-debbc18e0000
Trump's envoy credits Elon Musk for 'very large' reduction in antisemitism on X. Experts question his claim,"Yehuda Kaploun says X's location labels have curbed anti-Jewish hate, but watchdogs insist there's no evidence the feature has made a meaningful difference as antisemitic abuse remains rampant",https://www.haaretz.com/us-news/2026-10-06/ty-article/.premium/trump-envoy-says-musk-cut-antisemitism-on-x-experts-question-claim/000001a1-12b7-d28a-a3a5-d3ff7ada0000,Haaretz,Arno Rosenfeld,2026-10-06T20:06:06,2026-10-06 22:55:32.290126,https://www.haaretz.com/us-news/2026-10-06/ty-article/.premium/trump-envoy-says-musk-cut-antisemitism-on-x-experts-question-claim/000001a1-12b7-d28a-a3a5-d3ff7ada0000
From flydubai to October 7: Netanyahu amplifies threats against Israel's security for his political gain,"The prime minister and his government are warning of every threat that could possibly face Israel ahead of the election – West Bank, Gaza, Iran, October 7 global protests and more– but fail to mention Israel could very well be the first to strike",https://www.haaretz.com/israel-news/israel-security/2026-10-06/ty-article/.premium/flydubai-to-oct-7-netanyahu-amplifies-israels-threats-for-his-political-gain/000001a1-12a7-d88d-aba1-debfe38d0000,Haaretz,Amos Harel,2026-10-06T20:24:23,2026-10-06 22:55:32.290109,https://www.haaretz.com/israel-news/israel-security/2026-10-06/ty-article/.premium/flydubai-to-oct-7-netanyahu-amplifies-israels-threats-for-his-political-gain/000001a1-12a7-d88d-aba1-debfe38d0000
"Two mothers, two tragedies, a shared choice to reject hatred",Hamas killed Liat Atzili's husband on October 7 and took her hostage. An Israeli settler shot and killed Hanady Hathaleen's husband in the West Bank. Both women have chosen not to answer grief with hatred.,https://www.haaretz.com/opinion/2026-10-06/ty-article-opinion/.premium/two-mothers-two-tragedies-a-shared-choice-to-reject-hatred/000001a1-12eb-d88d-aba1-defbce540000,Haaretz,Brandon Kramer,2026-10-06T20:50:49,2026-10-06 22:55:32.290087,https://www.haaretz.com/opinion/2026-10-06/ty-article-opinion/.premium/two-mothers-two-tragedies-a-shared-choice-to-reject-hatred/000001a1-12eb-d88d-aba1-defbce540000
"Daily Cartoon, October 7, 2026",,https://www.haaretz.com/opinion/daily-cartoon/2026-10-06/ty-article-opinion/daily-cartoon-october-7-2026/000001a1-12fc-d091-aba9-17fc1abb0000,Haaretz,La Familia,2026-10-06T20:54:03,2026-10-06 22:55:32.290071,https://www.haaretz.com/opinion/daily-cartoon/2026-10-06/ty-article-opinion/daily-cartoon-october-7-2026/000001a1-12fc-d091-aba9-17fc1abb0000
Far-right minister petitions against Israeli AG's freeze of E1 settlement tender,"Israel's attorney general instructed the government last week to postpone the deadline for the construction tender as to deny its use for electioneering. In the petition, Finance Minister Bezalel Smotrich called the move 'improper and unlawful'",https://www.haaretz.com/west-bank/2026-10-07/ty-article/.premium/far-right-minister-petitions-against-israeli-ags-freeze-of-e1-settlement-tender/000001a1-12c7-df57-a7e5-3ac77b780000,Haaretz,Liza Rozovsky,2026-10-06T21:02:23,2026-10-06 22:55:32.290060,https://www.haaretz.com/west-bank/2026-10-07/ty-article/.premium/far-right-minister-petitions-against-israeli-ags-freeze-of-e1-settlement-tender/000001a1-12c7-df57-a7e5-3ac77b780000
"Californians blast Trump remark that Iran could 'take out' Los Angeles, San Diego","Trump said the U.S. should accept the potential cost of the Iran war to keep Americans safe, prompting criticism from California Democrats and some Republicans who said no U.S. city should be considered expendable",https://www.haaretz.com/us-news/2026-10-07/ty-article/californians-blast-trump-remark-that-iran-could-take-out-los-angeles/000001a1-12b4-df57-a7e5-3ab4bcf70000,Haaretz,Reuters,2026-10-06T21:03:50,2026-10-06 22:55:32.290044,https://www.haaretz.com/us-news/2026-10-07/ty-article/californians-blast-trump-remark-that-iran-could-take-out-los-angeles/000001a1-12b4-df57-a7e5-3ab4bcf70000
UAE cancels Israeli repatriation flights following flydubai attempted hijacking,"Despite Transportation Minister Miri Regev's announcement on Tuesday that repatriation flights from the Emirates would continue until Thursday, two Israeli airlines were informed that their landing privileges in the UAE were taken away",https://www.haaretz.com/israel-news/israel-security/2026-10-07/ty-article/.premium/uae-cancels-israeli-repatriation-flights-following-flydubai-attempted-hijacking/000001a1-12b7-d883-a3a1-f7f743cd0000,Haaretz,Yifat Reuven,2026-10-06T21:11:43,2026-10-06 22:55:32.290027,https://www.haaretz.com/israel-news/israel-security/2026-10-07/ty-article/.premium/uae-cancels-israeli-repatriation-flights-following-flydubai-attempted-hijacking/000001a1-12b7-d883-a3a1-f7f743cd0000
HIAS chief abruptly departs amid turmoil at Jewish refugee aid organization,"Beth Oppenheim leaves less than a year after her permanent appointment, as HIAS grapples with Trump's funding cuts, repeated layoffs and divisions over Gaza. Its board says the organization remains on solid footing",https://www.haaretz.com/us-news/2026-10-07/ty-article/.premium/hias-chief-abruptly-departs-amid-turmoil-at-jewish-refugee-aid-organization/000001a1-132d-d091-aba9-17ed4ae80000,Haaretz,Philissa Cramer,2026-10-06T22:05:05,2026-10-06 22:55:32.290011,https://www.haaretz.com/us-news/2026-10-07/ty-article/.premium/hias-chief-abruptly-departs-amid-turmoil-at-jewish-refugee-aid-organization/000001a1-132d-d091-aba9-17ed4ae80000
The road to electoral apartheid: Israel treats freedom of expression differently for Jews and Arabs,,https://www.haaretz.com/opinion/2026-10-07/ty-article-opinion/.premium/israel-treats-freedom-of-expression-differently-for-jews-and-arabs/000001a1-1264-d88d-aba1-deffc28a0000,Haaretz,Hadeel Abu Salih,2026-10-06T22:33:48,2026-10-06 22:55:32.289994,https://www.haaretz.com/opinion/2026-10-07/ty-article-opinion/.premium/israel-treats-freedom-of-expression-differently-for-jews-and-arabs/000001a1-1264-d88d-aba1-deffc28a0000
My mother was a peace activist killed on October 7. Don't use her name to justify mass killing,,https://www.haaretz.com/opinion/2026-10-07/ty-article-opinion/.premium/my-mother-was-a-peace-activist-killed-on-october-7-dont-use-her-to-justify-war/000001a1-1279-d88d-aba1-defb5c3f0000,Haaretz,Yonatan Zeigen,2026-10-06T22:36:16,2026-10-06 22:55:32.289980,https://www.haaretz.com/opinion/2026-10-07/ty-article-opinion/.premium/my-mother-was-a-peace-activist-killed-on-october-7-dont-use-her-to-justify-war/000001a1-1279-d88d-aba1-defb5c3f0000
"On anniversary of October 7, only hope can bridge the Israeli abyss",,https://www.haaretz.com/opinion/editorial/2026-10-07/ty-article-opinion/on-anniversary-of-october-7-only-hope-can-bridge-the-israeli-abyss/000001a1-12d4-dd49-a5ff-d2d69ad20000,Haaretz,Haaretz Editorial,2026-10-06T22:43:44,2026-10-06 22:55:32.289962,https://www.haaretz.com/opinion/editorial/2026-10-07/ty-article-opinion/on-anniversary-of-october-7-only-hope-can-bridge-the-israeli-abyss/000001a1-12d4-dd49-a5ff-d2d69ad20000
"UK Considers Expelling Israeli Diplomats if Jerusalem Consulate Shuts, Sources Say",Britain is considering expelling Israeli diplomats if Israel carries out its order to shut the British consulate in East Jerusalem this week in a dispute over sanctions...,https://www.algemeiner.com/2026/10/06/uk-considers-expelling-israeli-diplomats-jerusalem-consulate-shuts-sources-say/,Algemeiner,Reuters and Algemeiner Staff,2026-10-06T18:56:21,2026-10-06 22:55:27.568850,https://www.algemeiner.com/?p=780793
"Iran Drone Plot Fears Led US to Remove Bombers From UK Base, US Officials Say","A suspected plot involving Iran to launch a complex drone attack on a key British airbase led the United States to remove its B-1 bomber aircraft from the base, two US officials told Reuters on Tuesday,...",https://www.algemeiner.com/2026/10/06/iran-drone-plot-fears-led-us-remove-bombers-uk-base-us-officials-say/,Algemeiner,Reuters and Algemeiner Staff,2026-10-06T18:59:09,2026-10-06 22:55:27.568834,https://www.algemeiner.com/?p=780796
IDF Reserve Officers Release ‘NAZA’ Counter-Documentary Online to Dispute Gaza War Claims,"Three Israelis, including IDF reservist officers, have released a new film that aims to counter the award-winning &#8220;NAZA&#8221; documentary and...",https://www.algemeiner.com/2026/10/06/idf-reserve-officers-release-naza-counter-documentary-online-dispute-gaza-war-claims/,Algemeiner,Shiryn Ghermezian,2026-10-06T19:03:31,2026-10-06 22:55:27.568815,https://www.algemeiner.com/?p=780770
Israel’s Consul General in New York Invites Mamdani to Watch Oct. 7 Footage at Israeli Memorial Ceremony,"Ofir Akunis, the consul general of Israel in New York, has publicly invited New York City Mayor Zohran Mamdani to...",https://www.algemeiner.com/2026/10/06/israels-consul-general-new-york-invites-mamdani-watch-oct-7-footage-israeli-memorial-ceremony/,Algemeiner,Shiryn Ghermezian,2026-10-06T19:12:32,2026-10-06 22:55:27.568799,https://www.algemeiner.com/?p=780777
"EU Lawmaker Rima Hassan Sparks Fierce Backlash After Removing Israeli, EU Flags From Oct. 7 Memorial",European Union lawmaker Rima Hassan has sparked fierce backlash again after removing Israeli and EU flags from an exhibition commemorating...,https://www.algemeiner.com/2026/10/06/eu-lawmaker-rima-hassan-sparks-fierce-backlash-removing-israeli-eu-flags-oct-7-memorial/,Algemeiner,Ailin Vilches Arguello,2026-10-06T19:18:39,2026-10-06 22:55:27.568784,https://www.algemeiner.com/?p=780791
Italy Expels Two Men Accused of Assaulting Rabbi in Milan,"Two men accused of assaulting a rabbi in Milan last month have been expelled from Italy, the country&#8217;s interior minister...",https://www.algemeiner.com/2026/10/06/italy-expels-two-men-accused-assaulting-rabbi-milan/,Algemeiner,Gabriel Ostrovsky,2026-10-06T20:54:30,2026-10-06 22:55:27.568768,https://www.algemeiner.com/?p=780808
Polish Embassy in US Repudiates Tucker Carlson for Being an ‘Apologist for Adolf Hitler’,Poland&#8217;s embassy in the US has condemned far-right podcaster Tucker Carlson and demanded an apology over his recent remarks about...,https://www.algemeiner.com/2026/10/06/polish-embassy-us-repudiates-tucker-carlson-being-apologist-adolf-hitler/,Algemeiner,Corey Walker,2026-10-06T21:49:44,2026-10-06 22:55:27.568753,https://www.algemeiner.com/?p=780806
"Israel’s National Security Council Issues Global Alert Ahead of Oct. 7 Anniversary, Warns of Heightened Terror Threat",Israel&#8217;s National Security Council (NSC) has issued an alert for Israelis abroad ahead of the third anniversary of the Hamas-led...,https://www.algemeiner.com/2026/10/06/israels-national-security-council-issues-global-alert-ahead-oct-7-anniversary-warns-heightened-terror-threat/,Algemeiner,Ailin Vilches Arguello,2026-10-06T22:11:25,2026-10-06 22:55:27.568731,https://www.algemeiner.com/?p=780818
Fired professor challenges Arkansas campus Jew-hatred law,A University of Arkansas professor fired for antisemitic social media posts filed a lawsuit asking a judge to strike down the state's campus antisemitism law.,https://www.jns.org/news/u-s-news/fired-professor-challenges-arkansas-campus-jew-hatred-law,JNS,Jessica Russak-Hoffman,2026-10-06T18:55:00,2026-10-06 22:55:25.191395,https://www.jns.org/news/u-s-news/fired-professor-challenges-arkansas-campus-jew-hatred-law
The slow rebuild: Back to Oct. 7 kibbutzim,"Memory and hope can coexist, and that choosing to live, rebuild and remain can itself become an act of defiance.",https://www.jns.org/feature/the-slow-rebuild-back-to-oct-7-kibbutzim,JNS,Ratnadeep Chakraborty,2026-10-06T19:30:00,2026-10-06 22:55:25.191381,https://www.jns.org/feature/the-slow-rebuild-back-to-oct-7-kibbutzim
Judge denies CAIR's emergency bid to block Florida terror designation,A federal judge said he would hear from state officials before deciding whether to block Gov. Ron DeSantis's terror designations of CAIR.,https://www.jns.org/news/u-s-news/judge-denies-cairs-emergency-bid-to-block-florida-terror-designation,JNS,Jessica Russak-Hoffman,2026-10-06T19:49:29,2026-10-06 22:55:25.191367,https://www.jns.org/news/u-s-news/judge-denies-cairs-emergency-bid-to-block-florida-terror-designation
How unverified claims acquire the authority of news,Coverage of the flydubai attack shows how unsupported accusations move from social media to journalism and back again.,https://www.jns.org/opinion/nira-b-worcman/how-unverified-claims-acquire-the-authority-of-news,JNS,Nira B. Worcman,2026-10-06T20:00:00,2026-10-06 22:55:25.191353,https://www.jns.org/opinion/nira-b-worcman/how-unverified-claims-acquire-the-authority-of-news
"‘A tremendous legacy,’ Hochul tells JNS of late Albany Chabad rabbi","Rabbi Yisroel Rubin “leaves behind a tremendous legacy, serving as a Chabad emissary for the Capital Region for 52 years and playing an instrumental role in shaping the capital region’s Jewish community,” the governor told JNS.",https://www.jns.org/news/u-s-news/a-tremendous-legacy-hochul-tells-jns-of-late-albany-chabad-rabbi,JNS,Rikki Zagelbaum,2026-10-06T20:16:30,2026-10-06 22:55:25.191339,https://www.jns.org/news/u-s-news/a-tremendous-legacy-hochul-tells-jns-of-late-albany-chabad-rabbi
"Artworks, music to be at the forefront of many Oct. 7 memorials nationwide","“It’s pretty normal in all communities, including Jews, to use visual arts as a way of processing current events, especially in times of trauma,” the scholar Steven Fine told JNS.",https://www.jns.org/news/u-s-news/artworks-music-to-be-at-the-forefront-of-many-oct-7-memorials-nationwide,JNS,Aaron Bandler,2026-10-06T20:37:53,2026-10-06 22:55:25.191321,https://www.jns.org/news/u-s-news/artworks-music-to-be-at-the-forefront-of-many-oct-7-memorials-nationwide
"In Florida, Byron Donalds aims to do the opposite of New York, California","The congressman and GOP nominee for governor spoke with JNS about Israel, Iran, the 2028 election and his pitch to Jewish voters in the Sunshine State.",https://www.jns.org/news/u-s-news/in-florida-byron-donalds-aims-to-do-the-opposite-of-new-york-california,JNS,Andrew Bernard,2026-10-06T20:41:14,2026-10-06 22:55:25.191305,https://www.jns.org/news/u-s-news/in-florida-byron-donalds-aims-to-do-the-opposite-of-new-york-california
Mamdani spokesman calls Young DSA planning Oct. 7 rally a 'separate org',Organizers of the rally accused the NYC mayor of breaking campaign promises to “the Palestine movement” and claimed that he has “repeatedly capitulated to Zionist pressure.”,https://www.jns.org/news/u-s-news/mamdani-spokesman-calls-young-dsa-planning-oct-7-rally-a-separate-org,JNS,Jessica Russak-Hoffman,2026-10-06T20:41:55,2026-10-06 22:55:25.191289,https://www.jns.org/news/u-s-news/mamdani-spokesman-calls-young-dsa-planning-oct-7-rally-a-separate-org
Guterres focuses on Israeli suffering in Oct. 7 message,"“These horrors must never be repeated,” the United Nations secretary-general stated.",https://www.jns.org/news/world/guterres-focuses-on-israeli-suffering-in-oct-7-message,JNS,Mike Wagenheim,2026-10-06T20:44:36,2026-10-06 22:55:25.191273,https://www.jns.org/news/world/guterres-focuses-on-israeli-suffering-in-oct-7-message
"‘How is this 2026,’ says Hillel official, of posters at Oregon school calling him ‘enemy of the people’","“This is my face being plastered in places and falsely accusing me of things I don’t actually support,” Lenny Steinberg told JNS.",https://www.jns.org/news/u-s-news/how-is-this-2026-says-hillel-official-of-posters-at-oregon-school-calling-him-enemy-of-the-people,JNS,Aaron Bandler,2026-10-06T20:59:24,2026-10-06 22:55:25.191259,https://www.jns.org/news/u-s-news/how-is-this-2026-says-hillel-official-of-posters-at-oregon-school-calling-him-enemy-of-the-people
"Jewish likely voters in NY twice as likely as non-Jewish peers to say Oct. 7, aftermath affect them a lot, survey suggests","Honan Strategy Group told JNS that “we want civil and business leaders to enact policies that will make the city, the state and the world a better place to live.”",https://www.jns.org/news/u-s-news/jewish-likely-voters-in-ny-twice-as-likely-as-non-jewish-peers-to-say-oct-7-aftermath-affect-them-a-lot-survey-suggests,JNS,Debra Nussbaum Cohen,2026-10-06T21:17:14,2026-10-06 22:55:25.191234,https://www.jns.org/news/u-s-news/jewish-likely-voters-in-ny-twice-as-likely-as-non-jewish-peers-to-say-oct-7-aftermath-affect-them-a-lot-survey-suggests
Swarthmore Students for Justice in Palestine reposts video of burning mannequin in IDF uniform,"A Swarthmore spokesperson told JNS that SJP, whose official college affiliation was revoked in 2025, has since deleted its repost of a video promoting an anti-Israel rally in Philadelphia on Oct. 7.",https://www.jns.org/news/u-s-news/swarthmore-students-for-justice-in-palestine-reposts-video-of-burning-mannequin-in-idf-uniform,JNS,Jessica Russak-Hoffman,2026-10-06T21:37:53,2026-10-06 22:55:25.191211,https://www.jns.org/news/u-s-news/swarthmore-students-for-justice-in-palestine-reposts-video-of-burning-mannequin-in-idf-uniform
Jewish educators in Ontario file human rights complaints over alleged Jew-hatred,"""Jewish teachers in Ontario have gone to work facing antisemitism, and when they asked their school boards and unions for help, they were ignored and in some cases faced reprisal,"" an attorney for the educators said.",https://www.jns.org/news/world/jewish-educators-in-ontario-file-human-rights-complaints-over-alleged-jew-hatred,JNS,Jessica Russak-Hoffman,2026-10-06T21:47:25,2026-10-06 22:55:25.191193,https://www.jns.org/news/world/jewish-educators-in-ontario-file-human-rights-complaints-over-alleged-jew-hatred
"‘I won,’ liberated Israeli hostage says at UN event for third Oct. 7 anniversary","Dr. Phil, who moderated the event, told JNS that faith is a “foundation” and “moral compass” in difficult times.",https://www.jns.org/news/u-s-news/i-won-liberated-israeli-hostage-says-at-un-event-for-third-oct-7-anniversary,JNS,Rebecca Szlechter,2026-10-06T21:50:47,2026-10-06 22:55:25.191171,https://www.jns.org/news/u-s-news/i-won-liberated-israeli-hostage-says-at-un-event-for-third-oct-7-anniversary
The Genocide Case Against Hamas,"Was a single day's attack, no matter how savage, too brief to qualify as genocide? It turns out that duration has never been the legal test. The post The Genocide Case Against Hamas appeared first on Jewish Journal .",https://jewishjournal.com/commentary/opinion/392884/the-genocide-case-against-hamas/,Jewish Journal,Gerald Posner,2026-10-06T20:00:29,2026-10-06 22:55:22.878050,https://jewishjournal.com/?p=392884
This isn’t just a dance group; it’s a model for what coexistence could look like,"There are three of them onstage. Arielle Rosales, a Mexican Puerto-Rican Jew from the Lower East Side, is dancing flamenco. Amanda Castro, a Brooklyn-born Puerto-Rican from New Haven, is tapping. And Brinda Guha, a Bengali-Indian from New Jersey, is doing Kathak — a form of Indian classical dance. They’re three performers raised in different artistic... The post This isn&#8217;t just a dance group; it&#8217;s a model for what coexistence could look like appeared first on The Forward .",https://forward.com/culture/853655/soles-of-duende-arielle-rosales-amanda-castro-brinda-guha-dance-performance-puerto-rican-jewish-indian/,The Forward,Stav Ziv,2026-10-06T20:01:18,2026-10-06 22:55:18.559151,https://forward.com/?p=853655
We studied American Jews’ mental health after Oct. 7. They’re not OK.,"Research showed invalidation in ways that were painful, isolating and sometimes startling, writes a co-founder of The Jewish Community Mental Health Initiative. -- The post We studied American Jews&#8217; mental health after Oct. 7. They&#8217;re not OK. appeared first on Jewish Telegraphic Agency .",https://www.jta.org/2026/10/06/ideas/we-studied-american-jews-mental-health-after-oct-7-theyre-not-ok,JTA,Becky Reed,2026-10-06T19:17:23,2026-10-06 22:55:15.584842,https://www.jta.org/?p=1909653
Is Netanyahu’s beef with Mamdani helping him politically?,The Israeli prime minister is making the New York mayor a central bogeyman this election season. -- The post Is Netanyahu’s beef with Mamdani helping him politically? appeared first on Jewish Telegraphic Agency .,https://www.jta.org/2026/10/06/israel/israelis-dont-lose-sleep-over-mamdani-why-is-netanyahu-focused-on-him,JTA,Eliav Breuer,2026-10-06T19:44:28,2026-10-06 22:55:15.584821,https://www.jta.org/?p=1909677
The Philadelphia teacher who pretended to be Palestinian raised alarms for Jewish groups before she became infamous,"Hannah Gann’s anti-Israel activism caused concern for years, but critics said the school district didn’t do enough. -- The post The Philadelphia teacher who pretended to be Palestinian raised alarms for Jewish groups before she became infamous appeared first on Jewish Telegraphic Agency .",https://www.jta.org/2026/10/06/united-states/the-philadelphia-teacher-who-pretended-to-be-palestinian-raised-alarms-for-jewish-groups-before-she-became-infamous,JTA,Andrew Lapin,2026-10-06T20:06:10,2026-10-06 22:55:15.584801,https://www.jta.org/?p=1909560
The Oct. 7 battle for Sderot still rages in the minds of its survivors,Defiant residents remained: “Leaving Sderot and Israel is exactly what the terrorists want. We’re not going anywhere.” -- The post The Oct. 7 battle for Sderot still rages in the minds of its survivors appeared first on Jewish Telegraphic Agency .,https://www.jta.org/2026/10/06/israel/the-battle-for-sderot-still-rages-in-the-minds-of-its-survivors,JTA,Michele Chabin,2026-10-06T21:24:26,2026-10-06 22:55:15.584778,https://www.jta.org/?p=1909709
"Where New Yorkers will commemorate anniversary of Oct. 7, 2023 and it aftermath","Ceremonies, memorials, exhibits and protests to mark the third anniversary of the Hamas attacks. -- The post Where New Yorkers will commemorate anniversary of Oct. 7, 2023 and it aftermath appeared first on Jewish Telegraphic Agency .",https://www.jta.org/2026/10/06/ny/where-new-yorkers-will-commemorate-anniversary-of-oct-7-2023-and-it-aftermath,JTA,Joseph Strauss,2026-10-06T21:31:18,2026-10-06 22:55:15.584755,https://www.jta.org/?p=1909725
"In Britain, ‘Jewish Greens’ chief mulls quitting party after ‘Zionism is Racism’ motion passes","The Green Party is shedding members and losing global support. -- The post In Britain, ‘Jewish Greens’ chief mulls quitting party after ‘Zionism is Racism’ motion passes appeared first on Jewish Telegraphic Agency .",https://www.jta.org/2026/10/06/global/in-britain-jewish-greens-chief-mulls-quitting-party-after-zionism-is-racism-motion-passes,JTA,Shira Li Bartov,2026-10-06T21:32:21,2026-10-06 22:55:15.584733,https://www.jta.org/?p=1909704
Actress Debra Messing backs GOP candidate Bruce Blakeman for New York governor,"A version of this piece first ran as part of the New York Jewish Week’s daily newsletter, rounding up the... -- The post Actress Debra Messing backs GOP candidate Bruce Blakeman for New York governor appeared first on Jewish Telegraphic Agency .",https://www.jta.org/2026/10/06/ny/actress-debra-messing-backs-gop-candidate-bruce-blakeman-for-new-york-governor,JTA,New York Jewish Week Staff,2026-10-06T21:34:57,2026-10-06 22:55:15.584704,https://www.jta.org/?p=1909741
'No Monsters Allowed': The stories Israeli children who survived October 7 write,Israeli screenwriter and author Shira Geffen encouraged children displaced from Gaza border communities to write short stories. Their tales reveal how imagination can help children confront horrors no child should know,https://www.haaretz.com/life/2026-10-06/ty-article-magazine/.premium/no-monsters-allowed-the-stories-israeli-children-who-survived-october-7-write/000001a1-10cd-df39-a5af-7fcdd40d0000,Haaretz,Neta Halperin,2026-10-06T13:34:53,2026-10-06 18:49:09.368962,https://www.haaretz.com/life/2026-10-06/ty-article-magazine/.premium/no-monsters-allowed-the-stories-israeli-children-who-survived-october-7-write/000001a1-10cd-df39-a5af-7fcdd40d0000
Israel's attorney general orders IDF to resume arresting ultra-Orthodox draft evaders,The attorney general said the lack of proactive enforcement is 'inconsistent with security needs.' Her demand follows a Haaretz report that the IDF halted proactive arrests of yeshiva student deserters in August,https://www.haaretz.com/israel-news/israel-politics/2026-10-06/ty-article/.premium/israels-attorney-general-orders-idf-to-resume-arresting-haredi-draft-evaders/000001a1-10c1-d4bc-a9f1-1aef90a50000,Haaretz,Josh Breiner,2026-10-06T13:47:14,2026-10-06 18:49:09.368936,https://www.haaretz.com/israel-news/israel-politics/2026-10-06/ty-article/.premium/israels-attorney-general-orders-idf-to-resume-arresting-haredi-draft-evaders/000001a1-10c1-d4bc-a9f1-1aef90a50000
U.K. Green Party leader vows to protect Jews after 'Zionism is racism' vote,"Polanski said criticism of Israel and antisemitism must remain distinct after members voted to define Zionism as racism, while deputy Rachel Millward opposed the motion. Israel said it would ban him from entering the country over the vote",https://www.haaretz.com/world-news/europe/2026-10-06/ty-article/.premium/u-k-green-party-leader-vows-to-protect-jews-after-zionism-is-racism-vote/000001a1-111f-d6c9-afb1-f7bf54030000,Haaretz,Ben Kroll,2026-10-06T14:18:26,2026-10-06 18:49:09.368909,https://www.haaretz.com/world-news/europe/2026-10-06/ty-article/.premium/u-k-green-party-leader-vows-to-protect-jews-after-zionism-is-racism-vote/000001a1-111f-d6c9-afb1-f7bf54030000
Israeli minister invokes trope against U.K. MP who said 'Zionism is racism',"British lawmaker Zarah Sultana, a fierce critic of Israel, posted the remark on Sunday after the Green Party voted in favor of the highly controversial motion, adopting an anti-Zionist position and rejecting Israel as a Jewish state",https://www.haaretz.com/world-news/2026-10-06/ty-article/.premium/israeli-minister-invokes-trope-against-u-k-mp-who-said-zionism-is-racism/000001a1-1118-d8d5-afa1-955ea79c0000,Haaretz,Ben Kroll,2026-10-06T14:35:42,2026-10-06 18:49:09.368882,https://www.haaretz.com/world-news/2026-10-06/ty-article/.premium/israeli-minister-invokes-trope-against-u-k-mp-who-said-zionism-is-racism/000001a1-1118-d8d5-afa1-955ea79c0000
Netanyahu seeks to cancel graft trial hearings amid clash with state probe appearances,"Netanyahu's lawyer stopped short of asking to cancel, but said he instead must attend hearings held by a state commission of inquiry into the submarine affair, which found that Netanyahu's naval procurement decisions risked national security",https://www.haaretz.com/israel-news/israel-politics/2026-10-06/ty-article/.premium/netanyahu-seeks-to-cancel-graft-trial-hearings-amid-clash-with-state-probe/000001a1-10ee-d88d-aba1-dcffdb0a0000,Haaretz,Yael Freidson,2026-10-06T15:10:25,2026-10-06 18:49:09.368855,https://www.haaretz.com/israel-news/israel-politics/2026-10-06/ty-article/.premium/netanyahu-seeks-to-cancel-graft-trial-hearings-amid-clash-with-state-probe/000001a1-10ee-d88d-aba1-dcffdb0a0000
Haredi minors arrested for allegedly attacking Palestinians near Jerusalem's Old City,"According to police, the minors were transferred for questioning after they filmed the attack and uploaded the footage to social media. Last week, ultra-Orthodox youth were filmed beating elderly Palestinians at Damascus Gate",https://www.haaretz.com/israel-news/israel-crime/2026-10-06/ty-article/.premium/haredi-minors-arrested-for-attacking-palestinians-near-jerusalems-old-city/000001a1-116b-dee5-a5b9-b37bcced0000,Haaretz,Nir Hasson,2026-10-06T15:48:59,2026-10-06 18:49:09.368827,https://www.haaretz.com/israel-news/israel-crime/2026-10-06/ty-article/.premium/haredi-minors-arrested-for-attacking-palestinians-near-jerusalems-old-city/000001a1-116b-dee5-a5b9-b37bcced0000
"This leader of a small, far-right party wants Netanyahu fans to take a chance on him","At an English-language event in Tel Aviv, Ofer Winter pitched his Amcha Yisrael party to voters weighing whether to stick with Netanyahu's bloc, laying out plans for Gaza 'migration' universal military service and 'recovering' West Bank land",https://www.haaretz.com/israel-news/elections/2026-10-06/ty-article-magazine/.premium/leader-of-small-far-right-party-wants-netanyahu-fans-to-take-a-chance-on-him/000001a1-1170-dff8-a7fb-3d7240800000,Haaretz,Linda Dayan,2026-10-06T16:07:39,2026-10-06 18:49:09.368800,https://www.haaretz.com/israel-news/elections/2026-10-06/ty-article-magazine/.premium/leader-of-small-far-right-party-wants-netanyahu-fans-to-take-a-chance-on-him/000001a1-1170-dff8-a7fb-3d7240800000
Ex-IDF Gaza border intelligence officer challenges ouster over October 7 failures,"Lt. Col. Aryeh Amidror, the intelligence officer on October 7 for the IDF's Gaza Division, claims that he was not responsible for the lack of warning about the Hamas massacre that day. 'I'm the only commander paying a real price'",https://www.haaretz.com/israel-news/israel-security/2026-10-06/ty-article/.premium/israeli-gaza-border-intelligence-officer-i-didnt-fail-in-my-role-on-oct-7/000001a1-10a7-dee5-a5b9-b2ff0d8f0000,Haaretz,Chen Maanit,2026-10-06T16:45:52,2026-10-06 18:49:09.368771,https://www.haaretz.com/israel-news/israel-security/2026-10-06/ty-article/.premium/israeli-gaza-border-intelligence-officer-i-didnt-fail-in-my-role-on-oct-7/000001a1-10a7-dee5-a5b9-b2ff0d8f0000
Far-right minister Ben-Gvir boasts of demolishing Palestinian homes in election video,"Ben-Gvir touted the demolition as an 'act of governance' ahead of Israel's election, while many Palestinians report difficulties in obtaining proper construction permits in the contested area",https://www.haaretz.com/israel-news/elections/2026-10-06/ty-article/.premium/far-right-minister-ben-gvir-boasts-of-demolishing-palestinian-homes-in-campaign/000001a1-1174-d38e-a3b5-99f7de4e0000,Haaretz,Nir Hasson,2026-10-06T16:55:34,2026-10-06 18:49:09.368743,https://www.haaretz.com/israel-news/elections/2026-10-06/ty-article/.premium/far-right-minister-ben-gvir-boasts-of-demolishing-palestinian-homes-in-campaign/000001a1-1174-d38e-a3b5-99f7de4e0000
"Two-state solution unpopular with majority of Israelis and Palestinians, poll finds",A new survey by Gallup finds that support for a two-state solution has halved among both Israelis and Palestinians since 2012,https://www.haaretz.com/israel-news/israel-security/2026-10-06/ty-article/poll-two-state-solution-unpopular-with-majority-of-israelis-and-palestinians/000001a1-1153-dd49-a5ff-d3d3f94e0000,Haaretz,Ben Kroll,2026-10-06T17:05:22,2026-10-06 18:49:09.368717,https://www.haaretz.com/israel-news/israel-security/2026-10-06/ty-article/poll-two-state-solution-unpopular-with-majority-of-israelis-and-palestinians/000001a1-1153-dd49-a5ff-d3d3f94e0000
"As Mamdani struggles to address Jewish fears, New York's pro-Palestinian community feels 'betrayed'",Mamdani's efforts to assuage the concerns of Jewish leaders have thus far done little to silence some of his most prominent critics in the Jewish establishment. But they also appear to be creating a new vulnerability on his left,https://www.haaretz.com/israel-news/haaretz-today/2026-10-06/ty-article/.highlight/as-mamdani-struggles-to-address-jewish-fears-pro-palestinians-feels-betrayed/000001a1-11df-dcc7-a9e1-95ff33e70000,Haaretz,Grace Gilson,2026-10-06T17:23:01,2026-10-06 18:49:09.368693,https://www.haaretz.com/israel-news/haaretz-today/2026-10-06/ty-article/.highlight/as-mamdani-struggles-to-address-jewish-fears-pro-palestinians-feels-betrayed/000001a1-11df-dcc7-a9e1-95ff33e70000
"'Some live on pills, others on alcohol': The neighborhood that never escaped October 7","Mishor Hagefen is the only neighborhood in Ofakim that wasn't evacuated after October 7. Three years later, the disaster is still present everywhere",https://www.haaretz.com/israel-news/2026-10-06/ty-article-magazine/.premium/some-use-pills-others-alcohol-the-neighborhood-that-never-escaped-october-7/000001a0-f7ae-d5dd-adfd-f7fe53cb0000,Haaretz,Ran Shimoni,2026-10-06T17:23:03,2026-10-06 18:49:09.368664,https://www.haaretz.com/israel-news/2026-10-06/ty-article-magazine/.premium/some-use-pills-others-alcohol-the-neighborhood-that-never-escaped-october-7/000001a0-f7ae-d5dd-adfd-f7fe53cb0000
"At least 1,240 airline crew from countries without diplomatic ties to Israel entered in 2026","Israeli law bars entry to citizens of countries that lack formal diplomatic relations with Israel, yet citizens from Syria, Lebanon and Oman have entered the country in 2026. It is being investigated whether Iranian nationals also entered Israel",https://www.haaretz.com/israel-news/israel-security/2026-10-06/ty-article/.premium/over-1-240-airline-crew-from-countries-without-ties-to-israel-entered-in-2026/000001a1-121c-dfdc-a1f7-ffdc64890000,Haaretz,Yifat Reuven,2026-10-06T18:06:21,2026-10-06 18:49:09.368638,https://www.haaretz.com/israel-news/israel-security/2026-10-06/ty-article/.premium/over-1-240-airline-crew-from-countries-without-ties-to-israel-entered-in-2026/000001a1-121c-dfdc-a1f7-ffdc64890000
"Their loved ones returned from Gaza. But for these Israeli families, the ordeal isn't over",Lishay Miran-Lavi spends her week in therapy. Ofri Bibas is learning to live with grief. Yoav Engel feels abandoned by the state. Viki Cohen hopes the election will bring relief. Four families on life after the fight to bring the hostages home,https://www.haaretz.com/israel-news/2026-10-06/ty-article-magazine/.premium/their-loved-ones-returned-from-gaza-but-these-families-ordeal-isnt-over/000001a1-1161-dcc7-a9e1-9573c0f20000,Haaretz,Tom Levinson,2026-10-06T18:06:52,2026-10-06 18:49:09.368609,https://www.haaretz.com/israel-news/2026-10-06/ty-article-magazine/.premium/their-loved-ones-returned-from-gaza-but-these-families-ordeal-isnt-over/000001a1-1161-dcc7-a9e1-9573c0f20000
"Shin Bet, police, IDF chiefs: Preparations for 'safe' conduct of Israel's upcoming election underway",All three of Israel's security authority chiefs said they met to discuss measures they say will 'ensure the proper and secure conduct' of the upcoming election scheduled for October 27,https://www.haaretz.com/israel-news/elections/2026-10-06/ty-article/.premium/shin-bet-police-idf-chiefs-discuss-safe-conduct-of-upcoming-israeli-election/000001a1-11bf-dd49-a5ff-d3bfdefe0000,Haaretz,Haaretz,2026-10-06T18:14:11,2026-10-06 18:49:09.368578,https://www.haaretz.com/israel-news/elections/2026-10-06/ty-article/.premium/shin-bet-police-idf-chiefs-discuss-safe-conduct-of-upcoming-israeli-election/000001a1-11bf-dd49-a5ff-d3bfdefe0000
Iran bans its citizens from having contact with 'hostile' press,"Iranian nationals will now be prohibited from participating in discussions with networks, stations or websites that Iran has officially deemed hostile, including organizations owned, managed or funded by the United States or Israel",https://www.haaretz.com/middle-east-news/iran/2026-10-06/ty-article/iran-bans-its-citizens-from-having-contact-with-hostile-press/000001a1-1173-dcc7-a9e1-95736b110000,Haaretz,DPA,2026-10-06T18:18:36,2026-10-06 18:49:09.368550,https://www.haaretz.com/middle-east-news/iran/2026-10-06/ty-article/iran-bans-its-citizens-from-having-contact-with-hostile-press/000001a1-1173-dcc7-a9e1-95736b110000
"Israeli, EU officials condemn politician over removal of Israeli flag at October 7 tribute","Rima Hassan acknowledged removing an Israeli flag from an October 7 memorial at the European Parliament, saying the EU flag fell as a result. Her office said the action was meant to protest Israel's 'ongoing genocide' in Gaza, not the victims' memory",https://www.haaretz.com/world-news/europe/2026-10-06/ty-article/.premium/eu-officials-condemn-politician-over-israeli-flag-removal-at-oct-7-event/000001a1-117e-dd49-a5ff-d3fe26b80000,Haaretz,Liza Rozovsky,2026-10-06T18:44:14,2026-10-06 18:49:09.368514,https://www.haaretz.com/world-news/europe/2026-10-06/ty-article/.premium/eu-officials-condemn-politician-over-israeli-flag-removal-at-oct-7-event/000001a1-117e-dd49-a5ff-d3fe26b80000
Rejecting the New Normal on Campus,"I am part of the last class of university students who experienced campus life before Oct. 7, 2023. That day...",https://www.algemeiner.com/2026/10/06/rejecting-new-normal-campus/,Algemeiner,Galia Labowitz,2026-10-06T17:35:41,2026-10-06 18:49:04.321214,https://www.algemeiner.com/?p=780754
The UK Green Party’s Dangerous Delusions About Zionism,"On Oct. 4, the UK Green Party passed a reckless resolution declaring Zionism a form of racism, calling for an...",https://www.algemeiner.com/2026/10/06/uk-green-partys-dangerous-delusions-zionism/,Algemeiner,Moshe Phillips,2026-10-06T17:59:01,2026-10-06 18:49:04.321191,https://www.algemeiner.com/?p=780761
Why the Hochul-Mamdani Alliance Should Worry Jewish New Yorkers,The impending dynamics of New York Gov. Kathy Hochul (D)&#8217;s relationship with New York City Mayor Zohran Mamdani emerged after...,https://www.algemeiner.com/2026/10/06/why-hochul-mamdani-alliance-should-worry-jewish-new-yorkers/,Algemeiner,Irit Tratt,2026-10-06T18:23:36,2026-10-06 18:49:04.321164,https://www.algemeiner.com/?p=780756
The Hostage-Taker’s Ledger,"Three years ago this week, in less than 24 hours, Hamas murdered some 1,200 people in southern Israel and took...",https://www.algemeiner.com/2026/10/06/hostage-takers-ledger/,Algemeiner,Micha Danzig,2026-10-06T18:38:19,2026-10-06 18:49:04.321133,https://www.algemeiner.com/?p=780749
A people who pray in a world unmoored,"By the third anniversary of Oct. 7, our community will have completed 919 full readings of the book of Tehillim (Psalms).",https://www.jns.org/opinion/eliezer-avraham/a-people-who-pray-in-a-world-unmoored,JNS,Eliezer Avraham,2026-10-06T13:15:00,2026-10-06 18:49:01.920059,https://www.jns.org/opinion/eliezer-avraham/a-people-who-pray-in-a-world-unmoored
"‘Deeply concerning’ that Jewish New Yorkers targets of 53% of hate crimes in NYC so far this year, NYPD chief says","“The most striking trend continues to be antisemitic hate crimes,” Jessica Tisch said at a press conference on Tuesday.",https://www.jns.org/news/u-s-news/deeply-concerning-that-jewish-new-yorkers-targets-of-53-of-hate-crimes-in-nyc-so-far-this-year-nypd-chief-says,JNS,Menachem Wecker,2026-10-06T15:01:12,2026-10-06 18:49:01.920036,https://www.jns.org/news/u-s-news/deeply-concerning-that-jewish-new-yorkers-targets-of-53-of-hate-crimes-in-nyc-so-far-this-year-nypd-chief-says
"World ORT schools remember Oct. 7 through testimony, ceremony and learning","Recalling those lost, learning from families and survivors, and looking ahead with hope.",https://www.jns.org/wire/world-ort/world-ort-schools-remember-oct-7-through-testimony-ceremony-and-learning,JNS,,2026-10-06T15:15:00,2026-10-06 18:49:01.920007,https://www.jns.org/wire/world-ort/world-ort-schools-remember-oct-7-through-testimony-ceremony-and-learning
Antisemitism in Ireland continues to be unmatched,"Politics overshadows sportsmanship, part of a singular history of hatred in one part of the continent.",https://www.jns.org/opinion/joseph-puder/antisemitism-in-ireland-continues-to-be-unmatched,JNS,Joseph Puder,2026-10-06T15:30:00,2026-10-06 18:49:01.919983,https://www.jns.org/opinion/joseph-puder/antisemitism-in-ireland-continues-to-be-unmatched
Akunis invites Mamdani to see Oct. 7 footage at Israeli consulate event,"“Perhaps he will stop his relentless incitement, hatred and blood libels against the State of Israel,” the Israeli consul general in New York stated.",https://www.jns.org/news/u-s-news/akunis-invites-mamdani-to-see-oct-7-footage-at-israeli-consulate-event,JNS,Rikki Zagelbaum,2026-10-06T15:42:34,2026-10-06 18:49:01.919959,https://www.jns.org/news/u-s-news/akunis-invites-mamdani-to-see-oct-7-footage-at-israeli-consulate-event
Israeli embassy in Washington marks third anniversary of Oct. 7,"“The war between the people of Israel and the terrorists of Hamas is a war that is playing out in various forms here in the United States and in Europe and all over the Western world,” U.S. deputy national security advisor Michael Needham said.",https://www.jns.org/news/u-s-news/israeli-embassy-in-washington-marks-third-anniversary-of-oct-7,JNS,Andrew Bernard,2026-10-06T16:40:43,2026-10-06 18:49:01.919932,https://www.jns.org/news/u-s-news/israeli-embassy-in-washington-marks-third-anniversary-of-oct-7
Oct. 7 was a slave raid,"The enemies of the Jews called Oct. 7 a desperate act of “resistance,” but it was a classic jihad raid—an act as old as the conquests throughout Egypt, Persia, India and North Africa.",https://www.jns.org/opinion/charles-jacobs/oct-7-was-a-slave-raid,JNS,Charles Jacobs,2026-10-06T17:00:33,2026-10-06 18:49:01.919899,https://www.jns.org/opinion/charles-jacobs/oct-7-was-a-slave-raid
"‘Almost unheard of’ good signs from Ottawa, but ‘must translate into outcomes,’ former Canadian Jew-hatred envoy says","“I think that the establishment of the advisory council is a very useful instrument if it produces what it must produce,” Deborah Lyons told JNS.",https://www.jns.org/news/world/almost-unheard-of-good-signs-from-ottawa-but-must-translate-into-outcomes-former-canadian-jew-hatred-envoy-says,JNS,Dave Gordon,2026-10-06T17:58:14,2026-10-06 18:49:01.919870,https://www.jns.org/news/world/almost-unheard-of-good-signs-from-ottawa-but-must-translate-into-outcomes-former-canadian-jew-hatred-envoy-says
Bipartisan House group brings legislation decrying terror attack on flydubai plane,"“Congress must honor his extraordinary courage, and we must be clear that this was an act of terrorism and an attack on the safety of international air travel,” Rep. Josh Gottheimer stated.",https://www.jns.org/news/u-s-news/bipartisan-house-group-brings-legislation-decrying-terror-attack-on-flydubai-plane,JNS,,2026-10-06T18:23:00,2026-10-06 18:49:01.919831,https://www.jns.org/news/u-s-news/bipartisan-house-group-brings-legislation-decrying-terror-attack-on-flydubai-plane
‘That’s a lie’: Israeli journalists clash with Irish football association ahead of tense rematch,"(JTA) — Israel and Ireland’s UEFA Nations League rematch on Sunday ratcheted up tensions between the two teams, in a sports drama where emotions over the Gaza war have fueled theatrics as intense as the match itself. During the 1-1 draw played in Serbia, Ireland’s captain declined, as in the last match, a pregame handshake... The post ‘That’s a lie’: Israeli journalists clash with Irish football association ahead of tense rematch appeared first on The Forward .",https://forward.com/fast-forward/854081/thats-a-lie-israeli-journalists-clash-with-irish-football-association-ahead-of-tense-rematch/,The Forward,Jacob Gurvis,2026-10-06T15:42:36,2026-10-06 18:48:54.803646,https://forward.com/?p=854081
"Chef Alon Shaya shares the stories, resilience and recipes of World War II survivors","(JTA) — In 2015, while visiting Israel’s Yad Vashem Holocaust Memorial, James Beard Award-winning chef Alon Shaya came face-to-face with a World War II artifact that moved him deeply. It was a red cloth triangle — cut from a Nazi flag — embroidered with the names of a few dozen female prisoners at the Ravensbrück... The post Chef Alon Shaya shares the stories, resilience and recipes of World War II survivors appeared first on The Forward .",https://forward.com/fast-forward/854087/chef-alon-shaya-shares-the-stories-resilience-and-recipes-of-world-war-ii-survivors/,The Forward,Rachel Ringler,2026-10-06T15:51:27,2026-10-06 18:48:54.803599,https://forward.com/?p=854087
The tech worker campaigning for ‘Antisemite of the Week’ doesn’t want to talk about antisemitism,"After accusations of discrimination led his San Francisco Tech Week event to be pulled from the schedule, a tech worker has decided to embrace his newfound notoriety. Mostapha Benhenda cited security reasons last week when he denied an Israeli programmer admission to his AI hackathon event, explaining that he didn’t want the Israeli army to... The post The tech worker campaigning for ‘Antisemite of the Week’ doesn&#8217;t want to talk about antisemitism appeared first on The Forward .",https://forward.com/news/853991/san-francisco-tech-week-mostapha-benhenda-antisemitism/,The Forward,Louis Keene,2026-10-06T18:24:45,2026-10-06 18:48:54.803545,https://forward.com/?p=853991
Tidbits: This Jewish couple gives homeless dogs a free makeover,"Tidbits is a Forverts feature of easy news briefs in Yiddish that you can listen to or read, or both! If you read the article and don’t know a word, just click on it and the translation appears. Listen to the report here: אַ גרויסער בלאָער משׂא־פֿור האָט זיך אָפּגעשטעלט אויף אַ גאַס אין סקיד־ראָו,... The post Tidbits: This Jewish couple gives homeless dogs a free makeover appeared first on The Forward .",https://forward.com/yiddish/854129/tidbits-this-jewish-couple-gives-homeless-dogs-a-free-makeover/,The Forward,פֿאָרווערטס־רעדאַקציע,2026-10-06T18:48:12,2026-10-06 18:48:54.803486,https://forward.com/?p=854129
‘That’s a lie’: Israeli journalists clash with Irish football association ahead of tense rematch,UEFA barred two Israeli reporters from a postgame press conference and an Irish staffer accused an Israeli player of spitting at him during Sunday’s contentious soccer match. -- The post ‘That’s a lie’: Israeli journalists clash with Irish football association ahead of tense rematch appeared first on Jewish Telegraphic Agency .,https://www.jta.org/2026/10/06/sports/thats-a-lie-israeli-journalists-clash-with-irish-football-association-ahead-of-tense-rematch,JTA,Jacob Gurvis,2026-10-06T14:37:23,2026-10-06 18:48:52.232113,https://www.jta.org/?p=1909624
"Chef Alon Shaya shares the stories, resilience and recipes of World War II survivors","Inspired by a Holocaust artifact, a new book explores how food and memory helped people endure war, persecution and displacement. -- The post Chef Alon Shaya shares the stories, resilience and recipes of World War II survivors appeared first on Jewish Telegraphic Agency .",https://www.jta.org/2026/10/06/food/chef-alon-shaya-shares-the-stories-and-recipes-of-world-war-ii-survivors,JTA,Rachel Ringler,2026-10-06T15:00:00,2026-10-06 18:48:52.232069,https://www.jta.org/?p=1909557
"They survived Oct. 7. At Rock Camp, they found a way to feel alive again.","“The Bridge,” a new documentary, chronicles how a week of rock ’n’ roll in Los Angeles helped Israeli musicians heal. -- The post They survived Oct. 7. At Rock Camp, they found a way to feel alive again. appeared first on Jewish Telegraphic Agency .",https://www.jta.org/2026/10/06/culture/they-survived-oct-7-at-rock-camp-they-found-a-way-to-feel-alive-again,JTA,Aviva Engel,2026-10-06T17:58:18,2026-10-06 18:48:52.232024,https://www.jta.org/?p=1909657
Landenberger Family Foundation endows $1M in scholarships for IDF bereaved children,"The Landenberger Family Foundation is donating $1 million to the IDF Widows Orphans Organization to endow scholarships for children who lost a parent serving in the Israeli military or security forces, the groups announced on Wednesday. The first scholarships will be awarded at an IDFWO event this spring. The donation comes as Israel marks... Read More The post Landenberger Family Foundation endows $1M in scholarships for IDF bereaved children appeared first on eJewishPhilanthropy .",https://ejewishphilanthropy.com/landenberger-family-foundation-endows-1m-in-scholarships-for-idf-bereaved-children/,eJewish Philanthropy,Justin Hayet,2026-10-06T13:24:34,2026-10-06 18:48:49.795313,https://ejewishphilanthropy.com/?p=180831
Your Daily Phil: ‘Thank God for philanthropy’: Israeli First Lady Michal Herzog on 3 years since Oct. 7,The post Your Daily Phil: &#8216;Thank God for philanthropy&#8217;: Israeli First Lady Michal Herzog on 3 years since Oct. 7 appeared first on eJewishPhilanthropy .,https://ejewishphilanthropy.com/your-daily-phil-thank-god-for-philanthropy-israeli-first-lady-michal-herzog-on-3-years-since-oct-7/,eJewish Philanthropy,EJP,2026-10-06T14:27:48,2026-10-06 18:48:49.795259,https://ejewishphilanthropy.com/?p=180837
"Man, 13-year-old wounded in Jerusalem car blast; appears criminal in nature",,https://www.haaretz.com/israel-news/israel-crime/2026-10-06/ty-article/.premium/man-13-year-old-wounded-in-jerusalem-car-blast-appears-criminal-in-nature/000001a1-0fce-d371-a1fd-3fcf649e0000,Haaretz,Josh Breiner,2026-10-06T06:12:34,2026-10-06 12:53:43.483621,https://www.haaretz.com/israel-news/israel-crime/2026-10-06/ty-article/.premium/man-13-year-old-wounded-in-jerusalem-car-blast-appears-criminal-in-nature/000001a1-0fce-d371-a1fd-3fcf649e0000
Arab alliance vows to help oust Netanyahu amid delegitimization campaign,"Launching their Hebrew-language campaign, Joint List leaders said they could back a law barring a criminal defendant from forming a government and support a minority coalition that would 'send Netanyahu and Smotrich home'",https://www.haaretz.com/israel-news/elections/2026-10-06/ty-article/.premium/joint-list-leaves-door-open-to-backing-minority-govt-at-hebrew-campaign-launch/000001a1-0d44-d613-a5b3-7dc6caba0000,Haaretz,Yair Foldes,2026-10-06T07:04:59,2026-10-06 12:53:43.483600,https://www.haaretz.com/israel-news/elections/2026-10-06/ty-article/.premium/joint-list-leaves-door-open-to-backing-minority-govt-at-hebrew-campaign-launch/000001a1-0d44-d613-a5b3-7dc6caba0000
NYT: U.S. feared that Iran would strike U.K. airbase from within British soil,"Some U.S. officials reportedly feared a multipronged drone attack on RAF Fairford, which houses American bombers, loosely modeled on Ukraine's strikes deep inside Russia",https://www.haaretz.com/middle-east-news/iran/2026-10-06/ty-article/report-iran-suspected-of-drone-plot-against-u-k-base-hosting-u-s-bombers/000001a1-0fb4-d777-afb7-3ffc5b5b0000,Haaretz,Haaretz,2026-10-06T07:56:14,2026-10-06 12:53:43.483577,https://www.haaretz.com/middle-east-news/iran/2026-10-06/ty-article/report-iran-suspected-of-drone-plot-against-u-k-base-hosting-u-s-bombers/000001a1-0fb4-d777-afb7-3ffc5b5b0000
Knesset legal adviser calls for repeat vote for state watchdog before October election,"Knesset legal adviser Sagit Afek urged lawmakers to hold a new vote for the state comptroller before the election, despite practical hurdles tied to campaigning. The post has been vacant since July, after the initial vote was clouded by controversy",https://www.haaretz.com/israel-news/2026-10-06/ty-article/.premium/knesset-legal-adviser-calls-for-state-watchdog-revote-before-october-election/000001a1-0c4b-dee5-a5b9-ae5bcf6d0000,Haaretz,Chen Maanit,2026-10-06T08:39:55,2026-10-06 12:53:43.483554,https://www.haaretz.com/israel-news/2026-10-06/ty-article/.premium/knesset-legal-adviser-calls-for-state-watchdog-revote-before-october-election/000001a1-0c4b-dee5-a5b9-ae5bcf6d0000
Israel yet to offer aid to flydubai passengers after suspected hijacking attempt,"Unlike hospitalized victims, whose details are provided to the National Insurance Institute, people suffering psychological trauma are generally required to seek treatment themselves",https://www.haaretz.com/israel-news/israel-security/2026-10-06/ty-article/.premium/israel-yet-to-offer-aid-to-flydubai-passengers-after-hijacking-attempt/000001a1-0fe4-d777-afb7-3ffcd2980000,Haaretz,Yair Foldes,2026-10-06T08:51:59,2026-10-06 12:53:43.483529,https://www.haaretz.com/israel-news/israel-security/2026-10-06/ty-article/.premium/israel-yet-to-offer-aid-to-flydubai-passengers-after-hijacking-attempt/000001a1-0fe4-d777-afb7-3ffcd2980000
Israel's right wants October 7 to last forever,"Warnings against 'returning to October 6 dicsourse' have turned unity into a shield for Netanyahu, silenced demands for accountability and protected the policies that led to disaster",https://www.haaretz.com/opinion/2026-10-06/ty-article-opinion/.premium/israels-right-wants-october-7-to-last-forever/000001a1-101e-d371-a1fd-3adf09690000,Haaretz,Yoana Gonen,2026-10-06T09:35:39,2026-10-06 12:53:43.483506,https://www.haaretz.com/opinion/2026-10-06/ty-article-opinion/.premium/israels-right-wants-october-7-to-last-forever/000001a1-101e-d371-a1fd-3adf09690000
"Haredim clash with police over draft dodger's arrest, leading to his release","Hundreds of ultra-Orthodox protesters surrounded the home where military police arrested a yeshiva student, preventing soldiers from detaining him. A United Torah Judaism MK blamed Netanyahu for the 'persecution of Torah students'",https://www.haaretz.com/israel-news/israel-politics/2026-10-06/ty-article/.premium/haredim-clash-with-police-over-draft-dodgers-arrest-leading-to-his-release/000001a1-1040-dc78-a9b1-7dc446f50000,Haaretz,Josh Breiner,2026-10-06T10:08:22,2026-10-06 12:53:43.483484,https://www.haaretz.com/israel-news/israel-politics/2026-10-06/ty-article/.premium/haredim-clash-with-police-over-draft-dodgers-arrest-leading-to-his-release/000001a1-1040-dc78-a9b1-7dc446f50000
Germany arrests ex-chief spy on espionage and treason charges,German media said the foreign intelligence service that used August Hanning was not Russian. Evidence reportedly emerged during a probe into the abduction of an heiress's children in Denmark involving former Israeli agents,https://www.haaretz.com/world-news/europe/2026-10-06/ty-article/germany-arrests-ex-chief-spy-on-espionage-and-treason-charges/000001a1-1094-d777-afb7-31fcc4b50000,Haaretz,DPA,2026-10-06T10:42:11,2026-10-06 12:53:43.483460,https://www.haaretz.com/world-news/europe/2026-10-06/ty-article/germany-arrests-ex-chief-spy-on-espionage-and-treason-charges/000001a1-1094-d777-afb7-31fcc4b50000
Top court: Gay couple must get surrogates' formal consent to adopt each other's children,"The Supreme Court ruled that waivers signed by the Georgian women who gave birth to the children in Northern Cyprus did not meet Israeli legal requirements, citing concerns over protecting surrogates' rights",https://www.haaretz.com/israel-news/2026-10-06/ty-article/.premium/israel-top-court-gay-couple-needs-surrogate-consent-to-adopt-each-others-kids/000001a1-1037-d2b4-aff9-123f4f950000,Haaretz,Chen Maanit,2026-10-06T11:26:17,2026-10-06 12:53:43.483433,https://www.haaretz.com/israel-news/2026-10-06/ty-article/.premium/israel-top-court-gay-couple-needs-surrogate-consent-to-adopt-each-others-kids/000001a1-1037-d2b4-aff9-123f4f950000
"Radio host calls former hostages, bereaved families 'lowest people in Israel, despicable'","The broadcaster read out the names of contributors to a book criticizing Netanyahu over the hostages, saying they could atone only by voting for Likud",https://www.haaretz.com/israel-news/israel-politics/2026-10-06/ty-article/.premium/radio-host-calls-former-hostages-bereaved-families-lowest-people-in-israel/000001a1-1134-dd4d-ada9-df37efef0000,Haaretz,Sagi Ben-Nun,2026-10-06T12:53:14,2026-10-06 12:53:43.483391,https://www.haaretz.com/israel-news/israel-politics/2026-10-06/ty-article/.premium/radio-host-calls-former-hostages-bereaved-families-lowest-people-in-israel/000001a1-1134-dd4d-ada9-df37efef0000
German Jews fear for their future as political extremes gain,AfD and Die Linke election victories deepen concerns over antisemitism and test the political center’s ability to keep both parties from power.,https://www.jns.org/feature/german-jews-fear-for-their-future-as-political-extremes-gain,JNS,Canaan Lidor,2026-10-06T05:13:03,2026-10-06 12:53:35.818126,https://www.jns.org/feature/german-jews-fear-for-their-future-as-political-extremes-gain
Jewish ancestry becomes a political alibi,British Foreign Secretary Ed Miliband served as a shield for a fundamentally antisemitic policy.,https://www.jns.org/opinion/aaron-j-shuster/jewish-ancestry-becomes-a-political-alibi,JNS,Aaron J. Shuster,2026-10-06T06:45:00,2026-10-06 12:53:35.818105,https://www.jns.org/opinion/aaron-j-shuster/jewish-ancestry-becomes-a-political-alibi
Herzog: Middle East quietly cooperating against Iran’s ‘empire of proxies’,"Tehran failed to load any crude oil onto tankers over the past month, according to U.S. Treasury Secretary Scott Bessent.",https://www.jns.org/news/world/herzog-middle-east-quietly-cooperating-against-irans-empire-of-proxies,JNS,JNS Staff,2026-10-06T06:52:28,2026-10-06 12:53:35.818087,https://www.jns.org/news/world/herzog-middle-east-quietly-cooperating-against-irans-empire-of-proxies
Israel's AI classroom experiment is going national,"The Education Ministry plans to introduce Project 720 in every school within three years. A preliminary evaluation found gains among struggling students, though its impact on academic achievement has yet to be tested.",https://www.jns.org/feature/israels-ai-classroom-experiment-is-going-national,JNS,James Spiro,2026-10-06T06:57:49,2026-10-06 12:53:35.818067,https://www.jns.org/feature/israels-ai-classroom-experiment-is-going-national
Why multiple EU corruption scandals matter for both America and Israel,The dim view of the European Union shared by Trump and Netanyahu appears to be vindicated by a string of high-level corruption scandals that have erupted recently.,https://www.jns.org/opinion/column/martin-sherman/why-multiple-eu-corruption-scandals-matter-for-both-america-and-israel,JNS,Martin Sherman,2026-10-06T07:30:00,2026-10-06 12:53:35.818046,https://www.jns.org/opinion/column/martin-sherman/why-multiple-eu-corruption-scandals-matter-for-both-america-and-israel
Israel warns France of antisemitic surge ahead of Oct. 7 anniversary,"Israeli Diaspora Affairs minister Chikli tells Paris some planned protests ""openly celebrate the massacre,"" offering to share intelligence and urging tighter security at synagogues.",https://www.jns.org/news/israel-news/israel-warns-france-of-antisemitic-surge-ahead-of-oct-7-anniversary,JNS,Shirit Avitan Cohen,2026-10-06T07:49:00,2026-10-06 12:53:35.818024,https://www.jns.org/news/israel-news/israel-warns-france-of-antisemitic-surge-ahead-of-oct-7-anniversary
"Israeli defense minister vows to eliminate all 2,000 remaining Oct. 7 terrorists","Of the 6,000 Gazans who invaded the country on Oct. 7, 2023, 4,000 have been eliminated, said Israel Katz.",https://www.jns.org/news/israel-news/israeli-defense-minister-vows-to-eliminate-all-2-000-remaining-oct-7-terrorists,JNS,Joshua Marks,2026-10-06T08:03:27,2026-10-06 12:53:35.818004,https://www.jns.org/news/israel-news/israeli-defense-minister-vows-to-eliminate-all-2-000-remaining-oct-7-terrorists
Archaeologists uncover year-round industry in biblical Kingdom of Israel,"Study of Tel Shikmona reveals how workers reused the same spaces for olive pressing, animal keeping, textile work and scarlet production.",https://www.jns.org/news/israel-news/archaeologists-uncover-year-round-industry-in-biblical-kingdom-of-israel,JNS,Pesach Benson/TPS-IL,2026-10-06T08:30:40,2026-10-06 12:53:35.817984,https://www.jns.org/news/israel-news/archaeologists-uncover-year-round-industry-in-biblical-kingdom-of-israel
UK leftist parties outdo each other's anti-Israel policies,"The Greens’ anti-Zionist resolution, following Labour's shift against Jerusalem, sharpens debate over electoral gains and the risks to local Jews.",https://www.jns.org/analysis/uk-leftist-parties-outdo-each-others-anti-israel-policies,JNS,Canaan Lidor,2026-10-06T09:12:18,2026-10-06 12:53:35.817964,https://www.jns.org/analysis/uk-leftist-parties-outdo-each-others-anti-israel-policies
‘I just needed to function’: IDF officer recalls battle for Zikim on Oct. 7,Capt. Ariel Armbrister helped direct the defense and evacuation of wounded soldiers before taking up a rifle herself to fight the Hamas terrorists who infiltrated the area.,https://www.jns.org/feature/i-just-needed-to-function-idf-officer-recalls-battle-for-zikim-on-oct-7,JNS,Josh Hasten,2026-10-06T09:15:08,2026-10-06 12:53:35.817942,https://www.jns.org/feature/i-just-needed-to-function-idf-officer-recalls-battle-for-zikim-on-oct-7
Oct. 7 changed Jewish life in Europe,The Jewish belief that the center would hold against antisemitism has been badly damaged.,https://www.jns.org/opinion/rabbi-pinchas-goldschmidt/oct-7-changed-jewish-life-in-europe,JNS,Rabbi Pinchas Goldschmidt,2026-10-06T09:30:00,2026-10-06 12:53:35.817919,https://www.jns.org/opinion/rabbi-pinchas-goldschmidt/oct-7-changed-jewish-life-in-europe
Christians plant millions of Israeli flags in 14 countries ahead of Oct. 7,"More than 1,000 Christian leaders and influencers from 117 countries arrived in Israel on Monday for the annual Friends of Zion Ambassador Summit.",https://www.jns.org/news/world/christians-plant-millions-of-israeli-flags-in-14-countries-ahead-of-oct-7,JNS,JNS Staff,2026-10-06T09:31:39,2026-10-06 12:53:35.817901,https://www.jns.org/news/world/christians-plant-millions-of-israeli-flags-in-14-countries-ahead-of-oct-7
Herzog urges Dutch PM to demand Hamas disarm,Israel's president also invited the Dutch left-wing leader to visit the site of the Nova music festival.,https://www.jns.org/news/israel-news/herzog-urges-dutch-pm-to-demand-hamas-disarm,JNS,JNS Staff,2026-10-06T09:39:01,2026-10-06 12:53:35.817880,https://www.jns.org/news/israel-news/herzog-urges-dutch-pm-to-demand-hamas-disarm
"Israel sees 100,000 wounded requiring rehabilitation by 2028","Israeli Defense Ministry officials expanded psychiatric care and added specialized recovery farms after treating roughly 30,000 injured soldiers since Oct. 7.",https://www.jns.org/news/israel-news/israel-sees-100-000-wounded-requiring-rehabilitation-by-2028,JNS,JNS Staff,2026-10-06T09:42:18,2026-10-06 12:53:35.817860,https://www.jns.org/news/israel-news/israel-sees-100-000-wounded-requiring-rehabilitation-by-2028
"Three years after Oct. 7, Israel has turned the tables on Hamas","“Israel Undiplomatic” brings sharp insight and spirited debate to the stories shaping Israel and the Middle East. Hosted by JNS senior contributing editor Ruthie Blum and former ambassador Mark Regev, both former advisers to the Prime Minister’s Office, the show goes beyond talking points to tackle Israel’s toughest political, diplomatic and security dilemmas head-on. From Gaza ceasefire negotiations to U.S.-Israel relations and from Iran’s nuclear ambitions to the war on terror, Blum and Regev dissect the week’s headlines with authority, candor and a touch of humor. What sets “Israel Undiplomatic” apart is the dynamic between its hosts: Two seasoned insiders often agree on the goals but clash on the details. Their conversations reveal how even shared worldviews can lead to different conclusions about policy, diplomacy and the future of Israel. Whether analyzing the latest Middle East peace proposals, exposing Western double standards or weighing the political fallout of Israel’s military actions, “Israel Undiplomatic” delivers smart, unscripted dialogue that cuts through spin and gets to the truth. Because in politics, as in life, the devil is always in the details. See more at: @JNS_TV and subscribe to our YouTube channel.",https://www.jns.org/jns-tv/israel-undiplomatic/three-years-after-oct-7-israel-has-turned-the-tables-on-hamas,JNS,Mark Regev,2026-10-06T10:42:06,2026-10-06 12:53:35.817839,https://www.jns.org/jns-tv/israel-undiplomatic/three-years-after-oct-7-israel-has-turned-the-tables-on-hamas
"Smotrich urges permanent Israeli sovereignty in Gaza, Lebanon","The finance minister outlined his territorial agenda at Jerusalem’s first NatCon conference, three weeks before Israel’s election.",https://www.jns.org/news/israel-news/smotrich-urges-permanent-israeli-sovereignty-in-gaza-lebanon,JNS,Canaan Lidor,2026-10-06T10:42:24,2026-10-06 12:53:35.817765,https://www.jns.org/news/israel-news/smotrich-urges-permanent-israeli-sovereignty-in-gaza-lebanon
Some more thoughts on Mamdani’s maneuverings ...,What has taken over the minds of leading figures in Jewish New York that they fail to sense a coming danger in the social and political changes of the environment they live in?,https://www.jns.org/opinion/column/yisrael-medad/some-more-thoughts-on-mamdanis-maneuverings,JNS,Yisrael Medad,2026-10-06T11:00:00,2026-10-06 12:53:35.817743,https://www.jns.org/opinion/column/yisrael-medad/some-more-thoughts-on-mamdanis-maneuverings
‘My turn has come': Kfar Aza survivors honor Maglan commander who gave his life to save them,"Three years after the Oct. 7 Hamas massacre, the families of Capt. Elay Adany and those he helped rescue remain bound by his final acts of courage.",https://www.jns.org/feature/my-turn-has-come-kfar-aza-survivors-remember-maglan-commander-who-gave-his-life-to-save-them,JNS,Amelie Botbol,2026-10-06T11:26:55,2026-10-06 12:53:35.817720,https://www.jns.org/feature/my-turn-has-come-kfar-aza-survivors-remember-maglan-commander-who-gave-his-life-to-save-them
Netanyahu: Hamas will try to attack before elections,"""Precisely because Hamas is so weak, it will try to challenge us,"" the prime minister said. ""We are ready for this.""",https://www.jns.org/news/israel-news/netanyahu-hamas-will-try-to-attack-before-elections,JNS,JNS Staff,2026-10-06T12:01:25,2026-10-06 12:53:35.817693,https://www.jns.org/news/israel-news/netanyahu-hamas-will-try-to-attack-before-elections
AM YISRAEL LIVE! Brings Jewish Arts & Music Festival to Sunny Isles Beach,"A celebration of Jewish pride, culture and resilience comes to Gateway Park on Jan. 24, 2027.",https://www.jns.org/wire/the-greenwald-family-impact-foundation/am-yisrael-live-brings-jewish-arts-music-festival-to-sunny-isles-beach,JNS,,2026-10-06T12:21:31,2026-10-06 12:53:35.817666,https://www.jns.org/wire/the-greenwald-family-impact-foundation/am-yisrael-live-brings-jewish-arts-music-festival-to-sunny-isles-beach
The second hijacking of Oct. 7,The glorification of terror and the appropriation of Holocaust memory are rewriting history.,https://www.jns.org/opinion/revital-yakin-krakovsky/the-second-hijacking-of-oct-7,JNS,Revital Yakin Krakovsky,2026-10-06T12:30:00,2026-10-06 12:53:35.817635,https://www.jns.org/opinion/revital-yakin-krakovsky/the-second-hijacking-of-oct-7
"As voting nears, Israeli democracy is not healthy","When Israel’s Supreme Court upheld the right of Arab parties last week to run in the country’s Oct. 27 election, they didn’t only provide Israel’s 2 million-plus Arab citizens a reason to vote. They also sent yet another signal in the incredible noise of these elections: Israeli democracy is not healthy. Every time Israel has... The post As voting nears, Israeli democracy is not healthy appeared first on The Forward .",https://forward.com/opinion/854003/israel-arab-party-election-democracy/,The Forward,Mickey Gitzin,2026-10-06T10:00:16,2026-10-06 12:53:28.663001,https://forward.com/?p=854003
How Jim Bakker sent a rabbi’s son to 52 churches,"Jim Bakker convinced me to go to church. Bakker died Monday at 86. For a stretch in the 1980s he and his wife, Tammy Faye, were on television every day, praying, singing and weeping, her in waterproof mascara, in front of as many as 13 million people. Then came the sex scandal, the hush money... The post How Jim Bakker sent a rabbi’s son to 52 churches appeared first on The Forward .",https://forward.com/news/854045/jim-bakker-death-jewish-church-synagogue/,The Forward,Benyamin Cohen,2026-10-06T12:31:43,2026-10-06 12:53:28.662958,https://forward.com/?p=854045
The next generation is already leading. Give us a vote.,"I read Betsy Berns Korn and William Daroffs piece in eJewishPhilanthropy (The next generation is already leading. Lets make room.” Sept. 18) and reacted the way I think a lot of teens would: I nodded along at every paragraph, then wondered what steps are being taken to turn it into reality. When people picture the... Read More The post The next generation is already leading. Give us a vote. appeared first on eJewishPhilanthropy .",https://ejewishphilanthropy.com/the-next-generation-is-already-leading-give-us-a-vote/,eJewish Philanthropy,Adi Shankman,2026-10-06T07:22:00,2026-10-06 12:53:23.856647,https://ejewishphilanthropy.com/?p=180789
"Israeli First Lady Michal Herzog: ‘After Oct. 7, thank God for philanthropy, thank God for the Jewish world’","Long before she became Israel’s first lady, Michal Herzog, was a philanthropy professional, serving for more than a decade as the Israel director for the Wohl Legacy, the British Jewish family’s charitable foundation that supports a wide array of causes in Israel. Through that work and in many other roles over the past 30 years,... Read More The post Israeli First Lady Michal Herzog: ‘After Oct. 7, thank God for philanthropy, thank God for the Jewish world’ appeared first on eJewishPhilanthropy .",https://ejewishphilanthropy.com/israeli-first-lady-michal-herzog-after-oct-7-thank-god-for-philanthropy-thank-god-for-the-jewish-world/,eJewish Philanthropy,Judah Ari Gross,2026-10-06T12:11:44,2026-10-06 12:53:23.856607,https://ejewishphilanthropy.com/?p=180801
Leadership isn’t a pipeline. It’s an ecosystem.,"Not long after the Israelites left Egypt, camped in the wilderness with a whole people to govern and no government yet, Moses sat alone from morning until night, judging every dispute in the camp. The line outside his tent never got shorter. His father-in-law, Jethro, told Moses plainly that his approach would wear him out.... Read More The post Leadership isn’t a pipeline. It’s an ecosystem. appeared first on eJewishPhilanthropy .",https://ejewishphilanthropy.com/leadership-isnt-a-pipeline-its-an-ecosystem/,eJewish Philanthropy,Robin Stein,2026-10-06T12:45:00,2026-10-06 12:53:23.856555,https://ejewishphilanthropy.com/?p=180813
Israel's right-wing government is placing our education and future at risk,"As Israeli universities lose researchers and funding, Netanyahu's government is doing little to reverse the decline – and in some cases appears to be accelerating it",https://www.haaretz.com/opinion/editorial/2026-10-06/ty-article-opinion/israels-right-wing-government-is-placing-our-education-and-future-at-risk/000001a1-0d8c-d4b5-afff-af8e9d550000,Haaretz,Haaretz Editorial,2026-10-05T21:09:31,2026-10-06 05:14:51.259174,https://www.haaretz.com/opinion/editorial/2026-10-06/ty-article-opinion/israels-right-wing-government-is-placing-our-education-and-future-at-risk/000001a1-0d8c-d4b5-afff-af8e9d550000
The real lesson of Oct. 7? Stop appealing for sympathy,"After three years of rejection and antisemitism, Jews must cease asking for pity and second-guessing failed efforts at explaining themselves, and instead project strength.",https://www.jns.org/opinion/column/jonathan-s-tobin/the-real-lesson-of-oct-7-stop-appealing-for-sympathy,JNS,Jonathan S. Tobin,2026-10-06T01:00:00,2026-10-06 05:14:44.153501,https://www.jns.org/opinion/column/jonathan-s-tobin/the-real-lesson-of-oct-7-stop-appealing-for-sympathy
The flag our friends plant,"They make a spiritual statement: a declaration of friendship, remembrance and faithfulness to those who are hurting.",https://www.jns.org/opinion/yael-eckstein/the-flag-our-friends-plant,JNS,Yael Eckstein,2026-10-06T03:30:00,2026-10-06 05:14:44.153471,https://www.jns.org/opinion/yael-eckstein/the-flag-our-friends-plant
Israel’s political parties explained: Likud,"Benjamin Netanyahu, security and the battle for the nation’s right.",https://www.jns.org/feature/israels-political-parties-explained-likud,JNS,Shimon Sherman,2026-10-06T04:07:00,2026-10-06 05:14:44.153444,https://www.jns.org/feature/israels-political-parties-explained-likud
Inside Israel’s hidden space war,A senior official reveals how the IDF disrupted enemy weapons and explains how the future of warfare lies far above Earth.,https://www.jns.org/feature/inside-israels-hidden-space-war,JNS,Lidor Sultan,2026-10-06T05:08:00,2026-10-06 05:14:44.153410,https://www.jns.org/feature/inside-israels-hidden-space-war
"‘Remember 7.10.23’: In Israel, Hostage Square bears few remnants of a national crisis – but trauma lingers","(JTA) — TEL AVIV – In the days following the Oct. 7, 2023, Hamas attacks, the families of the hostages held in Gaza turned the plaza next to the Tel Aviv Museum of Art into what became known as Hostage Square. Filled with “Bring Them Home” signs and hostage posters, yellow ribbons and yellow balloons,... The post ‘Remember 7.10.23’: In Israel, Hostage Square bears few remnants of a national crisis – but trauma lingers appeared first on The Forward .",https://forward.com/fast-forward/853985/remember-7-10-23-in-israel-hostage-square-bears-few-remnants-of-a-national-crisis-but-trauma-lingers/,The Forward,Michele Chabin,2026-10-06T03:34:27,2026-10-06 05:14:37.120098,https://forward.com/?p=853985
"Reports: Three Palestinians wounded as settlers torch property, throw stones in West Bank",,https://www.haaretz.com/west-bank/2026-10-05/ty-article/.premium/palestinian-reports-settlers-set-cars-on-fire-threw-stones-in-west-bank/000001a1-0d49-d67d-a9bf-8ffb83740000,Haaretz,Matan Golan,2026-10-05T18:25:23,2026-10-05 23:49:17.730504,https://www.haaretz.com/west-bank/2026-10-05/ty-article/.premium/palestinian-reports-settlers-set-cars-on-fire-threw-stones-in-west-bank/000001a1-0d49-d67d-a9bf-8ffb83740000
U.K. Greens' anti-Zionist motion does nothing to help Palestinians and a lot to endanger Jews,"The Greens may celebrate their motion as a progressive win, but its only effect will be to further isolate British Jews already feeling under threat from antisemitic attacks and to play into the hands of the Israeli establishment",https://www.haaretz.com/israel-news/haaretz-today/2026-10-05/ty-article/.highlight/u-k-greens-anti-zionist-motion-wont-help-palestinians-but-will-endanger-jews/000001a1-0d61-da81-abf3-dde395320000,Haaretz,Etan Nechin,2026-10-05T19:09:02,2026-10-05 23:49:17.730486,https://www.haaretz.com/israel-news/haaretz-today/2026-10-05/ty-article/.highlight/u-k-greens-anti-zionist-motion-wont-help-palestinians-but-will-endanger-jews/000001a1-0d61-da81-abf3-dde395320000
U.K. security adviser visited Israel in failed bid to prevent Jerusalem consulate closure,"Jonathan Powell met an Israeli National Security Council official last week, but the effort failed and the British Consulate is still expected to close Thursday",https://www.haaretz.com/israel-news/israel-security/2026-10-05/ty-article/.premium/u-k-adviser-visited-israel-in-failed-bid-to-prevent-jerusalem-consulate-closure/000001a1-0cd0-d67d-a9bf-8ef3db980000,Haaretz,Liza Rozovsky,2026-10-05T19:16:37,2026-10-05 23:49:17.730463,https://www.haaretz.com/israel-news/israel-security/2026-10-05/ty-article/.premium/u-k-adviser-visited-israel-in-failed-bid-to-prevent-jerusalem-consulate-closure/000001a1-0cd0-d67d-a9bf-8ef3db980000
The October 7 class: Jewish college seniors look back on the college education they never expected,"They were just weeks into college when October 7 happened. Some became outspoken defenders of Israel; others embraced anti-Zionist organizing. Now in their final year, seven students reflect on a conflict that transformed campus life",https://www.haaretz.com/us-news/2026-10-05/ty-article-magazine/.premium/the-oct-7-class-seven-students-reflect-on-the-college-life-they-never-expected/000001a1-0cfb-da81-abf3-dcfbf08d0000,Haaretz,Grace Gilson,2026-10-05T19:20:27,2026-10-05 23:49:17.730443,https://www.haaretz.com/us-news/2026-10-05/ty-article-magazine/.premium/the-oct-7-class-seven-students-reflect-on-the-college-life-they-never-expected/000001a1-0cfb-da81-abf3-dcfbf08d0000
Inside the strategies shaping the Israeli election's final stretch,"With neither bloc holding a majority, some parties admit they are in 'trouble,' while Netanyahu's rivals debate how united a front to present. Netanyahu, meanwhile, is focusing on what he believes could decide the election: logistics",https://www.haaretz.com/israel-news/elections/2026-10-05/ty-article-magazine/.premium/inside-the-strategies-shaping-the-israeli-elections-final-stretch/000001a1-0b70-da41-a5ed-ab765a300000,Haaretz,Michael Hauser Tov,2026-10-05T19:20:48,2026-10-05 23:49:17.730420,https://www.haaretz.com/israel-news/elections/2026-10-05/ty-article-magazine/.premium/inside-the-strategies-shaping-the-israeli-elections-final-stretch/000001a1-0b70-da41-a5ed-ab765a300000
Three teens arrested as police clash with ultra-Orthodox protesters in Jerusalem,Police said officers were removing Palestinian flags and erasing graffiti in Mea She'arim when residents began throwing stones and other objects. Police fired dozens of stun grenades and arrested three teenagers during the clashes,https://www.haaretz.com/israel-news/israel-crime/2026-10-05/ty-article/.premium/three-teens-arrested-as-police-clash-with-ultra-orthodox-protesters-in-jerusalem/000001a1-0d4e-dade-a9af-ef5e37700000,Haaretz,Aaron Rabinowitz,2026-10-05T19:25:03,2026-10-05 23:49:17.730397,https://www.haaretz.com/israel-news/israel-crime/2026-10-05/ty-article/.premium/three-teens-arrested-as-police-clash-with-ultra-orthodox-protesters-in-jerusalem/000001a1-0d4e-dade-a9af-ef5e37700000
Shin Bet refrained from probing professor who planned terror attacks on Arab civilians,"The lecturer had a licensed weapon and an operations notebook detailing plans for attacks and recruiting activists. Despite this, senior Shin Bet officials ordered the service not to investigate, and police were slow to act",https://www.haaretz.com/israel-news/israel-security/2026-10-05/ty-article/.premium/shin-bet-refrained-from-probing-professor-who-planned-attacks-on-arab-civilians/000001a1-0cef-d344-adbd-cfff40550000,Haaretz,Josh Breiner,2026-10-05T19:53:30,2026-10-05 23:49:17.730375,https://www.haaretz.com/israel-news/israel-security/2026-10-05/ty-article/.premium/shin-bet-refrained-from-probing-professor-who-planned-attacks-on-arab-civilians/000001a1-0cef-d344-adbd-cfff40550000
"Saudi Arabia, Pakistan, Turkey agree to joint deterrence measures amid Yemen escalation","Saudi Arabia, Pakistan and Turkey agreed to rapidly deploy military forces and capabilities in Saudi Arabia after condemning attempted attacks on Mecca and Medina",https://www.haaretz.com/middle-east-news/2026-10-05/ty-article/mecca-alliance-agrees-to-deploy-forces-to-saudi-arabia-amid-yemen-escalation/000001a1-0d51-da81-abf3-ddd344b90000,Haaretz,Reuters,2026-10-05T20:16:00,2026-10-05 23:49:17.730352,https://www.haaretz.com/middle-east-news/2026-10-05/ty-article/mecca-alliance-agrees-to-deploy-forces-to-saudi-arabia-amid-yemen-escalation/000001a1-0d51-da81-abf3-ddd344b90000
"Daily Cartoon, October 6, 2026",,https://www.haaretz.com/opinion/daily-cartoon/2026-10-06/ty-article-opinion/daily-cartoon-october-6-2026/000001a1-0dbc-d67d-a9bf-8fbf20d30000,Haaretz,Amos Biderman,2026-10-05T21:00:44,2026-10-05 23:49:17.730331,https://www.haaretz.com/opinion/daily-cartoon/2026-10-06/ty-article-opinion/daily-cartoon-october-6-2026/000001a1-0dbc-d67d-a9bf-8fbf20d30000
'NAZA' is not the story. The IDF's conduct in Gaza is,"Prime Minister Benjamin Netanyahu opposes any investigation that could hold him responsible. A state commission of inquiry must investigate not only who failed on October 7, but also what happened during the war that followed",https://www.haaretz.com/opinion/2026-10-06/ty-article-opinion/.premium/naza-is-not-the-story-the-idfs-conduct-in-gaza-is/000001a1-0d90-da81-abf3-ddd2b5fc0000,Haaretz,Aluf Benn,2026-10-05T21:02:05,2026-10-05 23:49:17.730311,https://www.haaretz.com/opinion/2026-10-06/ty-article-opinion/.premium/naza-is-not-the-story-the-idfs-conduct-in-gaza-is/000001a1-0d90-da81-abf3-ddd2b5fc0000
Israel's right-wing government is placing our education and future at risk,"As Israeli universities lose researchers and funding, Netanyahu's government is doing little to reverse the decline – and in some cases appears to be accelerating it",https://www.haaretz.com/opinion/2026-10-06/ty-article-opinion/israels-right-wing-government-is-placing-our-education-and-future-at-risk/000001a1-0d8c-d4b5-afff-af8e9d550000,Haaretz,Haaretz Editorial,2026-10-05T21:09:31,2026-10-05 23:49:17.730288,https://www.haaretz.com/opinion/2026-10-06/ty-article-opinion/israels-right-wing-government-is-placing-our-education-and-future-at-risk/000001a1-0d8c-d4b5-afff-af8e9d550000
Gunfire targets Israeli PM Office car in suspected hit on crime boss' son,"Police suspect the shooting at the government vehicle, driven by the son of PMO employee, targeted the son of southern underworld figure Shalom Domrani",https://www.haaretz.com/israel-news/israel-crime/2026-10-06/ty-article/.premium/gunfire-targets-israeli-pm-office-car-in-suspected-hit-on-crime-boss-son/000001a1-0c42-d2b4-aff9-1e7a4b2f0000,Haaretz,Josh Breiner,2026-10-05T21:48:07,2026-10-05 23:49:17.730263,https://www.haaretz.com/israel-news/israel-crime/2026-10-06/ty-article/.premium/gunfire-targets-israeli-pm-office-car-in-suspected-hit-on-crime-boss-son/000001a1-0c42-d2b4-aff9-1e7a4b2f0000
The IDF denied a 200-death threshold in Gaza. But what exactly did it not deny?,"And as for the context that the IDF demands? Context isn't justification. The blockade of Gaza doesn't justify the massacre Hamas committed on October 7, 2023, and the massacre doesn't justify what Israel did in Gaza",https://www.haaretz.com/opinion/2026-10-06/ty-article-opinion/.premium/the-idf-denied-a-200-death-threshold-in-gaza-but-what-exactly-did-it-not-deny/000001a1-0d82-dbcb-a5e9-afd76ecd0000,Haaretz,Avner Gvaryahu,2026-10-05T21:51:48,2026-10-05 23:49:17.730242,https://www.haaretz.com/opinion/2026-10-06/ty-article-opinion/.premium/the-idf-denied-a-200-death-threshold-in-gaza-but-what-exactly-did-it-not-deny/000001a1-0d82-dbcb-a5e9-afd76ecd0000
Ofer Winter's far-right party again fails to clear electoral threshold in poll,"Amcha Yisrael wins only about a seat and a half in Channel 12 News survey, after similar result in Kan poll; Eisenkot bloc holds steady but falls short of majority because some of its parties shun Arab parties",https://www.haaretz.com/israel-news/elections/2026-10-06/ty-article/.premium/ofer-winters-far-right-party-again-fails-to-clear-electoral-threshold-in-poll/000001a1-0e11-d502-ada5-bfd9b0a20001,Haaretz,Haaretz,2026-10-05T22:06:17,2026-10-05 23:49:17.730219,https://www.haaretz.com/israel-news/elections/2026-10-06/ty-article/.premium/ofer-winters-far-right-party-again-fails-to-clear-electoral-threshold-in-poll/000001a1-0e11-d502-ada5-bfd9b0a20001
"After Haaretz report, five Israeli police officers questioned on suspicion of kidnapping and beating Eilat man","Yadin White, 38, a member of the Hebrew Israelite community, was beaten by police in August after being taken to an isolated place and left there wounded",https://www.haaretz.com/israel-news/israel-crime/2026-10-06/ty-article/.premium/after-haaretz-report-five-israel-cops-quizzed-over-kidnap-beating-of-eilat-man/000001a1-0e21-d502-ada5-bfe99d5e0001,Haaretz,Eden Solomon,2026-10-05T22:24:45,2026-10-05 23:49:17.730196,https://www.haaretz.com/israel-news/israel-crime/2026-10-06/ty-article/.premium/after-haaretz-report-five-israel-cops-quizzed-over-kidnap-beating-of-eilat-man/000001a1-0e21-d502-ada5-bfe99d5e0001
October 7 culprits sit ashen faced but inwardly celebrate their own survival,The people responsible for allowing the Hamas massacre to happen sat in the row of dignitaries at Mount Herzl. Now they have a new fiasco to their names - one that nearly ended in disaster,https://www.haaretz.com/israel-news/israel-politics/2026-10-06/ty-article/.premium/october-7-culprits-sit-ashen-faced-but-inwardly-celebrate-their-own-survival/000001a1-0d81-dbcb-a5e9-afd5a58e0000,Haaretz,Yossi Verter,2026-10-05T22:52:43,2026-10-05 23:49:17.730168,https://www.haaretz.com/israel-news/israel-politics/2026-10-06/ty-article/.premium/october-7-culprits-sit-ashen-faced-but-inwardly-celebrate-their-own-survival/000001a1-0d81-dbcb-a5e9-afd5a58e0000
Yemeni Government Forces Drive Houthis From Bab el-Mandeb Strait,"Saudi-backed Yemeni government forces staged a lightning advance on Monday to retake the coast around the Bab el&#8211;Mandeb Strait up to the city of Mocha, the government said, pushing the Iran-backed Houthis...",https://www.algemeiner.com/2026/10/05/yemeni-government-forces-drive-houthis-bab-el-mandeb-strait/,Algemeiner,Reuters and Algemeiner Staff,2026-10-05T18:11:37,2026-10-05 23:49:13.098497,https://www.algemeiner.com/?p=780709
Man Who Planned Attack on Israeli Embassy in London Jailed for at Least 20 Years,A Kuwaiti man who tried to enter Israel&#8217;s embassy in London armed with two knives and carrying a &#8220;martyrdom note&#8221; was sentenced to life in prison on...,https://www.algemeiner.com/2026/10/05/man-who-planned-attack-israeli-embassy-london-jailed-at-least-20-years/,Algemeiner,Reuters and Algemeiner Staff,2026-10-05T18:14:55,2026-10-05 23:49:13.098474,https://www.algemeiner.com/?p=780712
"Co-Pilot Planned Flydubai Attack Before Joining Airline, Two Israeli Officials Say",The flydubai co&#8211;pilot who stabbed his captain in a suspected attempt to crash the plane has told UAE interrogators he planned the attack before he was hired by...,https://www.algemeiner.com/2026/10/05/co-pilot-planned-flydubai-attack-before-joining-airline-two-israeli-officials-say/,Algemeiner,Reuters and Algemeiner Staff,2026-10-05T18:19:53,2026-10-05 23:49:13.098451,https://www.algemeiner.com/?p=780714
Israel-Ireland Nations League Match Gets Hostile Before Irish Manager Calls for Teams to Be Separated,The manager of the Republic of Ireland national soccer team said the UEFA should keep his club away from Israel&#8217;s...,https://www.algemeiner.com/2026/10/05/israel-ireland-nations-league-match-gets-hostile-before-irish-manager-calls-teams-separated/,Algemeiner,Shiryn Ghermezian,2026-10-05T18:25:08,2026-10-05 23:49:13.098427,https://www.algemeiner.com/?p=780687
"Selma Blair Announces Documentary About Antisemitism, Recounts Being Canceled in Hollywood",Jewish actress Selma Blair announced on Thursday that she is making a documentary about antisemitism and talked about the fallout...,https://www.algemeiner.com/2026/10/05/selma-blair-announces-documentary-antisemitism-recounts-canceled-hollywood/,Algemeiner,Shiryn Ghermezian,2026-10-05T18:34:16,2026-10-05 23:49:13.098406,https://www.algemeiner.com/?p=780695
US Sen. Chris Murphy Praises ‘Presence of American Universities in Qatar’ During Doha Trip,"US Sen. Chris Murphy (D-CT) has drawn scrutiny over his latest trip to Qatar, where the lawmaker showered the Gulf...",https://www.algemeiner.com/2026/10/05/us-sen-chris-murphy-praises-presence-american-universities-qatar-doha-trip/,Algemeiner,Corey Walker,2026-10-05T21:19:15,2026-10-05 23:49:13.098385,https://www.algemeiner.com/?p=780721
"Anti-Israel Groups Plan ‘Resistance’ Rally Outside NYC City Hall on Oct. 7, Accuse Mamdani of ‘Betrayal’","Anti-Israel activists are planning a &#8220;resistance&#8221; rally outside New York City Hall on Oct. 7, the third anniversary of the...",https://www.algemeiner.com/2026/10/05/anti-israel-groups-plan-resistance-rally-outside-nyc-city-hall-oct-7-accuse-mamdani-betrayal/,Algemeiner,Gabriel Ostrovsky,2026-10-05T21:26:16,2026-10-05 23:49:13.098363,https://www.algemeiner.com/?p=780725
Jewish Groups Slam UK Greens’ ‘Zionism Is Racism’ Resolution as British Jews Face Increasingly Hostile Climate,Israeli leaders and Jewish organizations in Britain have reacted with fury to a UK Green Party resolution equating Zionism with...,https://www.algemeiner.com/2026/10/05/jewish-groups-slam-greens-zionism-racism-resolution-british-jews-face-increasingly-hostile-climate/,Algemeiner,Ailin Vilches Arguello,2026-10-05T21:35:22,2026-10-05 23:49:13.098339,https://www.algemeiner.com/?p=780722
"Flydubai Co-Pilot Reportedly Planned Israel Attack in ‘Revenge for Gaza,’ Wanted to Die a Martyr",New details from the interrogation of the Omani co-pilot accused of attempting to bring down a Flydubai flight to Israel...,https://www.algemeiner.com/2026/10/05/flydubai-co-pilot-reportedly-planned-israel-attack-revenge-gaza-wanted-die-martyr/,Algemeiner,Ailin Vilches Arguello,2026-10-05T21:53:58,2026-10-05 23:49:13.098308,https://www.algemeiner.com/?p=780737
"‘Feels like five minutes, 500 years,’ Rabbi Noah Farkas says of five years leading Federation in Los Angeles","“It was the first time where I felt part of something much greater than myself, part of a history,” the Plano, Texas, native told JNS of his first visit to Israel. “I felt grounded.”",https://www.jns.org/news/u-s-news/feels-like-five-minutes-500-years-rabbi-noah-farkas-says-of-five-years-leading-federation-in-los-angeles,JNS,Aaron Bandler,2026-10-05T18:11:42,2026-10-05 23:49:10.724674,https://www.jns.org/news/u-s-news/feels-like-five-minutes-500-years-rabbi-noah-farkas-says-of-five-years-leading-federation-in-los-angeles
From bin Laden to Hamas,The terrorist propaganda loophole tech platforms still haven’t closed.,https://www.jns.org/opinion/tal-or-cohen-montemayor/from-bin-laden-to-hamas,JNS,Gal Kadosh,2026-10-05T19:15:32,2026-10-05 23:49:10.724648,https://www.jns.org/opinion/tal-or-cohen-montemayor/from-bin-laden-to-hamas
Jewish public school students proactive ahead of Oct. 7 anniversary,"""Jewish students should never feel they have to hide who they are to get through Oct. 7,"" Sharon Sorkin of the North American Values Institute told JNS.",https://www.jns.org/news/u-s-news/jewish-public-school-students-proactive-ahead-of-oct-7-anniversary,JNS,Jessica Russak-Hoffman,2026-10-05T19:51:41,2026-10-05 23:49:10.724629,https://www.jns.org/news/u-s-news/jewish-public-school-students-proactive-ahead-of-oct-7-anniversary
London police won't ban Oct. 7 student marchers,"The Metropolitan Police defended a decision to allow an anti-Israel student march to continue on Oct. 7, despite calls from Jewish advocacy groups to ban it.",https://www.jns.org/news/world/london-police-wont-ban-oct-7-student-marchers,JNS,Jessica Russak-Hoffman,2026-10-05T19:58:22,2026-10-05 23:49:10.724607,https://www.jns.org/news/world/london-police-wont-ban-oct-7-student-marchers
"‘Orphan’ remains in the name, though the mission has evolved","“Now, funds go to Jewish Family Services, the kosher-food pantry, the Jewish day school, youth organizations, synagogue programs and college scholarships,” Dennis Feinberg, president of the Hebrew Orphans Society, tells JNS.",https://www.jns.org/orphan-remains-in-the-name-though-the-mission-has-evolved,JNS,Bill Motchan,2026-10-05T20:30:00,2026-10-05 23:49:10.724585,https://www.jns.org/orphan-remains-in-the-name-though-the-mission-has-evolved
"‘No democracy with food,’ says Israeli chef, as he brings Naked Tomato to Brooklyn","“For the first time in my life, I’m dividing the restaurant into two sections,” Eyal Shani told JNS. “I have to seduce people to see what’s inside without them feeling that they are going to spend a lot of money or a lot of their time.”",https://www.jns.org/feature/no-democracy-with-food-says-israeli-chef-as-he-brings-naked-tomato-to-brooklyn,JNS,Anna Rahmanan,2026-10-05T20:40:16,2026-10-05 23:49:10.724560,https://www.jns.org/feature/no-democracy-with-food-says-israeli-chef-as-he-brings-naked-tomato-to-brooklyn
"‘Putting my community ahead of my party,’ says Jewish Dem backing Lawler","The GOP congressman “stands with Israel, and he stands up to antisemitism,” Stacy Caridi said.",https://www.jns.org/news/u-s-news/putting-my-community-ahead-of-my-party-says-jewish-dem-backing-lawler,JNS,Rikki Zagelbaum,2026-10-05T20:55:45,2026-10-05 23:49:10.724532,https://www.jns.org/news/u-s-news/putting-my-community-ahead-of-my-party-says-jewish-dem-backing-lawler
"Before Bondi Beach massacre, warnings about Jew-hatred ‘fell on deaf ears’ in Australia, Kaploun says","“In many of the countries that have Holocaust envoys or antisemitism envoys, you have to empower them to be able to do something to be effective,” the U.S. special envoy on Jew-hatred told reporters. “You can’t neuter them.”",https://www.jns.org/news/u-s-news/before-bondi-beach-massacre-warnings-about-jew-hatred-fell-on-deaf-ears-in-australia-kaploun-says,JNS,Mike Wagenheim,2026-10-05T20:58:18,2026-10-05 23:49:10.724509,https://www.jns.org/news/u-s-news/before-bondi-beach-massacre-warnings-about-jew-hatred-fell-on-deaf-ears-in-australia-kaploun-says
Tlaib urges Whitmer to block Israeli defense company’s Michigan expansion,The Michigan Democrat says Capture Systems has “no place” in the state and should not receive public funding for its planned Sterling Heights facility.,https://www.jns.org/news/u-s-news/tlaib-urges-whitmer-to-block-israeli-defense-companys-michigan-expansion,JNS,,2026-10-05T21:00:20,2026-10-05 23:49:10.724479,https://www.jns.org/news/u-s-news/tlaib-urges-whitmer-to-block-israeli-defense-companys-michigan-expansion
The curse of dust,Effort and achievement are what make life satisfying.,https://www.jns.org/opinion/column/rabbi-yossy-goldman/the-curse-of-dust,JNS,Rabbi Yossy Goldman,2026-10-05T22:00:00,2026-10-05 23:49:10.724444,https://www.jns.org/opinion/column/rabbi-yossy-goldman/the-curse-of-dust
What do Germans talk about when they talk about antisemitism?,"In today’s Germany, an accusation of antisemitism can end careers, shutter institutions and put political alliances beyond consideration. That gravity is understandable in the country responsible for the Holocaust. What has become less clear, particularly since the Hamas-led attacks on southern Israel on Oct. 7, 2023, and the ensuing war in Gaza, is what Germans... The post What do Germans talk about when they talk about antisemitism? appeared first on The Forward .",https://forward.com/opinion/853877/die-linke-leftist-democratic-socialist-israel-jewish-berlin-afd/,The Forward,A.J. Goldmann,2026-10-05T18:25:54,2026-10-05 23:49:03.771197,https://forward.com/?p=853877
"Swastikas, racist slurs painted on a playground and a golf course outside Philadelphia","The police were still there when neighbors arrived to clean up the Philadelphia playground where vandals had struck. They had come to a playground in Abington Township, just outside Philadelphia, on Saturday morning with cleaning supplies. Officers had been called and were still collecting evidence from the swastikas that someone had spray-painted on the playground... The post Swastikas, racist slurs painted on a playground and a golf course outside Philadelphia appeared first on The Forward .",https://forward.com/news/853895/swastikas-abington-township-playground-yardley-golf-course-jewish-school/,The Forward,Benyamin Cohen,2026-10-05T19:51:33,2026-10-05 23:49:03.771160,https://forward.com/?p=853895
The new U.S. passport design is fueling a Star of David conspiracy theory. Here’s what’s really there.,"When Secretary of State Marco Rubio unveiled a new U.S. passport design last week, online sleuths zeroed in on a curious detail: “Is that the star of david???” one TikTok user commented on a video of Rubio showing off the document’s revamped look. “Why do we rock the Star of David on American passports?” asked... The post The new U.S. passport design is fueling a Star of David conspiracy theory. Here’s what’s really there. appeared first on The Forward .",https://forward.com/news/853916/us-passport-star-of-david-conspiracy/,The Forward,Hannah Feuer,2026-10-05T20:19:12,2026-10-05 23:49:03.771123,https://forward.com/?p=853916
From ‘false flag’ to ‘Bibiwood’: flydubai attack spawns conspiracy theories,"(JTA) — JERUSALEM – A young girl steps out of the bathroom on a flight and glimpses a bloody scene unfolding in the cockpit: the co-pilot is attacking the pilot with an axe. She screams for help. A handful of unarmed passengers, still tanned from their vacations in Thailand, rushes by her, successfully grabbing the... The post From ‘false flag’ to ‘Bibiwood’: flydubai attack spawns conspiracy theories appeared first on The Forward .",https://forward.com/fast-forward/853889/from-false-flag-to-bibiwood-flydubai-attack-spawns-conspiracy-theories/,The Forward,Ruth Eglash,2026-10-05T22:42:09,2026-10-05 23:49:03.771076,https://forward.com/?p=853889
Antisemitic flyers turn up in Ontario neighborhood where a man charged at a synagogue two weeks ago,"(JTA) — Police in the Ontario town where a gunman charged the Sons of Jacob synagogue on Yom Kippur are investigating antisemitic flyers distributed around the synagogue’s neighborhood.. In an Oct. 1 press release, Belleville, Ontario, police encouraged those with tips or video evidence to contact police. “We recognize that incidents such as this can... The post Antisemitic flyers turn up in Ontario neighborhood where a man charged at a synagogue two weeks ago appeared first on The Forward .",https://forward.com/fast-forward/853973/antisemitic-flyers-turn-up-in-ontario-neighborhood-where-a-man-charged-at-a-synagogue-two-weeks-ago/,The Forward,Emma Paidra,2026-10-05T22:43:10,2026-10-05 23:49:03.771029,https://forward.com/?p=853973
From ‘false flag’ to ‘Bibiwood’: flydubai attack spawns conspiracy theories,"Comments across social media, some derived from antisemitism, are fueling more hatred and mistrust. -- The post From ‘false flag’ to ‘Bibiwood’: flydubai attack spawns conspiracy theories appeared first on Jewish Telegraphic Agency .",https://www.jta.org/2026/10/05/israel/from-false-flag-to-bibiwood-flydubai-attack-spawns-conspiracy-theories,JTA,Ruth Eglash,2026-10-05T18:39:22,2026-10-05 23:49:01.168219,https://www.jta.org/?p=1909563
Oct. 7 made it impossible to ignore what’s missing from Israel education,"The post-war discourse exposed the limits of a one-dimensional Israel education, writes the co-developer of a new framework. -- The post Oct. 7 made it impossible to ignore what’s missing from Israel education appeared first on Jewish Telegraphic Agency .",https://www.jta.org/2026/10/05/ideas/oct-7-made-it-impossible-to-ignore-whats-missing-from-israel-education,JTA,Rabbi Dena Klein,2026-10-05T19:22:02,2026-10-05 23:49:01.168189,https://www.jta.org/?p=1909570
Letitia James challenger met with Black Hebrew Israelite group,"Plus, the NYC public school system will investigate a teacher who reportedly praised late Hamas leader Yahya Sinwar. -- The post Letitia James challenger met with Black Hebrew Israelite group appeared first on Jewish Telegraphic Agency .",https://www.jta.org/2026/10/05/ny/letitia-james-challenger-met-with-black-hebrew-israelite-group,JTA,New York Jewish Week Staff,2026-10-05T21:00:23,2026-10-05 23:49:01.168158,https://www.jta.org/?p=1909593
Antisemitic flyers found in the Ontario neighborhood where a man fired near a synagogue on Yom Kippur,Police are asking for tips about the flyers found near the Sons of Jacob synagogue in Belleville. -- The post Antisemitic flyers found in the Ontario neighborhood where a man fired near a synagogue on Yom Kippur appeared first on Jewish Telegraphic Agency .,https://www.jta.org/2026/10/05/global/antisemitic-flyers-turn-up-in-ontario-neighborhood-where-a-man-charged-at-a-synagogue-two-weeks-ago,JTA,Emma Paidra,2026-10-05T21:14:50,2026-10-05 23:49:01.168130,https://www.jta.org/?p=1909600
"‘Remember 7.10.23’: In Israel, Hostage Square bears few remnants of a national crisis – but trauma lingers","Israelis grapple with the effects of the worst attack in the country’s history, and fears that another could occur. -- The post ‘Remember 7.10.23’: In Israel, Hostage Square bears few remnants of a national crisis – but trauma lingers appeared first on Jewish Telegraphic Agency .",https://www.jta.org/2026/10/05/israel/remember-7-10-23-in-israel-hostage-square-bears-few-remnants-of-a-national-crisis-but-trauma-lingers,JTA,Michele Chabin,2026-10-05T22:41:23,2026-10-05 23:49:01.168090,https://www.jta.org/?p=1909565
The sexual harassment case that rocked Hebrew University ends in tragedy,"For three years, the university dragged out its handling of German doctoral student Johanna Steinmeyer's complaint that she had been sexually abused by her adviser, Prof. Karim Adiprasito. She died between the verdict and the appeal",https://www.haaretz.com/israel-news/2026-10-05/ty-article-magazine/.premium/the-sexual-harassment-case-that-rocked-hebrew-university-ends-in-tragedy/000001a1-078c-db73-ada5-5fcd87d40000,Haaretz,Lior Dattel,2026-10-05T08:30:41,2026-10-05 18:00:00.798663,https://www.haaretz.com/israel-news/2026-10-05/ty-article-magazine/.premium/the-sexual-harassment-case-that-rocked-hebrew-university-ends-in-tragedy/000001a1-078c-db73-ada5-5fcd87d40000
Israeli official in charge of screening foreign airline crews has a second job,"Avraham Cohen, the senior Transportation Ministry official responsible for screening foreign airline crews, also holds a separate paid job as an aviation security officer for Israeli airlines abroad",https://www.haaretz.com/israel-news/israel-security/2026-10-05/ty-article/.premium/senior-official-overseeing-aviation-security-holds-second-job-abroad/000001a1-07ee-dc0c-a5ff-57eff3c10000,Haaretz,Michael Hauser Tov,2026-10-05T08:49:55,2026-10-05 18:00:00.798647,https://www.haaretz.com/israel-news/israel-security/2026-10-05/ty-article/.premium/senior-official-overseeing-aviation-security-holds-second-job-abroad/000001a1-07ee-dc0c-a5ff-57eff3c10000
Saudi-backed Yemeni government launches major offensive to retake Houthi-held territory,The announcement comes after Houthi drones and ballistic missiles hit Saudi Arabia's Aramco ⁠facility on Saturday. The Yemeni president said the offensive would proceed until 'the country is liberated from the grip of ‌the terrorist militia',https://www.haaretz.com/middle-east-news/2026-10-05/ty-article/saudi-backed-yemeni-government-launches-military-campaign-against-houthis/000001a1-0ae5-dfcd-a1a5-aaefe5190000,Haaretz,Reuters,2026-10-05T08:55:52,2026-10-05 18:00:00.798632,https://www.haaretz.com/middle-east-news/2026-10-05/ty-article/saudi-backed-yemeni-government-launches-military-campaign-against-houthis/000001a1-0ae5-dfcd-a1a5-aaefe5190000
"Netanyahu rivals draw 'direct line' between flydubai, October 7 failures","Netanyahu's main election rival, Gadi Eisenkot, called for the Transportation Minister's resignation as opposition leaders compared the flydubai failures to October 7, demanding an investigation into the security lapses",https://www.haaretz.com/israel-news/2026-10-05/ty-article/.premium/netanyahu-rivals-draw-direct-line-between-flydubai-october-7-failures/000001a1-0af9-dff9-a3b3-cffdb0ff0000,Haaretz,Ben Kroll,2026-10-05T09:03:31,2026-10-05 18:00:00.798612,https://www.haaretz.com/israel-news/2026-10-05/ty-article/.premium/netanyahu-rivals-draw-direct-line-between-flydubai-october-7-failures/000001a1-0af9-dff9-a3b3-cffdb0ff0000
A Torah dance at Nova: 'Not on this sacred ground. It's dancing on the blood',"With blaring music and Torah scrolls, mostly teenage Jewish revelers gathered Saturday night at the Nova massacre site near the Gaza border to celebrate Simhat Torah, despite opposition from October 7 families",https://www.haaretz.com/israel-news/2026-10-05/ty-article-magazine/.premium/torah-dance-at-the-nova-site-its-like-dancing-on-the-blood-of-the-murdered/000001a1-0666-dd79-ade5-e7e6028e0000,Haaretz,Yair Foldes,2026-10-05T09:07:36,2026-10-05 18:00:00.798596,https://www.haaretz.com/israel-news/2026-10-05/ty-article-magazine/.premium/torah-dance-at-the-nova-site-its-like-dancing-on-the-blood-of-the-murdered/000001a1-0666-dd79-ade5-e7e6028e0000
'The fact that Hebrew University is still ranked among the world's 100 best is a miracle',"Hebrew University President Tamir Sheafer explains how he plans to navigate the crises facing Israeli academia, from funding cuts and an international boycott to a growing exodus of researchers",https://www.haaretz.com/israel-news/2026-10-05/ty-article-magazine/.premium/the-fact-that-hebrew-uni-is-still-ranked-among-worlds-100-best-is-a-miracle/000001a1-06c2-d21b-a9a7-4ed7d5560000,Haaretz,Meirav Arlosoroff,2026-10-05T09:39:48,2026-10-05 18:00:00.798580,https://www.haaretz.com/israel-news/2026-10-05/ty-article-magazine/.premium/the-fact-that-hebrew-uni-is-still-ranked-among-worlds-100-best-is-a-miracle/000001a1-06c2-d21b-a9a7-4ed7d5560000
How the flydubai midair attack gave Netanyahu an election boost,,https://www.haaretz.com/israel-news/podcasts/2026-10-05/ty-article-podcast/how-the-flydubai-midair-attack-gave-netanyahu-an-election-boost/000001a1-0ae2-dca1-afb9-3aeac0720000,Haaretz,Haaretz Podcast,2026-10-05T10:13:05,2026-10-05 18:00:00.798565,https://www.haaretz.com/israel-news/podcasts/2026-10-05/ty-article-podcast/how-the-flydubai-midair-attack-gave-netanyahu-an-election-boost/000001a1-0ae2-dca1-afb9-3aeac0720000
Israeli professor indicted for plotting mass-casualty terror attacks on Arabs and Palestinians,"According to the indictment, the Bar Ilan University Math lecturer planned to lead 12 terror cells that would target Arab communities across Israel. He allegedly tried to extort far-right Knesset candidate Moshe Feiglin into joining his plan",https://www.haaretz.com/israel-news/israel-security/2026-10-05/ty-article/.premium/israeli-professor-indicted-for-plotting-mass-casualty-terror-attacks-on-arabs/000001a1-0b67-da41-a5ed-ab67f04c0000,Haaretz,Yair Foldes,2026-10-05T10:15:16,2026-10-05 18:00:00.798551,https://www.haaretz.com/israel-news/israel-security/2026-10-05/ty-article/.premium/israeli-professor-indicted-for-plotting-mass-casualty-terror-attacks-on-arabs/000001a1-0b67-da41-a5ed-ab67f04c0000
"At a crucial and defining moment, Israel's Democrats made a dangerous mistake",A party that champions Jewish-Arab equality and partnership cannot honor that commitment only when it carries no political cost. The vote to bar Sami Abu Shehadeh revealed what the Democrats' promises are worth when they become inconvenient,https://www.haaretz.com/opinion/2026-10-05/ty-article-opinion/.premium/at-a-crucial-and-defining-moment-israels-democrats-made-a-dangerous-mistake/000001a1-0ba0-d4b5-afff-afaa8cf20000,Haaretz,Danit Schinagel,2026-10-05T10:52:11,2026-10-05 18:00:00.798535,https://www.haaretz.com/opinion/2026-10-05/ty-article-opinion/.premium/at-a-crucial-and-defining-moment-israels-democrats-made-a-dangerous-mistake/000001a1-0ba0-d4b5-afff-afaa8cf20000
Ireland's head soccer coach asks to prevent future matches against Israel,"After two politically charged matches, Ireland coach Heimir Hallgrímsson urged UEFA to keep the teams apart, citing strong Irish support for Palestine and saying he 'would not wish' another country to endure a similar two weeks against Israel",https://www.haaretz.com/world-news/europe/2026-10-05/ty-article/.premium/irelands-head-soccer-coach-asks-to-prevent-future-matches-against-israel/000001a1-0bd4-dbcb-a5e9-afd5c19e0000,Haaretz,Ben Kroll,2026-10-05T11:46:03,2026-10-05 18:00:00.798518,https://www.haaretz.com/world-news/europe/2026-10-05/ty-article/.premium/irelands-head-soccer-coach-asks-to-prevent-future-matches-against-israel/000001a1-0bd4-dbcb-a5e9-afd5c19e0000
Australia probes possible radicalization of co-pilot in flydubai flight to Israel,"Australian public broadcaster ABC reported that a probe is being conducted by a multi-agency effort to determine whether the pilot, Hamam al-Hammami, was radicalized while studying in the country between 2015 and 2017",https://www.haaretz.com/world-news/asia-and-australia/2026-10-05/ty-article/.premium/australia-probes-possible-radicalization-of-co-pilot-in-flydubai-flight/000001a1-0bd8-da81-abf3-dbda68e50000,Haaretz,Ben Kroll,2026-10-05T12:27:54,2026-10-05 18:00:00.798499,https://www.haaretz.com/world-news/asia-and-australia/2026-10-05/ty-article/.premium/australia-probes-possible-radicalization-of-co-pilot-in-flydubai-flight/000001a1-0bd8-da81-abf3-dbda68e50000
Israeli religious school officials join right-wing election drive despite ban on party activity,Heads of major religious Zionist education networks joined a right-wing political initiative despite a law barring political affiliation by state education streams. The networks receive hundreds of millions of shekels in public funding,https://www.haaretz.com/israel-news/elections/2026-10-05/ty-article/.premium/israeli-education-officials-unlawfully-join-campaign-for-right-wing-parties/000001a1-0b22-d756-a5ff-8b7e45500000,Haaretz,Lior Dattel,2026-10-05T12:50:13,2026-10-05 18:00:00.798481,https://www.haaretz.com/israel-news/elections/2026-10-05/ty-article/.premium/israeli-education-officials-unlawfully-join-campaign-for-right-wing-parties/000001a1-0b22-d756-a5ff-8b7e45500000
The U.S. wants to sell Israel $2 billion in military vehicles. But does Israel still want them?,"Israel ordered 400 JLTVs from the U.S. early in the Gaza war, but deploying them required special driver training and modifications for special units. Now the $2 billion follow-up order the Americans are expecting is in question",https://www.haaretz.com/israel-news/israel-security/2026-10-05/ty-article/.premium/u-s-wants-to-sell-israel-2b-in-military-vehicles-does-israel-still-want-them/000001a1-0c06-da81-abf3-dcc6a45b0000,Haaretz,Hagai Amit,2026-10-05T12:50:19,2026-10-05 18:00:00.798465,https://www.haaretz.com/israel-news/israel-security/2026-10-05/ty-article/.premium/u-s-wants-to-sell-israel-2b-in-military-vehicles-does-israel-still-want-them/000001a1-0c06-da81-abf3-dcc6a45b0000
'I'm an anti-Zionist Jew and I'm very upset': Jews in U.K. Greens weigh costs of 'Zionism is Racism' motion,"The controversial policy has exposed divisions within the Greens, with even anti-Zionist members questioning its implications for Jewish membership and whether an ideological victory could become an electoral liability",https://www.haaretz.com/world-news/2026-10-05/ty-article-magazine/.premium/jews-in-u-k-greens-weigh-political-cost-of-zionism-is-racism-motion/000001a1-0bcc-d94f-a9fd-cbef4e100000,Haaretz,Daniella Peled,2026-10-05T13:28:47,2026-10-05 18:00:00.798449,https://www.haaretz.com/world-news/2026-10-05/ty-article-magazine/.premium/jews-in-u-k-greens-weigh-political-cost-of-zionism-is-racism-motion/000001a1-0bcc-d94f-a9fd-cbef4e100000
IDF apprehends two suspects in southern Syria after second attempted infiltration in 24 hours,An IDF probe found that all three suspects shot at by troops over the past day were unarmed and had approached Israeli military posts from deeper inside Syria,https://www.haaretz.com/israel-news/israel-security/2026-10-05/ty-article/.premium/idf-shoots-at-detains-two-suspects-approaching-southern-syria-security-zone/000001a1-0c4e-d67d-a9bf-8eff56bd0000,Haaretz,Yaniv Kubovich,2026-10-05T13:48:16,2026-10-05 18:00:00.798433,https://www.haaretz.com/israel-news/israel-security/2026-10-05/ty-article/.premium/idf-shoots-at-detains-two-suspects-approaching-southern-syria-security-zone/000001a1-0c4e-d67d-a9bf-8eff56bd0000
"Palestinian killed, two wounded after IDF opens fire in alleged West Bank ramming attack",The IDF said a vehicle accelerated toward troops and rammed a military vehicle near the Palestinian town of Bani Na'im; the Palestinian Red Crescent said soldiers prevented its teams from reaching the scene,https://www.haaretz.com/west-bank/2026-10-05/ty-article/.premium/palestinian-killed-two-wounded-in-alleged-west-bank-ramming-attack/000001a1-0c1c-d67d-a9bf-8ebf57870000,Haaretz,Matan Golan,2026-10-05T14:06:08,2026-10-05 18:00:00.798418,https://www.haaretz.com/west-bank/2026-10-05/ty-article/.premium/palestinian-killed-two-wounded-in-alleged-west-bank-ramming-attack/000001a1-0c1c-d67d-a9bf-8ebf57870000
"Flydubai co-pilot planned attack before joining airline, Israeli officials say","The Omani co-pilot told UAE interrogators he sought work at an airline flying to Tel Aviv and had planned to crash an earlier flight to Israel before abandoning the attempt, sources said",https://www.haaretz.com/israel-news/israel-security/2026-10-05/ty-article/flydubai-co-pilot-planned-attack-before-joining-airline-israeli-officials-say/000001a1-0ae6-dc0c-a5ff-5ae786760000,Haaretz,Reuters,2026-10-05T14:51:20,2026-10-05 18:00:00.798401,https://www.haaretz.com/israel-news/israel-security/2026-10-05/ty-article/flydubai-co-pilot-planned-attack-before-joining-airline-israeli-officials-say/000001a1-0ae6-dc0c-a5ff-5ae786760000
Speak truth to power or stay in power? Abu Shehadeh's withdrawal leaves Palestinians with a political dilemma,"The Balad party leader's choice to withdraw rather than be officially barred by the Supreme Court is seen as a strategic win by some, while critics say it sets a dangerous precedent for future Arab politicians",https://www.haaretz.com/israel-news/elections/2026-10-05/ty-article-magazine/.premium/abu-shehadehs-withdrawal-leaves-palestinians-with-a-political-dilemma/000001a1-0c28-dbcb-a5e9-aefdf26f0000,Haaretz,Nagham Zbeedat,2026-10-05T15:55:03,2026-10-05 18:00:00.798385,https://www.haaretz.com/israel-news/elections/2026-10-05/ty-article-magazine/.premium/abu-shehadehs-withdrawal-leaves-palestinians-with-a-political-dilemma/000001a1-0c28-dbcb-a5e9-aefdf26f0000
Man who planned terror attack on London's Israeli embassy jailed for at least 20 years,"Abdullah Albadri, 34, attempted to breach the Israeli Embassy's perimeter in west London in April 2025 before being stopped by armed police. Prosecutors said he intended to attack the embassy in revenge for Israel's actions in Gaza",https://www.haaretz.com/world-news/europe/2026-10-05/ty-article/man-who-planned-attack-on-londons-israeli-embassy-jailed-for-at-least-20-years/000001a1-0c99-d502-ada5-bdd93b710000,Haaretz,Reuters,2026-10-05T16:15:22,2026-10-05 18:00:00.798368,https://www.haaretz.com/world-news/europe/2026-10-05/ty-article/man-who-planned-attack-on-londons-israeli-embassy-jailed-for-at-least-20-years/000001a1-0c99-d502-ada5-bdd93b710000
Netanyahu's worst tricks may offer something surprising: A glimmer of hope,Look (really closely) at the numbers and there are upsides for the anti-Netanyahu camp - even in fearmongering and the campaign against Arab parties,https://www.haaretz.com/israel-news/elections/2026-10-05/ty-article-magazine/.premium/netanyahus-worst-tricks-may-offer-something-surprising-a-glimmer-of-hope/000001a1-0ca6-d67d-a9bf-8eb7fb110000,Haaretz,Dahlia Scheindlin,2026-10-05T17:15:19,2026-10-05 18:00:00.798351,https://www.haaretz.com/israel-news/elections/2026-10-05/ty-article-magazine/.premium/netanyahus-worst-tricks-may-offer-something-surprising-a-glimmer-of-hope/000001a1-0ca6-d67d-a9bf-8eb7fb110000
Report: U.S. withdraws B-1 bombers from U.K. base after suspected terror attack plot,The Pentagon confirmed to The Wall Street Journal that all U.S. bombers based at RAF Fairford have been redeployed to the U.S. The move follows the arrest of six suspects last week on suspicion of plotting an attack against the U.S.-run base,https://www.haaretz.com/middle-east-news/iran/2026-10-05/ty-article/report-u-s-withdraws-b-1-bombers-from-u-k-base-after-suspected-terror-plot/000001a1-0b44-d441-aff5-1b4e0ac80000,Haaretz,Haaretz,2026-10-05T17:48:54,2026-10-05 18:00:00.798331,https://www.haaretz.com/middle-east-news/iran/2026-10-05/ty-article/report-u-s-withdraws-b-1-bombers-from-u-k-base-after-suspected-terror-plot/000001a1-0b44-d441-aff5-1b4e0ac80000
A Tree Severed from Its Roots - Israel killed my aunt’s four children. How are we supposed to survive such consuming grief?,,https://jewishcurrents.org/a-tree-severed-from-its-roots,Jewish Currents,Abdullah Hany Daher,2026-10-05T10:00:00,2026-10-05 17:59:58.459495,https://jewishcurrents.org/a-tree-severed-from-its-roots
Ruling Palestinian Party in West Bank Says It Has Never Recognized Israel,"One of the most embarrassing condemnations a Palestinian can level at the Palestinian Authority (PA) and its main party, Fatah,...",https://www.algemeiner.com/2026/10/05/ruling-palestinian-party-west-bank-says-never-recognized-israel/,Algemeiner,Itamar Marcus,2026-10-05T17:13:59,2026-10-05 17:59:56.135082,https://www.algemeiner.com/?p=780679
"Hezbollah Also Terrorizes Lebanese Civilians, but the Media Paints a Different Story","Context matters in journalism. Inverting the cause and effect of the subject in a story, or omitting the cause of...",https://www.algemeiner.com/2026/10/05/hezbollah-also-terrorizes-lebanese-civilians-but-the-media-paints-a-different-story/,Algemeiner,Aaron Goren,2026-10-05T17:32:20,2026-10-05 17:59:56.135066,https://www.algemeiner.com/?p=780684
Israel Must Choose Its Communications Battles Wisely and Carefully,"At nursing school, I learned something that has stayed with me for decades: It is impossible not to communicate. Even...",https://www.algemeiner.com/2026/10/05/israel-must-choose-communications-battles-wisely-carefully/,Algemeiner,Sabine Sterk,2026-10-05T17:49:00,2026-10-05 17:59:56.135050,https://www.algemeiner.com/?p=780668
Why the Recent Airplane Attack Against Israel Is Also an Inspiration,"Unless you&#8217;re completely avoiding the news, you already know that Israeli passengers defeated a hijacking attempt on board flydubai flight FZ1073. The mood...",https://www.algemeiner.com/2026/10/05/why-recent-airplane-attack-against-israel-inspiration/,Algemeiner,Daniel Pomerantz,2026-10-05T17:56:16,2026-10-05 17:59:56.135028,https://www.algemeiner.com/?p=780672
"Flydubai attack, UK terror plot put Israel on high alert","“Jerusalem Minute” is your JNS weekly news briefing filmed in the JNS Media Hub in Jerusalem, the heart of where some of Israel’s biggest stories unfold. Hosted by Alex Traiman, JNS CEO and Jerusalem bureau chief, and Middle East correspondent Josh Hasten, the show delivers sharp, real-time analysis on the events shaping Israel and the Middle East. From Gaza to Lebanon to Iran’s regional aggression, U.S.-Israel diplomacy and domestic political turmoil, “Jerusalem Minute” offers an up-to-the-minute picture of what’s happening and why it matters. Bring an understanding of the history of the Middle East and insider perspectives, Traiman and Hasten unpack Israel’s most urgent developments. Each episode connects breaking news to the broader geopolitical landscape—examining how global decisions, regional tensions and media narratives impact Israel’s security and diplomacy. For anyone seeking a credible, fast-moving analysis of Israel news and Middle East affairs, “Jerusalem Minute” delivers context and clarity you won’t find anywhere else. See more at: @JNS_TV and subscribe to our YouTube channel.",https://www.jns.org/jns-tv/jlminute/flydubai-attack-uk-terror-plot-put-israel-on-high-alert,JNS,Josh Hasten,2026-10-05T08:43:14,2026-10-05 17:59:53.771995,https://www.jns.org/jns-tv/jlminute/flydubai-attack-uk-terror-plot-put-israel-on-high-alert
The battle for Haifa: Palestinians target a symbol of India-Israel ties,"Every year, the Indian military marks the 1918 Battle of Haifa, in which Indian cavalry captured the city from the Ottomans, and in recent years the event has become a symbol of the alliance with Israel.",https://www.jns.org/analysis/the-battle-for-haifa-palestinians-target-a-symbol-of-india-israel-ties,JNS,Oshrit Birvadker,2026-10-05T09:01:36,2026-10-05 17:59:53.771948,https://www.jns.org/analysis/the-battle-for-haifa-palestinians-target-a-symbol-of-india-israel-ties
"Netanyahu: While Oct. 7 is 'seared into us,' three years on, Israel 'stronger than ever’",The prime minister vowed there will be no Hamas rule in the Gaza Strip.,https://www.jns.org/news/israel-news/netanyahu-while-oct-7-seared-into-us-three-years-on-israel-stronger-than-ever,JNS,JNS Staff,2026-10-05T09:41:47,2026-10-05 17:59:53.771933,https://www.jns.org/news/israel-news/netanyahu-while-oct-7-seared-into-us-three-years-on-israel-stronger-than-ever
Pro-Israel Bolsonaro front-runner in Brazilian presidential election,The senator will face off against leftist incumbent Lula in a second round on Oct. 25.,https://www.jns.org/news/world/pro-israel-bolsonaro-front-runner-in-brazilian-presidential-election,JNS,Etgar Lefkovits,2026-10-05T10:25:31,2026-10-05 17:59:53.771919,https://www.jns.org/news/world/pro-israel-bolsonaro-front-runner-in-brazilian-presidential-election
IDF troops fire at car that rammed army vehicle in Judea,No Israeli security personnel were hurt.,https://www.jns.org/news/israel-news/idf-troops-fire-at-car-that-rammed-army-vehicle-in-judea,JNS,JNS Staff,2026-10-05T10:33:14,2026-10-05 17:59:53.771905,https://www.jns.org/news/israel-news/idf-troops-fire-at-car-that-rammed-army-vehicle-in-judea
Samoan PM apologizes for resurfaced ‘Heil Hitler’ video,Laʻauli Leuatea Schmidt has promised to open an embassy in Jerusalem by the end of the year.,https://www.jns.org/news/world/samoan-pm-apologizes-for-resurfaced-heil-hitler-video,JNS,JNS Staff,2026-10-05T11:09:59,2026-10-05 17:59:53.771893,https://www.jns.org/news/world/samoan-pm-apologizes-for-resurfaced-heil-hitler-video
Feiglin says he reported threats from university lecturer accused of plotting attacks on Israeli Arabs,"The former MK called for ""the full severity of the law"" to be imposed in the case.",https://www.jns.org/news/israel-news/hold-feiglin-says-he-reported-threats-from-lecturer-accused-of-plotting-attacks-on-israeli-arabs,JNS,JNS Staff,2026-10-05T11:58:11,2026-10-05 17:59:53.771879,https://www.jns.org/news/israel-news/hold-feiglin-says-he-reported-threats-from-lecturer-accused-of-plotting-attacks-on-israeli-arabs
Full text: Netanyahu addresses state memorial ceremony at Mount Herzl,"The Israeli premier honored fallen soldiers, hailed triumphs over Iranian-backed enemies and pledged ultimate victory during an address at the national site.",https://www.jns.org/news/israel-news/full-text-netanyahu-addresses-state-memorial-ceremony-at-mount-herzl,JNS,JNS Staff,2026-10-05T12:32:38,2026-10-05 17:59:53.771864,https://www.jns.org/news/israel-news/full-text-netanyahu-addresses-state-memorial-ceremony-at-mount-herzl
Sarah Rogers joins AFHU as Southeast region executive director,AFHU also promotes Alana Menitoff to the position of philanthropy officer for the Southeast region.,https://www.jns.org/wire/americanfriendsofthehebrewuniversity/sarah-rogers-joins-afhu-as-southeast-region-executive-director,JNS,,2026-10-05T12:41:42,2026-10-05 17:59:53.771849,https://www.jns.org/wire/americanfriendsofthehebrewuniversity/sarah-rogers-joins-afhu-as-southeast-region-executive-director
A vision for Israel’s future on the anniversary of Oct. 7,Taking stock of Israel’s current challenges and the campaign to demonize the Jewish people.,https://www.jns.org/opinion/gina-ross/a-vision-for-israels-future-on-the-anniversary-of-oct-7,JNS,Gina Ross,2026-10-05T13:30:00,2026-10-05 17:59:53.771834,https://www.jns.org/opinion/gina-ross/a-vision-for-israels-future-on-the-anniversary-of-oct-7
"'Always there, all year long,' Israeli combat paramedic says ahead of Oct. 7 anniversary","""In one hour, on Oct. 7, I saw more casualties than I saw for five years,"" Guy M. told JNS.",https://www.jns.org/news/israel-news/always-there-all-year-long-israeli-combat-paramedic-says-ahead-of-oct-7-anniversary,JNS,Jessica Russak-Hoffman,2026-10-05T14:45:57,2026-10-05 17:59:53.771820,https://www.jns.org/news/israel-news/always-there-all-year-long-israeli-combat-paramedic-says-ahead-of-oct-7-anniversary
Denver public school board gave investigators just a week to probe alleged Jew-hatred,The board’s vice president denies calling a Jewish board member a “Zionist b****.”,https://www.jns.org/news/u-s-news/denver-public-school-board-gave-investigators-just-a-week-to-probe-alleged-jew-hatred,JNS,Rebecca Szlechter,2026-10-05T15:02:01,2026-10-05 17:59:53.771805,https://www.jns.org/news/u-s-news/denver-public-school-board-gave-investigators-just-a-week-to-probe-alleged-jew-hatred
"Two years after Nasrallah, Hezbollah no longer sets the rules",Hezbollah must now weigh Israel’s response and Tehran’s interests before every move.,https://www.jns.org/opinion/eyal-dror/two-years-after-nasrallah-hezbollah-no-longer-sets-the-rules,JNS,Eyal Dror,2026-10-05T15:30:00,2026-10-05 17:59:53.771790,https://www.jns.org/opinion/eyal-dror/two-years-after-nasrallah-hezbollah-no-longer-sets-the-rules
"Three years post-Oct. 7, JDC continues to assist as Israelis still face the aftermath","“While the challenges remain immense, the strength and compassion we see every day give us hope for the future,” said JDC CEO Ariel Zwang.",https://www.jns.org/wire/jdc/three-years-post-oct-7-jdc-continues-to-assist-as-israelis-still-face-the-aftermath,JNS,,2026-10-05T16:15:00,2026-10-05 17:59:53.771775,https://www.jns.org/wire/jdc/three-years-post-oct-7-jdc-continues-to-assist-as-israelis-still-face-the-aftermath
Mamdani’s great antisemitism cover-up,"In the face of a hate defined by hypocrisy, the Jews must begin to make good trouble.",https://www.jns.org/opinion/column/benjamin-kerstein/mamdanis-great-antisemitism-cover-up,JNS,Benjamin Kerstein,2026-10-05T16:30:00,2026-10-05 17:59:53.771756,https://www.jns.org/opinion/column/benjamin-kerstein/mamdanis-great-antisemitism-cover-up
"On eve of Oct. 7 anniversary, UC Berkeley to host professor who said he was ‘with Hamas’","Mohamed Abdou, a former Columbia University professor who describes himself as a “Muslim anarchist,” is scheduled to address students virtually as part of his “Death to the Akademy” tour.",https://www.jns.org/news/u-s-news/on-eve-of-oct-7-anniversary-uc-berkeley-to-host-professor-who-said-he-was-with-hamas,JNS,Rikki Zagelbaum,2026-10-05T16:53:27,2026-10-05 17:59:53.771742,https://www.jns.org/news/u-s-news/on-eve-of-oct-7-anniversary-uc-berkeley-to-host-professor-who-said-he-was-with-hamas
The looming crisis no one in Israel is preparing for,A hostile Democratic administration will pile on sanction after sanction.,https://www.jns.org/opinion/amit-segal/the-looming-crisis-no-one-in-israel-is-preparing-for,JNS,Amit Segal,2026-10-05T17:30:00,2026-10-05 17:59:53.771717,https://www.jns.org/opinion/amit-segal/the-looming-crisis-no-one-in-israel-is-preparing-for
Country star Zach Bryan dons ‘Free Palestine’ shirt at Gillette Stadium,"(JTA) — Zach Bryan, one of the world’s most popular country artists, appeared onstage wearing a shirt that read “Free Palestine” on Saturday night at Gillette Stadium outside Boston. The venue was at the center of the dispute between stadium owner Robert Kraft and rapper Macklemore, who was blocked from performing there after Kraft objected... The post Country star Zach Bryan dons ‘Free Palestine’ shirt at Gillette Stadium appeared first on The Forward .",https://forward.com/fast-forward/853763/country-star-zach-bryan-dons-free-palestine-shirt-at-gillette-stadium/,The Forward,Derek Caney,2026-10-05T08:37:33,2026-10-05 17:59:46.942853,https://forward.com/?p=853763
The two ways to see Oct. 7 – and how they’ll influence the Israeli election,"There are two ways to look at the Oct. 7 attacks, and which way you do will determine, to a large degree, whether you want to see Israeli Prime Minister Benjamin Netanyahu survive the next election. The first view is that Oct. 7 proved the Israeli-Palestinian conflict cannot be solved. The second is that it... The post The two ways to see Oct. 7 – and how they’ll influence the Israeli election appeared first on The Forward .",https://forward.com/opinion/853769/october-7-hamas-gaza-netanyahu-israel-election/,The Forward,Dan Perry,2026-10-05T09:54:17,2026-10-05 17:59:46.942827,https://forward.com/?p=853769
Democratic socialists scored big primary wins. But that’s not the whole story.,"(JTA) — A string of U.S. House primary successes for democratic socialists, most of whom are sharp Israel critics, was hailed as a major shift in party politics over the course of the summer. But now that the primaries have concluded, a full picture of the results shows that the group’s victories were concentrated in... The post Democratic socialists scored big primary wins. But that’s not the whole story. appeared first on The Forward .",https://forward.com/fast-forward/853781/democratic-socialists-scored-big-primary-wins-but-thats-not-the-whole-story/,The Forward,Sharon Udasin,2026-10-05T10:50:09,2026-10-05 17:59:46.942802,https://forward.com/?p=853781
A town in the Alps that rescued Jews from the Nazis,"על-פּי צופֿאַל האָב איך הײַיאָר פֿאַרבראַכט עטלעכע טעג אין די פֿראַנצייזישע אַלפּן-בערג. די בילעטן זײַנען נישט געווען אַזוי טײַער, און „בוקינג“ האָט רעקאָמענדירט אַ דאָרף נישט ווײַט פֿון ניצע (ניס). דאָס דאָרף, סאַן-מאַרטען-וועזובי , איז פֿאַרשפּרייט אויף אַ באַרג אין דרום-פֿראַנקרײַך, און די קאָלירפֿולע הײַזער גיבן אָנצוהערן, אַז עס געפֿינט זיך נישט ווײַט פֿון דער... The post A town in the Alps that rescued Jews from the Nazis appeared first on The Forward .",https://forward.com/yiddish/853823/a-town-in-the-alps-that-rescued-jews-from-the-nazis/,The Forward,בני מער,2026-10-05T14:33:33,2026-10-05 17:59:46.942776,https://forward.com/?p=853823
Israel’s supreme court says Arab parties can run in Oct. 27 election,"(JTA) — TEL AVIV – Israel’s Supreme Court ruling upholding the right of Arab parties to run in the Oct. 27 election could make it more difficult for Prime Minister Benjamin Netanyahu to form a new coalition after the election. In a unanimous decision, the Supreme Court ruled on Friday that the Joint Arab List... The post Israel’s supreme court says Arab parties can run in Oct. 27 election appeared first on The Forward .",https://forward.com/fast-forward/853853/israels-supreme-court-says-arab-parties-can-run-in-oct-27-election/,The Forward,Tomer Almagor,2026-10-05T14:49:32,2026-10-05 17:59:46.942748,https://forward.com/?p=853853
Jewish federations are losing my generation — and future ones — over Israel and Netanyahu,"When my father Norm Gordon was six years old, the Jewish Federation of Cleveland helped rescue him. Recent immigrants from Poland, his parents were already living precariously when his mother died and his father gave him up. The Jewish Children’s Bureau, funded by the JFC, found a home for him and his brothers and kept... The post Jewish federations are losing my generation — and future ones — over Israel and Netanyahu appeared first on The Forward .",https://forward.com/opinion/852908/cleveland-jewish-federation-losing-donors-next-generation-israel-netanyahu/,The Forward,Austin Ratner,2026-10-05T17:59:29,2026-10-05 17:59:46.942716,https://forward.com/?p=852908
Democratic socialists scored big primary wins. But that’s not the whole story.,"DSA-backed candidates, sharp critics of Israel, made historic gains. But a closer look makes clear they’re not taking over the Democratic Party – so far. -- The post Democratic socialists scored big primary wins. But that’s not the whole story. appeared first on Jewish Telegraphic Agency .",https://www.jta.org/2026/10/05/politics/democratic-socialists-scored-big-primary-wins-but-thats-not-the-whole-story,JTA,Sharon Udasin,2026-10-05T10:22:04,2026-10-05 17:59:44.170531,https://www.jta.org/?p=1909011
Israel’s supreme court says Arab parties can run in Oct. 27 election,Balad party leader Sami Abu Shehadeh agreed to a request to withdraw from the race. -- The post Israel’s supreme court says Arab parties can run in Oct. 27 election appeared first on Jewish Telegraphic Agency .,https://www.jta.org/2026/10/05/israel/israels-supreme-court-says-arab-parties-can-run-in-oct-27-election,JTA,Tomer Almagor,2026-10-05T14:31:31,2026-10-05 17:59:44.170496,https://www.jta.org/?p=1909546
Stop measuring money. Start measuring impact,"There is an old organizational trap that affects businesses, governments and nonprofits alike: Once you have built the infrastructure to do something, you begin believing you should keep doing it. Jewish federations are not immune. Last month in eJewishPhilanthropy, Steven Windmueller offered an important challenge to the federation system, arguing that the model needs to... Read More The post Stop measuring money. Start measuring impact appeared first on eJewishPhilanthropy .",https://ejewishphilanthropy.com/stop-measuring-money-start-measuring-impact/,eJewish Philanthropy,Steve Rosenberg,2026-10-05T08:53:00,2026-10-05 17:59:41.908517,https://ejewishphilanthropy.com/?p=180747
The Emergent Strategy: Turning innovation into a discipline,"In eJewishPhilanthropy’s exclusive opinion column The 501(C) Suite, leading foundation executives share what they are working on and thinking about with the wider philanthropic field. For two decades, the Jim Joseph Foundation’s core grantmaking — what we call our Deliberate Strategy — has invested in an ecosystem of organizations that foster vibrant Jewish life. While these... Read More The post The Emergent Strategy: Turning innovation into a discipline appeared first on eJewishPhilanthropy .",https://ejewishphilanthropy.com/the-emergent-strategy-turning-innovation-into-a-discipline/,eJewish Philanthropy,Barry Finestone,2026-10-05T09:36:00,2026-10-05 17:59:41.908491,https://ejewishphilanthropy.com/?p=180725
What the new ‘Education Freedom’ tax credit guidelines mean for Jewish day schools,"With the Treasury Department’s release last week of the long-awaited proposed regulations on the new federal “Education Freedom Tax Credit,” set to take effect in January, major Jewish organizations are gearing up to use it to transform Jewish education in the United States. Unclear until now, one of the most significant elements of the guidelines... Read More The post What the new ‘Education Freedom’ tax credit guidelines mean for Jewish day schools appeared first on eJewishPhilanthropy .",https://ejewishphilanthropy.com/what-the-new-education-freedom-tax-credit-guidelines-mean-for-jewish-day-schools/,eJewish Philanthropy,Nira Dayanim,2026-10-05T12:41:34,2026-10-05 17:59:41.908463,https://ejewishphilanthropy.com/?p=180772
"British Jews, including on the left, rail against Green Party’s ‘Zionism is racism’ motion","British Jews are railing against a motion passed yesterday by the country’s far-left Green Party, declaring that “Zionism is racism” and calling for the establishment of a Palestinian state in place of Israel, with figures and organizations from across the political and religious spectrum decrying the resolution as a form of antisemitism. The motion, which... Read More The post British Jews, including on the left, rail against Green Party&#8217;s &#8216;Zionism is racism&#8217; motion appeared first on eJewishPhilanthropy .",https://ejewishphilanthropy.com/british-jews-including-on-the-left-rail-against-green-partys-zionism-is-racism-motion/,eJewish Philanthropy,Judah Ari Gross,2026-10-05T12:46:25,2026-10-05 17:59:41.908435,https://ejewishphilanthropy.com/?p=180770
"October Council kicks off a week of remembrance, demands to hold government accountable","TEL AVIV-JAFFA —More than 700 people — among them bereaved families and friends, former hostages and opposition lawmakers —attended the opening on Saturday evening of “The Space That Remains,” an exhibition at the Peres Center for Peace and Innovation in Jaffa organized by the October Council, a volunteer-run nonprofit founded by many bereaved families of... Read More The post October Council kicks off a week of remembrance, demands to hold government accountable appeared first on eJewishPhilanthropy .",https://ejewishphilanthropy.com/october-council-kicks-off-a-week-of-remembrance-demands-to-hold-government-accountable/,eJewish Philanthropy,Justin Hayet,2026-10-05T13:04:02,2026-10-05 17:59:41.908405,https://ejewishphilanthropy.com/?p=180771
Your Daily Phil: U.K. Jews fume as Greens adopt anti-Zionism,The post Your Daily Phil: U.K. Jews fume as Greens adopt anti-Zionism appeared first on eJewishPhilanthropy .,https://ejewishphilanthropy.com/your-daily-phil-u-k-jews-fume-as-greens-adopt-anti-zionism/,eJewish Philanthropy,Rachel Kohn,2026-10-05T14:57:10,2026-10-05 17:59:41.908368,https://ejewishphilanthropy.com/?p=180784
"Yemen appears set on a counter-Houthi offensive, but Saudi Arabia may yet turn to diplomacy","As Yemen's Saudi-backed forces announced a massive operation to take back Houthi-captured territory, Saudi Arabia fears its depleted air defenses may struggle to withstand renewed hostilities, and turns to Turkey and Pakistan for a potential way out",https://www.haaretz.com/middle-east-news/2026-10-05/ty-article/.premium/yemen-readies-a-counter-houthi-offensive-but-the-saudis-still-eye-diplomacy/000001a1-09a4-dc0c-a5ff-5ba7de6a0000,Haaretz,Zvi Bar'el,2026-10-05T03:09:40,2026-10-05 08:29:41.254814,https://www.haaretz.com/middle-east-news/2026-10-05/ty-article/.premium/yemen-readies-a-counter-houthi-offensive-but-the-saudis-still-eye-diplomacy/000001a1-09a4-dc0c-a5ff-5ba7de6a0000
The flydubai hijacking attempt once again exposes Netanyahu's penchant for negligence,"Netanyahu and his transportation minister, Miri Regev, bear responsibility for the failure of the flydubai flight. But to them, loyalty and cronyism are more important than mitigating security risks or, God forbid, taking responsibility",https://www.haaretz.com/opinion/editorial/2026-10-05/ty-article-opinion/the-flydubai-hijacking-attempt-exposes-netanyahus-penchant-for-negligence/000001a1-0854-dfcd-a1a5-aa5fc99d0000,Haaretz,Haaretz Editorial,2026-10-05T03:25:47,2026-10-05 08:29:41.254780,https://www.haaretz.com/opinion/editorial/2026-10-05/ty-article-opinion/the-flydubai-hijacking-attempt-exposes-netanyahus-penchant-for-negligence/000001a1-0854-dfcd-a1a5-aa5fc99d0000
"No one asked why my brother, an air force navigator, took his own life",Asaf Dagan was suffering from PTSD. Only after his death did my family learn how deeply planning strikes had affected him – and how little the military had tried to understand,https://www.haaretz.com/opinion/2026-10-05/ty-article-opinion/.premium/no-one-asked-why-my-brother-asaf-dagan-ended-his-life/000001a1-07e9-db73-ada5-5fe91fd20000,Haaretz,Inbal Dagan,2026-10-05T03:52:12,2026-10-05 08:29:41.254747,https://www.haaretz.com/opinion/2026-10-05/ty-article-opinion/.premium/no-one-asked-why-my-brother-asaf-dagan-ended-his-life/000001a1-07e9-db73-ada5-5fe91fd20000
Justice Amit's plea to Abu Shehadeh exposes a lack of moral courage at the court,"The Supreme Court hearing over Sami Abu Shehadeh's candidacy exposed a deeper crisis: Even justices opposed to his disqualification seemed afraid to say so, fearing the right's reaction",https://www.haaretz.com/opinion/2026-10-05/ty-article-opinion/.premium/justice-amits-plea-to-abu-shehadeh-shows-a-crisis-of-moral-courage-at-the-court/000001a1-07e8-dc0c-a5ff-57efecc90000,Haaretz,Odeh Bisharat,2026-10-05T04:06:42,2026-10-05 08:29:41.254709,https://www.haaretz.com/opinion/2026-10-05/ty-article-opinion/.premium/justice-amits-plea-to-abu-shehadeh-shows-a-crisis-of-moral-courage-at-the-court/000001a1-07e8-dc0c-a5ff-57efecc90000
State ceremonies and anti-government protests: Israel marks three years since October 7,"National flags were lowered to half-mast as Monday marks the official Israeli memorial date for October 7. Official state ceremonies will be held throughout Israel, with civil ceremonies, exhibitions and protests scheduled on Wednesday",https://www.haaretz.com/israel-news/2026-10-05/ty-article/.premium/state-ceremonies-and-protests-israel-marks-three-years-since-october-7/000001a1-0a8b-de5c-abaf-5b8f665f0000,Haaretz,Bar Peleg,2026-10-05T06:09:15,2026-10-05 08:29:41.254658,https://www.haaretz.com/israel-news/2026-10-05/ty-article/.premium/state-ceremonies-and-protests-israel-marks-three-years-since-october-7/000001a1-0a8b-de5c-abaf-5b8f665f0000
For the first time new far-right party falls below electoral threshold in poll,"For the first time since ex-IDF Brigadier Ofer Winter entered the race, his party is projected to fall short of the Knesset threshold. The poll also shows gains for several parties on both sides of the political divide, leaving the blocs nearly tied",https://www.haaretz.com/israel-news/elections/2026-10-05/ty-article/.premium/for-the-first-time-new-far-right-party-falls-below-electoral-threshold-in-poll/000001a1-087e-db73-ada5-5cff654e0000,Haaretz,Haaretz,2026-10-05T06:22:50,2026-10-05 08:29:41.254625,https://www.haaretz.com/israel-news/elections/2026-10-05/ty-article/.premium/for-the-first-time-new-far-right-party-falls-below-electoral-threshold-in-poll/000001a1-087e-db73-ada5-5cff654e0000
Brazil to hold runoff as Netanyahu ally Bolsonaro leads Lula in presidential vote,"The two candidates hold opposing views on Israel, with Lula calling Israel's war a 'genocide.' Bolsonaro vowed to move Brazil's embassy from Tel Aviv to Jerusalem within the first six months of his mandate",https://www.haaretz.com/world-news/americas/2026-10-05/ty-article/.premium/brazil-to-hold-runoff-elections-after-bolsonaro-edges-lula-with-47-of-vote/000001a1-0a8b-dff9-a3b3-cfaf932b0000,Haaretz,Reuters,2026-10-05T06:25:57,2026-10-05 08:29:41.254590,https://www.haaretz.com/world-news/americas/2026-10-05/ty-article/.premium/brazil-to-hold-runoff-elections-after-bolsonaro-edges-lula-with-47-of-vote/000001a1-0a8b-dff9-a3b3-cfaf932b0000
"Israel, UAE agree to resume Dubai flights after flydubai attack suspension",At least 10 flights will bring Israelis home from Dubai on Monday after Israel and the UAE resolved a dispute over security arrangements. The Shin Bet had demanded baggage scanners at the airport,https://www.haaretz.com/israel-news/israel-security/2026-10-05/ty-article/.premium/israel-uae-reach-security-deal-allowing-dubai-return-flights-to-resume/000001a1-085e-dc0c-a5ff-5adf5f6f0000,Haaretz,Yifat Reuven,2026-10-05T07:07:10,2026-10-05 08:29:41.254558,https://www.haaretz.com/israel-news/israel-security/2026-10-05/ty-article/.premium/israel-uae-reach-security-deal-allowing-dubai-return-flights-to-resume/000001a1-085e-dc0c-a5ff-5adf5f6f0000
They spent weeks identifying the dead after October 7. Some ended up in a psych ward,"The Israeli army tasked them with determining which bodies believed to be terrorists were actually dead Israeli soldiers and civilians. For weeks, they lived among the dead. Three years later, each had 'become one of the crazies,' as one puts it",https://www.haaretz.com/science-and-health/2026-10-05/ty-article-magazine/their-mission-after-october-7-sent-these-israeli-soldiers-to-a-psych-ward/000001a1-05d4-d75d-a1e7-2fd728ad0000,Haaretz,Tom Levinson,2026-10-05T07:15:28,2026-10-05 08:29:41.254525,https://www.haaretz.com/science-and-health/2026-10-05/ty-article-magazine/their-mission-after-october-7-sent-these-israeli-soldiers-to-a-psych-ward/000001a1-05d4-d75d-a1e7-2fd728ad0000
Spain's prime minister calls snap election as left-wing government faces ouster,The election is scheduled for November 29. An election defeat would spell the end of one of Europe's last few left-leaning governments at a time when the far-right is making unprecedented gains across the region,https://www.haaretz.com/world-news/europe/2026-10-05/ty-article/spains-prime-minister-calls-snap-election-as-left-wing-government-faces-ouster/000001a1-0aea-dfcd-a1a5-aaeb0e080000,Haaretz,Reuters,2026-10-05T08:08:52,2026-10-05 08:29:41.254484,https://www.haaretz.com/world-news/europe/2026-10-05/ty-article/spains-prime-minister-calls-snap-election-as-left-wing-government-faces-ouster/000001a1-0aea-dfcd-a1a5-aaeb0e080000
"Journalists have moved on from massacre in Iran, but insist on relitigating Gaza war",They put on kid gloves with a U.S. enemy and wear brass knuckles against America’s closest partner in the Middle East.,https://www.jns.org/opinion/shay-khatiri/journalists-have-moved-on-from-massacre-in-iran-but-insist-on-relitigating-gaza-war,JNS,Shay Khatiri,2026-10-05T02:00:00,2026-10-05 08:29:32.963885,https://www.jns.org/opinion/shay-khatiri/journalists-have-moved-on-from-massacre-in-iran-but-insist-on-relitigating-gaza-war
Where Gal’s memory lives on,"A coffee cart in northern Israel honors Staff Sgt. Gal Hershko through the things he loved: Nature, friendship and bringing people together.",https://www.jns.org/feature/where-gals-memory-lives-on,JNS,Atara Beck,2026-10-05T03:06:00,2026-10-05 08:29:32.963856,https://www.jns.org/feature/where-gals-memory-lives-on
"Oriana Fallaci, 20 years later",Why the great Italian journalist’s refusal to look away from the dangers of Islamist extremism matters post-Oct. 7.,https://www.jns.org/opinion/saadia-mascarini/oriana-fallaci-20-years-later,JNS,Saadia Mascarini,2026-10-05T03:30:00,2026-10-05 08:29:32.963828,https://www.jns.org/opinion/saadia-mascarini/oriana-fallaci-20-years-later
Israel: New Defense Ministry regulations aim to protect disabled during crisis situations,"Minister Katz: ""In an emergency, no citizen should be left without a response.”",https://www.jns.org/news/israel-news/israel-new-defense-ministry-regulations-aim-to-protect-disabled-during-crisis-situations,JNS,Howard Blas,2026-10-05T04:07:00,2026-10-05 08:29:32.963800,https://www.jns.org/news/israel-news/israel-new-defense-ministry-regulations-aim-to-protect-disabled-during-crisis-situations
‘A sign of how much Israel has grown in strength’,"A plan to establish Israeli defense production at a former Volkswagen plant marks a milestone for defense exports, former intelligence officer tells JNS.",https://www.jns.org/analysis/a-sign-of-how-much-israel-has-grown-in-strength,JNS,Yaakov Lappin,2026-10-05T04:27:00,2026-10-05 08:29:32.963773,https://www.jns.org/analysis/a-sign-of-how-much-israel-has-grown-in-strength
Israel denounces British Green Party's 'Zionism is racism' motion,"The policy goes “far beyond the boundaries of legitimate political debate,” the Foreign Ministry in Jerusalem said.",https://www.jns.org/news/world/israel-denounces-british-green-partys-zionism-is-racism-motion,JNS,David Isaac,2026-10-05T05:14:34,2026-10-05 08:29:32.963742,https://www.jns.org/news/world/israel-denounces-british-green-partys-zionism-is-racism-motion
Psychological issues emerge as No. 1 problem in study of war's toll on health,The war’s first year saw a 45.5% rise in new anxiety diagnoses and a 100% increase in new PTSD diagnoses.,https://www.jns.org/news/israel-news/psychological-issues-emerge-as-no-1-problem-in-study-of-wars-toll-on-health,JNS,JNS Staff,2026-10-05T05:22:02,2026-10-05 08:29:32.963712,https://www.jns.org/news/israel-news/psychological-issues-emerge-as-no-1-problem-in-study-of-wars-toll-on-health
Netanyahu promises naval superiority in visit to Ashdod base,"Israel ""will not allow"" its enemies to threaten its maritime space, said the prime minister.",https://www.jns.org/news/israel-news/netanyahu-promises-naval-superiority-in-visit-to-ashdod-base,JNS,JNS Staff,2026-10-05T05:28:26,2026-10-05 08:29:32.963662,https://www.jns.org/news/israel-news/netanyahu-promises-naval-superiority-in-visit-to-ashdod-base
'An entire nation bows its head and mourns': Israel marks memorial day for Oct. 7,The Jewish state lowered its flags to half-staff at 6:29 a.m. to launch official commemorations honoring fallen soldiers and victims of the 2023 assault.,https://www.jns.org/news/israel-news/israel-marks-national-memorial-day-for-oct-7,JNS,Joshua Marks,2026-10-05T05:48:37,2026-10-05 08:29:32.963636,https://www.jns.org/news/israel-news/israel-marks-national-memorial-day-for-oct-7
Israelis increasingly identify with Middle East as attitudes toward Europe decline,A substantial majority of respondents said Israel is safer for Jews,https://www.jns.org/news/israel-news/israelis-increasingly-identify-with-middle-east-as-attitudes-toward-europe-decline,JNS,Pesach Benson/TPS-IL,2026-10-05T05:52:14,2026-10-05 08:29:32.963606,https://www.jns.org/news/israel-news/israelis-increasingly-identify-with-middle-east-as-attitudes-toward-europe-decline
Israeli FM to JNS: Abraham Accords won't be harmed by flydubai attack,"Speaking on ""Tov LaYehudim,"" JNS's Hebrew-language podcast, Sa'ar said he had twice spoken by phone with the UAE foreign minister since the incident.",https://www.jns.org/news/israel-news/israeli-fm-to-jns-abraham-accords-wont-be-harmed-by-flydubai-attack,JNS,Ariel Kahana,2026-10-05T06:15:36,2026-10-05 08:29:32.963578,https://www.jns.org/news/israel-news/israeli-fm-to-jns-abraham-accords-wont-be-harmed-by-flydubai-attack
IDF kills Oct. 7 Nukhba terrorist tied to Turkish aid group,The military targeted Deniz Feneri director Saqr Nabil Musa Qaisi in Khan Yunis after he funded Hamas operatives and breached the existing ceasefire.,https://www.jns.org/news/israel-news/idf-kills-oct-7-nukhba-terrorist-tied-to-turkish-aid-group,JNS,JNS Staff,2026-10-05T06:58:58,2026-10-05 08:29:32.963541,https://www.jns.org/news/israel-news/idf-kills-oct-7-nukhba-terrorist-tied-to-turkish-aid-group
Syria: IDF eliminates individual trying to infiltrate military post,No injuries to IDF personnel were reported.,https://www.jns.org/news/israel-news/syria-idf-eliminates-individual-trying-to-infiltrate-military-post,JNS,,2026-10-05T07:01:49,2026-10-05 08:29:32.963510,https://www.jns.org/news/israel-news/syria-idf-eliminates-individual-trying-to-infiltrate-military-post
Does logic support the story behind Egypt warning Israel before Oct. 7?,There is little indication that the prime minister received specific information about the coming attacks.,https://www.jns.org/opinion/julio-messer/does-logic-support-the-story-behind-egypt-warning-israel-before-oct-7,JNS,Julio Messer,2026-10-05T07:30:00,2026-10-05 08:29:32.963480,https://www.jns.org/opinion/julio-messer/does-logic-support-the-story-behind-egypt-warning-israel-before-oct-7
"IDF chief says Oct. 7 probes concluded, vows larger military","Lt. Gen. Eyal Zamir presented the main lessons of the military’s Oct. 7 inquiries, honored a Unit 8200 warrant officer and said the IDF must grow to meet multi-front threats.",https://www.jns.org/news/israel-news/idf-chief-says-oct-7-probes-concluded-vows-larger-military,JNS,JNS Staff,2026-10-05T08:29:10,2026-10-05 08:29:32.963443,https://www.jns.org/news/israel-news/idf-chief-says-oct-7-probes-concluded-vows-larger-military
The Match That Oct. 7 Struck,"The war in Gaza may be in abeyance, but Islamist expansionist ideology has shown great gumption and forward movement. All the crazies have come out since October 7, 2023. The post The Match That Oct. 7 Struck appeared first on Jewish Journal .",https://jewishjournal.com/commentary/opinion/392866/the-match-that-oct-7-struck/,Jewish Journal,Thane Rosenbaum,2026-10-05T02:51:13,2026-10-05 08:29:30.186352,https://jewishjournal.com/?p=392866
Country star Zach Bryan dons ‘Free Palestine’ shirt at Gillette Stadium,Owner Robert Kraft had previously blocked rapper Macklemore from performing there after pro-Palestinian comments he’d made. -- The post Country star Zach Bryan dons ‘Free Palestine’ shirt at Gillette Stadium appeared first on Jewish Telegraphic Agency .,https://www.jta.org/2026/10/04/united-states/country-star-zach-bryan-dons-free-palestine-shirt-at-gillette-stadium,JTA,Derek Caney,2026-10-05T02:25:12,2026-10-05 08:29:23.298971,https://www.jta.org/?p=1909517
A Jewish take on AI and social media,"Humanity’s struggle to adapt to technology is hardly new — it has been with us since at least the dawn of the Industrial Revolution. As early as 1936, for instance, Charlie Chaplin’s “Modern Times” — his last silent film and one of the most iconic movies of all time — offered a commentary on the... Read More The post A Jewish take on AI and social media appeared first on eJewishPhilanthropy .",https://ejewishphilanthropy.com/a-jewish-take-on-ai-and-social-media/,eJewish Philanthropy,Rabbi Sid Schwarz,2026-10-05T06:51:59,2026-10-05 08:29:20.969830,https://ejewishphilanthropy.com/?p=180734
U.K. Green Party leader Zack Polanski banned from Israel after 'Zionism is racism' vote,"Polanski, who is Jewish, did not vote on the motion defining Zionism as a 'racist ideology' and has backed amendments to soften its wording. Britain's ruling Labour Party condemned it, saying, 'It is shameful to vote against a two-state solution'",https://www.haaretz.com/world-news/europe/2026-10-05/ty-article/.premium/british-green-party-leader-banned-from-israel-after-zionism-is-racism-vote/000001a1-088a-dff9-a3b3-cdaf08b90000,Haaretz,Haaretz,2026-10-05T00:40:26,2026-10-05 01:40:34.688997,https://www.haaretz.com/world-news/europe/2026-10-05/ty-article/.premium/british-green-party-leader-banned-from-israel-after-zionism-is-racism-vote/000001a1-088a-dff9-a3b3-cdaf08b90000
"Are we living in a simulation? A question 2,500 years in the making","Physics says reality is real, but does it actually prove that we're not living in a simulation? The question may sound distinctly modern, but the idea is anything but new",https://www.haaretz.com/archaeology/2026-10-05/ty-article-magazine/are-we-living-in-a-simulation-a-question-2-500-years-in-the-making/000001a1-0645-d5d6-a9fb-beff68e20000,Haaretz,Terry Madenholm,2026-10-05T01:09:20,2026-10-05 01:40:34.688965,https://www.haaretz.com/archaeology/2026-10-05/ty-article-magazine/are-we-living-in-a-simulation-a-question-2-500-years-in-the-making/000001a1-0645-d5d6-a9fb-beff68e20000
American Technion Society names Janet Shatz as national board president,"She plans to focus on strengthening multigenerational connections to the Technion, drawn from her own family's history with the institution.",https://www.jns.org/wire/american-technion-society/american-technion-society-names-janet-shatz-as-national-board-president,JNS,,2026-10-05T01:15:00,2026-10-05 01:40:26.827530,https://www.jns.org/wire/american-technion-society/american-technion-society-names-janet-shatz-as-national-board-president
"Shin Bet warned of foreign flight crews screening before flydubai hijacking attempt, sources say","A National Security Council report last year recommended putting foreign airline oversight under the Civil Aviation Authority. Israeli Transportation Minister Miri Regev said, 'We are not an intelligence agency'",https://www.haaretz.com/israel-news/israel-security/2026-10-04/ty-article/.premium/shin-bet-warned-of-foreign-flight-crews-screening-before-plane-hijacking-attempt/000001a1-0813-dff9-a3b3-cd3f98b50000,Haaretz,Jonathan Lis,2026-10-04T19:26:14,2026-10-04 22:49:01.014173,https://www.haaretz.com/israel-news/israel-security/2026-10-04/ty-article/.premium/shin-bet-warned-of-foreign-flight-crews-screening-before-plane-hijacking-attempt/000001a1-0813-dff9-a3b3-cd3f98b50000
"Israeli troops shoot and kill suspect in south Syria who tried to break into outpost, IDF says","No Israeli casualties were reported, the IDF said. Israeli troops have maintained a presence in southern Syria since the fall of the Assad regime in 2024",https://www.haaretz.com/israel-news/israel-security/2026-10-05/ty-article/.premium/idf-says-it-killed-suspect-in-south-syria-who-tried-to-break-into-outpost/000001a1-08da-dca1-afb9-3ada4ca00000,Haaretz,Yaniv Kubovich,2026-10-04T21:47:12,2026-10-04 22:49:01.014148,https://www.haaretz.com/israel-news/israel-security/2026-10-05/ty-article/.premium/idf-says-it-killed-suspect-in-south-syria-who-tried-to-break-into-outpost/000001a1-08da-dca1-afb9-3ada4ca00000
When Oct. 7 ‘trauma objects’ become witnesses to Israel's history,Nirit Shalev-Khalifa and her Yad Ben-Zvi team are preserving thousands of items from Gaza-border communities devastated in the Hamas massacre for future generations.,https://www.jns.org/feature/when-oct-7-trauma-objects-become-witnesses-to-israels-history,JNS,Steve Linde,2026-10-04T20:36:52,2026-10-04 22:48:54.257279,https://www.jns.org/feature/when-oct-7-trauma-objects-become-witnesses-to-israels-history
"Netanyahu orders probe of aviation guidelines, four days after flydubai hijacking attempt",The prime minister ordered National Security Council chief Shmuel Ben Ezra to appoint an examiner to conduct a thorough review of all security aspects of foreign civilian aviation to Israel,https://www.haaretz.com/israel-news/israel-security/2026-10-04/ty-article/.premium/netanyahu-orders-aviation-guidelines-probe-four-days-after-flydubai-incident/000001a1-07c1-dca1-afb9-37c9f6a30001,Haaretz,Jonathan Lis,2026-10-04T16:46:18,2026-10-04 19:15:34.432657,https://www.haaretz.com/israel-news/israel-security/2026-10-04/ty-article/.premium/netanyahu-orders-aviation-guidelines-probe-four-days-after-flydubai-incident/000001a1-07c1-dca1-afb9-37c9f6a30001
Dubai flights to Israel at cancellation risk as Shin Bet demands new security scans,"At least 10 return flights are planned for Monday, but their operation hinges on a dispute over security measures in Dubai. The Shin Bet wants baggage scanners installed, while the UAE is resisting the demand, an aviation source says",https://www.haaretz.com/israel-news/israel-security/2026-10-04/ty-article/.premium/dubai-flights-to-israel-at-risk-as-shin-bet-demands-new-security-scanners/000001a1-0775-dff9-a3b3-c77d83c00000,Haaretz,Yifat Reuven,2026-10-04T17:23:20,2026-10-04 19:15:34.432640,https://www.haaretz.com/israel-news/israel-security/2026-10-04/ty-article/.premium/dubai-flights-to-israel-at-risk-as-shin-bet-demands-new-security-scanners/000001a1-0775-dff9-a3b3-c77d83c00000
"From Israel to Germany, right-wing smear campaigns work. But not without help",Berlin's uproar over Die Linke's antisemitism problem and the Israeli opposition and coalition's move to bar an Arab party leader from the election show how isolated incidents can be weaponized against entire political camps,https://www.haaretz.com/israel-news/haaretz-today/2026-10-04/ty-article/.highlight/from-israel-to-germany-right-wing-smear-campaigns-work-but-not-without-help/000001a1-07ed-db73-ada5-5fed7a780000,Haaretz,Vera Weidenbach,2026-10-04T17:39:04,2026-10-04 19:15:34.432618,https://www.haaretz.com/israel-news/haaretz-today/2026-10-04/ty-article/.highlight/from-israel-to-germany-right-wing-smear-campaigns-work-but-not-without-help/000001a1-07ed-db73-ada5-5fed7a780000
Israel's Central Election Committee tells Netanyahu to remove campaign videos showing IDF,Committee chairman Justice Noam Solberg upheld five of six petitions filed against Netanyahu over his recent social media posts,https://www.haaretz.com/israel-news/elections/2026-10-04/ty-article/.premium/central-election-committee-tells-netanyahu-to-remove-campaign-videos-showing-idf/000001a1-0712-db73-ada5-5fd37cbd0000,Haaretz,Chen Maanit,2026-10-04T17:49:32,2026-10-04 19:15:34.432601,https://www.haaretz.com/israel-news/elections/2026-10-04/ty-article/.premium/central-election-committee-tells-netanyahu-to-remove-campaign-videos-showing-idf/000001a1-0712-db73-ada5-5fd37cbd0000
Israeli schools' Oct. 7 memorial guidelines include outdated references to hostages,"Ministry guidelines still urge students to hope for the hostages' return, months after the last hostage remains were recovered",https://www.haaretz.com/israel-news/2026-10-04/ty-article/.premium/israeli-schools-oct-7-memorial-plans-include-outdated-references-to-hostages/000001a1-07a1-dfcd-a1a5-a7abf1670000,Haaretz,Lior Dattel,2026-10-04T18:42:23,2026-10-04 19:15:34.432585,https://www.haaretz.com/israel-news/2026-10-04/ty-article/.premium/israeli-schools-oct-7-memorial-plans-include-outdated-references-to-hostages/000001a1-07a1-dfcd-a1a5-a7abf1670000
Israel gas price to drop following Smotrich pre-election push,"A tax cut set to lower prices comes just weeks before the election, after a legal review delayed its implementation. Finance Ministry officials warned that the move would deepen the deficit and leave the government needing to raise other taxes",https://www.haaretz.com/israel-news/2026-10-04/ty-article/.premium/israel-gas-price-to-drop-following-smotrich-pre-election-push/000001a1-07bf-dc0c-a5ff-57bfcace0000,Haaretz,TheMarker,2026-10-04T19:03:43,2026-10-04 19:15:34.432563,https://www.haaretz.com/israel-news/2026-10-04/ty-article/.premium/israel-gas-price-to-drop-following-smotrich-pre-election-push/000001a1-07bf-dc0c-a5ff-57bfcace0000
The sleeping trauma,"Three years after Oct. 7, we are still working toward healing, even as we go about our ordinary lives.",https://www.jns.org/opinion/cathy-lawi/the-sleeping-trauma,JNS,Cathy Lawi,2026-10-04T18:00:00,2026-10-04 19:15:26.889801,https://www.jns.org/opinion/cathy-lawi/the-sleeping-trauma
Britain’s Green Party adopts ‘Zionism is racism’ motion,"(JTA) — Britain’s Green Party on Sunday adopted a policy equating Zionism with racism, a move that immediately drew condemnation from the Israeli government and sparked concerns among some Jewish party members and the broader Jewish community. The motion has also caused divisions within the party itself, with leader Zack Polanski, who is Jewish, skipping... The post Britain’s Green Party adopts ‘Zionism is racism’ motion appeared first on The Forward .",https://forward.com/fast-forward/853751/britains-green-party-adopts-zionism-is-racism-motion/,The Forward,Ruth Eglash,2026-10-04T18:41:30,2026-10-04 19:15:19.955699,https://forward.com/?p=853751
Britain’s Green Party adopts ‘Zionism is racism’ motion,"Israel says Greens’ policy calls for destruction of Jewish state, goes beyond the bounds of political debate. -- The post Britain’s Green Party adopts ‘Zionism is racism’ motion appeared first on Jewish Telegraphic Agency .",https://www.jta.org/2026/10/04/israel/britains-green-party-adopts-zionism-is-racism-motion,JTA,Ruth Eglash,2026-10-04T18:25:53,2026-10-04 19:15:17.429841,https://www.jta.org/?p=1909509
"Even if formed, October 7 state commission will struggle to investigate failures, experts warn","Three years after the massacre, experts warn that lost evidence and coordinated testimony could undermine even a state commission's search for the truth. Establishing one, they insist, remains essential",https://www.haaretz.com/israel-news/2026-10-04/ty-article-magazine/.premium/even-if-formed-october-7-state-commission-will-struggle-to-investigate-failures/000001a1-05cc-d75d-a1e7-2fcf671c0000,Haaretz,Chen Maanit,2026-10-04T11:03:03,2026-10-04 15:41:41.375118,https://www.haaretz.com/israel-news/2026-10-04/ty-article-magazine/.premium/even-if-formed-october-7-state-commission-will-struggle-to-investigate-failures/000001a1-05cc-d75d-a1e7-2fcf671c0000
A nuclear bomb is launched from Iran in the first act: Israeli musical faces the apocalypse,"An Iranian atomic bomb, compulsory Shabbat observance and a zombie attack: The creators of ""The End of Days,"" now at Gesher Theater, wanted to write an apocalyptic satire. Then reality caught up",https://www.haaretz.com/life/2026-10-04/ty-article-magazine/.premium/a-nuclear-bomb-is-launched-from-iran-israeli-musical-faces-the-apocalypse/000001a1-061a-d2e8-afb1-163eda000000,Haaretz,Talia Banon Tsur,2026-10-04T11:28:24,2026-10-04 15:41:41.375090,https://www.haaretz.com/life/2026-10-04/ty-article-magazine/.premium/a-nuclear-bomb-is-launched-from-iran-israeli-musical-faces-the-apocalypse/000001a1-061a-d2e8-afb1-163eda000000
"In its fight against isolation, the Israeli Opera is betting on this Swede","This week in Israeli culture: The Israeli Opera hires an international fixer, Israel's literature institute heads to Frankfurt without its writers, and the poet who taught Israeli children's literature to say 'I' dies at 89",https://www.haaretz.com/life/2026-10-04/ty-article-magazine/.premium/in-its-fight-against-isolation-the-israeli-opera-is-betting-on-this-swede/000001a0-f278-d272-adf6-fffe1b950000,Haaretz,Avshalom Halutz,2026-10-04T11:47:00,2026-10-04 15:41:41.375064,https://www.haaretz.com/life/2026-10-04/ty-article-magazine/.premium/in-its-fight-against-isolation-the-israeli-opera-is-betting-on-this-swede/000001a0-f278-d272-adf6-fffe1b950000
Netanyahu campaign firm denies 'any link' to videos backing him filmed at its studios,"Responding to an appeal to the Central Election Committee, New Vision Production affirmed that it employs pro-Netanyahu content creators but denied any link to their activity",https://www.haaretz.com/israel-news/elections/2026-10-04/ty-article/.premium/netanyahu-campaign-firm-denies-link-to-videos-backing-him-filmed-at-its-studios/000001a1-0665-dc03-a7a9-ef65fab80000,Haaretz,Bar Peleg,2026-10-04T11:59:10,2026-10-04 15:41:41.375037,https://www.haaretz.com/israel-news/elections/2026-10-04/ty-article/.premium/netanyahu-campaign-firm-denies-link-to-videos-backing-him-filmed-at-its-studios/000001a1-0665-dc03-a7a9-ef65fab80000
Legal experts: Public pressure led Israel's top court to unprecedented barring of Arab party leader,"Scholars say the court appeared influenced by the political climate surrounding the Balad leader Sami Abu Shehadeh's candidacy and, in doing so, moved away from its longstanding standard for disqualifying candidates",https://www.haaretz.com/israel-news/elections/2026-10-04/ty-article/.premium/public-opinion-shaped-top-courts-handling-of-arab-candidate-case-experts-say/000001a1-066d-dc2d-a5eb-fffda18f0000,Haaretz,Chen Maanit,2026-10-04T12:25:21,2026-10-04 15:41:41.375011,https://www.haaretz.com/israel-news/elections/2026-10-04/ty-article/.premium/public-opinion-shaped-top-courts-handling-of-arab-candidate-case-experts-say/000001a1-066d-dc2d-a5eb-fffda18f0000
Israeli opposition party leader calls Jordanian-Israeli control over West Bank,"Presenting a diplomatic and security plan titled 'Israel's Endgame in the West Bank and Gaza,' Yisrael Beiteinu chairman Avigdor Lieberman added that the Palestinian Authority should be dismantled",https://www.haaretz.com/west-bank/2026-10-04/ty-article/.premium/opposition-party-leader-calls-for-jordanian-confederation-in-most-of-west-bank/000001a1-06c1-dc03-a7a9-efe1fe3d0000,Haaretz,Noa Shpigel,2026-10-04T12:41:21,2026-10-04 15:41:41.374984,https://www.haaretz.com/west-bank/2026-10-04/ty-article/.premium/opposition-party-leader-calls-for-jordanian-confederation-in-most-of-west-bank/000001a1-06c1-dc03-a7a9-efe1fe3d0000
U.K. Green Party conference debates controversial 'Zionism is racism' motion,"Party leaders and Jewish members warn the proposal risks alienating Jewish supporters and fueling division, while some activists push to reject leadership-backed amendments intended to soften the motion's language and implications",https://www.haaretz.com/world-news/europe/2026-10-04/ty-article/u-k-green-party-conference-debates-controversial-zionism-is-racism-motion/000001a1-06e7-d2be-a1b1-f7f704180000,Haaretz,Haaretz,2026-10-04T13:11:40,2026-10-04 15:41:41.374957,https://www.haaretz.com/world-news/europe/2026-10-04/ty-article/u-k-green-party-conference-debates-controversial-zionism-is-racism-motion/000001a1-06e7-d2be-a1b1-f7f704180000
"Arab-Israeli parties promise voters change, provided they don't boycott the election","Neither Netanyahu's coalition nor the opposition wants Arab-Israeli parties in government. With their influence constrained, the real question is whether Arab voters will turn out in force – or stay home",https://www.haaretz.com/israel-news/elections/2026-10-04/ty-article-magazine/.premium/arab-israeli-parties-promise-change-provided-voters-dont-boycott-the-election/000001a0-f0e0-d8a1-a7ad-f3e72a480000,Haaretz,Jack Khoury,2026-10-04T13:47:24,2026-10-04 15:41:41.374931,https://www.haaretz.com/israel-news/elections/2026-10-04/ty-article-magazine/.premium/arab-israeli-parties-promise-change-provided-voters-dont-boycott-the-election/000001a0-f0e0-d8a1-a7ad-f3e72a480000
U.K. Green Party adopts controversial 'Zionism is racism' motion,"The Green Party voted to adopt a motion defining Zionism as a 'racist ideology,' with 1,022 party members voting in favor and 813 who voted against. Party leaders and Jewish members warned it risks alienating Jewish supporters and fueling division",https://www.haaretz.com/world-news/europe/2026-10-04/ty-article/u-k-green-party-adopts-controversial-zionism-is-racism-motion/000001a1-073f-dc0c-a5ff-57bf1b190000,Haaretz,Daniella Peled,2026-10-04T14:11:46,2026-10-04 15:41:41.374898,https://www.haaretz.com/world-news/europe/2026-10-04/ty-article/u-k-green-party-adopts-controversial-zionism-is-racism-motion/000001a1-073f-dc0c-a5ff-57bf1b190000
What Israel should learn from Trump's trade war with Canada,"The American president's pressure on his northern neighbor carries several important lessons for other U.S. allies, including Israel",https://www.haaretz.com/opinion/2026-10-04/ty-article-opinion/.premium/what-israel-should-learn-from-trumps-trade-war-with-canada/000001a1-073d-db73-ada5-5ffd08700000,Haaretz,Jack Cunningham,2026-10-04T14:27:35,2026-10-04 15:41:41.374868,https://www.haaretz.com/opinion/2026-10-04/ty-article-opinion/.premium/what-israel-should-learn-from-trumps-trade-war-with-canada/000001a1-073d-db73-ada5-5ffd08700000
"Report: Initial Israeli probe finds flydubai pilot was 'lone wolf,' planned to crash plane in Tel Aviv","An initial probe found the pilot acted alone in Wednesday's attempted hijacking, allegedly planning to crash the plane in Tel Aviv. Sources said the Transportation Ministry and Mossad are responsible for vetting foreign flight crews arriving in Israel",https://www.haaretz.com/israel-news/israel-security/2026-10-04/ty-article/reports-flydubai-pilot-acted-alone-planned-to-crash-the-plane-in-tel-aviv/000001a1-06d0-de98-a9a7-f7f9e2450000,Haaretz,Haaretz,2026-10-04T14:38:09,2026-10-04 15:41:41.374844,https://www.haaretz.com/israel-news/israel-security/2026-10-04/ty-article/reports-flydubai-pilot-acted-alone-planned-to-crash-the-plane-in-tel-aviv/000001a1-06d0-de98-a9a7-f7f9e2450000
"Israeli children's psychiatric ER visits surge 121% since Oct. 7, report finds","Data from Israel's largest healthcare provider show anxiety diagnoses rose 45.5 percent and PTSD diagnoses doubled during three years of war, with PTSD rates among Gaza border evacuees still six times higher in the third year",https://www.haaretz.com/science-and-health/2026-10-04/ty-article/israeli-childrens-psychiatric-er-visits-surge-121-since-oct-7-report-finds/000001a1-0719-dca1-afb9-3759565a0000,Haaretz,Maya Roman,2026-10-04T14:51:13,2026-10-04 15:41:41.374814,https://www.haaretz.com/science-and-health/2026-10-04/ty-article/israeli-childrens-psychiatric-er-visits-surge-121-since-oct-7-report-finds/000001a1-0719-dca1-afb9-3759565a0000
"Mirroring opponent, Israel soccer team to wear Oct.7 black armbands for Ireland match","The gesture comes a week after the Irish team wore black armbands when the sides met in Debrecen, Hungary in recognition of 'all lives lost in the conflict'",https://www.haaretz.com/sports/2026-10-04/ty-article/.premium/israel-to-wear-black-armbands-for-ireland-match-in-memory-of-oct-7-victims/000001a1-073a-dca1-afb9-377a26e00000,Haaretz,Haaretz Sports Staff,2026-10-04T15:25:42,2026-10-04 15:41:41.374778,https://www.haaretz.com/sports/2026-10-04/ty-article/.premium/israel-to-wear-black-armbands-for-ireland-match-in-memory-of-oct-7-victims/000001a1-073a-dca1-afb9-377a26e00000
How ordinary Israelis helped save a Flydubai flight,"Welcome to “Straight Up,” the bold, unfiltered JNS news show hosted by former director of Israel’s Government Press Office, Danny Seaman. Drawing on decades at the forefront of Israeli media and public diplomacy, he delivers sharp, unapologetic analysis on the issues shaping Israel, the Middle East and the global news narrative. From dismantling myths about the Oslo Accords in the 1990s to the Abraham Accords of 2020 to exposing the Iran-Hezbollah-Hamas alliance and the Western media’s bias against Israel, Seaman’s commentary is fearless, factual and grounded in firsthand experience. His direct, authoritative voice cuts through propaganda to reveal what’s driving events in the region. Each week, “Straight Up” dives deep into the biggest stories in Israeli news, featuring in-depth conversations with journalists, security experts and policymakers who know the facts behind the headlines. Seaman’s no-spin approach sheds light on the moral, strategic and political challenges facing Israel—from countering terror and defending democracy to navigating its relationships with the United States and Arab world. Candid, uncompromising and deeply informed, “Straight Up” is the show for viewers who want to understand Israel and the Middle East as they truly are—without filters, without fear and straight to the point. See more at: @JNS_TV and subscribe to our YouTube channel.",https://www.jns.org/jns-tv/straight-up/how-ordinary-israelis-helped-save-a-flydubai-flight,JNS,Daniel Seaman,2026-10-04T11:35:39,2026-10-04 15:41:34.232495,https://www.jns.org/jns-tv/straight-up/how-ordinary-israelis-helped-save-a-flydubai-flight
AFHU names Caryn Peretz Midwest region executive director,Brings more than two decades of experience in donor engagement and philanthropic management.,https://www.jns.org/wire/americanfriendsofthehebrewuniversity/afhu-names-caryn-peretz-midwest-region-executive-director,JNS,,2026-10-04T14:52:42,2026-10-04 15:41:34.232386,https://www.jns.org/wire/americanfriendsofthehebrewuniversity/afhu-names-caryn-peretz-midwest-region-executive-director
America’s only major etrog grower is in survival mode amid global competition,"(JTA) — (J. The Jewish News of Northern California via JTA) On a small ranch in California’s Central Valley, below the foothills of the Sierra Nevada, an orchard grows an ancient and sacred fruit: the etrog, or citron. At just 7 acres, the etrog grove at Lindcove Ranch in Exeter is a speck in Tulare County,... The post America’s only major etrog grower is in survival mode amid global competition appeared first on The Forward .",https://forward.com/fast-forward/853556/americas-only-major-etrog-grower-is-in-survival-mode-amid-global-competition/,The Forward,Lea Loeb,2026-10-04T13:17:47,2026-10-04 15:41:27.194899,https://forward.com/?p=853556
What is Oman’s relationship with Israel – if any?,"(JTA) — TEL AVIV – The Omani pilot who allegedly tried to hijack and crash a flydubai flight bound for Tel Aviv has drawn new attention to his native country. Oman, which has sometimes been dubbed the “Switzerland of the Middle East,” has long sought to balance its relations with the West and Iran. Its... The post What is Oman&#8217;s relationship with Israel – if any? appeared first on The Forward .",https://forward.com/fast-forward/853652/what-is-omans-relationship-with-israel-if-any/,The Forward,Tomer Almagor,2026-10-04T13:19:42,2026-10-04 15:41:27.194852,https://forward.com/?p=853652
David Ellison appoints Israeli to lead merged Paramount-Warner studios,"(JTA) — Jewish entertainment mogul David Ellison has appointed an Israeli businessman to help lead operations at the new company being created by his controversial merger of Paramount and Warner Bros. Discovery. The move came days after a settlement cleared the way for the combined mega-studio’s formation. Ynon Kreiz, the Israeli-American former CEO of Mattel,... The post David Ellison appoints Israeli to lead merged Paramount-Warner studios appeared first on The Forward .",https://forward.com/fast-forward/853703/david-ellison-appoints-israeli-to-lead-merged-paramount-warner-studios/,The Forward,Andrew Lapin,2026-10-04T13:21:32,2026-10-04 15:41:27.194806,https://forward.com/?p=853703
Texas wins case forcing Galveston school district to display Ten Commandments posters in classrooms,"(JTA) — A Texas judge has ordered a Gulf Coast school district to display posters of the Ten Commandments in all classrooms, marking a victory for the state in a protracted series of legal battles over religious freedom in public education systems. District Judge Jeth Jones ruled on Thursday that the Galveston Independent School District... The post Texas wins case forcing Galveston school district to display Ten Commandments posters in classrooms appeared first on The Forward .",https://forward.com/fast-forward/853724/texas-wins-case-forcing-galveston-school-district-to-display-ten-commandments-posters-in-classrooms/,The Forward,Sharon Udasin,2026-10-04T13:24:19,2026-10-04 15:41:27.194758,https://forward.com/?p=853724
"As The New York Times turns 175, the fight over its Israel coverage heats up again","(JTA) — For generations of American Jews, The New York Times has been more than a newspaper. It has been the hometown paper of the largest Jewish community outside Israel, a daily guide to the city that became the cultural center of American Jewish life and, more broadly, a reflection of the aspirations of Jews... The post As The New York Times turns 175, the fight over its Israel coverage heats up again appeared first on The Forward .",https://forward.com/fast-forward/853565/as-the-new-york-times-turns-175-the-fight-over-its-israel-coverage-heats-up-again/,The Forward,Andrew Silow-Carroll,2026-10-04T13:26:12,2026-10-04 15:41:27.194702,https://forward.com/?p=853565
Texas wins case forcing Galveston school district to display Ten Commandments posters in classrooms,"The law is at the heart of multiple lawsuits across the state, including one effort led by two rabbis seeking to bring a case to the U.S. Supreme Court. -- The post Texas wins case forcing Galveston school district to display Ten Commandments posters in classrooms appeared first on Jewish Telegraphic Agency .",https://www.jta.org/2026/10/04/united-states/texas-wins-case-forcing-galveston-school-district-to-display-ten-commandments-posters-in-classrooms,JTA,Sharon Udasin,2026-10-04T12:55:02,2026-10-04 15:41:24.541124,https://www.jta.org/?p=1909486
What 9 Time magazine ‘rising stars’ have said about being Jewish,These figures have cited their Jewish identity as a source of both inspiration and angst. -- The post What 9 Time magazine ‘rising stars’ have said about being Jewish appeared first on Jewish Telegraphic Agency .,https://www.jta.org/2026/10/04/global/what-9-time-magazine-rising-stars-have-said-about-being-jewish,JTA,Shira Bartov,2026-10-04T14:55:19,2026-10-04 15:41:24.541075,https://www.jta.org/?p=1909492
IDF: Two Israeli soldiers wounded following operational accident in Lebanon,Both soldiers were evacuated for medical treatment. The military said the circumstances of the incident are under investigation,https://www.haaretz.com/israel-news/israel-security/2026-10-04/ty-article/.premium/two-israeli-soldiers-injured-in-lebanon-operational-accident-idf-says/000001a1-04e0-d8de-a9e9-1efb85460000,Haaretz,Yaniv Kubovich,2026-10-04T03:25:35,2026-10-04 10:57:07.609967,https://www.haaretz.com/israel-news/israel-security/2026-10-04/ty-article/.premium/two-israeli-soldiers-injured-in-lebanon-operational-accident-idf-says/000001a1-04e0-d8de-a9e9-1efb85460000
'I was going to die': Flydubai captain recounts fighting off Omani co-pilot,"Machchhar said the blows nearly blinded him and he used his remaining strength to open the cockpit door, letting passengers and crew subdue the attacker; Netanyahu later invited him to light a torch at Israel's Independence Day ceremony",https://www.haaretz.com/israel-news/israel-security/2026-10-04/ty-article/flydubai-captain-recounts-co-pilot-attack-in-conversation-with-netanyahu/000001a1-033f-d1c4-abeb-737f2f640000,Haaretz,Haaretz,2026-10-04T05:00:48,2026-10-04 10:57:07.609940,https://www.haaretz.com/israel-news/israel-security/2026-10-04/ty-article/flydubai-captain-recounts-co-pilot-attack-in-conversation-with-netanyahu/000001a1-033f-d1c4-abeb-737f2f640000
"A decade ago, these Jewish scholars broke with Zionism. Time proved them right","An article published in Haaretz ten years ago by Jewish-American academics Hasia Diner and Marjorie Feld created a firestorm within the U.S. Jewish community. Today, their argument looks stronger than ever",https://www.haaretz.com/opinion/2026-10-04/ty-article-opinion/.premium/a-decade-ago-these-jewish-scholars-broke-with-zionism-time-proved-them-right/000001a1-03a0-d6fb-a9ab-87aae7ad0000,Haaretz,Mira Sucharov,2026-10-04T05:26:41,2026-10-04 10:57:07.609909,https://www.haaretz.com/opinion/2026-10-04/ty-article-opinion/.premium/a-decade-ago-these-jewish-scholars-broke-with-zionism-time-proved-them-right/000001a1-03a0-d6fb-a9ab-87aae7ad0000
"Israel relies on foreign airlines to vet pilots, Transportation Ministry admits",Officials said the ministry does not independently screen foreign flight crews and has taken no concrete steps since the flydubai attack beyond reiterating existing security instructions,https://www.haaretz.com/israel-news/israel-security/2026-10-04/ty-article/.premium/after-flydubai-attack-israel-admits-it-doesnt-independently-vet-foreign-pilots/000001a1-0596-dd07-a7b7-bf9f86260000,Haaretz,Yifat Reuven,2026-10-04T07:14:39,2026-10-04 10:57:07.609880,https://www.haaretz.com/israel-news/israel-security/2026-10-04/ty-article/.premium/after-flydubai-attack-israel-admits-it-doesnt-independently-vet-foreign-pilots/000001a1-0596-dd07-a7b7-bf9f86260000
The flydubai security failure: Who vetted an Omani pilot flagged for extremism? | Haaretz Explains,"The suspected hijacking exposed a gap in Israel's aviation-security system: authorities can obtain foreign crew data, but no single agency is clearly responsible for vetting it",https://www.haaretz.com/haaretz-explains/2026-10-04/ty-article-magazine/.premium/haaretz-explains-how-did-a-pilot-flagged-for-extremism-end-up-flying-to-israel/000001a1-05c7-d039-afb7-adc704b50000,Haaretz,Jonathan Lis,2026-10-04T09:11:53,2026-10-04 10:57:07.609853,https://www.haaretz.com/haaretz-explains/2026-10-04/ty-article-magazine/.premium/haaretz-explains-how-did-a-pilot-flagged-for-extremism-end-up-flying-to-israel/000001a1-05c7-d039-afb7-adc704b50000
"Israel's National Security Council warned the Transportation Ministry was failing to screen foreign flights last year, source says",A security source said the Transportation Ministry assumed responsibility for screening foreign flight crews from the Shin Bet back in 2021; the National Security Council later found the ministry was not fulfilling that role,https://www.haaretz.com/israel-news/israel-security/2026-10-04/ty-article/.premium/source-israeli-security-council-warned-of-failures-in-screening-foreign-flights/000001a1-0637-d0d8-a1a9-66b764900000,Haaretz,Jonathan Lis,2026-10-04T10:07:48,2026-10-04 10:57:07.609822,https://www.haaretz.com/israel-news/israel-security/2026-10-04/ty-article/.premium/source-israeli-security-council-warned-of-failures-in-screening-foreign-flights/000001a1-0637-d0d8-a1a9-66b764900000
Iran says Strait of Hormuz will stay closed until U.S. meets their conditions,"Tehran said its latest proposal could reopen the waterway within seven days, but accused Washington of focusing on the nuclear issue while Iran wants talks centered on Hormuz",https://www.haaretz.com/middle-east-news/iran/2026-10-04/ty-article/iran-says-strait-of-hormuz-will-stay-closed-until-u-s-meets-their-conditions/000001a1-0612-d2e8-afb1-163620570000,Haaretz,Reuters,2026-10-04T10:20:19,2026-10-04 10:57:07.609779,https://www.haaretz.com/middle-east-news/iran/2026-10-04/ty-article/iran-says-strait-of-hormuz-will-stay-closed-until-u-s-meets-their-conditions/000001a1-0612-d2e8-afb1-163620570000
2 Iranians charged with terror plot targeting UK Jews,The suspects allegedly prepared a chlorine bomb while scoping Manchester's Heaton Park synagogue for a second attack.,https://www.jns.org/news/world/2-iranians-charged-with-terror-plot-targeting-uk-jews,JNS,,2026-10-04T06:38:54,2026-10-04 10:57:00.663337,https://www.jns.org/news/world/2-iranians-charged-with-terror-plot-targeting-uk-jews
Netanyahu invites flydubai pilot to Independence Day ceremony,The Israeli premier praised Smit Machchhar during a call after the wounded aviator helped passengers and crew foil a violent midair hijacking.,https://www.jns.org/news/israel-news/netanyahu-invites-flydubai-pilot-to-independence-day-ceremony,JNS,JNS Staff,2026-10-04T06:46:28,2026-10-04 10:57:00.663308,https://www.jns.org/news/israel-news/netanyahu-invites-flydubai-pilot-to-independence-day-ceremony
2026 Wolf Prize laureates announced,"Eight laureates recognized for contributions to medicine, physics, chemistry and mathematics.",https://www.jns.org/wire/wolf-foundation/2026-wolf-prize-laureates-announced,JNS,,2026-10-04T08:58:17,2026-10-04 10:57:00.663280,https://www.jns.org/wire/wolf-foundation/2026-wolf-prize-laureates-announced
"Israel marks 1,318 slain security personnel since Oct. 7","Terror attacks have also claimed 1,029 civilian lives alongside tens of thousands wounded over three years, the National Insurance Institute reported.",https://www.jns.org/news/israel-news/israel-marks-1-318-slain-security-personnel-since-oct-7,JNS,JNS Staff,2026-10-04T09:14:37,2026-10-04 10:57:00.663251,https://www.jns.org/news/israel-news/israel-marks-1-318-slain-security-personnel-since-oct-7
Israeli Transportation Ministry failed to vet foreign flight crews,"Israel’s Tax Authority confirmed it had received a list of foreign flight crews, but only checked them for criminal status.",https://www.jns.org/news/israel-news/israeli-transportation-ministry-failed-to-vet-foreign-flight-crews,JNS,Etgar Lefkovits,2026-10-04T10:18:10,2026-10-04 10:57:00.663220,https://www.jns.org/news/israel-news/israeli-transportation-ministry-failed-to-vet-foreign-flight-crews
"In Jerusalem, Second Hakafot bring joy, memory and Jewish unity to the streets","""We will dance again"": Israelis celebrate the Torah three years after Oct. 7.",https://www.jns.org/feature/in-jerusalem-second-hakafot-bring-joy-memory-and-jewish-unity-to-the-streets,JNS,Sharon Altshul,2026-10-04T10:37:45,2026-10-04 10:57:00.663181,https://www.jns.org/feature/in-jerusalem-second-hakafot-bring-joy-memory-and-jewish-unity-to-the-streets
October 7 victims' families allege Netanyahu ignored repeated warnings of attack,Members of the October Council said Saturday that an independent investigation found Netanyahu deliberately concealed information and ignored repeated warnings of a Hamas attack,https://www.haaretz.com/israel-news/israel-security/2026-10-04/ty-article/.premium/october-7-victims-families-allege-netanyahu-ignored-repeated-warnings-of-attack/000001a1-0329-d2e8-afb1-173db4ec0000,Haaretz,Bar Peleg,2026-10-04T00:18:28,2026-10-04 04:40:58.547192,https://www.haaretz.com/israel-news/israel-security/2026-10-04/ty-article/.premium/october-7-victims-families-allege-netanyahu-ignored-repeated-warnings-of-attack/000001a1-0329-d2e8-afb1-173db4ec0000
Houthis claim drone and missile attack on Saudi Aramco facility in Riyadh,"A witness reported smoke and fire near the facility, but Saudi authorities and Aramco did not immediately confirm the attack",https://www.haaretz.com/middle-east-news/2026-10-04/ty-article/houthis-claim-drone-and-missile-attack-on-saudi-aramco-facility-in-riyadh/000001a1-0355-d8d3-aba3-2b77eb690000,Haaretz,Reuters,2026-10-04T01:16:02,2026-10-04 04:40:58.547161,https://www.haaretz.com/middle-east-news/2026-10-04/ty-article/houthis-claim-drone-and-missile-attack-on-saudi-aramco-facility-in-riyadh/000001a1-0355-d8d3-aba3-2b77eb690000
"Two Israeli soldiers wounded in southern Lebanon, IDF says",,https://www.haaretz.com/israel-news/israel-security/2026-10-04/ty-article/two-israeli-soldiers-injured-in-lebanon-operational-accident-idf-says/000001a1-04e0-d8de-a9e9-1efb85460000,Haaretz,Haaretz,2026-10-04T03:25:35,2026-10-04 04:40:58.547124,https://www.haaretz.com/israel-news/israel-security/2026-10-04/ty-article/two-israeli-soldiers-injured-in-lebanon-operational-accident-idf-says/000001a1-04e0-d8de-a9e9-1efb85460000
Will Sept. 30 Go Down in History Like Oct. 7?,It’s as if Sept. 30 showed up while we were preparing to grieve Oct. 7 to deliver a message: Remember the tragedies but never forget the miracles. The post Will Sept. 30 Go Down in History Like Oct. 7? appeared first on Jewish Journal .,https://jewishjournal.com/commentary/columnist/editors-note/392835/will-sept-30-also-go-down-in-history/,Jewish Journal,David Suissa,2026-10-04T00:14:27,2026-10-04 04:40:49.093904,https://jewishjournal.com/?p=392835
"The far right's blueprint for Israel: perpetual war, new security elite",The efforts of the committed far right to advance such ideas must be taken very seriously. The liberal camp must make every effort to encourage supporters of peace to vote on Election Day,https://www.haaretz.com/opinion/editorial/2026-10-04/ty-article-opinion/the-far-rights-blueprint-for-israel-perpetual-war-new-security-elite/000001a1-034d-d8d3-aba3-2b7f3be10000,Haaretz,Haaretz Editorial,2026-10-03T22:26:12,2026-10-03 23:33:27.339772,https://www.haaretz.com/opinion/editorial/2026-10-04/ty-article-opinion/the-far-rights-blueprint-for-israel-perpetual-war-new-security-elite/000001a1-034d-d8d3-aba3-2b7f3be10000
"In Israel's Supreme Court, thoughtcrime depends on whether you're Jewish or Arab","A wicked man prospers because he is Jewish; a righteous man suffers because he is Palestinian. Could anything be more surreal than ex-cons defeating an innocent man in the High Court of Justice, and all because of an opinion piece?",https://www.haaretz.com/opinion/2026-10-04/ty-article-opinion/.premium/in-israels-supreme-court-thoughtcrime-depends-on-whether-youre-jewish-or-arab/000001a1-02e1-d6fb-a9ab-86eb69af0000,Haaretz,Gideon Levy,2026-10-03T23:19:57,2026-10-03 23:33:27.339731,https://www.haaretz.com/opinion/2026-10-04/ty-article-opinion/.premium/in-israels-supreme-court-thoughtcrime-depends-on-whether-youre-jewish-or-arab/000001a1-02e1-d6fb-a9ab-86eb69af0000
"Israel's horrifying flydubai near-catastrophe demands an investigation, not a victory lap","The efforts of the passengers and the other pilots, who prevented the disaster at the last moment, do not absolve Israel of the need for a thorough investigation, including the identification of those responsible for the dangerous failure",https://www.haaretz.com/israel-news/israel-security/2026-10-03/ty-article/.premium/heroism-should-not-blind-us-israel-failed-to-prevent-the-flydubai-incident/000001a1-02b5-d6fb-a9ab-86bfb55c0000,Haaretz,Amos Harel,2026-10-03T18:45:19,2026-10-03 20:40:54.387487,https://www.haaretz.com/israel-news/israel-security/2026-10-03/ty-article/.premium/heroism-should-not-blind-us-israel-failed-to-prevent-the-flydubai-incident/000001a1-02b5-d6fb-a9ab-86bfb55c0000
'They told me to take my clothes off': Jaffa Orthodox priest recounts police abuse,"Father Constantine, head of Jaffa's Greek Orthodox community, says he was handcuffed and arrested after confronting an officer during a police operation. 'I'm in shock at where we've ended up,' he says",https://www.haaretz.com/israel-news/israel-crime/2026-10-03/ty-article/.premium/they-told-me-to-take-my-clothes-off-jaffa-priest-recounts-police-abuse/000001a1-0306-d1c4-abeb-737624280000,Haaretz,Yair Foldes,2026-10-03T20:15:24,2026-10-03 20:40:54.387460,https://www.haaretz.com/israel-news/israel-crime/2026-10-03/ty-article/.premium/they-told-me-to-take-my-clothes-off-jaffa-priest-recounts-police-abuse/000001a1-0306-d1c4-abeb-737624280000
Israel’s Supreme Court overturns decision to disqualify Arab parties,"Balad party chair Sami Abu Shehadeh, who wrote a piece lauding Hamas’s Oct. 7 attacks, withdrew his candidacy for the upcoming election.",https://www.jns.org/news/israel-news/israels-supreme-court-overturns-decision-to-disqualify-arab-parties,JNS,JNS Staff,2026-10-03T18:16:17,2026-10-03 20:40:47.592768,https://www.jns.org/news/israel-news/israels-supreme-court-overturns-decision-to-disqualify-arab-parties
Israel received list of flydubai flight crew ahead of pilot's hijacking attempt,"According to security sources, Israel's Transportation Ministry and Mossad were supposed to check the crew list. The Israel Tax Authority confirmed that the list was received, but the Transportation Ministry refuses to say whether it went over it",https://www.haaretz.com/israel-news/israel-security/2026-10-03/ty-article/.premium/israel-had-list-of-flydubai-flight-crew-ahead-of-pilots-hijacking-attempt/000001a1-028d-d36a-a5bf-33ef9cae0000,Haaretz,Josh Breiner,2026-10-03T16:52:08,2026-10-03 17:50:03.376692,https://www.haaretz.com/israel-news/israel-security/2026-10-03/ty-article/.premium/israel-had-list-of-flydubai-flight-crew-ahead-of-pilots-hijacking-attempt/000001a1-028d-d36a-a5bf-33ef9cae0000
UAE: Flydubai co-pilot attempted to execute terror attack with an ax,"The Omani terrorist was identified as Hamam al-Hammami, whose services as a pilot were rejected three times before Dubai hire.",https://www.jns.org/news/israel-news/uae-flydubai-co-pilot-attempted-to-execute-terror-attack-with-an-ax,JNS,JNS Staff,2026-10-03T15:03:21,2026-10-03 17:49:55.396262,https://www.jns.org/news/israel-news/uae-flydubai-co-pilot-attempted-to-execute-terror-attack-with-an-ax
IDF slays two commanders of Islamic Jihad’s rocket array in Gaza,The Israeli military continues to carry out precise strikes on terrorist operatives across the Strip .,https://www.jns.org/news/israel-news/idf-slays-two-commanders-of-islamic-jihads-rocket-array-in-gaza,JNS,JNS Staff,2026-10-03T15:41:45,2026-10-03 17:49:55.396234,https://www.jns.org/news/israel-news/idf-slays-two-commanders-of-islamic-jihads-rocket-array-in-gaza
IDF detains 50 Palestinian terrorists in Judea and Samaria,"Israeli troops carried out several counterterror operations during the holiday, confiscating weapons, drones and other military equipment.",https://www.jns.org/news/israel-news/idf-detains-50-palestinian-terrorists-in-judea-and-samaria,JNS,JNS Staff,2026-10-03T15:54:37,2026-10-03 17:49:55.396203,https://www.jns.org/news/israel-news/idf-detains-50-palestinian-terrorists-in-judea-and-samaria
Ireland press conference cuts short after official says Israeli reporter ‘walked past the line’,The Irish national soccer team’s coach was asked about the flyfubai flight terror attack following his past “playing against genocide” remark.,https://www.jns.org/news/israel-news/ireland-press-conference-cuts-short-after-official-says-israeli-reporter-walked-past-the-line,JNS,JNS Staff,2026-10-03T17:29:40,2026-10-03 17:49:55.396164,https://www.jns.org/news/israel-news/ireland-press-conference-cuts-short-after-official-says-israeli-reporter-walked-past-the-line
Report: IDF targeted Hamas political chief in Gaza strike that killed six Palestinians,"An Israeli security source said the strike targeted Ali al-Amoudi, a senior Hamas political figure close to Yahya Sinwar; it remains unclear whether he was killed",https://www.haaretz.com/gaza/2026-10-03/ty-article/.premium/israeli-strike-kills-four-people-in-gaza-medics-say/000001a0-ff05-d27a-abae-ff750d890000,Haaretz,Amos Harel,2026-10-02T23:50:47,2026-10-03 13:06:34.279257,https://www.haaretz.com/gaza/2026-10-03/ty-article/.premium/israeli-strike-kills-four-people-in-gaza-medics-say/000001a0-ff05-d27a-abae-ff750d890000
"Report: Trump aides held secret Camp David meeting on Iran, Yemen",U.S. Vice President JD Vance reportedly chaired the meeting as Trump weighs renewed military action against Iran and possible American involvement in a Saudi offensive against the Houthis,https://www.haaretz.com/middle-east-news/2026-10-03/ty-article/report-trump-aides-held-secret-camp-david-meeting-on-iran-yemen/000001a1-003c-d27a-abaf-187c046b0000,Haaretz,Haaretz,2026-10-03T05:42:09,2026-10-03 13:06:34.279213,https://www.haaretz.com/middle-east-news/2026-10-03/ty-article/report-trump-aides-held-secret-camp-david-meeting-on-iran-yemen/000001a1-003c-d27a-abaf-187c046b0000
Ex-IDF hostage chief: All captives could have been freed a year earlier,"Major General (res.) Nitzan Alon, who was tasked with coordinating efforts to secure the hostages' return, said prolonging the Gaza war cost lives and that protests for the hostages gave him 'the strength to carry on'",https://www.haaretz.com/israel-news/israel-security/2026-10-03/ty-article/.premium/ex-idf-hostage-chief-says-gaza-war-could-have-ended-a-year-sooner/000001a0-ffae-d36a-a5be-ffee74300000,Haaretz,Haaretz,2026-10-03T08:14:10,2026-10-03 13:06:34.279185,https://www.haaretz.com/israel-news/israel-security/2026-10-03/ty-article/.premium/ex-idf-hostage-chief-says-gaza-war-could-have-ended-a-year-sooner/000001a0-ffae-d36a-a5be-ffee74300000
'The Gaza war has permanently changed Israeli society. Solidarity is unraveling',"Ruth Margalit, who writes profiles for The New Yorker and The New York Times Magazine, has become a lens through which the world sees Israel. She explains why she moved back from the U.S., and why she's nervous about Israelis reading her new book",https://www.haaretz.com/life/books/2026-10-03/ty-article-magazine/.highlight/the-gaza-war-has-permanently-changed-israeli-society-solidarity-is-unraveling/000001a0-f789-d9ab-abfd-f7a9da7a0000,Haaretz,Itay Mashiach,2026-10-03T09:09:12,2026-10-03 13:06:34.279154,https://www.haaretz.com/life/books/2026-10-03/ty-article-magazine/.highlight/the-gaza-war-has-permanently-changed-israeli-society-solidarity-is-unraveling/000001a0-f789-d9ab-abfd-f7a9da7a0000
"Report: Flydubai suspect shared Al-Qaida imagery, Israeli planes on social media","CNN said two posts appeared on accounts linked to al-Hammami about nine hours after the incident, though it was unclear who uploaded them or whether they had been scheduled in advance",https://www.haaretz.com/israel-news/israel-security/2026-10-03/ty-article/report-flydubai-suspects-social-media-showed-israeli-planes-al-qaida-figures/000001a1-00a7-d039-afb7-ada7ec010000,Haaretz,Yifat Reuven,2026-10-03T09:23:27,2026-10-03 13:06:34.279115,https://www.haaretz.com/israel-news/israel-security/2026-10-03/ty-article/report-flydubai-suspects-social-media-showed-israeli-planes-al-qaida-figures/000001a1-00a7-d039-afb7-ada7ec010000
"'For the first time in Israel's war-torn history, biblical myth has become state ethos'","Biblical scholar Gili Kugler grapples with issues that have become even more volatile in the last three years: destruction, revenge, Jewish supremacy and the connection between violence and national identity",https://www.haaretz.com/israel-news/israel-security/2026-10-03/ty-article-magazine/.highlight/for-the-first-time-in-israels-war-torn-history-bible-myth-became-state-ethos/000001a0-f74b-d272-adf6-ffcff4f60000,Haaretz,Ayelett Shani,2026-10-03T09:42:10,2026-10-03 13:06:34.279086,https://www.haaretz.com/israel-news/israel-security/2026-10-03/ty-article-magazine/.highlight/for-the-first-time-in-israels-war-torn-history-bible-myth-became-state-ethos/000001a0-f74b-d272-adf6-ffcff4f60000
Iran executes man detained during January protests over alleged attack on police,The judiciary said Siavash Jamshidi Kheirabadi fired at officers during the unrest; Tehran has blamed the protests on U.S.- and Israel-backed operatives,https://www.haaretz.com/middle-east-news/iran/2026-10-03/ty-article/iran-executes-man-detained-during-january-protests-over-alleged-attack-on-police/000001a1-0142-d6fb-a9ab-87ea1fe80000,Haaretz,Reuters,2026-10-03T10:22:20,2026-10-03 13:06:34.279055,https://www.haaretz.com/middle-east-news/iran/2026-10-03/ty-article/iran-executes-man-detained-during-january-protests-over-alleged-attack-on-police/000001a1-0142-d6fb-a9ab-87ea1fe80000
"Until recently, the occupation was less felt here. Now Israel is changing that","Far from public attention, the northeastern West Bank is changing fast. As settlements evacuated in 2005 reemerge and new outposts appear, the IDF razes Palestinian homes, builds bases and seals villages. Now, a Palestinian has been killed there",https://www.haaretz.com/israel-news/twilight-zone/2026-10-03/ty-article-magazine/.highlight/until-recently-the-occupation-was-less-felt-here-now-israel-is-changing-that/000001a1-0125-d27a-abaf-1975c8170000,Haaretz,Gideon Levy,2026-10-03T11:28:43,2026-10-03 13:06:34.279024,https://www.haaretz.com/israel-news/twilight-zone/2026-10-03/ty-article-magazine/.highlight/until-recently-the-occupation-was-less-felt-here-now-israel-is-changing-that/000001a1-0125-d27a-abaf-1975c8170000
Saudi Arabia planning assault on Houthis to break Red Sea chokehold,"Regional and Western officials said the planned operation, aimed at breaking the Houthis' control of the Bab el-Mandeb strait, would be led by Yemeni forces on the ground, directed by Riyadh and supported by Saudi air strikes",https://www.haaretz.com/middle-east-news/2026-10-03/ty-article/saudi-arabia-planning-assault-on-houthis-to-break-red-sea-chokehold/000001a1-016e-d27a-abaf-197e37b90000,Haaretz,Reuters,2026-10-03T11:39:54,2026-10-03 13:06:34.278986,https://www.haaretz.com/middle-east-news/2026-10-03/ty-article/saudi-arabia-planning-assault-on-houthis-to-break-red-sea-chokehold/000001a1-016e-d27a-abaf-197e37b90000
A Jewish journalist recorded pro-Palestinian protesters outside services. He was reportedly suspended from his job,(JTA) — TORONTO – A number of Canadian groups are demanding answers in the wake of media reports that the country’s national broadcaster suspended a Jewish reporter after he posted a video of pro-Palestinian protesters outside Yom Kippur services and wrote about his pained reaction. The reported suspension came after Neil Herland shared footage of... The post A Jewish journalist recorded pro-Palestinian protesters outside services. He was reportedly suspended from his job appeared first on The Forward .,https://forward.com/fast-forward/853637/a-jewish-journalist-recorded-pro-palestinian-protesters-outside-services-he-was-reportedly-suspended-from-his-job/,The Forward,Emma Paidra,2026-10-03T10:09:27,2026-10-03 13:06:19.957699,https://forward.com/?p=853637
Mamdani joins Theo Von’s podcast. They find common ground in criticizing Netanyahu.,"(JTA) — New York Mayor Zohran Mamdani appeared for an interview with “manosphere” podcaster Theo Von, during which he called for the United States to join the International Criminal Court and enforce its arrest warrant for Prime Minister Benjamin Netanyahu. “If I had my say, the U.S. government would have joined the ICC, honored every... The post Mamdani joins Theo Von’s podcast. They find common ground in criticizing Netanyahu. appeared first on The Forward .",https://forward.com/fast-forward/853691/mamdani-joins-theo-vons-podcast-they-find-common-ground-in-criticizing-netanyahu/,The Forward,Joseph Strauss,2026-10-03T10:13:49,2026-10-03 13:06:19.957637,https://forward.com/?p=853691
Report: Flydubai co-pilot identified as Omani national previously flagged as security risk,"The suspect, identified as 29-year-old Omani national Hamam al-Hammami, was previously barred from flying after he was found to hold extremist materials, U.S. media reported. He indicated to investigators that he meant to crash the plane in Israel",https://www.haaretz.com/middle-east-news/2026-10-03/ty-article/report-flydubai-co-pilot-intended-to-crash-plane-in-israel/000001a0-feea-d518-afee-fefefc6c0000,Haaretz,Avi Scharf,2026-10-02T23:53:47,2026-10-03 07:41:54.169574,https://www.haaretz.com/middle-east-news/2026-10-03/ty-article/report-flydubai-co-pilot-intended-to-crash-plane-in-israel/000001a0-feea-d518-afee-fefefc6c0000
"The Supreme Court defined two tracks for free speech – one for Jews, another for Arabs","One can criticize Abu Shehadeh's statements, but the state is using them to justify ending his political career. Arab voter turnout on Election Day will show the extent of the decision's impact. Meanwhile, the court has sent the Arab public a resounding message",https://www.haaretz.com/israel-news/elections/2026-10-03/ty-article/.premium/supreme-courts-balad-ruling-sets-different-rules-for-arabs-and-jews/000001a0-febc-d518-afee-febe24ee0000,Haaretz,Jack Khoury,2026-10-03T01:50:06,2026-10-03 07:41:54.169540,https://www.haaretz.com/israel-news/elections/2026-10-03/ty-article/.premium/supreme-courts-balad-ruling-sets-different-rules-for-arabs-and-jews/000001a0-febc-d518-afee-febe24ee0000
"Reports: U.S. boosts Middle East forces, deploys air defenses to Saudi Arabia, Qatar","According to an Axios report, the U.S. military has sent two additional Patriot missile batteries in recent weeks to protect oil facilities in the countries. The Wall Street Journal reported that some 10,000 additional troops will be sent to the region",https://www.haaretz.com/middle-east-news/2026-10-03/ty-article/u-s-bolsters-middle-east-forces-with-patriot-systems-and-extra-aircraft-carrier/000001a0-ff76-db42-a3f0-fffeee9f0000,Haaretz,Haaretz,2026-10-03T02:14:37,2026-10-03 07:41:54.169500,https://www.haaretz.com/middle-east-news/2026-10-03/ty-article/u-s-bolsters-middle-east-forces-with-patriot-systems-and-extra-aircraft-carrier/000001a0-ff76-db42-a3f0-fffeee9f0000
Britain's nursing union cuts ties with Israeli pharma giant Teva over IDF ties,The Royal College of Nursing cited Teva's ties to the IDF and past legal sanctions in cutting ties with the drugmaker. Teva expressed disappointment and accused the union of politicizing Britain's health care system,https://www.haaretz.com/science-and-health/2026-10-03/ty-article/britains-nursing-union-cuts-ties-with-israeli-pharma-giant-teva-over-idf-ties/000001a0-ff8c-db42-a3f0-ffcef5bb0000,Haaretz,Haaretz,2026-10-03T02:46:50,2026-10-03 07:41:54.169465,https://www.haaretz.com/science-and-health/2026-10-03/ty-article/britains-nursing-union-cuts-ties-with-israeli-pharma-giant-teva-over-idf-ties/000001a0-ff8c-db42-a3f0-ffcef5bb0000
"At least six Arab bus drivers attacked by Jewish youths, one suspect arrested","The attacks come amid a rise in racist incitement following an attempted hijacking on a Flydubai flight. According to Koach La Ovdim Workers' Organization, 45 attacks have occurred since the beginning of 2026. 'Some drivers have stopped driving altogether,' a union representative said",https://www.haaretz.com/israel-news/israel-crime/2026-10-03/ty-article/.premium/at-least-six-arab-bus-drivers-attacked-by-jewish-youths-one-suspect-arrested/000001a0-fd69-d8a6-a9fd-ff791e7b0000,Haaretz,Nir Hasson,2026-10-03T02:51:52,2026-10-03 07:41:54.169431,https://www.haaretz.com/israel-news/israel-crime/2026-10-03/ty-article/.premium/at-least-six-arab-bus-drivers-attacked-by-jewish-youths-one-suspect-arrested/000001a0-fd69-d8a6-a9fd-ff791e7b0000
"Report: Trump aides held secret Camp David meeting on Iran, Yemen",U.S. Vice President JD Vance reportedly chaired the meeting as Trump weighs renewed military action against Iran and possible American involvement in a Saudi offensive against the Houthis,https://www.haaretz.com/us-news/2026-10-03/ty-article/report-trump-aides-held-secret-camp-david-meeting-on-iran-yemen/000001a1-003c-d27a-abaf-187c046b0000,Haaretz,Haaretz,2026-10-03T05:42:09,2026-10-03 07:41:54.169387,https://www.haaretz.com/us-news/2026-10-03/ty-article/report-trump-aides-held-secret-camp-david-meeting-on-iran-yemen/000001a1-003c-d27a-abaf-187c046b0000
Report: Flydubai co-pilot intended to crash plane in Israel,"Oman barred the pilot from flying over concerns that he had adopted ""extreme ideological views,"" sources told The Wall Street Journal, adding that it could not be determined if Oman shared its concerns with other countries or airlines",https://www.haaretz.com/middle-east-news/2026-10-03/ty-article/.premium/report-flydubai-co-pilot-intended-to-crash-plane-in-israel/000001a0-feea-d518-afee-fefefc6c0000,Haaretz,Avi Scharf,2026-10-02T23:53:47,2026-10-03 01:46:09.208238,https://www.haaretz.com/middle-east-news/2026-10-03/ty-article/.premium/report-flydubai-co-pilot-intended-to-crash-plane-in-israel/000001a0-feea-d518-afee-fefefc6c0000
"Palestinian, 19, shot dead by settlers, another wounded, in West Bank attack","The 19-year-old was shot by a settler from an unauthorized outpost near Kobar, according to a security source. Settlers said he and another Palestinian had thrown firebombs, but an initial inquiry found the shooting occurred before the alleged attack",https://www.haaretz.com/west-bank/2026-10-02/ty-article/.premium/palestinian-19-shot-dead-by-israeli-settler-after-west-bank-firebomb-attack/000001a0-fda3-d500-a5bc-fdabfd440000,Haaretz,Matan Golan,2026-10-02T19:17:37,2026-10-02 22:50:51.708654,https://www.haaretz.com/west-bank/2026-10-02/ty-article/.premium/palestinian-19-shot-dead-by-israeli-settler-after-west-bank-firebomb-attack/000001a0-fda3-d500-a5bc-fdabfd440000
"As Iraq celebrates U.S. withdrawal, its real struggle for sovereignty only begins","Iraq's jubilant Sovereignty Day marked the end of the U.S. military presence, but beneath the fireworks, the country faces old dilemmas: pro-Iranian militias wield power, regional rivals vie for influence and Iraq's economic recovery remains fragile",https://www.haaretz.com/middle-east-news/2026-10-02/ty-article/.premium/as-iraq-celebrates-u-s-withdrawal-its-struggle-for-sovereignty-only-begins/000001a0-f906-d9ab-abfd-ffa7bf470000,Haaretz,Zvi Bar'el,2026-10-02T19:26:02,2026-10-02 22:50:51.708622,https://www.haaretz.com/middle-east-news/2026-10-02/ty-article/.premium/as-iraq-celebrates-u-s-withdrawal-its-struggle-for-sovereignty-only-begins/000001a0-f906-d9ab-abfd-ffa7bf470000
"U.S. weighing sanctions on Israel over West Bank settler violence, sources say",Among the steps being considered are measures against IDF units that are known to be involved in inflicting exceptional harm on Palestinians and a ban on the use of U.S.-made weapons for certain units or in specific sectors,https://www.haaretz.com/israel-news/israel-security/2026-10-02/ty-article/.premium/u-s-weighing-sanctions-on-israel-over-west-bank-settler-violence-sources-say/000001a0-fb92-dbb2-a9f8-fbdbbbcc0000,Haaretz,Amos Harel,2026-10-02T19:27:18,2026-10-02 22:50:51.708591,https://www.haaretz.com/israel-news/israel-security/2026-10-02/ty-article/.premium/u-s-weighing-sanctions-on-israel-over-west-bank-settler-violence-sources-say/000001a0-fb92-dbb2-a9f8-fbdbbbcc0000
"No, the New Yorker did not claim punctuation is responsible for Palestinian suffering","Louis Menand mocked a book's attempt to link Hebrew punctuation to Palestinian suffering. Online critics turned his skepticism into an endorsement, then used it to indict the New Yorker",https://www.haaretz.com/opinion/2026-10-02/ty-article-opinion/.premium/no-the-new-yorker-did-not-blame-punctuation-for-palestinian-suffering/000001a0-fdff-d8c5-aff7-fdff69110000,Haaretz,Oded Even-Or,2026-10-02T19:43:14,2026-10-02 22:50:51.708559,https://www.haaretz.com/opinion/2026-10-02/ty-article-opinion/.premium/no-the-new-yorker-did-not-blame-punctuation-for-palestinian-suffering/000001a0-fdff-d8c5-aff7-fdff69110000
Two Iranians charged with plotting to target Greater Manchester's Jewish community on Yom Kippur,London's Metropolitan Police said ⁠it was alleged that the two ‌men ⁠were in ‌contact with an overseas third party who ⁠might be in Iran in relation to ‌the plot,https://www.haaretz.com/jewish/2026-10-02/ty-article/two-iranians-charged-with-plotting-to-target-manchesters-jewish-community/000001a0-fe1d-d350-a9ab-fe5d0d1f0000,Haaretz,Haaretz,2026-10-02T19:44:45,2026-10-02 22:50:51.708522,https://www.haaretz.com/jewish/2026-10-02/ty-article/two-iranians-charged-with-plotting-to-target-manchesters-jewish-community/000001a0-fe1d-d350-a9ab-fe5d0d1f0000
Los Angeles Mayoral Candidates Face ‘Genocide’ Question at Forum,Los Angeles Democratic mayoral candidate Nithya Raman drew backlash after reaffirming her belief that Israel has committed a so-called &#8220;genocide&#8221;...,https://www.algemeiner.com/2026/10/02/los-angeles-mayoral-candidates-face-genocide-question-forum/,Algemeiner,Corey Walker,2026-10-02T19:42:47,2026-10-02 22:50:46.773216,https://www.algemeiner.com/?p=780636
Board of Iceland’s National Broadcaster Supports Boycott of 2027 Eurovision if Israel Not Banned,The board of directors of Iceland&#8217;s public broadcaster Ríkisútvarpið (RÚV) has recommended that the broadcaster continue its boycott of the...,https://www.algemeiner.com/2026/10/02/board-icelands-national-broadcaster-supports-boycott-2027-eurovision-israel-not-banned/,Algemeiner,Shiryn Ghermezian,2026-10-02T19:51:45,2026-10-02 22:50:46.773187,https://www.algemeiner.com/?p=780577
Director Spike Lee Restrained at Yankee Stadium After Confronted Over Israeli-Palestinian Conflict,Oscar-winning director Spike Lee had to be held back from a fan who confronted him about the Israel-Palestinian conflict before...,https://www.algemeiner.com/2026/10/02/director-spike-lee-restrained-yankee-stadium-confronted-israeli-palestinian-conflict/,Algemeiner,Shiryn Ghermezian,2026-10-02T19:55:56,2026-10-02 22:50:46.773155,https://www.algemeiner.com/?p=780604
"New ADL Initiative Details Exclusion of Jews, Israelis From Art, Entertainment, Publishing",The Anti-Defamation League (ADL) on Thursday released a new initiative that details the exclusion and suppression of Jewish and Israeli...,https://www.algemeiner.com/2026/10/02/new-adl-initiative-details-exclusion-jews-israelis-art-entertainment-publishing/,Algemeiner,Shiryn Ghermezian,2026-10-02T20:00:13,2026-10-02 22:50:46.773127,https://www.algemeiner.com/?p=780610
Israeli in Netherlands Rejected From Dutch Course After Refusing to Call Gaza War a ‘Genocide’,An Israeli man living in the Netherlands was rejected from a Dutch-language course after refusing to endorse his prospective teacher&#8217;s...,https://www.algemeiner.com/2026/10/02/israeli-netherlands-rejected-dutch-course-refusing-call-gaza-war-genocide/,Algemeiner,Ailin Vilches Arguello,2026-10-02T20:09:16,2026-10-02 22:50:46.773098,https://www.algemeiner.com/?p=780641
Israeli Ambassador to US Says Son Remains on Life Support as Netanyahu Visits Hospital,"Israeli Ambassador to the United States Yechiel Leiter said Friday that his son, Neria Leiter, remains on life support, more...",https://www.algemeiner.com/2026/10/02/israeli-ambassador-us-says-son-remains-life-support-netanyahu-visits-hospital/,Algemeiner,Ailin Vilches Arguello,2026-10-02T21:21:32,2026-10-02 22:50:46.773060,https://www.algemeiner.com/?p=780657
Park in Seattle named for Beersheva vandalized with 'long live Oct. 7',The vandalism comes after anti-Israel protesters demanded that Seattle Mayor Katie Wilson end the city's relationship with Beersheva in Israel.,https://www.jns.org/news/u-s-news/park-in-seattle-named-for-beersheva-vandalized-with-long-live-oct-7,JNS,Jessica Russak-Hoffman,2026-10-02T19:35:00,2026-10-02 22:50:44.414069,https://www.jns.org/news/u-s-news/park-in-seattle-named-for-beersheva-vandalized-with-long-live-oct-7
‘NAZA’ and Nazi take the stand,How a record-breaking standing ovation at a Venice film festival became a loyalty ritual—and put the “bad Jew” back in the ghetto.,https://www.jns.org/opinion/andrew-abrahams/naza-and-nazi-take-the-stand,JNS,Andrew Abrahams,2026-10-02T19:45:00,2026-10-02 22:50:44.414042,https://www.jns.org/opinion/andrew-abrahams/naza-and-nazi-take-the-stand
"US, France dismantle ‘terror finance network’ that raised $1.75 million for Hamas, $626,000 of that in US","“The arrests announced today disrupted a global financing network that was supplying Hamas with the funds needed to continue its campaign of destroying innocent lives,” the assistant U.S. attorney general for national security said.",https://www.jns.org/news/u-s-news/us-france-dismantle-terror-finance-network-that-raised-1-75-million-for-hamas-626-000-of-that-in-united-states,JNS,Rebecca Szlechter,2026-10-02T19:54:00,2026-10-02 22:50:44.414015,https://www.jns.org/news/u-s-news/us-france-dismantle-terror-finance-network-that-raised-1-75-million-for-hamas-626-000-of-that-in-united-states
"In updated guide, Southern Poverty Law Center says campus Jew-hatred crackdown a 'weaponization' of antisemitism",The revised guide remains focused on far-right groups and states that Republicans use antisemitism as an excuse to silence anti-Israel voices.,https://www.jns.org/news/u-s-news/in-updated-guide-southern-poverty-law-center-says-campus-jew-hatred-crackdown-a-weaponization-of-antisemitism,JNS,Jessica Russak-Hoffman,2026-10-02T19:59:37,2026-10-02 22:50:44.413980,https://www.jns.org/news/u-s-news/in-updated-guide-southern-poverty-law-center-says-campus-jew-hatred-crackdown-a-weaponization-of-antisemitism
"First line of Wikipedia Oct. 7 entry says Hamas terrorists came from ‘blockaded’ Gaza, seeming to justify attacks","“It’s yet another example of the Wikipedia editors’ anti-Israel bias,” Alyza Lewin of the Combat Antisemitism Movement told JNS.",https://www.jns.org/news/u-s-news/first-line-of-wikipedia-oct-7-entry-says-hamas-terrorists-came-from-blockaded-gaza-seeming-to-justify-attacks,JNS,Aaron Bandler,2026-10-02T20:07:37,2026-10-02 22:50:44.413951,https://www.jns.org/news/u-s-news/first-line-of-wikipedia-oct-7-entry-says-hamas-terrorists-came-from-blockaded-gaza-seeming-to-justify-attacks
London police asks student activists not to march on Oct. 7,"""For many in our city, this will be a day of mourning, a day of reflection, and we are aware of a number of vigil events being planned,"" said James Harman, deputy assistant commissioner for operations at the Metropolitan Police.",https://www.jns.org/news/world/london-police-asks-student-activists-not-to-march-on-oct-7,JNS,Jessica Russak-Hoffman,2026-10-02T20:14:02,2026-10-02 22:50:44.413919,https://www.jns.org/news/world/london-police-asks-student-activists-not-to-march-on-oct-7
Robert Kraft’s Wikipedia entry edited to describe pro-Israel media watchdog as ‘genocide’ denier,"“These edits aren’t so much about Kraft or CAMERA,” board chair Carol Greenwald told JNS. “They are about how Wikipedia has been hijacked by anti-Israel activists to promote the ‘genocide’ libel.”",https://www.jns.org/news/u-s-news/robert-krafts-wikipedia-entry-edited-to-describe-pro-israel-media-watchdog-as-genocide-denier,JNS,Aaron Bandler,2026-10-02T20:30:00,2026-10-02 22:50:44.413887,https://www.jns.org/news/u-s-news/robert-krafts-wikipedia-entry-edited-to-describe-pro-israel-media-watchdog-as-genocide-denier
The vacation from Jewish history is over for Americans,The erasure of Jews and treating them as villains cannot be ignored. The post-Oct. 7 surge of antisemitism is not a misunderstanding that will fade if Netanyahu is defeated.,https://www.jns.org/opinion/column/jonathan-s-tobin/the-vacation-from-jewish-history-is-over-for-americans,JNS,Jonathan S. Tobin,2026-10-02T21:45:00,2026-10-02 22:50:44.413853,https://www.jns.org/opinion/column/jonathan-s-tobin/the-vacation-from-jewish-history-is-over-for-americans
Seattle mayor hosts book talk with authors who warn of Christian Zionist 'Armageddon',"“Someone’s obviously going to make a lot of money selling condos,” Katie Wilson said during the book discussion, referring to Christian Zionist support for plans to redevelop Gaza.",https://www.jns.org/news/u-s-news/seattle-mayor-hosts-book-talk-with-authors-who-warn-of-christian-zionist-armageddon,JNS,Jessica Russak-Hoffman,2026-10-02T21:55:22,2026-10-02 22:50:44.413816,https://www.jns.org/news/u-s-news/seattle-mayor-hosts-book-talk-with-authors-who-warn-of-christian-zionist-armageddon
Oct. 7 Makes Me Grateful for the Secular Calendar,It’s hard to imagine commemorating such a dark event on a day of joy. The cognitive dissonance would be unbearable. The post Oct. 7 Makes Me Grateful for the Secular Calendar appeared first on Jewish Journal .,https://jewishjournal.com/commentary/columnist/editors-note/392815/oct-7-makes-me-grateful-for-the-secular-calendar/,Jewish Journal,David Suissa,2026-10-02T19:21:59,2026-10-02 22:50:41.874152,https://jewishjournal.com/?p=392815
This Just Makes It Worse,"In those moments when we have needed leadership most, our Congressman has been silent. The post This Just Makes It Worse appeared first on Jewish Journal .",https://jewishjournal.com/commentary/opinion/392828/this-just-makes-it-worse/,Jewish Journal,Julie Heiman,2026-10-02T21:03:42,2026-10-02 22:50:41.874107,https://jewishjournal.com/?p=392828
A great Jewish intellectual understood the Kafkaesque horror of Tennessee’s botched execution,"Two days ago, the state of Tennessee tried to kill Christa Pike, the Death Row prisoner who, in 1995, was found guilty of the torture and murder of her classmate Colleen Slemmer. After spending more than 30 years on death row, Pike was strapped to a prison gurney and, as journalists watched through a window,... The post A great Jewish intellectual understood the Kafkaesque horror of Tennessee&#8217;s botched execution appeared first on The Forward .",https://forward.com/opinion/853598/arthur-koestler-albert-camus-death-penalty-jewish-crista-pike-tennessee-botched-execution/,The Forward,Robert Zaretsky,2026-10-02T19:05:55,2026-10-02 22:50:37.718278,https://forward.com/?p=853598
What is Oman’s relationship with Israel – if any?,"Flydubai attack tests the strategic Gulf country's image as the ""Switzerland of the Middle East."" -- The post What is Oman&#8217;s relationship with Israel – if any? appeared first on Jewish Telegraphic Agency .",https://www.jta.org/2026/10/02/israel/what-is-omans-relationship-with-israel-if-any,JTA,Tomer Almagor,2026-10-02T19:35:31,2026-10-02 22:50:35.014692,https://www.jta.org/?p=1909457
Mamdani joins Theo Von’s podcast. They find common ground in criticizing Netanyahu.,"Zohran Mamdani sat down with “manosphere” podcaster Theo Von, who has become an increasingly vocal Israel critic. -- The post Mamdani joins Theo Von’s podcast. They find common ground in criticizing Netanyahu. appeared first on Jewish Telegraphic Agency .",https://www.jta.org/2026/10/02/ny/mamdani-joins-theo-vons-podcast-they-find-common-ground-in-criticizing-netanyahu,JTA,Joseph Strauss,2026-10-02T20:57:05,2026-10-02 22:50:35.014654,https://www.jta.org/?p=1909452
Protesters disrupt Mahmoud Khalil book event,"A version of this piece first ran as part of the New York Jewish Week’s daily newsletter, rounding up the... -- The post Protesters disrupt Mahmoud Khalil book event appeared first on Jewish Telegraphic Agency .",https://www.jta.org/2026/10/02/ny/protesters-disrupt-mahmoud-khalil-book-event,JTA,New York Jewish Week Staff,2026-10-02T21:18:57,2026-10-02 22:50:35.014611,https://www.jta.org/?p=1909474
David Ellison slots Israeli Ynon Kreiz into executive role at merged Paramount-Warner studios,"Ellison appointed Kreiz, the Israeli-American former head of Mattel, to co-CEO -- The post David Ellison slots Israeli Ynon Kreiz into executive role at merged Paramount-Warner studios appeared first on Jewish Telegraphic Agency .",https://www.jta.org/2026/10/02/united-states/david-ellison-slots-israeli-ynon-kreiz-into-executive-role-at-merged-paramount-warner-studios,JTA,Andrew Lapin,2026-10-02T22:01:04,2026-10-02 22:50:35.014563,https://www.jta.org/?p=1909480
Flydubai suspends flights to Israel until further notice after hijacking incident,A source briefed on the investigation into the incident said that Israeli officials are expected to question the co-pilot who allegedly attempted to crash the plane,https://www.haaretz.com/israel-news/israel-security/2026-10-02/ty-article/.premium/flydubai-suspends-israel-flights-until-further-notice-after-suspected-hijacking/000001a0-fcf8-d8c5-aff7-fdf8f6550000,Haaretz,TheMarker,2026-10-02T15:34:22,2026-10-02 19:01:31.914468,https://www.haaretz.com/israel-news/israel-security/2026-10-02/ty-article/.premium/flydubai-suspends-israel-flights-until-further-notice-after-suspected-hijacking/000001a0-fcf8-d8c5-aff7-fdf8f6550000
"Israeli Officials to Question Co-Pilot of Flydubai Flight, Source Says","Israeli officials are expected to question the co&#8211;pilot who allegedly attempted to crash a commercial passenger flight from Dubai bound for Tel Aviv, according to a source briefed on the investigation....",https://www.algemeiner.com/2026/10/02/israeli-officials-question-co-pilot-flydubai-flight-source-says/,Algemeiner,Reuters and Algemeiner Staff,2026-10-02T17:10:24,2026-10-02 19:01:27.063565,https://www.algemeiner.com/?p=780616
Saudis Plan Assault on Houthis to Break Red Sea Chokehold,"Saudi Arabia is planning an offensive against Iran-backed Houthi militants in Yemen, with options being considered including a coastal push to secure...",https://www.algemeiner.com/2026/10/02/saudis-plan-assault-houthis-break-red-sea-chokehold/,Algemeiner,Reuters and Algemeiner Staff,2026-10-02T17:15:53,2026-10-02 19:01:27.063542,https://www.algemeiner.com/?p=780618
Indian Pilot Tells PM Modi He Opened Flydubai Cockpit Door During Attack,The Indian pilot stabbed by his co-pilot on a flydubai flight from Dubai to Tel Aviv replayed the dramatic attack and his desperate effort to open the cockpit door to...,https://www.algemeiner.com/2026/10/02/indian-pilot-tells-pm-modi-he-opened-flydubai-cockpit-door-during-attack/,Algemeiner,Reuters and Algemeiner Staff,2026-10-02T17:19:42,2026-10-02 19:01:27.063521,https://www.algemeiner.com/?p=780621
‘Sit Next to an Israeli’: Flydubai Attack Heroes Become Viral Sensation,"Two days after passengers and crew thwarted the attempted hijacking and crashing of a flydubai flight, the story was still...",https://www.algemeiner.com/2026/10/02/sit-next-israeli-flydubai-attack-heroes-become-viral-sensation/,Algemeiner,Debbie Weiss,2026-10-02T17:44:51,2026-10-02 19:01:27.063497,https://www.algemeiner.com/?p=780624
Mahmoud Abbas and Palestinian Authority TV Glorify Mass Murderers and a Terrorist Plane Hijacker,"While the free world watched in horror at this week&#8217;s attempted plane hijacking and attempted murder of 170 people, it...",https://www.algemeiner.com/2026/10/02/mahmoud-abbas-palestinian-authority-tv-glorify-mass-murderers-terrorist-plane-hijacker/,Algemeiner,Itamar Marcus,2026-10-02T17:48:35,2026-10-02 19:01:27.063476,https://www.algemeiner.com/?p=780587
Why Israeli Terror Victims Don’t Count,Wednesday&#8217;s attempted hijacking of Flydubai Flight FZ1073 carried chilling echoes of an earlier era of aviation terrorism. Fifty years after...,https://www.algemeiner.com/2026/10/02/why-israeli-terror-victims-dont-count/,Algemeiner,Rachel O'Donoghue,2026-10-02T17:56:30,2026-10-02 19:01:27.063455,https://www.algemeiner.com/?p=780595
How Europe’s Terrorism Reports Lost Track of Iran,"In the early hours of Sunday, Sept. 27, 2026, British police arrested five men near RAF Fairford, the base from...",https://www.algemeiner.com/2026/10/02/how-europes-terrorism-reports-lost-track-iran/,Algemeiner,Sagiv Steinberg,2026-10-02T18:00:38,2026-10-02 19:01:27.063434,https://www.algemeiner.com/?p=780582
Netanyahu’s Secret UAE Visit Matters for the Middle East,The most significant diplomatic developments in the Middle East are not always announced publicly. Sometimes their importance is revealed only...,https://www.algemeiner.com/2026/10/02/netanyahus-secret-uae-visit-matters-middle-east/,Algemeiner,Vaasu Sharma,2026-10-02T18:04:42,2026-10-02 19:01:27.063408,https://www.algemeiner.com/?p=780592
"Days leading up to third Oct. 7 anniversary ‘very triggering’ for survivors, says legal scholar who documented crimes during the massacre","“We feel that we made one huge achievement and that is to move the conversation from whether these crimes happened to what are their consequences,” Israeli legal scholar Cochav Elkayam-Levy told JNS.",https://www.jns.org/news/israel-news/days-leading-up-to-third-oct-7-anniversary-very-triggering-for-survivors-says-legal-scholar-who-documented-crimes-during-the-massacre,JNS,Rikki Zagelbaum,2026-10-02T13:37:27,2026-10-02 19:01:24.717066,https://www.jns.org/news/israel-news/days-leading-up-to-third-oct-7-anniversary-very-triggering-for-survivors-says-legal-scholar-who-documented-crimes-during-the-massacre
Superintendent of heavily Jewish Maryland county admits 'misstep' in handling Nazi swastika incident,"""More must be done, and on that we agree,"" the head of the public school system in Montgomery County wrote to Jewish clergy. ""At the same time, there are no easy answers.""",https://www.jns.org/news/u-s-news/superintendent-of-heavily-jewish-maryland-county-admits-misstep-in-handling-nazi-swastika-incident,JNS,Jessica Russak-Hoffman,2026-10-02T14:00:00,2026-10-02 19:01:24.717041,https://www.jns.org/news/u-s-news/superintendent-of-heavily-jewish-maryland-county-admits-misstep-in-handling-nazi-swastika-incident
Lawyer fined for saying pro-Israel donors helped get Emory doctor fired,"The attorney must pay $6,000 for pursuing frivolous conspiracy claims against donors to pro-Israel groups.",https://www.jns.org/news/u-s-news/lawyer-fined-for-saying-pro-israel-donors-helped-get-emory-doctor-fired,JNS,Jessica Russak-Hoffman,2026-10-02T14:30:00,2026-10-02 19:01:24.717018,https://www.jns.org/news/u-s-news/lawyer-fined-for-saying-pro-israel-donors-helped-get-emory-doctor-fired
"‘Everything literally under the sukkah was taken,’ Oregon Hillel says of holiday theft","“The feeling that our new home could be desecrated so quickly—really unsettling and really sad,” Lenny Steinberg, of the Hillel, told JNS.",https://www.jns.org/news/u-s-news/everything-literally-under-the-sukkah-was-taken-oregon-hillel-says-of-holiday-theft,JNS,Aaron Bandler,2026-10-02T14:45:00,2026-10-02 19:01:24.716999,https://www.jns.org/news/u-s-news/everything-literally-under-the-sukkah-was-taken-oregon-hillel-says-of-holiday-theft
"Waltz blasts Russia, China for killing Iran snapback sanctions panel at United Nations","“Those who vetoed this resolution love to lecture all of us on their love for the U.N. Charter and this institution,” the U.S. envoy said.",https://www.jns.org/news/u-s-news/waltz-blasts-russia-china-for-killing-iran-snapback-sanctions-panel-at-united-nations,JNS,Mike Wagenheim,2026-10-02T15:18:49,2026-10-02 19:01:24.716976,https://www.jns.org/news/u-s-news/waltz-blasts-russia-china-for-killing-iran-snapback-sanctions-panel-at-united-nations
"Lebanon has a ‘rare moment’ to disarm Hezbollah, Gottheimer says","“Many of the leadership are saying the right things,” the New Jersey congressman said. “Now, it’s a question of making it happen and making it happen fast.”",https://www.jns.org/news/u-s-news/lebanon-has-a-rare-moment-to-disarm-hezbollah-gottheimer-says,JNS,Jonathan D. Salant,2026-10-02T15:45:36,2026-10-02 19:01:24.716954,https://www.jns.org/news/u-s-news/lebanon-has-a-rare-moment-to-disarm-hezbollah-gottheimer-says
Mamdani’s MOCAry of the struggle against antisemitism,The central task now is to understand what the New York City mayor’s game really is.,https://www.jns.org/opinion/column/ben-cohen/mamdanis-mocary-of-the-struggle-against-antisemitism,JNS,Ben Cohen,2026-10-02T16:00:00,2026-10-02 19:01:24.716931,https://www.jns.org/opinion/column/ben-cohen/mamdanis-mocary-of-the-struggle-against-antisemitism
NYC public school suddenly ended longstanding rental of Reform synagogue for graduation ‘because of Israel’,"Rabbi Rachel Timoner, of Congregation Beth Elohim, told JNS that there ought to be a conversation “to break down assumptions.”",https://www.jns.org/news/u-s-news/nyc-public-school-suddenly-ended-longstanding-rental-of-reform-synagogue-for-graduation-because-of-israel,JNS,Debra Nussbaum Cohen,2026-10-02T16:14:29,2026-10-02 19:01:24.716911,https://www.jns.org/news/u-s-news/nyc-public-school-suddenly-ended-longstanding-rental-of-reform-synagogue-for-graduation-because-of-israel
"Massachusetts man charged with cyberstalking GOP adviser, referring to her husband as ‘Jewish Nazi’",John Anthony Proia III allegedly harassed the victim at least 40 times using multiple phone numbers in August and September.,https://www.jns.org/news/u-s-news/massachusetts-man-charged-with-cyberstalking-gop-adviser-referring-to-her-husband-as-jewish-nazi,JNS,Rebecca Szlechter,2026-10-02T16:36:45,2026-10-02 19:01:24.716887,https://www.jns.org/news/u-s-news/massachusetts-man-charged-with-cyberstalking-gop-adviser-referring-to-her-husband-as-jewish-nazi
Qatari envoy accuses Huckabee of ‘promoting interests of Israel’s leadership’,"“It is regrettable that Amb. Huckabee is peddling Benjamin Netanyahu’s talking points,” Meshal Hamad Al Thani wrote.",https://www.jns.org/news/u-s-news/qatari-envoy-accuses-huckabee-of-promoting-interests-of-israels-leadership,JNS,Andrew Bernard,2026-10-02T17:15:56,2026-10-02 19:01:24.716865,https://www.jns.org/news/u-s-news/qatari-envoy-accuses-huckabee-of-promoting-interests-of-israels-leadership
"Students, alumni refile lawsuit against George Washington University alleging that it failed to address campus Jew-hatred",The plaintiffs filed the amended complaint after a federal judge dismissed their original filing in July for failing to meet federal pleading requirements.,https://www.jns.org/news/u-s-news/students-alumni-refile-lawsuit-against-george-washington-university-alleging-that-it-failed-to-address-campus-jew-hatred,JNS,,2026-10-02T17:20:29,2026-10-02 19:01:24.716842,https://www.jns.org/news/u-s-news/students-alumni-refile-lawsuit-against-george-washington-university-alleging-that-it-failed-to-address-campus-jew-hatred
Why Jews dance with a closed book,"After an entire year of reading the Torah, when we reach its end, we celebrate. Then, after all that dancing, we open the Torah again—immediately.",https://www.jns.org/opinion/rabbi-dov-doobie-lisker/why-jews-dance-with-a-closed-book,JNS,Rabbi Dov (“Doobie”) Lisker,2026-10-02T17:30:00,2026-10-02 19:01:24.716818,https://www.jns.org/opinion/rabbi-dov-doobie-lisker/why-jews-dance-with-a-closed-book
Florida man indicted for threatening to 'hunt' Jews,"In videos posted to Instagram displaying his guns, Duncan Fraser MacDonald allegedly said, of Hitler, that ""the Austrian painter was correct.""",https://www.jns.org/news/u-s-news/florida-man-indicted-for-threatening-to-hunt-jews,JNS,,2026-10-02T17:43:25,2026-10-02 19:01:24.716794,https://www.jns.org/news/u-s-news/florida-man-indicted-for-threatening-to-hunt-jews
The Jews who refused to sit down,The passengers on flydubai flight 1073 rewrote the rules of survival and taught us all a lesson.,https://www.jns.org/opinion/linda-argalgi-sadacka/the-jews-who-refused-to-sit-down,JNS,Linda Argalgi Sadacka,2026-10-02T18:30:00,2026-10-02 19:01:24.716765,https://www.jns.org/opinion/linda-argalgi-sadacka/the-jews-who-refused-to-sit-down
October 7th and the Secret of Simchat Torah,"In the last three years, so many heroic people have decided that October 7th will not be the tragic end. The post October 7th and the Secret of Simchat Torah appeared first on Jewish Journal .",https://jewishjournal.com/judaism/392812/october-7th-and-the-secret-of-simchat-torah/,Jewish Journal,Chaim Steinmetz,2026-10-02T18:21:23,2026-10-02 19:01:22.230617,https://jewishjournal.com/?p=392812
‘East of Eden’ was my family Bible — until I read the real one.,"I didn’t know until recently whether the house I grew up in had a Bible, but I always knew we had a first edition of John Steinbeck’s East of Eden. It’s my mother’s, gifted to her by her boss at Brattle Book Shop, an antiquarian book store in Boston, where she worked in college. Its... The post &#8216;East of Eden&#8217; was my family Bible — until I read the real one. appeared first on The Forward .",https://forward.com/forward-newsletters/looking-forward/853568/john-steinbeck-east-of-eden-elia-zoe-kazan-netflix-adaptation-bible/,The Forward,PJ Grisar,2026-10-02T18:45:56,2026-10-02 19:01:18.013601,https://forward.com/?p=853568
America’s only major etrog grower is in survival mode amid global competition,"The citron, or etrog, has been this California ranch’s top-earning crop. -- The post America’s only major etrog grower is in survival mode amid global competition appeared first on Jewish Telegraphic Agency .",https://www.jta.org/2026/10/02/united-states/americas-only-major-etrog-grower-is-in-survival-mode-amid-global-competition,JTA,Lea Loeb,2026-10-02T14:22:12,2026-10-02 19:01:15.197829,https://www.jta.org/?p=1909428
"As The New York Times turns 175, the fight over its Israel coverage heats up again","New accusations of anti-Israel bias are the latest salvoes in an ongoing argument over the newspaper’s coverage of Israel — and its love/hate relationship with American Jews. -- The post As The New York Times turns 175, the fight over its Israel coverage heats up again appeared first on Jewish Telegraphic Agency .",https://www.jta.org/2026/10/02/ideas/as-the-new-york-times-turns-175-the-fight-over-its-israel-coverage-heats-up-again,JTA,Andrew Silow-Carroll,2026-10-02T15:00:00,2026-10-02 19:01:15.197800,https://www.jta.org/?p=1909246
Jewish communities worldwide under heightened threat after flydubai attack,The Israeli Prime Minister's Office said additional precautions were being taken as the country tries to bring citizens stranded in the UEA home. -- The post Jewish communities worldwide under heightened threat after flydubai attack appeared first on Jewish Telegraphic Agency .,https://www.jta.org/2026/10/02/israel/jewish-communities-worldwide-under-heightened-threat-after-flydubai-attack,JTA,Tomer Almagor,2026-10-02T16:57:30,2026-10-02 19:01:15.197768,https://www.jta.org/?p=1909439
I was so afraid my son would leave the Jewish family that I forgot to be his father,"For a decade, a journalist feared his son’s interfaith marriage would break the Jewish chain. Then they finally talked. -- The post I was so afraid my son would leave the Jewish family that I forgot to be his father appeared first on Jewish Telegraphic Agency .",https://www.jta.org/2026/10/02/ideas/i-was-so-afraid-my-son-would-leave-the-jewish-family-that-i-forgot-to-be-his-father,JTA,Leonard Felson,2026-10-02T17:00:00,2026-10-02 19:01:15.197738,https://www.jta.org/?p=1909126
The Jewish players to watch in the NHL this season,"Plus, latest on the MLB postseason. -- The post The Jewish players to watch in the NHL this season appeared first on Jewish Telegraphic Agency .",https://www.jta.org/2026/10/02/sports/the-jewish-players-to-watch-in-the-nhl-this-season,JTA,Jacob Gurvis,2026-10-02T17:19:15,2026-10-02 19:01:15.197692,https://www.jta.org/?p=1909447
Canada’s broadcaster allegedly suspended a Jewish journalist for recording pro-Palestinian protesters outside Yom Kippur services,Neil Herland wrote about how the protest unnerved him as a Canadian Jew. -- The post Canada’s broadcaster allegedly suspended a Jewish journalist for recording pro-Palestinian protesters outside Yom Kippur services appeared first on Jewish Telegraphic Agency .,https://www.jta.org/2026/10/02/global/canadas-broadcaster-allegedly-suspended-a-jewish-journalist-for-recording-pro-palestinian-protesters-outside-yom-kippur-services,JTA,Emma Paidra,2026-10-02T18:47:30,2026-10-02 19:01:15.197658,https://www.jta.org/?p=1909398
