title,description,link,source,author,published,scraped_at,guid
Israeli researchers scrutinize ‘NAZA’ director Yuval Abraham’s past,"Regavim alleges omissions and distortions in the filmmaker’s reporting, while an independent Israeli researcher examines his longstanding ties to Palestinian activists.",https://www.jns.org/feature/israeli-researchers-scrutinize-naza-director-yuval-abrahams-past,JNS,Josh Hasten,2026-09-18T05:06:56,2026-09-18 08:50:23.081856,https://www.jns.org/feature/israeli-researchers-scrutinize-naza-director-yuval-abrahams-past
Dutch cinema drops Oct. 7 screening of 'NAZA',"But Filmhuis Lumen in Delft will still show the film, which portrays Israeli soldiers as war criminals, on two other dates.",https://www.jns.org/news/world/dutch-cinema-drops-oct-7-screening-of-naza,JNS,Canaan Lidor,2026-09-18T05:18:03,2026-09-18 08:50:23.081832,https://www.jns.org/news/world/dutch-cinema-drops-oct-7-screening-of-naza
The senator who helped pave the way for US recognition of Jerusalem as Israel's capital,Jon Kyl was a principal architect and leading advocate of the Jerusalem Embassy Act—and one of Israel’s greatest friends in the Senate.,https://www.jns.org/opinion/chaim-silberstein/the-senator-who-helped-pave-the-way-for-us-recognition-of-jerusalem-as-israels-capital,JNS,Chaim Silberstein,2026-09-18T05:24:36,2026-09-18 08:50:23.081804,https://www.jns.org/opinion/chaim-silberstein/the-senator-who-helped-pave-the-way-for-us-recognition-of-jerusalem-as-israels-capital
Heaton Park survivor: Manchester Jewish community ‘doesn’t feel any safer’,"Yoni Finlay, who was shot while defending his synagogue on Yom Kippur, says heightened security continues to shape Jewish life a year after the deadly attack.",https://www.jns.org/feature/heaton-park-survivor-manchester-jewish-community-doesnt-feel-any-safer,JNS,Steve Linde,2026-09-18T05:28:33,2026-09-18 08:50:23.081768,https://www.jns.org/feature/heaton-park-survivor-manchester-jewish-community-doesnt-feel-any-safer
UN and NGOs hijacked meetings to launch libel campaign against State of Israel,The 2001 Durban Forum didn’t just pass a declaration. It handed activists a playbook: Weaponize the language of human rights to target one country.,https://www.jns.org/wire/the-focus-project/un-and-ngos-hijacked-meetings-to-launch-libel-campaign-against-israel,JNS,,2026-09-18T05:30:00,2026-09-18 08:50:23.081743,https://www.jns.org/wire/the-focus-project/un-and-ngos-hijacked-meetings-to-launch-libel-campaign-against-israel
The new blood libels,"Whether it’s genocide charges or “settler violence,” we have seen this movie before.",https://www.jns.org/opinion/amihood-amir/the-new-blood-libels,JNS,Amihood Amir,2026-09-18T06:15:00,2026-09-18 08:50:23.081709,https://www.jns.org/opinion/amihood-amir/the-new-blood-libels
"In ex-Knick Michael Sweetney, Jewish friends mourn a beloved coach ‘who knew exactly how to show up’","Tamir Goodman stuck out like a sore thumb, a yarmulke-wearing redhead at a practice for a showcase of Greater Washington’s top high school talent. The year was 2000, and Goodman, an Orthodox Jewish hoops prodigy, had already been on the cover of Sports Illustrated. What he did not have at that practice was a friend. But... The post In ex-Knick Michael Sweetney, Jewish friends mourn a beloved coach &#8216;who knew exactly how to show up&#8217; appeared first on The Forward .",https://forward.com/news/sports/850913/mike-sweetney-obituary-jewish-basketball-coach/,The Forward,Louis Keene,2026-09-18T04:22:36,2026-09-18 08:50:15.902645,https://forward.com/?p=850913
"Jewish radio host Sid Rosenberg says he ‘charmed’ JD Vance, after slamming his stances on Israel","Meeting came days after Vance said Trump has been willing to ‘part ways’ with Netanyahu when necessary. -- The post Jewish radio host Sid Rosenberg says he ‘charmed’ JD Vance, after slamming his stances on Israel appeared first on Jewish Telegraphic Agency .",https://www.jta.org/2026/09/18/politics/jewish-radio-host-sid-rosenberg-says-he-charmed-jd-vance-after-slamming-his-stances-on-israel,JTA,Sharon Udasin,2026-09-18T06:56:43,2026-09-18 08:50:13.043129,https://www.jta.org/?p=1908383
"The federation model isn’t static, and it never has been","Steven Windmueller’s recent article, The remake: Bringing the federation model into the 21st century (Sept. 2), asks the important question of what should Jewish federations become in a changing Jewish community. We agree that Jewish communities are changing: their needs are changing and the challenges facing them are changing, both at home and around the... Read More The post The federation model isn’t static, and it never has been appeared first on eJewishPhilanthropy .",https://ejewishphilanthropy.com/the-federation-model-isnt-static-and-it-never-has-been/,eJewish Philanthropy,Mimi Kravetz,2026-09-18T08:30:46,2026-09-18 08:50:10.494251,https://ejewishphilanthropy.com/?p=180233
The KGB sent him to Israel to live a secret life as a spy – at a heavy personal cost,"Trained to live as foreigners for decades, Soviet 'illegals' deceived even their own children. In an interview, 'The Illegals' author Shaun Walker exposes the heartbreak behind Russia's myth of the heroic spy",https://www.haaretz.com/life/books/2026-09-18/ty-article-magazine/.highlight/the-kgb-sent-him-to-israel-as-a-spy-at-a-heavy-personal-cost/000001a0-9faa-dfa9-ada3-dfea35370000,Haaretz,Yana Pevzner,2026-09-18T00:02:13,2026-09-18 03:33:41.929820,https://www.haaretz.com/life/books/2026-09-18/ty-article-magazine/.highlight/the-kgb-sent-him-to-israel-as-a-spy-at-a-heavy-personal-cost/000001a0-9faa-dfa9-ada3-dfea35370000
Israel's Water Authority braces for weeks of reduced desalination output,"Five out of six plants are still operating at limited capacity, producing about half the normal amount. The state comptroller criticized Israel's Water Authority for failing to protect natural water reservoirs",https://www.haaretz.com/science-and-health/nature-environment/2026-09-18/ty-article/.premium/israels-water-authority-braces-for-weeks-of-reduced-desalination-output/000001a0-b0c5-d29c-afef-f7f784ee0000,Haaretz,Zafrir Rinat,2026-09-18T00:49:55,2026-09-18 03:33:41.929787,https://www.haaretz.com/science-and-health/nature-environment/2026-09-18/ty-article/.premium/israels-water-authority-braces-for-weeks-of-reduced-desalination-output/000001a0-b0c5-d29c-afef-f7f784ee0000
Netanyahu's lawyers holding up submarine probe by failing to review case files,Commission of inquiry into purchase of German subs in 2009-16 says failure of prime minister's lawyer to review materials is forcing a delay,https://www.haaretz.com/israel-news/israel-crime/2026-09-18/ty-article/.premium/netanyahus-lawyers-holding-up-submarine-probe-by-failing-to-review-case-files/000001a0-b0e6-d91d-afeb-f8e6f2880000,Haaretz,Chen Maanit,2026-09-18T01:03:29,2026-09-18 03:33:41.929756,https://www.haaretz.com/israel-news/israel-crime/2026-09-18/ty-article/.premium/netanyahus-lawyers-holding-up-submarine-probe-by-failing-to-review-case-files/000001a0-b0e6-d91d-afeb-f8e6f2880000
"U.S. to allow Iranian leaders to attend UN General Assembly, Abbas to speak via video",,https://www.haaretz.com/israel-news/israel-security/2026-09-18/ty-article-live/u-s-to-allow-iranian-leaders-to-attend-un-abbas-to-speak-via-video/000001a0-b231-d5b2-a9ee-b2bbc9400000,Haaretz,Haaretz,2026-09-18T02:04:45,2026-09-18 03:33:41.929724,https://www.haaretz.com/israel-news/israel-security/2026-09-18/ty-article-live/u-s-to-allow-iranian-leaders-to-attend-un-abbas-to-speak-via-video/000001a0-b231-d5b2-a9ee-b2bbc9400000
"Defense chiefs insist it's not Israel's war, but simmering Yemen conflict serves Netanyahu well",The PM wants as many active fronts as possible ahead of the election ◼︎ Most violent incidents in the West Bank now stem from Israeli aggression ◼︎ A key architect of U.S. sanctions against Iran warns that Israel must prepare for economic war,https://www.haaretz.com/israel-news/israel-security/2026-09-18/ty-article/.premium/army-insists-its-not-israels-war-but-simmering-yemen-conflict-serves-pm-well/000001a0-b0e7-de67-a5a3-ffe70cb70000,Haaretz,Amos Harel,2026-09-18T03:00:04,2026-09-18 03:33:41.929693,https://www.haaretz.com/israel-news/israel-security/2026-09-18/ty-article/.premium/army-insists-its-not-israels-war-but-simmering-yemen-conflict-serves-pm-well/000001a0-b0e7-de67-a5a3-ffe70cb70000
A minority government propped up by non-Zionists? That's already Israel's reality,"Meanwhile, the autumn winds of a unity government can already be felt in the air",https://www.haaretz.com/israel-news/israel-politics/2026-09-18/ty-article/.premium/a-minority-govt-propped-up-by-non-zionists-thats-already-israels-reality/000001a0-b0e7-d5b2-a9ee-b2ef39fb0000,Haaretz,Yossi Verter,2026-09-18T03:00:45,2026-09-18 03:33:41.929646,https://www.haaretz.com/israel-news/israel-politics/2026-09-18/ty-article/.premium/a-minority-govt-propped-up-by-non-zionists-thats-already-israels-reality/000001a0-b0e7-d5b2-a9ee-b2ef39fb0000
How to respond to the battlefield we live in,"Ignorance, repeated and moralized, is fuel for the fire that burns against us.",https://www.jns.org/opinion/elisha-wiesel/how-to-respond-to-the-battlefield-we-live-in,JNS,Elisha Wiesel,2026-09-18T03:15:00,2026-09-18 03:33:34.617638,https://www.jns.org/opinion/elisha-wiesel/how-to-respond-to-the-battlefield-we-live-in
Discovery of mikveh reveals unknown ancient Jewish settlement in southern Israel,The 25-ton ritual bath was extracted whole and moved so it could be preserved while a new neighborhood goes up in the city of Kiryat Gat,https://www.haaretz.com/archaeology/2026-09-18/ty-article-magazine/discovery-of-mikveh-reveals-unknown-ancient-jewish-settlement-in-southern-israel/000001a0-afbd-de67-a5a3-efbdd6140000,Haaretz,Ruth Schuster,2026-09-17T21:59:06,2026-09-17 23:56:57.365153,https://www.haaretz.com/archaeology/2026-09-18/ty-article-magazine/discovery-of-mikveh-reveals-unknown-ancient-jewish-settlement-in-southern-israel/000001a0-afbd-de67-a5a3-efbdd6140000
"As Israel can't hear the alarm within, perhaps change will come from the outside","There are people in Israel who are trying to change things. A genuine left, small and under attack. But sometimes what is needed is the same action from two sides of a wall",https://www.haaretz.com/opinion/2026-09-18/ty-article-opinion/.premium/as-israel-cant-hear-the-alarm-within-perhaps-change-will-come-from-the-outside/000001a0-b0b3-de67-a5a3-ffb764cc0000,Haaretz,Tamer Nafar,2026-09-17T22:05:08,2026-09-17 23:56:57.365126,https://www.haaretz.com/opinion/2026-09-18/ty-article-opinion/.premium/as-israel-cant-hear-the-alarm-within-perhaps-change-will-come-from-the-outside/000001a0-b0b3-de67-a5a3-ffb764cc0000
Israel's next diplomatic goal should be a Palestinian state,"This is the correct decision, and Israel must make it. A decision not to view the Palestinians as enemies who require a defense budget of $60 billion (it's hard to believe), but as brothers living as neighbors in two states",https://www.haaretz.com/opinion/2026-09-18/ty-article-opinion/.premium/israels-next-diplomatic-goal-should-be-a-palestinian-state/000001a0-b0b9-d91d-afeb-f8f96fb30000,Haaretz,Amos Schocken,2026-09-17T22:14:51,2026-09-17 23:56:57.365094,https://www.haaretz.com/opinion/2026-09-18/ty-article-opinion/.premium/israels-next-diplomatic-goal-should-be-a-palestinian-state/000001a0-b0b9-d91d-afeb-f8f96fb30000
There will be blood: Threats against 'NAZA' directors are real - and dangerous,,https://www.haaretz.com/opinion/editorial/2026-09-18/ty-article-opinion/there-will-be-blood-threats-against-naza-directors-are-real-and-dangerous/000001a0-b0e7-d5b2-a9ee-b2efaffd0000,Haaretz,Haaretz Editorial,2026-09-17T22:53:36,2026-09-17 23:56:57.365053,https://www.haaretz.com/opinion/editorial/2026-09-18/ty-article-opinion/there-will-be-blood-threats-against-naza-directors-are-real-and-dangerous/000001a0-b0e7-d5b2-a9ee-b2efaffd0000
"Turkey’s Erdogan to Seek Reelection, Circumvent Constitutional Term Limits, Adviser Says",Speculation is swirling throughout Turkey that President Recep Tayyip Erdogan could seek to extend his rule beyond his constitutionally limited...,https://www.algemeiner.com/2026/09/17/turkeys-erdogan-seek-reelection-circumvent-constitutional-term-limits-adviser-says/,Algemeiner,Ailin Vilches Arguello,2026-09-17T22:03:37,2026-09-17 23:56:52.436206,https://www.algemeiner.com/?p=779912
Manhattan Institute sues to force Mamdani admin to release documents,"City Hall is making “a mockery of open government, at least when it comes to the administration’s relationship with the Jewish community,” attorney Jack Lester told JNS.",https://www.jns.org/news/u-s-news/manhattan-institute-sues-to-force-mamdani-admin-to-release-documents,JNS,Debra Nussbaum Cohen,2026-09-17T22:03:30,2026-09-17 23:56:50.099534,https://www.jns.org/news/u-s-news/manhattan-institute-sues-to-force-mamdani-admin-to-release-documents
"North Carolina man arrested over antisemitic threats sent to Jewish leaders, Holocaust memorial","""Such threats are intended not merely to offend, but to terrorize,"" Vlad Khaykin of the Simon Wiesenthal Center told JNS. ""To make Jewish Americans afraid to open their mail, enter their institutions or live openly as Jews.""",https://www.jns.org/news/u-s-news/north-carolina-man-arrested-over-antisemitic-threats-sent-to-jewish-leaders-holocaust-memorial,JNS,Jessica Russak-Hoffman,2026-09-17T22:11:29,2026-09-17 23:56:50.099499,https://www.jns.org/news/u-s-news/north-carolina-man-arrested-over-antisemitic-threats-sent-to-jewish-leaders-holocaust-memorial
"Hawaii rabbis say they fight Jew-hatred with 'Shaloha' spirit, after state data shows Jews targets of 75% of faith-based hate crimes last year","""That's how we combat antisemitism,"" Rabbi Rachel Short told JNS. ""We let people see who we are and what we do.""",https://www.jns.org/news/u-s-news/hawaii-rabbis-say-they-fight-jew-hatred-with-shaloha-spirit-after-state-data-shows-jews-targets-of-75-of-faith-based-hate-crimes-last-year,JNS,Jessica Russak-Hoffman,2026-09-17T22:34:49,2026-09-17 23:56:50.099460,https://www.jns.org/news/u-s-news/hawaii-rabbis-say-they-fight-jew-hatred-with-shaloha-spirit-after-state-data-shows-jews-targets-of-75-of-faith-based-hate-crimes-last-year
Listen — A poem for Parsha Ha’Azinu,Listen – Moses is about to sing a song The post Listen — A poem for Parsha Ha&#8217;Azinu appeared first on Jewish Journal .,https://jewishjournal.com/judaism/392223/listen-a-poem-for-parsha-haazinu/,Jewish Journal,Rick Lupert,2026-09-17T23:00:46,2026-09-17 23:56:47.713195,https://jewishjournal.com/?p=392223
NYC man sentenced for Oct. 2023 attack on Israeli tourist,"Plus, a petition to change the location of prayers to be held outside Zohran Mamdani's residence. -- The post NYC man sentenced for Oct. 2023 attack on Israeli tourist appeared first on Jewish Telegraphic Agency .",https://www.jta.org/2026/09/17/ny/nyc-man-sentenced-for-oct-2023-attack-on-israeli-tourist,JTA,New York Jewish Week Staff,2026-09-17T22:16:14,2026-09-17 23:56:40.960348,https://www.jta.org/?p=1908374
Robert Kraft pledged $2M to aid Palestinians amid Macklemore row. Where will he donate it?,"The pro-Israel billionaire has backed Seeds of Peace, a dialogue group, in the past. -- The post Robert Kraft pledged $2M to aid Palestinians amid Macklemore row. Where will he donate it? appeared first on Jewish Telegraphic Agency .",https://www.jta.org/2026/09/17/united-states/robert-kraft-pledged-2m-to-aid-palestinians-amid-macklemore-row-how-will-he-do-it,JTA,Andrew Lapin,2026-09-17T22:38:07,2026-09-17 23:56:40.960301,https://www.jta.org/?p=1908358
"For second night in a row, dozens gather outside 'NAZA' filmmaker's family home","The protesters, including several Ben-Gvir allies, marched through the 'NAZA' filmmaker Rachel Szor's parents' neighborhood, chanting, 'There is no right, there is no left – IDF soldiers above all'",https://www.haaretz.com/israel-news/israel-politics/2026-09-17/ty-article/.premium/for-second-night-in-a-row-dozens-gather-outside-naza-filmmakers-family-home/000001a0-b099-d5b2-a9ee-b29b13650000,Haaretz,Yair Foldes,2026-09-17T19:27:28,2026-09-17 21:56:47.885034,https://www.haaretz.com/israel-news/israel-politics/2026-09-17/ty-article/.premium/for-second-night-in-a-row-dozens-gather-outside-naza-filmmakers-family-home/000001a0-b099-d5b2-a9ee-b29b13650000
"'Minus 50°C, one of the most extreme places imaginable – that's where I photographed the Arctic wolf'",This week at Ben-Gurion Airport: A family returns from a quest to glimpse rare wildlife – and escape the Israeli summer,https://www.haaretz.com/israel-news/holylandings/2026-09-17/ty-article-magazine/.highlight/minus-50-c-an-extreme-region-thats-where-i-photographed-the-arctic-wolf/000001a0-b0db-d5b2-a9ee-b2db59450000,Haaretz,Mae Palty,2026-09-17T20:52:57,2026-09-17 21:56:47.885006,https://www.haaretz.com/israel-news/holylandings/2026-09-17/ty-article-magazine/.highlight/minus-50-c-an-extreme-region-thats-where-i-photographed-the-arctic-wolf/000001a0-b0db-d5b2-a9ee-b2db59450000
"IDF sacks Gaza Division intel chief who held post on Oct. 7, citing grave command failures","The head of the IDF Personnel Directorate decided to remove the officer, known as Lt. Col. A., from military service after he was dismissed from his command last year",https://www.haaretz.com/israel-news/israel-security/2026-09-18/ty-article/.premium/idf-sacks-gaza-division-intel-chief-on-oct-7-citing-grave-command-failures/000001a0-b08e-d91d-afeb-f8ce53f90000,Haaretz,Yaniv Kubovich,2026-09-17T21:06:35,2026-09-17 21:56:47.884975,https://www.haaretz.com/israel-news/israel-security/2026-09-18/ty-article/.premium/idf-sacks-gaza-division-intel-chief-on-oct-7-citing-grave-command-failures/000001a0-b08e-d91d-afeb-f8ce53f90000
U.S. clears way for $24.3 billion F-35 sale to Saudi Arabia,"The deal has raised concerns in Israel over its regional air superiority, while Netanyahu's office says understandings with Washington will preserve Israel's edge. Senior Israeli defense officials warned the jets could expose Israeli capabilities",https://www.haaretz.com/middle-east-news/2026-09-18/ty-article/u-s-clears-way-for-24-3-billion-f-35-sale-to-saudi-arabia/000001a0-b0a9-df5b-adf2-f6ed909b0000,Haaretz,Reuters,2026-09-17T21:08:58,2026-09-17 21:56:47.884948,https://www.haaretz.com/middle-east-news/2026-09-18/ty-article/u-s-clears-way-for-24-3-billion-f-35-sale-to-saudi-arabia/000001a0-b0a9-df5b-adf2-f6ed909b0000
"Daily Cartoon, September 18, 2026",,https://www.haaretz.com/opinion/daily-cartoon/2026-09-18/ty-article-opinion/daily-cartoon-september-18-2026/000001a0-b112-de67-a5a3-ff36003f0000,Haaretz,Amos Biderman,2026-09-17T21:13:00,2026-09-17 21:56:47.884919,https://www.haaretz.com/opinion/daily-cartoon/2026-09-18/ty-article-opinion/daily-cartoon-september-18-2026/000001a0-b112-de67-a5a3-ff36003f0000
"Trump administration approves visas for Iran's president, foreign minister to attend UN","The Iranian delegation will face travel restrictions and a ban on buying luxury goods, the State Department said, a day after Washington denied Palestinian President Mahmoud Abbas and his delegation visas to attend the same UN meetings",https://www.haaretz.com/middle-east-news/iran/2026-09-18/ty-article/u-s-approves-visas-for-iranian-president-foreign-minister-to-attend-un-meeting/000001a0-b0c4-d5b2-a9ee-b2ce27dd0000,Haaretz,The Associated Press,2026-09-17T21:25:52,2026-09-17 21:56:47.884889,https://www.haaretz.com/middle-east-news/iran/2026-09-18/ty-article/u-s-approves-visas-for-iranian-president-foreign-minister-to-attend-un-meeting/000001a0-b0c4-d5b2-a9ee-b2ce27dd0000
"Ireland Will Boycott Eurovision 2027 Over Israel’s Participation, RTE Says","Ireland will not participate in the 2027 Eurovision Song Contest for the second year in a row, broadcaster RTE said on Thursday, citing the...",https://www.algemeiner.com/2026/09/17/ireland-boycott-eurovision-2027-israels-participation-rte-says/,Algemeiner,Reuters and Algemeiner Staff,2026-09-17T19:04:58,2026-09-17 21:56:43.087793,https://www.algemeiner.com/?p=779885
"China Presses Iran to Help Rein in Houthis After Saudi Appeal, Sources Say","China has privately asked Tehran to help rein in Yemen&#8217;s Houthis after an appeal to Beijing by Saudi Arabia following the Iran-backed group&#8217;s military blitz in the past week, according...",https://www.algemeiner.com/2026/09/17/china-presses-iran-help-rein-in-houthis-after-saudi-appeal-sources-say/,Algemeiner,Reuters and Algemeiner Staff,2026-09-17T19:13:56,2026-09-17 21:56:43.087767,https://www.algemeiner.com/?p=779889
Israel Film Council Demands Urgent Screening of Anti-Israel ‘NAZA’ Documentary to Verify Accuracy,The Israel Film Council has asked for an immediate screening of the Venice Film Festival award-winning documentary &#8220;NAZA&#8221; that accuses...,https://www.algemeiner.com/2026/09/17/israel-film-council-demands-urgent-screening-anti-israel-naza-documentary-verify-accuracy/,Algemeiner,Shiryn Ghermezian,2026-09-17T19:18:29,2026-09-17 21:56:43.087738,https://www.algemeiner.com/?p=779860
New Holocaust Restitution Laws Prompt Two Lawsuits Demanding Return of Nazi-Looted Art,Two lawsuits filed in California on Monday demand prominent museums to return Nazi-looted artwork to the heirs of its rightful...,https://www.algemeiner.com/2026/09/17/new-holocaust-restitution-laws-prompt-two-lawsuits-demanding-return-nazi-looted-art/,Algemeiner,Shiryn Ghermezian,2026-09-17T19:23:23,2026-09-17 21:56:43.087712,https://www.algemeiner.com/?p=779833
"French Court Drops Antisemitism Charges in Assault of Three Jewish Students, Sparking Outrage",A French court on Thursday tossed out antisemitism-motivated charges against a woman convicted of assaulting three Jewish students in a...,https://www.algemeiner.com/2026/09/17/french-court-drops-antisemitism-charges-assault-three-jewish-students-sparking-outrage/,Algemeiner,Ailin Vilches Arguello,2026-09-17T19:27:30,2026-09-17 21:56:43.087688,https://www.algemeiner.com/?p=779878
"Who Are the Houthis, and Why Does Iran Support Them?",IRAN — Yemen&#8217;s Houthis have escalated attacks on cities and energy infrastructure in neighboring Saudi Arabia over the past week...,https://www.algemeiner.com/2026/09/17/who-are-houthis-why-does-iran-support-them/,Algemeiner,Maddie Ali,2026-09-17T19:41:14,2026-09-17 21:56:43.087662,https://www.algemeiner.com/?p=779877
"After Ed Sheeran Tour Ouster, Macklemore Pledges $1 Million to Gaza Aid Groups With Terror Ties, Watchdog Says","Macklemore has pledged $1 million from his earnings on Ed Sheeran&#8217;s tour to six aid groups supporting Palestinians, including three...",https://www.algemeiner.com/2026/09/17/after-ed-sheeran-tour-ouster-macklemore-pledges-1-million-gaza-aid-groups-terror-ties-watchdog-says/,Algemeiner,Debbie Weiss,2026-09-17T19:57:26,2026-09-17 21:56:43.087634,https://www.algemeiner.com/?p=779906
Top US House Democrat Puts Hold on Israel Arms Sale,"A senior House Democrat has placed a hold on a proposed $2.8 billion US arms sale to Israel, setting up...",https://www.algemeiner.com/2026/09/17/top-us-house-democrat-puts-hold-israel-arms-sale/,Algemeiner,Corey Walker,2026-09-17T20:07:23,2026-09-17 21:56:43.087600,https://www.algemeiner.com/?p=779883
House Dems introduce resolution to disapprove Saudi nuclear deal,"“A region already gripped by conflict and escalation does not need another nuclear power,” the four Democratic congressmen stated.",https://www.jns.org/news/u-s-news/house-dems-introduce-resolution-to-disapprove-saudi-nuclear-deal,JNS,Andrew Bernard,2026-09-17T19:20:05,2026-09-17 21:56:40.744332,https://www.jns.org/news/u-s-news/house-dems-introduce-resolution-to-disapprove-saudi-nuclear-deal
Jews must stop cowering and starting fighting back,"“Think Twice” with Jonathan Tobin and guest Liel Leibovitz, Ep. 238",https://www.jns.org/jns-tv/think-twice/jews-must-stop-cowering-and-starting-fighting-back,JNS,Jonathan S. Tobin,2026-09-17T20:00:00,2026-09-17 21:56:40.744309,https://www.jns.org/jns-tv/think-twice/jews-must-stop-cowering-and-starting-fighting-back
"Bright Israeli horizons: ‘Everywhere we turn, there are old friends and new ones’",Twenty-five people who made aliyah through Nefesh B’Nefesh share their experiences.,https://www.jns.org/feature/bright-israeli-horizons-everywhere-we-turn-there-are-old-friends-and-new-ones,JNS,Deborah Fineblum,2026-09-17T20:15:00,2026-09-17 21:56:40.744287,https://www.jns.org/feature/bright-israeli-horizons-everywhere-we-turn-there-are-old-friends-and-new-ones
"Sept. 17, 2024 was the day Israel took back the initiative",The “Pager Operation” proved that Israel is a regional power to be reckoned with.,https://www.jns.org/opinion/shimon-refaeli/sept-17-2024-was-the-day-israel-took-back-the-initiative,JNS,Shimon Refaeli,2026-09-17T20:30:00,2026-09-17 21:56:40.744264,https://www.jns.org/opinion/shimon-refaeli/sept-17-2024-was-the-day-israel-took-back-the-initiative
'Detroit News' endorses former GOP congressman Mike Rogers in Michigan Senate race,"“Michiganders deserve solutions, not slogans—and that’s exactly what Mike will bring to the U.S. Senate,” Alyssa Brouillet, communications director for the Rogers campaign, told JNS.",https://www.jns.org/news/u-s-news/detroit-news-endorses-former-gop-congressman-mike-rogers-in-michigan-senate-race,JNS,Aaron Bandler,2026-09-17T20:47:36,2026-09-17 21:56:40.744240,https://www.jns.org/news/u-s-news/detroit-news-endorses-former-gop-congressman-mike-rogers-in-michigan-senate-race
Ms. Rachel defends Gaza advocacy amid criticism,The children’s entertainer told Rolling Stone she has not been deterred by warnings that her outspoken support for Palestinians could cost her viewers and business partnerships.,https://www.jns.org/news/u-s-news/ms-rachel-defends-gaza-advocacy-amid-criticism,JNS,,2026-09-17T21:23:07,2026-09-17 21:56:40.744213,https://www.jns.org/news/u-s-news/ms-rachel-defends-gaza-advocacy-amid-criticism
Scandinavian Airlines cancels planned service to Israel,The unexpected reversal bucks the trend of major international carriers following war with Iran.,https://www.jns.org/news/israel-news/scandinavian-airlines-cancels-planned-service-to-israel,JNS,JNS Staff,2026-09-17T21:40:00,2026-09-17 21:56:40.744184,https://www.jns.org/news/israel-news/scandinavian-airlines-cancels-planned-service-to-israel
Muslim doctors sue Illinois over new assisted-suicide law,The four physicians say the law’s requirements for providing information about medical aid in dying and facilitating access to the drugs conflict with their religious beliefs.,https://www.jns.org/news/u-s-news/muslim-doctors-sue-illinois-over-new-assisted-suicide-law,JNS,,2026-09-17T21:54:00,2026-09-17 21:56:40.744155,https://www.jns.org/news/u-s-news/muslim-doctors-sue-illinois-over-new-assisted-suicide-law
Enigmatic End: the Penultimate Song in the Torah,[&#8230;] The post Enigmatic End: the Penultimate Song in the Torah appeared first on Jewish Journal .,https://jewishjournal.com/spiritual/poetry/392341/enigmatic-end-the-penultimate-song-in-the-torah/,Jewish Journal,Gershon Hepner,2026-09-17T19:42:18,2026-09-17 21:56:38.376224,https://jewishjournal.com/?p=392341
A Moment in Time: The Sound of Now,[&#8230;] The post A Moment in Time: The Sound of Now appeared first on Jewish Journal .,https://jewishjournal.com/commentary/blogs/392281/a-moment-in-time-the-sound-of-now/,Jewish Journal,Rabbi Zach Shapiro,2026-09-17T19:47:30,2026-09-17 21:56:38.376198,https://jewishjournal.com/?p=392281
A Bisl Yom Kippur~ Plenty of Regrets,"Yom Kippur is admitting our plentiful regrets and summoning and building our inner determination and drive to be better people, regrets, and all. The post A Bisl Yom Kippur~ Plenty of Regrets appeared first on Jewish Journal .",https://jewishjournal.com/judaism/a-bisl-torah/392348/a-bisl-yom-kippur-plenty-of-regrets/,Jewish Journal,Rabbi Nicole Guzik,2026-09-17T19:57:53,2026-09-17 21:56:38.376165,https://jewishjournal.com/?p=392348
When Celebrities Endorsed a Different “Free Palestine”,"When many of America’s leading celebrities called for a “Free Palestine” eighty years ago this week, they were talking about freeing Palestine from British occupation, in order to establish a Jewish state. The post When Celebrities Endorsed a Different “Free Palestine” appeared first on Jewish Journal .",https://jewishjournal.com/commentary/opinion/392354/when-celebrities-endorsed-a-different-free-palestine/,Jewish Journal,Rafael Medoff,2026-09-17T21:34:54,2026-09-17 21:56:38.376126,https://jewishjournal.com/?p=392354
A comedian went viral for saying he supports Israel onstage — he wasn’t even there,"Menachem Silverstein’s High Holidays were interrupted by what he calls a beautifully ironic “monkey paw situation.” “Like any good Jewish comedian, I&#8217;m in Rosh Hashanah services praying to God for a little bit of a boost in my career, for something to go viral, for something to hit,” Silverstein, a 30-year-old comic in Los Angeles,... The post A comedian went viral for saying he supports Israel onstage — he wasn’t even there appeared first on The Forward .",https://forward.com/culture/850796/i-support-israel-comedian-fake-walkout-menachem-silverstein-laugh-factory/,The Forward,PJ Grisar,2026-09-17T20:16:58,2026-09-17 21:56:33.977445,https://forward.com/?p=850796
Sacred fasting meets Ozempic,"Millions of people worldwide – as many as 1 in 8 adults in the U.S. – are on GLP-1 medication, such as Ozempic, Mounjaro, Wegovy and Zepbound, for treating diabetes or for weight loss. These drugs are adding a medical twist to religious observances that involve fasting, such as the Jewish holiday of Yom Kippur,... The post Sacred fasting meets Ozempic appeared first on The Forward .",https://forward.com/opinion/850868/yom-kippur-fasting-glp1s/,The Forward,Dr. Reed Berger-Fleishman,2026-09-17T21:50:34,2026-09-17 21:56:33.977390,https://forward.com/?p=850868
Sweden’s center-left wins tight election marred by antisemitism accusations,The results blocked a far-right party with neo-Nazi roots from joining the cabinet. -- The post Sweden’s center-left wins tight election marred by antisemitism accusations appeared first on Jewish Telegraphic Agency .,https://www.jta.org/2026/09/17/global/swedens-center-left-wins-tight-election-marred-by-antisemitism-accusations,JTA,Shira Li Bartov,2026-09-17T19:47:43,2026-09-17 21:56:31.512510,https://www.jta.org/?p=1908272
Jerusalem Reform synagogue egged in second attack in a month,"“This is not a prank,"" the Reform movement said. ""This is violence against Jews for the way they choose to practice Judaism.” -- The post Jerusalem Reform synagogue egged in second attack in a month appeared first on Jewish Telegraphic Agency .",https://www.jta.org/2026/09/17/israel/jerusalem-reform-synagogue-egged-in-second-attack-in-a-month,JTA,Deborah Danan,2026-09-17T19:58:01,2026-09-17 21:56:31.512475,https://www.jta.org/?p=1908351
Kyrie Irving offers to pay NFL star’s fine for pro-Palestinian eyeblack,Houston Texans linebacker Azeez Al-Shaair was also fined in January for wearing “STOP THE GENOCIDE” on his eyeblack during the NFL playoffs. -- The post Kyrie Irving offers to pay NFL star’s fine for pro-Palestinian eyeblack appeared first on Jewish Telegraphic Agency .,https://www.jta.org/2026/09/17/sports/kyrie-irving-offers-to-pay-nfl-stars-fine-for-pro-palestinian-eyeblack,JTA,Jacob Gurvis,2026-09-17T20:44:54,2026-09-17 21:56:31.512429,https://www.jta.org/?p=1908370
A synagogue was harmed and the politicians shrugged. Not in NYC – in Jerusalem,"On the same week that an attack on New York's Central Synagogue drew strong condemnations, Israel's government and Jerusalem's mayor stayed silent after my Reform congregation was vandalized",https://www.haaretz.com/opinion/2026-09-17/ty-article-opinion/.premium/a-synagogue-was-harmed-and-the-politicians-shrugged-not-in-nyc-in-jerusalem/000001a0-afd2-dea8-afe0-effe4eef0000,Haaretz,Eetta Prince-Gibson,2026-09-17T15:03:47,2026-09-17 18:50:49.082940,https://www.haaretz.com/opinion/2026-09-17/ty-article-opinion/.premium/a-synagogue-was-harmed-and-the-politicians-shrugged-not-in-nyc-in-jerusalem/000001a0-afd2-dea8-afe0-effe4eef0000
Ben-Gvir activists hand out gun-shaped keychains to highschoolers in chaotic mock election,The keychains – handed out during Ben-Gvir's visit to a Ramat Gan high school considered a bellwether for Israeli elections – bore the slogan 'Weapons Save Lives.' The municipality said the principal stopped the distribution after noticing it,https://www.haaretz.com/israel-news/elections/2026-09-17/ty-article/.premium/ben-gvir-party-hands-out-gun-shaped-keychains-to-highschoolers-in-mock-election/000001a0-af5f-df5b-adf2-ff7f281b0000,Haaretz,Yair Foldes,2026-09-17T15:24:49,2026-09-17 18:50:49.082910,https://www.haaretz.com/israel-news/elections/2026-09-17/ty-article/.premium/ben-gvir-party-hands-out-gun-shaped-keychains-to-highschoolers-in-mock-election/000001a0-af5f-df5b-adf2-ff7f281b0000
Arab Israeli shot dead by police after chase; Cops allege he attacked officer,"Alaa Mahameed, 38, from Umm al-Fahm, was killed while attacking an officer, police said, but eyewitnesses disputed the account",https://www.haaretz.com/israel-news/israel-crime/2026-09-17/ty-article/.premium/arab-israeli-shot-dead-by-police-after-chase-cops-allege-he-attacked-officer/000001a0-afa4-d747-afe6-efe502600000,Haaretz,Deiaa Haj Yahia,2026-09-17T16:28:41,2026-09-17 18:50:49.082873,https://www.haaretz.com/israel-news/israel-crime/2026-09-17/ty-article/.premium/arab-israeli-shot-dead-by-police-after-chase-cops-allege-he-attacked-officer/000001a0-afa4-d747-afe6-efe502600000
Court overturns senior police officer's sexual misconduct conviction citing Oct. 7 heroism,"The police officer, Commander Yaron Dahan, was convicted of an indecent act against a 23-year-old woman in 2022. Former police commissioner Kobi Shabtai testified on his behalf and said he 'tends to talk with his hands'",https://www.haaretz.com/israel-news/israel-crime/2026-09-17/ty-article/.premium/court-overturns-policemans-sexual-misconduct-conviction-citing-oct-7-heroism/000001a0-af41-dc7d-a3a9-af55d7330000,Haaretz,Josh Breiner,2026-09-17T16:29:18,2026-09-17 18:50:49.082845,https://www.haaretz.com/israel-news/israel-crime/2026-09-17/ty-article/.premium/court-overturns-policemans-sexual-misconduct-conviction-citing-oct-7-heroism/000001a0-af41-dc7d-a3a9-af55d7330000
"When the West Bank explodes, it will start here",The far right has dreamed of an explosion in the West Bank since October 7: a crisis to exploit to permanently expel Palestinians – or worse. One settlement is a prime candidate for the provocation – or miscalculation – that could set it off,https://www.haaretz.com/israel-news/haaretz-today/2026-09-17/ty-article/.highlight/when-the-west-bank-explodes-it-will-start-here/000001a0-afee-de67-a5a3-efee76560000,Haaretz,Esther Solomon,2026-09-17T17:02:14,2026-09-17 18:50:49.082814,https://www.haaretz.com/israel-news/haaretz-today/2026-09-17/ty-article/.highlight/when-the-west-bank-explodes-it-will-start-here/000001a0-afee-de67-a5a3-efee76560000
Israel moves toward recognizing Austrian party founded by former Nazis,The Austrian Freedom Party's leader gave a speech backing Israel's right-wing agenda that was welcomed by members of the Israeli government. Austria's established Jewish community vehemently rejects the party,https://www.haaretz.com/israel-news/israel-politics/2026-09-17/ty-article/.premium/israel-moves-toward-recognizing-austrian-party-founded-by-former-nazis/000001a0-b02e-de67-a5a3-ff2ee3960000,Haaretz,Liza Rozovsky,2026-09-17T17:12:18,2026-09-17 18:50:49.082777,https://www.haaretz.com/israel-news/israel-politics/2026-09-17/ty-article/.premium/israel-moves-toward-recognizing-austrian-party-founded-by-former-nazis/000001a0-b02e-de67-a5a3-ff2ee3960000
Rep. Gottheimer's fix for discrimination against Jews and Israel supporters doesn't help Jews or Israel supporters,"Rep. Gottheimer's belated response to Poetica Coffee's spat with a pro-Israel lawmaker adds new protections, including ones based on gender and sexual orientation – but none which address the issue",https://www.haaretz.com/us-news/2026-09-17/ty-article/.premium/gottheimers-bill-to-fix-discrimination-doesnt-mention-jews-israel-supporters/000001a0-b059-d5b2-a9ee-b2dbbc0d0000,Haaretz,Arno Rosenfeld,2026-09-17T17:29:11,2026-09-17 18:50:49.082728,https://www.haaretz.com/us-news/2026-09-17/ty-article/.premium/gottheimers-bill-to-fix-discrimination-doesnt-mention-jews-israel-supporters/000001a0-b059-d5b2-a9ee-b2dbbc0d0000
Rights groups seek top court order for Red Cross access to jailed Palestinians,"In the High Court's June decision, the justices wrote that the government's policy on Red Cross access to Palestinian security prisoners lacked a basis in Israeli law or international law. Still, the visits were not renewed",https://www.haaretz.com/israel-news/israel-security/2026-09-17/ty-article/.premium/rights-groups-seek-top-court-order-for-red-cross-access-to-jailed-palestinians/000001a0-afd1-dea8-afe0-effd88da0000,Haaretz,Chen Maanit,2026-09-17T17:44:37,2026-09-17 18:50:49.082693,https://www.haaretz.com/israel-news/israel-security/2026-09-17/ty-article/.premium/rights-groups-seek-top-court-order-for-red-cross-access-to-jailed-palestinians/000001a0-afd1-dea8-afe0-effd88da0000
"Israel's top court overturns elections committee decision, bans voter-tracking apps","The justices wrote in their ruling that transferring the information infringes on 'the core of citizens' right to privacy,' adding that the Central Elections Committee has no authority to allow the use of such apps",https://www.haaretz.com/israel-news/elections/2026-09-17/ty-article/.premium/top-court-overturns-elections-committee-decision-bans-voter-tracking-apps/000001a0-b042-df5b-adf2-f667c8ae0000,Haaretz,Chen Maanit,2026-09-17T18:07:32,2026-09-17 18:50:49.082663,https://www.haaretz.com/israel-news/elections/2026-09-17/ty-article/.premium/top-court-overturns-elections-committee-decision-bans-voter-tracking-apps/000001a0-b042-df5b-adf2-f667c8ae0000
"To replace Netanyahu for real, the opposition will need to learn how to be ruthless","Strategic caution on the campaign trail is understandable; building a coalition out of fear is not. A new government must make some urgent decisions, even if not loved by all. A recent visit I paid to the West Bank manifested one such urgent priority",https://www.haaretz.com/israel-news/elections/2026-09-17/ty-article-magazine/.premium/to-replace-netanyahu-for-real-the-opposition-will-need-to-learn-to-be-ruthless/000001a0-af0b-d91d-afeb-ef4b86930000,Haaretz,Dahlia Scheindlin,2026-09-17T18:21:37,2026-09-17 18:50:49.082631,https://www.haaretz.com/israel-news/elections/2026-09-17/ty-article-magazine/.premium/to-replace-netanyahu-for-real-the-opposition-will-need-to-learn-to-be-ruthless/000001a0-af0b-d91d-afeb-ef4b86930000
'Is our Judaism about peace or revenge?': This Jerusalem enclave is having an identity crisis,Hersh Goldberg-Polin grew up in the south Jerusalem neighborhood of Baka – an enclave of liberal-minded religious voters. It is the rare place in Israel where even voters who identify with the right do not disqualify Arab parties,https://www.haaretz.com/israel-news/elections/2026-09-17/ty-article-magazine/.premium/is-judaism-about-peace-or-revenge-a-jerusalem-enclave-in-an-identity-crisis/000001a0-aa0e-d91d-afeb-ea4e260c0000,Haaretz,Judy Maltz,2026-09-17T18:24:30,2026-09-17 18:50:49.082591,https://www.haaretz.com/israel-news/elections/2026-09-17/ty-article-magazine/.premium/is-judaism-about-peace-or-revenge-a-jerusalem-enclave-in-an-identity-crisis/000001a0-aa0e-d91d-afeb-ea4e260c0000
PEN America names Phil Klay as president after cultural boycott row about Israel,"Klay, a former Marine and a National Book Award winner, has been critical of Israel's conduct in the war in Gaza, but also spoke out against a magazine for removing an article by an Israeli translator",https://www.haaretz.com/us-news/2026-09-17/ty-article/.premium/pen-america-names-phil-klay-as-president-after-cultural-boycott-row-about-israel/000001a0-b08a-d5b2-a9ee-b28a8cc20000,Haaretz,Etan Nechin,2026-09-17T18:38:20,2026-09-17 18:50:49.082549,https://www.haaretz.com/us-news/2026-09-17/ty-article/.premium/pen-america-names-phil-klay-as-president-after-cultural-boycott-row-about-israel/000001a0-b08a-d5b2-a9ee-b28a8cc20000
What Is the Fast of Gedaliah — and Why Does It Matter?,The day after Rosh Hashanah is known as Tsom Gedaliah &#8212; the Fast of Gedaliah. But who was Gedaliah? After...,https://www.algemeiner.com/2026/09/17/what-is-fast-gedaliah-why-does-it-matter/,Algemeiner,Jeremy Rosen,2026-09-17T17:19:29,2026-09-17 18:50:44.296150,https://www.algemeiner.com/?p=779853
‘Massive Palestinian Intifada’ Promoted by Official Palestinian Authority Daily,The Palestinian Authority (PA)&#8217;s official daily newspaper has publicized an explicit call for a &#8220;massive Palestinian intifada&#8221; &#8212; a term...,https://www.algemeiner.com/2026/09/17/massive-palestinian-intifada-promoted-official-palestinian-authority-daily/,Algemeiner,Ephraim D. Tepler and Itamar Marcus,2026-09-17T17:41:53,2026-09-17 18:50:44.296121,https://www.algemeiner.com/?p=779846
An Urgent Message for Oct. 7 Victims and Israelis Who Might Qualify for Financial Help,"We spent this summer in Kiryat Shmona, nine kilometers off the Lebanese border, on a pre-aliyah pilot trip. (We&#8217;ve found...",https://www.algemeiner.com/2026/09/17/urgent-message-oct-7-victims-israelis-who-might-qualify-financial-help/,Algemeiner,Uriel Zehavi,2026-09-17T17:49:35,2026-09-17 18:50:44.296089,https://www.algemeiner.com/?p=779849
Saudi Arabia Picked a Fight With the Two Nations That Could Help It the Most Against the Houthis — Israel and the UAE,"Riyadh is running out of options, and more importantly, it is running out of time. In less than two weeks,...",https://www.algemeiner.com/2026/09/17/saudi-arabia-picked-fight-two-nations-could-help-it-most-against-houthis-israel-uae/,Algemeiner,Hussain Abdul-Hussain,2026-09-17T18:06:59,2026-09-17 18:50:44.296054,https://www.algemeiner.com/?p=779841
The immigration transformation America never debated,The Obama administration enacted a series of policies that hampered the fight against radical Islam.,https://www.jns.org/opinion/aaron-j-shuster/the-immigration-transformation-america-never-debated,JNS,Aaron J. Shuster,2026-09-17T15:00:19,2026-09-17 18:50:41.913536,https://www.jns.org/opinion/aaron-j-shuster/the-immigration-transformation-america-never-debated
"Trump admin again denies Abbas, Palestinian officials visas to attend UN General Assembly","The Palestinian Authority continues to “pay stipends to terrorists and glorify acts of terrorism and terrorists in public pronouncements and school textbooks,” the U.S. government said.",https://www.jns.org/news/u-s-news/trump-admin-again-denies-abbas-palestinian-officials-visas-to-attend-un-general-assembly,JNS,Mike Wagenheim,2026-09-17T15:04:38,2026-09-17 18:50:41.913510,https://www.jns.org/news/u-s-news/trump-admin-again-denies-abbas-palestinian-officials-visas-to-attend-un-general-assembly
House passes Russia sanctions bill named for late senator Graham,"“Today is a monumental day for peace,” stated Sen. Darline Graham, sister of the late senator.",https://www.jns.org/news/u-s-news/house-passes-russia-sanctions-bill-named-for-late-senator-graham,JNS,,2026-09-17T15:27:06,2026-09-17 18:50:41.913478,https://www.jns.org/news/u-s-news/house-passes-russia-sanctions-bill-named-for-late-senator-graham
Carnegie Mellon says it will take ‘swift action’ against professor’s social media posts about Charlie Kirk’s murder,"“We are deeply concerned by recent hostile and threatening social media posts"" and ""are reviewing this matter closely,” the private university in Pittsburgh stated.",https://www.jns.org/news/u-s-news/carnegie-mellon-says-it-will-take-swift-action-against-professors-social-media-posts-about-charlie-kirks-murder,JNS,,2026-09-17T15:44:12,2026-09-17 18:50:41.913448,https://www.jns.org/news/u-s-news/carnegie-mellon-says-it-will-take-swift-action-against-professors-social-media-posts-about-charlie-kirks-murder
AOC fundraises off Macklemore boycott,"Jewish billionaire Robert Kraft stated that he would not ""provide a platform for hate speech.""",https://www.jns.org/news/u-s-news/aoc-fundraises-off-macklemore-boycott,JNS,,2026-09-17T16:16:29,2026-09-17 18:50:41.913412,https://www.jns.org/news/u-s-news/aoc-fundraises-off-macklemore-boycott
"Trump admin probing Duke, University of North Dakota over funding disclosures related to China","Sarah Rogers, U.S. under secretary of state for public diplomacy, stated that “our reviews found real gaps” in the disclosures from the schools.",https://www.jns.org/news/u-s-news/trump-admin-probing-duke-university-of-north-dakota-over-funding-disclosures-related-to-china,JNS,Aaron Bandler,2026-09-17T17:11:21,2026-09-17 18:50:41.913382,https://www.jns.org/news/u-s-news/trump-admin-probing-duke-university-of-north-dakota-over-funding-disclosures-related-to-china
The malignancy of the left,An astonishing ovation revealed the importance of anti-Zionist Israelis to the global campaign to destroy the Jewish state.,https://www.jns.org/opinion/column/melanie-phillips/the-malignancy-of-the-left,JNS,Melanie Phillips,2026-09-17T17:30:00,2026-09-17 18:50:41.913351,https://www.jns.org/opinion/column/melanie-phillips/the-malignancy-of-the-left
Two lawsuits in California seek to recover Nazi-looted art from museums,Rabbi Noah Farkas of the Jewish Federation Los Angeles stated that “we are seeking to reverse a great injustice perpetrated by the Nazi theft of a Jewish family’s property.”,https://www.jns.org/news/u-s-news/two-lawsuits-in-california-seek-to-recover-nazi-looted-art-from-museums,JNS,Aaron Bandler,2026-09-17T17:56:42,2026-09-17 18:50:41.913325,https://www.jns.org/news/u-s-news/two-lawsuits-in-california-seek-to-recover-nazi-looted-art-from-museums
A dark message couched in nourishing words,"The bard writes not for pedestrian ears, but for heaven and earth: poetry of the portion Ha’azinu.",https://www.jns.org/opinion/j-j-gross/a-dark-message-couched-in-nourishing-words,JNS,JJ Gross,2026-09-17T18:00:00,2026-09-17 18:50:41.913290,https://www.jns.org/opinion/j-j-gross/a-dark-message-couched-in-nourishing-words
Iran struggles to reroute trade as U.S. blockade disrupts supply lines,"Tehran has turned to overland routes to move goods after the U.S. blockade of the Strait of Hormuz, but border delays and rising costs are hampering the effort, The Wall Street Journal reported.",https://www.jns.org/news/world/iran-struggles-to-reroute-trade-as-u-s-blockade-disrupts-supply-lines,JNS,David Isaac,2026-09-17T18:26:54,2026-09-17 18:50:41.913247,https://www.jns.org/news/world/iran-struggles-to-reroute-trade-as-u-s-blockade-disrupts-supply-lines
"Print Issue: Renewing American Jewry | September 18, 2026","In this time of introspection and rising adversity, let us resolve as American Jews to write our new chapter by better understanding our history. The post Print Issue: Renewing American Jewry | September 18, 2026 appeared first on Jewish Journal .",https://jewishjournal.com/print-issue/392336/print-issue-renewing-american-jewry-september-18-2026/,Jewish Journal,Jewish Journal Staff,2026-09-17T16:19:27,2026-09-17 18:50:39.561740,https://jewishjournal.com/?p=392336
Renoir’s paintings have been stolen again. Their history may never be found.,"The timing was as swift as Auguste Renoir’s brushstrokes. In the pre-dawn darkness of Sept. 8, thieves in camouflage and helmets took less than three minutes to saw through a wire-mesh fence and carry off four paintings from the neo-Provençal villa in the south of France where the artist spent the final years of his... The post Renoir&#8217;s paintings have been stolen again. Their history may never be found. appeared first on The Forward .",https://forward.com/culture/850484/auguste-renoir-petite-irene-musee-theft-paintings-petite-irene/,The Forward,Doreen Carvajal,2026-09-17T15:27:41,2026-09-17 18:50:35.102461,https://forward.com/?p=850484
Mamdani once vowed to arrest Netanyahu. Now he won’t join protests against him.,New York City Mayor Zohran Mamdani said Wednesday that he will not join protests against Israeli Prime Minister Benjamin Netanyahu when he arrives in the city to address the United Nations annual gathering next week and pushed back on the suggestion that he ever encouraged New Yorkers to protest the Israeli leader. “I do not... The post Mamdani once vowed to arrest Netanyahu. Now he won’t join protests against him. appeared first on The Forward .,https://forward.com/news/850676/mamdani-netanyahu-protest-united-nations/,The Forward,Jacob Kornbluh,2026-09-17T15:42:35,2026-09-17 18:50:35.102411,https://forward.com/?p=850676
"‘Run, hide, fight’: Synagogues make threat preparedness part of High Holiday services","Rabbi Yosef Kanefsky plans to open his Yom Kippur sermon this year in an unusual way: with an emergency evacuation plan. It’s how he opened his Rosh Hashanah sermon, too. “I mentioned [that] people should understand where the exits are,” Kanefsky said. “I mentioned what our plan is, God forbid, if we need to evacuate... The post &#8216;Run, hide, fight’: Synagogues make threat preparedness part of High Holiday services appeared first on The Forward .",https://forward.com/news/850766/synagogue-security-high-holiday-yom-kippur/,The Forward,Hannah Feuer,2026-09-17T18:11:14,2026-09-17 18:50:35.102354,https://forward.com/?p=850766
A rabbi writes a book on why we need religion. Just don’t call it ‘self-help.’,Noa Kushner urges Jews to stop asking what religion can do for them — and start asking what it means to enter into a relationship with God. -- The post A rabbi writes a book on why we need religion. Just don’t call it ‘self-help.’ appeared first on Jewish Telegraphic Agency .,https://www.jta.org/2026/09/17/ideas/a-rabbi-writes-a-book-on-why-we-need-religion-just-dont-call-it-self-help,JTA,Andrew Silow-Carroll,2026-09-17T15:00:00,2026-09-17 18:50:32.390919,https://www.jta.org/?p=1908116
Hundreds of Michigan Jews pledge to vote for Abdul El-Sayed,“Michigan Jews for Democracy” seeks to counteract other open letters from Jews critical of the state’s Democratic Senate candidate. -- The post Hundreds of Michigan Jews pledge to vote for Abdul El-Sayed appeared first on Jewish Telegraphic Agency .,https://www.jta.org/2026/09/17/politics/hundreds-of-michigan-jews-pledge-to-vote-for-abdul-el-sayed,JTA,Andrew Lapin,2026-09-17T18:18:07,2026-09-17 18:50:32.390864,https://www.jta.org/?p=1908341
Eisenkot urges opposition party leaders to back his bid to unseat Netanyahu,The Yashar party leader told Kan Public Radio that the Shin Bet and Military Intelligence investigations into October 7 'will send shockwaves.' Lieberman: Eisenkot should clearly state who his partners will be the day after the elections,https://www.haaretz.com/israel-news/elections/2026-09-17/ty-article/.premium/eisenkot-urges-opposition-party-leaders-to-back-his-bid-to-unseat-netanyahu/000001a0-aeb6-de39-a1b9-bef69df20000,Haaretz,Michael Hauser Tov,2026-09-17T11:00:35,2026-09-17 14:44:08.072196,https://www.haaretz.com/israel-news/elections/2026-09-17/ty-article/.premium/eisenkot-urges-opposition-party-leaders-to-back-his-bid-to-unseat-netanyahu/000001a0-aeb6-de39-a1b9-bef69df20000
Across Kazakhstan by train for 40 hours – with nothing but free time,"A nearly 2,000-mile journey on the Kazakh railway, with no reception and an endless steppe outside, put me to a direct test against the most precious resource an adult has",https://www.haaretz.com/life/2026-09-17/ty-article-magazine/.premium/across-kazakhstan-by-train-for-40-hours-with-nothing-but-free-time/000001a0-a979-dc7f-a5a3-bd7d9c720000,Haaretz,Hagai Amit,2026-09-17T11:05:58,2026-09-17 14:44:08.072177,https://www.haaretz.com/life/2026-09-17/ty-article-magazine/.premium/across-kazakhstan-by-train-for-40-hours-with-nothing-but-free-time/000001a0-a979-dc7f-a5a3-bd7d9c720000
Ireland will not participate in Eurovision contest in 2027 due to Israel's war in Gaza,"For the second year in a row, Ireland will not participate in the Contest due to 'the appalling and ongoing loss of lives in Gaza'",https://www.haaretz.com/life/2026-09-17/ty-article/.premium/ireland-will-not-participate-in-eurovision-in-2027-amid-israels-war-in-gaza/000001a0-af2e-d736-a1b2-ffbeb33b0000,Haaretz,The Associated Press,2026-09-17T11:48:34,2026-09-17 14:44:08.072156,https://www.haaretz.com/life/2026-09-17/ty-article/.premium/ireland-will-not-participate-in-eurovision-in-2027-amid-israels-war-in-gaza/000001a0-af2e-d736-a1b2-ffbeb33b0000
Israel's radical right's growing strength is the election's frightening surprise,"As commercial channels normalize calls for war crimes in Gaza, no parties are offering a clearer vision of the future than the ones promising annexation, expulsion and religious dictatorship",https://www.haaretz.com/israel-news/2026-09-17/ty-article-magazine/.premium/israels-radical-rights-growing-strength-is-the-elections-frightening-surprise/000001a0-ae8a-d91d-afeb-eecafa080000,Haaretz,Joshua Leifer,2026-09-17T12:36:25,2026-09-17 14:44:08.072136,https://www.haaretz.com/israel-news/2026-09-17/ty-article-magazine/.premium/israels-radical-rights-growing-strength-is-the-elections-frightening-surprise/000001a0-ae8a-d91d-afeb-eecafa080000
"As Netanyahu eyes centrist voters, Ben-Gvir hopes to become champion of the right","Netanyahu is seeking to move about seven seats from the opposition bloc to Likud, while Ben-Gvir wishes to expand his party's strength by drawing voters from within the right, as his party falls in the polls",https://www.haaretz.com/israel-news/elections/2026-09-17/ty-article/.premium/as-netanyahu-eyes-centrist-voters-ben-gvir-hopes-to-become-patron-of-the-right/000001a0-aef7-df5b-adf2-fef7c45a0000,Haaretz,Jonathan Lis,2026-09-17T12:49:04,2026-09-17 14:44:08.072094,https://www.haaretz.com/israel-news/elections/2026-09-17/ty-article/.premium/as-netanyahu-eyes-centrist-voters-ben-gvir-hopes-to-become-patron-of-the-right/000001a0-aef7-df5b-adf2-fef7c45a0000
From fratricide to forgiveness: The unlikely origins of Yom Kippur,"While tradition says that observance of the Day of Atonement was initiated by Moses, careful reading of the Bible indicates that the holiday was a much later contrivance",https://www.haaretz.com/jewish/2026-09-17/ty-article/.premium/origin-of-yom-kippur-a-murder/0000017f-e0d0-d804-ad7f-f1fa7f5e0000,Haaretz,Elon Gilad,2026-09-17T13:02:00,2026-09-17 14:44:08.072074,https://www.haaretz.com/jewish/2026-09-17/ty-article/.premium/origin-of-yom-kippur-a-murder/0000017f-e0d0-d804-ad7f-f1fa7f5e0000
"Berry Sakharof's new album dances with Zionism, faith and the abyss","The Israeli rocker's new album is no masterpiece, but a compelling mosaic of musical styles and a meditation on faith, aging and mortality",https://www.haaretz.com/life/2026-09-17/ty-article-review/.premium/berry-sakharofs-new-album-dances-with-zionism-faith-and-the-abyss/000001a0-869b-d5d9-a5f7-8e9fca3c0000,Haaretz,Ben Shalev,2026-09-17T13:10:46,2026-09-17 14:44:08.072053,https://www.haaretz.com/life/2026-09-17/ty-article-review/.premium/berry-sakharofs-new-album-dances-with-zionism-faith-and-the-abyss/000001a0-869b-d5d9-a5f7-8e9fca3c0000
"Vienna's main synagogue, the city's only shul to survive the Holocaust, reopens after restoration","Sandwiched among apartment buildings in a dense urban area, the 200-year-old Stadttempel was the only one of Vienna's then-26 synagogues to survive the Nazis' November pogroms of 1938",https://www.haaretz.com/jewish/2026-09-17/ty-article-magazine/.premium/viennas-main-shul-the-only-to-survive-the-holocaust-reopens-after-renovation/000001a0-aeaf-d91d-afeb-eeefbd380000,Haaretz,Liam Hoare,2026-09-17T13:51:27,2026-09-17 14:44:08.072035,https://www.haaretz.com/jewish/2026-09-17/ty-article-magazine/.premium/viennas-main-shul-the-only-to-survive-the-holocaust-reopens-after-renovation/000001a0-aeaf-d91d-afeb-eeefbd380000
'One of the worst plans ever for Jerusalem': Three skyscrapers could transform the city's skyline for good,The Troika towers will alter views of the Old City as Jerusalem's battle between preservation and development intensifies,https://www.haaretz.com/life/2026-09-17/ty-article-magazine/.premium/three-skyscrapers-could-transform-jerusalems-skyline-for-good/000001a0-a9fa-d5b2-a9ee-abfa72420000,Haaretz,Naama Riba,2026-09-17T14:13:20,2026-09-17 14:44:08.072010,https://www.haaretz.com/life/2026-09-17/ty-article-magazine/.premium/three-skyscrapers-could-transform-jerusalems-skyline-for-good/000001a0-a9fa-d5b2-a9ee-abfa72420000
Lying for a standing ovation won’t protect the screenwriters of ‘NAZA’ from the Israel-haters,Yuval Avraham and Rachel Szor are nothing more than useful idiots in the service of antisemites.,https://www.jns.org/opinion/column/ruthie-blum/Lying-for-a-standing-ovation-won’t-protect-the-screenwriters-of-‘NAZA’-from-the-Israel-haters,JNS,Ruthie Blum,2026-09-17T08:22:46,2026-09-17 14:44:01.117194,https://www.jns.org/opinion/column/ruthie-blum/Lying-for-a-standing-ovation-won’t-protect-the-screenwriters-of-‘NAZA’-from-the-Israel-haters
"2,000-year-old Jewish ritual bath uncovered intact in southern Israel","The find is clear evidence of a previously unknown community in the area during the time of the Second Temple, according to the Israel Antiquities Authority.",https://www.jns.org/news/israel-news/2-000-year-old-jewish-ritual-bath-uncovered-intact-in-southern-israel,JNS,Etgar Lefkovits,2026-09-17T09:15:09,2026-09-17 14:44:01.117169,https://www.jns.org/news/israel-news/2-000-year-old-jewish-ritual-bath-uncovered-intact-in-southern-israel
"Britain banned Palestine Action, but the movement around it didn’t disappear","From overseas networks to new direct-action groups, activists are testing the boundaries of terrorism laws.",https://www.jns.org/opinion/anna-stanley/britain-banned-palestine-action-but-the-movement-around-it-didnt-disappear,JNS,Anna Stanley,2026-09-17T10:00:00,2026-09-17 14:44:01.117149,https://www.jns.org/opinion/anna-stanley/britain-banned-palestine-action-but-the-movement-around-it-didnt-disappear
Hunter Biden accuses Israel of allowing Oct. 7 massacre to carry out 'plan',"The former president's son pointed to a ""bombshell"" report that he said had been published a few days earlier, apparently referring to claims by Haaretz.",https://www.jns.org/news/u-s-news/hunter-biden-accuses-israel-of-allowing-oct-7-massacre-to-carry-out-plan,JNS,Or Shaked,2026-09-17T10:44:41,2026-09-17 14:44:01.117130,https://www.jns.org/news/u-s-news/hunter-biden-accuses-israel-of-allowing-oct-7-massacre-to-carry-out-plan
Israel launches site alleging systematic UN bias in Gaza reporting,"Israel's Diaspora Affairs Ministry compiled evidence challenging international claims following the Oct. 7, 2023, Hamas massacre.",https://www.jns.org/news/israel-news/israel-launches-site-alleging-systematic-un-bias-in-gaza-reporting,JNS,JNS Staff,2026-09-17T10:48:12,2026-09-17 14:44:01.117096,https://www.jns.org/news/israel-news/israel-launches-site-alleging-systematic-un-bias-in-gaza-reporting
French Jewish students decry court's omission of antisemitism,A Strasbourg tribunal rejected aggravating motive despite attackers calling three Jewish students “dirty Zionists” during a beating.,https://www.jns.org/news/world/french-jewish-students-decry-courts-omission-of-antisemitism,JNS,Canaan Lidor,2026-09-17T10:59:44,2026-09-17 14:44:01.117077,https://www.jns.org/news/world/french-jewish-students-decry-courts-omission-of-antisemitism
Israeli forces seize machine gun near Hebron-area IDF base,"The MG-34, developed in Nazi Germany, was among several illegal weapons recovered across Judea and Samaria.",https://www.jns.org/news/israel-news/israeli-forces-seize-machine-gun-near-hebron-area-idf-base,JNS,JNS Staff,2026-09-17T11:24:01,2026-09-17 14:44:01.117056,https://www.jns.org/news/israel-news/israeli-forces-seize-machine-gun-near-hebron-area-idf-base
Israeli film accusing IDF of war crimes gets standing ovation in Venice,"“Israel Undiplomatic” brings sharp insight and spirited debate to the stories shaping Israel and the Middle East. Hosted by JNS senior contributing editor Ruthie Blum and former ambassador Mark Regev, both former advisers to the Prime Minister’s Office, the show goes beyond talking points to tackle Israel’s toughest political, diplomatic and security dilemmas head-on. From Gaza ceasefire negotiations to U.S.-Israel relations and from Iran’s nuclear ambitions to the war on terror, Blum and Regev dissect the week’s headlines with authority, candor and a touch of humor. What sets “Israel Undiplomatic” apart is the dynamic between its hosts: Two seasoned insiders often agree on the goals but clash on the details. Their conversations reveal how even shared worldviews can lead to different conclusions about policy, diplomacy and the future of Israel. Whether analyzing the latest Middle East peace proposals, exposing Western double standards or weighing the political fallout of Israel’s military actions, “Israel Undiplomatic” delivers smart, unscripted dialogue that cuts through spin and gets to the truth. Because in politics, as in life, the devil is always in the details. See more at: @JNS_TV and subscribe to our YouTube channel.",https://www.jns.org/jns-tv/israel-undiplomatic/israeli-film-accusing-idf-of-war-crimes-gets-standing-ovation-in-venice,JNS,Mark Regev,2026-09-17T11:30:14,2026-09-17 14:44:01.117035,https://www.jns.org/jns-tv/israel-undiplomatic/israeli-film-accusing-idf-of-war-crimes-gets-standing-ovation-in-venice
Jerusalem Evangelical group to fight European sanctions on Israel,The International Christian Embassy Jerusalem said it will sell products from Judea and Samaria at its annual Feast of Tabernacles gathering this month.,https://www.jns.org/news/israel-news/jerusalem-evangelical-group-to-fight-european-sanctions-on-israel,JNS,Etgar Lefkovits,2026-09-17T11:42:10,2026-09-17 14:44:01.116962,https://www.jns.org/news/israel-news/jerusalem-evangelical-group-to-fight-european-sanctions-on-israel
British MP apologizes after calling for 'military action' against Israel,The Labour Party whip disciplined Tahir Alir following his remarks during a House of Commons debate.,https://www.jns.org/news/world/british-mp-apologizes-after-calling-for-military-action-against-israel,JNS,JNS Staff,2026-09-17T12:15:12,2026-09-17 14:44:01.116944,https://www.jns.org/news/world/british-mp-apologizes-after-calling-for-military-action-against-israel
"Maine man gets time served for threats to kill Jews, Kamala Harris, Elon Musk, cops","""This case should serve as notice that if you threaten people or groups online, hiding behind your keyboard will not protect you from the consequences of your actions,"" the Justice Department said.",https://www.jns.org/news/u-s-news/maine-man-gets-time-served-for-threats-to-kill-jews-kamala-harris-elon-musk-cops,JNS,JNS Staff,2026-09-17T12:25:49,2026-09-17 14:44:01.116926,https://www.jns.org/news/u-s-news/maine-man-gets-time-served-for-threats-to-kill-jews-kamala-harris-elon-musk-cops
"US district court sentences Afghan man to 20 years for aiding ISIS, including role in Abbey Gate terror attack","Mohammad Sharifullah ""spent nearly a decade at the heart of a horrific campaign of terror, providing critical support for attacks against civilians around the world,"" the U.S. Justice Department said.",https://www.jns.org/news/u-s-news/us-district-court-sentences-afghan-man-to-20-years-for-aiding-isis-including-role-in-abbey-gate-terror-attack,JNS,JNS Staff,2026-09-17T12:43:18,2026-09-17 14:44:01.116905,https://www.jns.org/news/u-s-news/us-district-court-sentences-afghan-man-to-20-years-for-aiding-isis-including-role-in-abbey-gate-terror-attack
‘Shabbat of Return’: To walk or to stumble,"The question is not only whether we study Torah and observe its commandments, but how that study and observance shape us.",https://www.jns.org/opinion/rabbi-dr-kenneth-brander/shabbat-of-return-to-walk-or-to-stumble,JNS,Rabbi Dr. Kenneth Brander,2026-09-17T13:00:00,2026-09-17 14:44:01.116860,https://www.jns.org/opinion/rabbi-dr-kenneth-brander/shabbat-of-return-to-walk-or-to-stumble
SCOOP: Vance to host Shabbat dinner this week,The vice president is reportedly engaged in a broader effort to mend ties with Republican Jews.,https://www.jns.org/news/u-s-news/scoop-vance-to-host-shabbat-dinner-this-week,JNS,Mike Wagenheim,2026-09-17T13:35:01,2026-09-17 14:44:01.116840,https://www.jns.org/news/u-s-news/scoop-vance-to-host-shabbat-dinner-this-week
Pop artist Peter Max dies at 88,The Berlin-born Jewish artist fled Nazi persecution as a child and lived in Shanghai and Israel before becoming an icon of 1960s American pop culture.,https://www.jns.org/news/world/pop-artist-peter-max-dies-at-88,JNS,JNS Staff,2026-09-17T14:27:28,2026-09-17 14:44:01.116818,https://www.jns.org/news/world/pop-artist-peter-max-dies-at-88
Orthodox students to rally outside Mamdani’s home. Alumni of their schools want them to stay home.,"With two Orthodox schools planning a joint protest outside Gracie Mansion, home to New York City Mayor Zohran Mamdani, a group of parents and alumni have organized a petition calling on administrators to stand down. Ramaz and SAR, prominent Modern Orthodox schools in Manhattan, plan to send hundreds of high school students Friday morning to... The post Orthodox students to rally outside Mamdani’s home. Alumni of their schools want them to stay home. appeared first on The Forward .",https://forward.com/news/850652/ramaz-sar-students-protest-mamdani-gracie-mansion/,The Forward,Louis Keene,2026-09-17T10:29:20,2026-09-17 14:43:54.208534,https://forward.com/?p=850652
Translation series connects English readers to prewar Eastern European Jewish life,"דאָס איז איינער פֿון אַ סעריע קורצע אַרטיקלען אָנגעשריבן אױף אַ רעלאַטיװ גרינגן ייִדיש און געצילעװעט אױף סטודענטן. די מחברטע איז אַלײן אַ ייִדיש־סטודענטקע. דאָ קען מען לײענען די פֿריִערדיקע אַרטיקלען אין דער סעריע. אַ דאַנק אַ סעריע נײַע ענגלישע איבערזעצונגען פֿון מיזרח־אײראָפּעיִשע ייִדישע ווערק, האָבן ענגליש־לייענערס הײַנט אַ געלעגנהײט זיך צו באַקענען מיטן ייִדישן... The post Translation series connects English readers to prewar Eastern European Jewish life appeared first on The Forward .",https://forward.com/yiddish/850607/translation-series-connects-english-readers-to-prewar-eastern-european-jewish-life/,The Forward,דזשעניפֿער־פֿייגל שטערן,2026-09-17T14:10:17,2026-09-17 14:43:54.208494,https://forward.com/?p=850607
What makes a career in Jewish outreach last?,"The professionals who do Jewish outreach work are on the front lines of one of the most important efforts in Jewish life today: helping Jews of all backgrounds connect more deeply to their heritage, their community and themselves. Bringing Jews closer to Judaism is a full-time job and more, and the Mayberg Foundation’s managing director,... Read More The post What makes a career in Jewish outreach last? appeared first on eJewishPhilanthropy .",https://ejewishphilanthropy.com/what-makes-a-career-in-jewish-outreach-last/,eJewish Philanthropy,Stephen Markowitz,2026-09-17T09:40:00,2026-09-17 14:43:49.281921,https://ejewishphilanthropy.com/?p=180180
"Your Daily Phil: Jewish funders can’t afford to ignore AI, JFN panel warns","The post Your Daily Phil: Jewish funders can’t afford to ignore AI, JFN panel warns appeared first on eJewishPhilanthropy .",https://ejewishphilanthropy.com/your-daily-phil-jewish-funders-cant-afford-to-ignore-ai-jfn-panel-warns/,eJewish Philanthropy,EJP,2026-09-17T14:29:40,2026-09-17 14:43:49.281881,https://ejewishphilanthropy.com/?p=180217
Netanyahu vows to revoke Israeli citizenship over alleged IDF 'defamation' in response to 'NAZA' film,"Netanyahu said that he would also work to increase twentyfold the amount of damages people can sue for defamation against IDF soldiers: 'We will hit them both in the pocket and in citizenship, because they have no place among us'",https://www.haaretz.com/israel-news/israel-politics/2026-09-17/ty-article/.premium/pm-vows-to-revoke-citizenship-of-those-who-deface-idf-in-response-to-naza/000001a0-ade3-dea8-afe0-edefbe580001,Haaretz,Haaretz,2026-09-17T06:07:41,2026-09-17 09:15:48.349510,https://www.haaretz.com/israel-news/israel-politics/2026-09-17/ty-article/.premium/pm-vows-to-revoke-citizenship-of-those-who-deface-idf-in-response-to-naza/000001a0-ade3-dea8-afe0-edefbe580001
"Palestinian detainee dies in Israeli prison, bringing toll since war to 92","A Palestinian prisoner died at Ofer Prison after being held in administrative detention since October, Palestinian prisoner groups said. Relatives said 21-year-old Moataz al-Atrash had no health problems before arrest",https://www.haaretz.com/israel-news/israel-security/2026-09-17/ty-article/.premium/palestinian-detainee-dies-as-deaths-in-israeli-prisons-during-war-rise-to-92/000001a0-addf-dea8-afe0-edff47ea0000,Haaretz,Jack Khoury,2026-09-17T06:20:44,2026-09-17 09:15:48.349472,https://www.haaretz.com/israel-news/israel-security/2026-09-17/ty-article/.premium/palestinian-detainee-dies-as-deaths-in-israeli-prisons-during-war-rise-to-92/000001a0-addf-dea8-afe0-edff47ea0000
Likud minister Miri Regev speaks at confab hosted by Nazi-linked Austrian FPO party,"The conference was organized by Freedom Party lawmaker Harald Vilimsky, dedicated to 'the threats facing Europe from antisemitism and Islamist movements.' The party was led by former Nazis in the postwar period",https://www.haaretz.com/world-news/europe/2026-09-17/ty-article/.premium/netanyahu-minister-speaks-at-event-hosted-by-nazi-linked-austrian-party/000001a0-adcf-d736-a1b2-fdfff5630000,Haaretz,Liza Rozovsky,2026-09-17T08:10:40,2026-09-17 09:15:48.349441,https://www.haaretz.com/world-news/europe/2026-09-17/ty-article/.premium/netanyahu-minister-speaks-at-event-hosted-by-nazi-linked-austrian-party/000001a0-adcf-d736-a1b2-fdfff5630000
Israeli ex-Meta researcher launches AI 'Neolab' in race for hundreds of millions,"The AI lab Aire, founded by Yossi Adi and two French partners, hopes to join a small club of AI 'neolabs' that have raised hundreds of millions of dollars while still at the research stage",https://www.haaretz.com/israel-news/tech-news/2026-09-17/ty-article/.premium/israeli-ex-meta-researcher-launches-ai-neolab-in-race-for-hundreds-of-millions/000001a0-aaba-d5b2-a9ee-aaba0e220000,Haaretz,Sagi Cohen,2026-09-17T08:27:26,2026-09-17 09:15:48.349408,https://www.haaretz.com/israel-news/tech-news/2026-09-17/ty-article/.premium/israeli-ex-meta-researcher-launches-ai-neolab-in-race-for-hundreds-of-millions/000001a0-aaba-d5b2-a9ee-aaba0e220000
Israeli sentenced to death in Iraq to return home after 11 years in prison,"The 42-year-old was convicted of killing a taxi driver, but an Iraqi court reduced his sentence after evidence showed he acted in self-defense and following a reconciliation with the victim's family",https://www.haaretz.com/middle-east-news/2026-09-17/ty-article/.premium/israeli-sentenced-to-death-in-iraq-to-return-home-after-11-years-in-prison/000001a0-ae21-d5b2-a9ee-aeab773e0000,Haaretz,Liza Rozovsky,2026-09-17T08:51:19,2026-09-17 09:15:48.349370,https://www.haaretz.com/middle-east-news/2026-09-17/ty-article/.premium/israeli-sentenced-to-death-in-iraq-to-return-home-after-11-years-in-prison/000001a0-ae21-d5b2-a9ee-aeab773e0000
Saudi Arabia discovers the value of a strong Israel,Mohammed bin Salman thought he could stay out of the region’s widening war. Now the Houthi threat is pushing Riyadh back toward Israel.,https://www.jns.org/opinion/column/fiamma-nirenstein/the-houthis-force-riyadh-to-rethink-israel,JNS,Fiamma Nirenstein,2026-09-17T04:40:10,2026-09-17 09:15:41.502177,https://www.jns.org/opinion/column/fiamma-nirenstein/the-houthis-force-riyadh-to-rethink-israel
Comparing catastrophes: 9/11 vs. 10/7,"Both the United States and Israel suffered devastating Islamist attacks, but the Western response to each could hardly have been more different.",https://www.jns.org/opinion/column/martin-sherman/comparing-catastrophes-9-11-vs-oct-7,JNS,Martin Sherman,2026-09-17T04:52:18,2026-09-17 09:15:41.502145,https://www.jns.org/opinion/column/martin-sherman/comparing-catastrophes-9-11-vs-oct-7
'It’s awesome to be Jewish’: Groundbreaking program instills Jewish pride in American teens,"Through immersive experiences in medicine, technology, culture and innovation, AKLA aims to give young Jews a deeper understanding of their heritage and the confidence to take pride in it.",https://www.jns.org/feature/its-awesome-to-be-jewish-groundbreaking-program-instills-jewish-pride-in-young-teens,JNS,Atara Beck,2026-09-17T05:22:48,2026-09-17 09:15:41.502116,https://www.jns.org/feature/its-awesome-to-be-jewish-groundbreaking-program-instills-jewish-pride-in-young-teens
Saudi Arabia’s request for help from Israel is ‘an opportunity’,Western observer tells JNS that Israel should seek tangible returns rather than being a silent partner.,https://www.jns.org/analysis/saudi-arabias-request-for-help-from-israel-is-an-opportunity,JNS,Yaakov Lappin,2026-09-17T06:03:35,2026-09-17 09:15:41.502047,https://www.jns.org/analysis/saudi-arabias-request-for-help-from-israel-is-an-opportunity
Israel National Biotech Innovation Center (INBI) launches with Anat Cohen-Dayag as CEO of INBI Core,"INBI aims to advance Israeli biomedical research and accelerate the development of new therapies, bringing together 15 Israeli research institutions and medical centers to help move scientific research toward new medicines.",https://www.jns.org/wire/israel-national-biotech-innovation-center/israel-national-biotech-innovation-center-inbi-launches-with-anat-cohen-dayag-as-ceo-of-inbi-core,JNS,,2026-09-17T06:28:53,2026-09-17 09:15:41.502016,https://www.jns.org/wire/israel-national-biotech-innovation-center/israel-national-biotech-innovation-center-inbi-launches-with-anat-cohen-dayag-as-ceo-of-inbi-core
Israel’s new map of the Middle East,"The Palestinian issue has not disappeared, but it has lost its monopoly.",https://www.jns.org/opinion/nachum-kaplan/israels-new-map-of-the-middle-east,JNS,Nachum Kaplan,2026-09-17T06:30:00,2026-09-17 09:15:41.501979,https://www.jns.org/opinion/nachum-kaplan/israels-new-map-of-the-middle-east
Hamas avoids retaliation after IDF kills commanders,"The Gaza terror group reportedly fears renewed combat operations, while a fresh survey shows scant public backing in Gaza for armed conflict.",https://www.jns.org/news/israel-news/hamas-avoids-retaliation-after-idf-kills-commanders,JNS,JNS Staff,2026-09-17T07:25:49,2026-09-17 09:15:41.501951,https://www.jns.org/news/israel-news/hamas-avoids-retaliation-after-idf-kills-commanders
Sweden expels Iranian diplomat for targeting Jews,"The ambassador of the Islamic Republic has been summoned following evidence linking his country to attempts to threaten Jewish locals, and Iranian dissidents.",https://www.jns.org/news/antisemitism/sweden-expels-iranian-diplomat-for-targeting-jews,JNS,JNS Staff,2026-09-17T08:28:33,2026-09-17 09:15:41.501922,https://www.jns.org/news/antisemitism/sweden-expels-iranian-diplomat-for-targeting-jews
IDF launches surprise nationwide drill,The military evaluated Home Front Command and logistics branches during unexpected operational emergency simulations across local sectors.,https://www.jns.org/news/israel-news/idf-launches-surprise-nationwide-drill,JNS,JNS Staff,2026-09-17T08:36:49,2026-09-17 09:15:41.501887,https://www.jns.org/news/israel-news/idf-launches-surprise-nationwide-drill
ACF Report Reveals the Strongest – and Most Concerning – Campuses for Jewish and Pro-Israel Students,"The report, which can be found on CampusFairness.org, took into consideration five criteria: incident record, institutional response, anti-Israel organizing, Jewish life on campus, and the legal and structural environment. The post ACF Report Reveals the Strongest – and Most Concerning – Campuses for Jewish and Pro-Israel Students appeared first on Jewish Journal .",https://jewishjournal.com/community/392303/acf-report-reveals-the-strongest-and-most-concerning-campuses-for-jewish-and-pro-israel-students/,Jewish Journal,Kylie Ora Lobell,2026-09-17T05:59:08,2026-09-17 09:15:39.186210,https://jewishjournal.com/?p=392303
Table for Five: Yom Kippur,Elevating the Physical The post Table for Five: Yom Kippur appeared first on Jewish Journal .,https://jewishjournal.com/judaism/392306/yom-kippur-2/,Jewish Journal,Salvador Litvak,2026-09-17T07:38:25,2026-09-17 09:15:39.186167,https://jewishjournal.com/?p=392306
What’s in a Name: Peanut Butter Date Bark,Dates are a perfect way to add natural caramelized sweetness to desserts. The post What’s in a Name: Peanut Butter Date Bark appeared first on Jewish Journal .,https://jewishjournal.com/culture/food/392309/whats-in-a-name-peanut-butter-date-bark/,Jewish Journal,Sharon Gomperts and Rachel Emquies Sheff,2026-09-17T08:01:42,2026-09-17 09:15:39.186139,https://jewishjournal.com/?p=392309
From Israel’s Farms to Los Angeles: The Etrog with a Purpose,"Mickey Katzburg, founder of the World Center for Jewish Education, is trying to give Los Angeles Jews another option: an etrog grown in Israel, while at the same time helping support farmers in the country’s Gaza border region. The post From Israel’s Farms to Los Angeles: The Etrog with a Purpose appeared first on Jewish Journal .",https://jewishjournal.com/community/392313/from-israels-farms-to-los-angeles-the-etrog-with-a-purpose/,Jewish Journal,Ayala Or-El,2026-09-17T08:12:04,2026-09-17 09:15:39.186102,https://jewishjournal.com/?p=392313
Combating Antisemitism Through Education in Beverly Hills,"For Judith, her family’s experience as refugees from Iran is part of what drives her commitment to speaking out against antisemitism and never staying silent. The post Combating Antisemitism Through Education in Beverly Hills appeared first on Jewish Journal .",https://jewishjournal.com/community/392318/combating-antisemitism-through-education-in-beverly-hills/,Jewish Journal,Ayala Or-El,2026-09-17T08:15:34,2026-09-17 09:15:39.186034,https://jewishjournal.com/?p=392318
Avi Nesher Fights the Boycott with a Human Story,"Making Israeli films is not easy. Budgets are generally small by American standards, and international financing has become increasingly difficult to secure amid the cultural boycott of Israeli cinema. The post Avi Nesher Fights the Boycott with a Human Story appeared first on Jewish Journal .",https://jewishjournal.com/culture/arts/film/392321/avi-nesher-fights-the-boycott-with-a-human-story/,Jewish Journal,Ayala Or-El,2026-09-17T08:19:26,2026-09-17 09:15:39.185986,https://jewishjournal.com/?p=392321
Making Torah More Accessible,"The 402-page book is organized around 36 life lessons related to the Book of Genesis, with thoughtful study questions and dozens of responses from respected sources in Jewish thought. The post Making Torah More Accessible appeared first on Jewish Journal .",https://jewishjournal.com/culture/arts/books/392325/making-torah-more-accessible/,Jewish Journal,Lyric Niv,2026-09-17T08:23:40,2026-09-17 09:15:39.185949,https://jewishjournal.com/?p=392325
Expanding the Soul,"There is a struggle within us between constriction and expansion, between despair and vitality. Good humor can be a powerful ally against the constriction that suffering creates. The post Expanding the Soul appeared first on Jewish Journal .",https://jewishjournal.com/judaism/392328/expanding-the-soul/,Jewish Journal,Rabbi Mordecai Finley,2026-09-17T08:28:16,2026-09-17 09:15:39.185908,https://jewishjournal.com/?p=392328
Bad celebrity apologies: A Yom Kippur tradition,"Each Yom Kippur afternoon, after the sanctuary has quieted post-Musaf and the long day stretches on, my congregation gathers for adult learning. For several years, our session has been a community favorite: “Bad Celebrity Apologies.” It’s exactly what it sounds like, and so much more. This playful yet meaningful session explores what makes a genuine... Read More The post Bad celebrity apologies: A Yom Kippur tradition appeared first on eJewishPhilanthropy .",https://ejewishphilanthropy.com/bad-celebrity-apologies-a-yom-kippur-tradition/,eJewish Philanthropy,Rabbi Sarah Freidson,2026-09-17T03:55:31,2026-09-17 09:15:30.098197,https://ejewishphilanthropy.com/?p=180138
Both of my grandmothers were right,"My grandmothers, my two savtot, were both Holocaust survivors. They both endured enormous suffering and loss, but they responded to that trauma in vastly different ways: one optimistic, the other pessimistic. That duality always perplexed and pained me. But now, after nearly three years of devastating violence in Israel, Gaza and the West Bank, I’ve started... Read More The post Both of my grandmothers were right appeared first on eJewishPhilanthropy .",https://ejewishphilanthropy.com/both-of-my-grandmothers-were-right/,eJewish Philanthropy,Idit Klein,2026-09-17T05:30:48,2026-09-17 09:15:30.098151,https://ejewishphilanthropy.com/?p=180165
"Kraft pledges $2M for Middle East aid, matching donation by Ed Sheeran, following Macklemore kerfuffle","New England Patriots owner Robert Kraft pledged $2 million for aid to the Middle East on Wednesday, matching a donation of the same amount by singer Ed Sheeran. The commitment followed an uproar over Kraft’s decision to block one of Sheeran’s opening acts, Macklemore, from performing at his Boston-area venue, Gillette Stadium, over the rapper’s... Read More The post Kraft pledges $2M for Middle East aid, matching donation by Ed Sheeran, following Macklemore kerfuffle appeared first on eJewishPhilanthropy .",https://ejewishphilanthropy.com/kraft-pledges-2m-for-middle-east-aid-matching-donation-by-ed-sheeran-following-macklemore-kerfuffle/,eJewish Philanthropy,Judah Ari Gross,2026-09-17T07:04:23,2026-09-17 09:15:30.098101,https://ejewishphilanthropy.com/?p=180189
"In JFN panel, Jewish tech thinkers warn funders can’t afford to keep out of conversations on AI","As business leaders, scientists, politicians and commentators debate the risks and benefits presented by artificial intelligence —and the need to restrain the emerging technology —Jewish funders and leaders cannot afford to keep out of the conversation, a group of Jewish thinkers and professionals argued yesterday at a Jewish Funders Network High Holidays Gathering. The discussion,... Read More The post In JFN panel, Jewish tech thinkers warn funders can&#8217;t afford to keep out of conversations on AI appeared first on eJewishPhilanthropy .",https://ejewishphilanthropy.com/in-jfn-panel-jewish-tech-thinkers-warn-funders-cant-afford-to-keep-out-of-conversations-on-ai/,eJewish Philanthropy,Jay Deitcher,2026-09-17T08:38:50,2026-09-17 09:15:30.098016,https://ejewishphilanthropy.com/?p=180199
Smotrich's party claims credit for West Bank demolitions of Palestinian structures,"Religious Zionism says demolitions targeted Palestinian structures near Shira and Makkedah settlements, while Palestinians report land-clearing for new settlements elsewhere in the West Bank",https://www.haaretz.com/israel-news/israel-security/2026-09-17/ty-article/.premium/smotrichs-party-claims-credit-for-w-bank-demolitions-of-palestinian-structures/000001a0-ab73-db03-a1a7-bbf71f3e0000,Haaretz,Matan Golan,2026-09-17T00:39:14,2026-09-17 03:47:11.433391,https://www.haaretz.com/israel-news/israel-security/2026-09-17/ty-article/.premium/smotrichs-party-claims-credit-for-w-bank-demolitions-of-palestinian-structures/000001a0-ab73-db03-a1a7-bbf71f3e0000
"I saw 'NAZA.' In a healthy Israel, it would be shown on the evening news","'NAZA,' Yuval Avraham and Rachel Szor's documentary about Israel's targeting system in Gaza, shows what happens when AI is used as an excuse for abdicating accountability",https://www.haaretz.com/us-news/2026-09-17/ty-article-magazine/.premium/i-saw-naza-in-a-healthy-israel-it-would-be-shown-on-the-evening-news/000001a0-acf5-d736-a1b2-fdf79b930000,Haaretz,Etan Nechin,2026-09-17T01:38:26,2026-09-17 03:47:11.433368,https://www.haaretz.com/us-news/2026-09-17/ty-article-magazine/.premium/i-saw-naza-in-a-healthy-israel-it-would-be-shown-on-the-evening-news/000001a0-acf5-d736-a1b2-fdf79b930000
"U.S. extends visa sanctions against Palestinian officials, blocks Abbas from UN General Assembly",,https://www.haaretz.com/israel-news/israel-security/2026-09-17/ty-article-live/u-s-extends-visa-sanctions-against-palestinian-officials-blocks-abbas-from-un/000001a0-ad1f-d736-a1b2-fdbf6acf0000,Haaretz,Haaretz,2026-09-17T02:23:31,2026-09-17 03:47:11.433344,https://www.haaretz.com/israel-news/israel-security/2026-09-17/ty-article-live/u-s-extends-visa-sanctions-against-palestinian-officials-blocks-abbas-from-un/000001a0-ad1f-d736-a1b2-fdbf6acf0000
Israeli election poll sees pro-Netanyahu bloc edge ahead of Eisenkot,"While the pro-Netanyahu bloc is projected to win 54 seats to lead the race, Gadi Eisenkot's Yashar emerges as the largest individual party with 22 seats as Likud slips to 18",https://www.haaretz.com/israel-news/elections/2026-09-17/ty-article/israeli-election-poll-sees-pro-netanyahu-bloc-edge-ahead-of-eisenkot/000001a0-ad41-dea8-afe0-eded00220000,Haaretz,Haaretz,2026-09-17T02:56:05,2026-09-17 03:47:11.433316,https://www.haaretz.com/israel-news/elections/2026-09-17/ty-article/israeli-election-poll-sees-pro-netanyahu-bloc-edge-ahead-of-eisenkot/000001a0-ad41-dea8-afe0-eded00220000
"Three-quarters of religion-based hate crimes in Hawaii last year targeted Jews, who are less than 1% of the state","Rabbi Itchel Krasnjansky, of Chabad in Hawaii, told JNS that “we don’t experience really any antisemitism, besides for the pro-Palestinian crap that goes on here, like everywhere else.”",https://www.jns.org/news/u-s-news/three-quarters-of-religion-based-hate-crimes-in-hawaii-last-year-targeted-jews-who-are-less-than-1-of-the-state,JNS,Menachem Wecker,2026-09-17T00:19:55,2026-09-17 03:47:04.069061,https://www.jns.org/news/u-s-news/three-quarters-of-religion-based-hate-crimes-in-hawaii-last-year-targeted-jews-who-are-less-than-1-of-the-state
Israel and Lebanon may already be fighting the same enemy,It’s possible that cooperation against Hezbollah will not have to wait for peace.,https://www.jns.org/opinion/eyal-dror/israel-and-lebanon-may-already-be-fighting-the-same-enemy,JNS,Eyal Dror,2026-09-17T02:30:00,2026-09-17 03:47:04.069028,https://www.jns.org/opinion/eyal-dror/israel-and-lebanon-may-already-be-fighting-the-same-enemy
"Jason Arday, Donald Trump, and the Post-Truth World","For both MAGA and Arday’s defenders, truth doesn’t matter, lies are accepted as facts, and tribe matters above all. The post Jason Arday, Donald Trump, and the Post-Truth World appeared first on Jewish Journal .",https://jewishjournal.com/commentary/opinion/392300/jason-arday-donald-trump-and-the-post-truth-world/,Jewish Journal,Peter C. Herman,2026-09-17T01:44:08,2026-09-17 03:47:01.757833,https://jewishjournal.com/?p=392300
Key House Democrat refuses to clear $2.8 billion bomb sale to Israel,"(JTA) — U.S. Rep. Gregory Meeks, the top Democrat on the U.S. House of Representatives Foreign Affairs Committee, is obstructing a Trump administration proposal for a $2.8 billion bomb sale to Israel. Meeks, a longtime supporter of Israel from New York, said he would not clear the transaction due to concerns that these 2,000-pound munitions... The post Key House Democrat refuses to clear $2.8 billion bomb sale to Israel appeared first on The Forward .",https://forward.com/fast-forward/850601/key-house-democrat-refuses-to-clear-2-8-billion-bomb-sale-to-israel/,The Forward,Sharon Udasin,2026-09-17T01:21:37,2026-09-17 03:46:57.525440,https://forward.com/?p=850601
"Sander Levin, storied Michigan Jewish Democrat, endorses Abdul El-Sayed in Senate race","(JTA) — Retired U.S. Rep. Sander Levin, a decades-long mainstay of Michigan Jewish Democratic politics, endorsed Abdul El-Sayed for Senate on Tuesday night despite what he called “significant disagreement” on Israel. Levin, 95, called for “all Michiganders of conscience” to vote for El-Sayed amid fierce divisions among Michigan’s Jewish voters and Democratic leaders on whether... The post Sander Levin, storied Michigan Jewish Democrat, endorses Abdul El-Sayed in Senate race appeared first on The Forward .",https://forward.com/fast-forward/850595/sander-levin-storied-michigan-jewish-democrat-endorses-abdul-el-sayed-in-senate-race/,The Forward,Andrew Lapin,2026-09-17T01:22:41,2026-09-17 03:46:57.525403,https://forward.com/?p=850595
LA Federation sues museum for custody of looted paintings once hoarded by Hermann Göring,"(JTA) — The Jewish Federation of Los Angeles and the heirs to a Jewish artist filed suit against a California museum to recover a pair of 16th-century oil paintings seized by the Nazis and held in the private collection of Hermann Göring. Also on Monday, the daughters of Holocaust survivor Dina Gottliebova Babbitt sued the... The post LA Federation sues museum for custody of looted paintings once hoarded by Hermann Göring appeared first on The Forward .",https://forward.com/fast-forward/850589/la-federation-sues-museum-for-custody-of-looted-paintings-once-hoarded-by-hermann-goring/,The Forward,Jackie Hajdenberg,2026-09-17T01:23:54,2026-09-17 03:46:57.525364,https://forward.com/?p=850589
"Vance: Trump willing to ‘part ways’ with Netanyahu when necessary, and has often opposed him","(JTA) — President Donald Trump has an unprecedented track record of opposing Israeli Prime Minister Benjamin Netanyahu when it comes to advancing the interest of the American people, Vice President JD Vance said during a virtual address Tuesday at a Los Angeles-based technology summit. More than any president in the last 40 years Trump “has... The post Vance: Trump willing to ‘part ways’ with Netanyahu when necessary, and has often opposed him appeared first on The Forward .",https://forward.com/fast-forward/850583/vance-trump-willing-to-part-ways-with-netanyahu-when-necessary-and-has-often-opposed-him/,The Forward,Tovah Lazaroff,2026-09-17T01:25:03,2026-09-17 03:46:57.525324,https://forward.com/?p=850583
Ed Sheeran’s support acts bail on Loop Tour after Macklemore dropped,"(JTA) — All of Ed Sheeran’s opening acts and his backing band have withdrawn from his Loop Tour after the pro-Palestinian rapper Macklemore was dropped as an opening act amid pressure from Robert Kraft and other stadium owners. Kraft, the Jewish and pro-Israel billionaire who owns the Boston-area stadium where one of the tour stops... The post Ed Sheeran&#8217;s support acts bail on Loop Tour after Macklemore dropped appeared first on The Forward .",https://forward.com/fast-forward/850541/ed-sheerans-support-acts-bail-on-loop-tour-after-macklemore-dropped/,The Forward,Derek Caney,2026-09-17T01:25:52,2026-09-17 03:46:57.525278,https://forward.com/?p=850541
Key House Democrat refuses to clear $2.8 billion bomb sale to Israel,Top Foreign Affairs Democrat Gregory Meeks has “questions” about how these munitions could be used in densely populated areas of Gaza and Lebanon. -- The post Key House Democrat refuses to clear $2.8 billion bomb sale to Israel appeared first on Jewish Telegraphic Agency .,https://www.jta.org/2026/09/16/israel/key-house-democrat-refuses-to-clear-2-8-billion-bomb-sale-to-israel,JTA,Sharon Udasin,2026-09-16T23:36:08,2026-09-17 03:46:54.913062,https://www.jta.org/?p=1908330
"Daily Cartoon, September 17, 2026",,https://www.haaretz.com/opinion/daily-cartoon/2026-09-17/ty-article-opinion/daily-cartoon-september-17-2026/000001a0-ac0e-d91d-afeb-ec4e316a0000,Haaretz,La Familia,2026-09-16T21:17:41,2026-09-16 23:34:02.674940,https://www.haaretz.com/opinion/daily-cartoon/2026-09-17/ty-article-opinion/daily-cartoon-september-17-2026/000001a0-ac0e-d91d-afeb-ec4e316a0000
Israel's Channel 13 sold to anti-Netanyahu tech entrepreneurs,"Israel's media regulator approved Channel 13's transfer from billionaire Len Blavatnik to Wiz co-founder Assaf Rappaport and Yinon Costica through the Merit Spread Foundation, the first philanthropic foundation to own an Israeli TV channel",https://www.haaretz.com/israel-news/2026-09-17/ty-article/.premium/israels-channel-13-sold-to-anti-netanyahu-tech-entrepreneurs/000001a0-ab0b-da51-adb7-bb0fa8db0000,Haaretz,Jasmin Gueta,2026-09-16T21:24:07,2026-09-16 23:34:02.674926,https://www.haaretz.com/israel-news/2026-09-17/ty-article/.premium/israels-channel-13-sold-to-anti-netanyahu-tech-entrepreneurs/000001a0-ab0b-da51-adb7-bb0fa8db0000
A failed documentary: 'NAZA' plays into the hands of Netanyahu and his fascist acolytes,"'Naza' is catnip to Israel's fascist bloc and the anti-Zionist left. But it provides no dates, locations or factual cross-references, which for that reason alone is enough to undermine its claim to be a documentary",https://www.haaretz.com/opinion/2026-09-17/ty-article-opinion/.premium/naza-plays-into-the-hands-of-netanyahu-and-his-fascist-acolytes/000001a0-ab82-df5b-adf2-ffe7aea10000,Haaretz,Uri Misgav,2026-09-16T21:44:02,2026-09-16 23:34:02.674906,https://www.haaretz.com/opinion/2026-09-17/ty-article-opinion/.premium/naza-plays-into-the-hands-of-netanyahu-and-his-fascist-acolytes/000001a0-ab82-df5b-adf2-ffe7aea10000
"Thanks to 'NAZA' hysteria, Israel is finally talking about Gaza","The Gaza documentary has elicited a nationwide uproar. After years of repression, denial and lies, apathy and indifference, the pus has burst forth in a mighty stream. This is a healthy process, even if it includes ugly manifestations",https://www.haaretz.com/opinion/2026-09-17/ty-article-opinion/.premium/thanks-to-naza-hysteria-israel-is-finally-talking-about-gaza/000001a0-ab90-d5b2-a9ee-ab9a19a70000,Haaretz,Gideon Levy,2026-09-16T21:48:54,2026-09-16 23:34:02.674886,https://www.haaretz.com/opinion/2026-09-17/ty-article-opinion/.premium/thanks-to-naza-hysteria-israel-is-finally-talking-about-gaza/000001a0-ab90-d5b2-a9ee-ab9a19a70000
Why is Netanyahu's Likud so afraid of expat Israelis?,,https://www.haaretz.com/opinion/editorial/2026-09-17/ty-article-opinion/why-is-netanyahus-likud-so-afraid-of-expat-israelis/000001a0-abbe-dea8-afe0-ebbef3c40000,Haaretz,Haaretz Editorial,2026-09-16T21:54:41,2026-09-16 23:34:02.674858,https://www.haaretz.com/opinion/editorial/2026-09-17/ty-article-opinion/why-is-netanyahus-likud-so-afraid-of-expat-israelis/000001a0-abbe-dea8-afe0-ebbef3c40000
"Rabbi Attacked, Israeli Tourist Berated in Italy as Antisemitism Continues to Surge","Amid a worsening climate of anti-Israel hostility and rising antisemitism across Italy, Jews and Israelis are increasingly finding themselves targeted...",https://www.algemeiner.com/2026/09/16/rabbi-attacked-israeli-tourist-berated-italy-antisemitism-continues-surge/,Algemeiner,Ailin Vilches Arguello,2026-09-16T21:47:34,2026-09-16 23:33:57.362412,https://www.algemeiner.com/?p=779823
Who is Ed Miliband listening to?,The U.K. foreign secretary justified sanctions on Israel with comments from dubious characters.,https://www.jns.org/opinion/steve-winston/who-is-ed-miliband-listening-to,JNS,Steve Winston,2026-09-16T21:00:00,2026-09-16 23:33:55.030761,https://www.jns.org/opinion/steve-winston/who-is-ed-miliband-listening-to
Modern Orthodox Jewish day schools planning to pray outside NYC mayor's residence on Friday,"Rabbi Binyamin Krauss, principal of SAR Academy, told JNS that the gathering is meant to be a ""positive statement"" that ""We’re here. We’re Jewish. We want to be safe and express our Zionism.""",https://www.jns.org/news/u-s-news/modern-orthodox-jewish-day-schools-planning-to-pray-outside-nyc-mayors-residence-on-friday,JNS,Debra Nussbaum Cohen,2026-09-16T21:14:49,2026-09-16 23:33:55.030745,https://www.jns.org/news/u-s-news/modern-orthodox-jewish-day-schools-planning-to-pray-outside-nyc-mayors-residence-on-friday
Faith groups urge passage of bipartisan bill that would protect houses of worship from protest,"“This bill works very hard to balance our First Amendment constitutional rights between the right to free speech and the right to worship,” Rep. Tom Suozzi said.",https://www.jns.org/news/u-s-news/faith-groups-urge-passage-of-bipartisan-bill-that-would-protect-houses-of-worship-from-protest,JNS,Andrew Bernard,2026-09-16T21:26:17,2026-09-16 23:33:55.030719,https://www.jns.org/news/u-s-news/faith-groups-urge-passage-of-bipartisan-bill-that-would-protect-houses-of-worship-from-protest
Jewish high school students to pray outside Mamdani’s residence,"Plus, Mamdani will not attend protests against Netanyahu during the U.N. General Assembly. -- The post Jewish high school students to pray outside Mamdani’s residence appeared first on Jewish Telegraphic Agency .",https://www.jta.org/2026/09/16/ny/jewish-high-school-students-to-pray-outside-mamdanis-residence,JTA,New York Jewish Week Staff,2026-09-16T21:05:03,2026-09-16 23:33:45.408198,https://www.jta.org/?p=1908300
"Vance: Trump willing to ‘part ways’ with Netanyahu when necessary, and has often opposed him","“We cannot allow our Middle East policy to be subservient to the State of Israel,” the vice president said. -- The post Vance: Trump willing to ‘part ways’ with Netanyahu when necessary, and has often opposed him appeared first on Jewish Telegraphic Agency .",https://www.jta.org/2026/09/16/politics/vance-trump-willing-to-part-ways-with-netanyahu-when-necessary-and-has-often-opposed-him,JTA,Tovah Lazaroff,2026-09-16T21:21:30,2026-09-16 23:33:45.408174,https://www.jta.org/?p=1908305
LA Federation sues museum for custody of looted paintings once hoarded by Hermann Göring,Separate suits were filed Monday under a 2024 law that allows heirs to refile previously dismissed claims. -- The post LA Federation sues museum for custody of looted paintings once hoarded by Hermann Göring appeared first on Jewish Telegraphic Agency .,https://www.jta.org/2026/09/16/united-states/la-federation-sues-museum-for-custody-of-looted-paintings-once-hoarded-by-hermann-goring,JTA,Jackie Hajdenberg,2026-09-16T22:17:30,2026-09-16 23:33:45.408145,https://www.jta.org/?p=1908297
"Sander Levin, storied Michigan Jewish Democrat, endorses Abdul El-Sayed in Senate race","El-Sayed also again denounced Hasan Piker on Tuesday. -- The post Sander Levin, storied Michigan Jewish Democrat, endorses Abdul El-Sayed in Senate race appeared first on Jewish Telegraphic Agency .",https://www.jta.org/2026/09/16/politics/sander-levin-storied-michigan-jewish-democrat-endorses-abdul-el-sayed-in-senate-race,JTA,Andrew Lapin,2026-09-16T23:08:13,2026-09-16 23:33:45.408111,https://www.jta.org/?p=1908260
Israeli man sentenced to 13 years in prison for spying for Iran,"Several Israelis have been charged with working for Iranian intelligence over the past year. They include two teenagers and several soldiers, including two from the Israel Air Force and one who served in an Iron Dome unit",https://www.haaretz.com/israel-news/israel-security/2026-09-16/ty-article/.premium/israeli-man-sentenced-to-13-years-in-prison-for-spying-for-iran/000001a0-aa8c-de68-a7e0-bbce3c690000,Haaretz,Haaretz,2026-09-16T18:02:13,2026-09-16 20:57:50.349616,https://www.haaretz.com/israel-news/israel-security/2026-09-16/ty-article/.premium/israeli-man-sentenced-to-13-years-in-prison-for-spying-for-iran/000001a0-aa8c-de68-a7e0-bbce3c690000
T. rex temperature taken for first time,"Geochemical study compares the body heat of the Terror of the Cretaceous with crocs and clams, and finds the latter were cold-blooded. T. rex was not",https://www.haaretz.com/science-and-health/2026-09-16/ty-article/t-rex-temperature-taken-for-first-time/000001a0-a4c3-dea8-afe0-e4eff1c20000,Haaretz,Ruth Schuster,2026-09-16T18:03:47,2026-09-16 20:57:50.349586,https://www.haaretz.com/science-and-health/2026-09-16/ty-article/t-rex-temperature-taken-for-first-time/000001a0-a4c3-dea8-afe0-e4eff1c20000
Right-wing agitators call to 'execute traitors' outside 'NAZA' filmmaker's family home,The crowd outside the house of 'NAZA' co-director Rachel Szor's parents as Netanyahu vowed to revoke the citizenship of Szor and the film's co-director Yuval Avraham,https://www.haaretz.com/israel-news/israel-politics/2026-09-16/ty-article/.premium/right-wing-agitators-call-to-execute-traitors-outside-home-of-naza-director/000001a0-ab39-d5b2-a9ee-abbbbbc50000,Haaretz,Bar Peleg,2026-09-16T18:16:48,2026-09-16 20:57:50.349559,https://www.haaretz.com/israel-news/israel-politics/2026-09-16/ty-article/.premium/right-wing-agitators-call-to-execute-traitors-outside-home-of-naza-director/000001a0-ab39-d5b2-a9ee-abbbbbc50000
Vance can criticize U.S. support for Israel. Why wink at antisemites?,Vance suggested that past U.S. presidents had consciously put Israel's interests ahead of America's. There's only one plausible explanation for why a president would betray his own country this way,https://www.haaretz.com/israel-news/haaretz-today/2026-09-16/ty-article/.highlight/vance-can-criticize-u-s-support-for-israel-why-wink-at-antisemites/000001a0-ab23-dea8-afe0-ebaf66c30000,Haaretz,Arno Rosenfeld,2026-09-16T18:23:57,2026-09-16 20:57:50.349503,https://www.haaretz.com/israel-news/haaretz-today/2026-09-16/ty-article/.highlight/vance-can-criticize-u-s-support-for-israel-why-wink-at-antisemites/000001a0-ab23-dea8-afe0-ebaf66c30000
Israel's largest landfill may be unable to take Tel Aviv area's garbage by 2027,"Due to bureaucratic delays in enlarging its area, the Efeh landfill may have to close its doors to waste from the Tel Aviv metropolitan area by next year. An official warned of an oncoming national waste management crisis",https://www.haaretz.com/science-and-health/2026-09-16/ty-article/israels-largest-landfill-may-be-unable-to-take-tel-aviv-areas-garbage-by-2027/000001a0-aa66-d819-a9a6-be6721010000,Haaretz,Zafrir Rinat,2026-09-16T19:02:07,2026-09-16 20:57:50.349473,https://www.haaretz.com/science-and-health/2026-09-16/ty-article/israels-largest-landfill-may-be-unable-to-take-tel-aviv-areas-garbage-by-2027/000001a0-aa66-d819-a9a6-be6721010000
Top Democrat places hold on $2.8 billion weapons sale to Israel,"Rep. Gregory Meeks put major procedural hurdles to block the widely contested sale, saying the Trump administration failed to assure Congress that Israel would use the weapons in accordance with U.S. law and with adequate protections for civilians",https://www.haaretz.com/us-news/2026-09-16/ty-article/.premium/top-democrat-places-hold-on-2-8-billion-weapons-sale-to-israel/000001a0-aba0-d91d-afeb-ebe0ed1e0000,Haaretz,Arno Rosenfeld,2026-09-16T19:31:42,2026-09-16 20:57:50.349437,https://www.haaretz.com/us-news/2026-09-16/ty-article/.premium/top-democrat-places-hold-on-2-8-billion-weapons-sale-to-israel/000001a0-aba0-d91d-afeb-ebe0ed1e0000
Why Don’t Anti-Israel Documentaries Ever Discuss the Major and Deadly Threats Facing Israel?,"For the sake of the people I know who have lost loved ones, and for those who continue to fight...",https://www.algemeiner.com/2026/09/16/why-dont-anti-israel-documentaries-ever-discuss-major-deadly-threats-facing-israel/,Algemeiner,Paushali Lass,2026-09-16T18:48:53,2026-09-16 20:57:44.902755,https://www.algemeiner.com/?p=779741
The Palestinian Government Keeps Building Monuments to Terrorists Who Kill Civilians — and No One Cares,"Western policymakers tend to be impressed by moderate Palestinian diplomatic talk, directed at Western audiences. At the same time, they...",https://www.algemeiner.com/2026/09/16/palestinian-government-keeps-building-monuments-terrorists-who-kill-civilians-no-one-cares/,Algemeiner,Yoram Ettinger,2026-09-16T18:52:00,2026-09-16 20:57:44.902726,https://www.algemeiner.com/?p=779745
Why the Controversial Israeli Documentary Exposes Problems on the Left and the Right,"Let me be blunt: NAZA is an ugly film, not aesthetically, but morally. It markets itself as an investigative documentary,...",https://www.algemeiner.com/2026/09/16/why-controversial-israeli-documentary-exposes-problems-left-and-right/,Algemeiner,Itamar Tzur,2026-09-16T18:56:31,2026-09-16 20:57:44.902696,https://www.algemeiner.com/?p=779749
Pope Leo Says Middle East Conflicts Strain Jewish-Christian Relations,"Pope Leo said on Wednesday that recent conflicts in the Middle East had tested relations between Jews and Christians, adding that differing views of the ongoing violence had strained dialogue but...",https://www.algemeiner.com/2026/09/16/pope-leo-says-middle-east-conflicts-strain-jewish-christian-relations/,Algemeiner,Reuters and Algemeiner Staff,2026-09-16T19:05:14,2026-09-16 20:57:44.902669,https://www.algemeiner.com/?p=779797
Saudis Pound Yemen as Houthis Solidify Gains in New Theater of Middle East War,"Saudi warplanes pounded Yemen, the Houthis said on Wednesday, as the Iran-backed fighters solidified their gains after a lightning advance that has extended Tehran&#8217;s reach in the...",https://www.algemeiner.com/2026/09/16/saudis-pound-yemen-houthis-solidify-gains-new-theater-middle-east-war/,Algemeiner,Reuters and Algemeiner Staff,2026-09-16T19:09:08,2026-09-16 20:57:44.902639,https://www.algemeiner.com/?p=779800
"Anti-Israel Activist Mahmoud Khalil Sues Columbia University, Alleges ‘Deliberate Indifference’ to Palestinians","A legal team representing Algerian citizen and anti-Israel activist Mahmoud Khalil on Monday filed a lawsuit against Columbia University, his...",https://www.algemeiner.com/2026/09/16/anti-israel-activist-mahmoud-khalil-sues-columbia-university-alleges-deliberate-indifference-palestinians/,Algemeiner,Dion J. Pierre,2026-09-16T19:43:53,2026-09-16 20:57:44.902607,https://www.algemeiner.com/?p=779706
Trump Admin Settles Antisemitism Civil Rights Complaint With Lincoln Memorial University,The US departments of Justice and Health and Human Services on Tuesday announced a settlement with Lincoln Memorial University (LMU)...,https://www.algemeiner.com/2026/09/16/trump-admin-settles-antisemitism-civil-rights-complaint-lincoln-memorial-university/,Algemeiner,Dion J. Pierre,2026-09-16T20:05:18,2026-09-16 20:57:44.902576,https://www.algemeiner.com/?p=779768
Ed Sheeran’s Supporting Acts Withdraw From Tour in Solidarity With Macklemore Following ‘Free Palestine’ Controversy,"Four of the supporting acts for Ed Sheeran&#8217;s Loop Tour abruptly quit on Tuesday in solidarity with the rapper Macklemore,...",https://www.algemeiner.com/2026/09/16/ed-sheerans-supporting-acts-withdraw-tour-solidarity-macklemore-following-free-palestine-controversy/,Algemeiner,Shiryn Ghermezian,2026-09-16T20:12:13,2026-09-16 20:57:44.902547,https://www.algemeiner.com/?p=779760
Vance Says US Policy Toward Middle East Can’t Be ‘Subservient’ to Israel,US Vice President JD Vance said on Tuesday that the United States cannot allow its Middle East policy to become...,https://www.algemeiner.com/2026/09/16/vance-says-us-policy-toward-middle-east-cant-be-subservient-israel/,Algemeiner,Corey Walker,2026-09-16T20:30:05,2026-09-16 20:57:44.902494,https://www.algemeiner.com/?p=779782
Anti-Israel Activist Acquitted After Defacing Churchill Statue With Pro-Hamas Symbol,"An anti-Israel activist who defaced a Winston Churchill statue with inflammatory slogans has been acquitted of criminal damage, in a...",https://www.algemeiner.com/2026/09/16/anti-israel-activist-acquitted-defacing-churchill-statue-pro-hamas-symbol/,Algemeiner,Ailin Vilches Arguello,2026-09-16T20:34:41,2026-09-16 20:57:44.902459,https://www.algemeiner.com/?p=779775
"Hasan Piker sued over alleged incitement against Jews, Christians","Larry Klayman, founder of Judicial Watch, is seeking more than $150 million in damages, alleging that the antisemitic streamer’s comments about Jewish Zionists incite violence.",https://www.jns.org/news/u-s-news/hasan-piker-sued-over-alleged-incitement-against-jews-christians,JNS,Rebecca Szlechter,2026-09-16T18:09:08,2026-09-16 20:57:42.595655,https://www.jns.org/news/u-s-news/hasan-piker-sued-over-alleged-incitement-against-jews-christians
From 9/11 to 10/7: Lessons unlearned,Comparing them seems necessary to evoke empathy or respect from the world.,https://www.jns.org/opinion/sarah-kendis/from-9-11-to-oct-7,JNS,Sarah Kendis,2026-09-16T18:15:00,2026-09-16 20:57:42.595626,https://www.jns.org/opinion/sarah-kendis/from-9-11-to-oct-7
"CAIR school guide omits references to Israel, Hamas, Oct. 7, report finds",A Combat Antisemitism Movement analysis found that the 16-page resource instructs students on discussing Gaza and Palestinian advocacy while neglecting key historical context and leaving antisemitism undefined.,https://www.jns.org/news/u-s-news/cair-school-guide-omits-references-to-israel-hamas-oct-7-report-finds,JNS,Debra Flax,2026-09-16T18:40:44,2026-09-16 20:57:42.595603,https://www.jns.org/news/u-s-news/cair-school-guide-omits-references-to-israel-hamas-oct-7-report-finds
"As judge gives him 90 days for attacking Jews in Times Square, man flashes ‘victory sign’","“This man has appeared 22 times in court with so many excuses. He is completely unrepentant,” a court watcher who was present at the trial told JNS.",https://www.jns.org/news/u-s-news/as-judge-gives-him-90-days-for-attacking-jews-in-times-square-man-flashes-victory-sign,JNS,Rikki Zagelbaum,2026-09-16T19:12:53,2026-09-16 20:57:42.595575,https://www.jns.org/news/u-s-news/as-judge-gives-him-90-days-for-attacking-jews-in-times-square-man-flashes-victory-sign
The AI apocalypse and the ‘NAZA’ blood libels against Israel,A film that makes dubious claims about the IDF slaughtering Palestinian civilians may help bolster an antisemitic trope blaming the Jews for a new global threat.,https://www.jns.org/opinion/column/jonathan-s-tobin/the-ai-apocalypse-and-the-naza-blood-libels-against-israel,JNS,Jonathan S. Tobin,2026-09-16T19:30:00,2026-09-16 20:57:42.595542,https://www.jns.org/opinion/column/jonathan-s-tobin/the-ai-apocalypse-and-the-naza-blood-libels-against-israel
Mamdani says he won’t protest Netanyahu during UN visit,"“To New Yorkers, I have never encouraged them to protest,” Mamdani told reporters on Wednesday.",https://www.jns.org/news/u-s-news/mamdani-says-he-wont-protest-netanyahu-during-un-visit,JNS,Rikki Zagelbaum,2026-09-16T20:24:51,2026-09-16 20:57:42.595490,https://www.jns.org/news/u-s-news/mamdani-says-he-wont-protest-netanyahu-during-un-visit
California appeals court revives lawsuit over rabbi’s alleged destruction of woman's protest signs,"Sandra Bell alleged that Rabbi Netanel Louie tore up her signs during a 2022 protest against kapparot, a Jewish atonement ritual involving the slaughter of chickens before Yom Kippur, outside his Woodland Hills synagogue.",https://www.jns.org/news/u-s-news/california-appeals-court-revives-lawsuit-over-rabbis-alleged-destruction-of-womans-protest-signs,JNS,,2026-09-16T20:30:00,2026-09-16 20:57:42.595462,https://www.jns.org/news/u-s-news/california-appeals-court-revives-lawsuit-over-rabbis-alleged-destruction-of-womans-protest-signs
Father of slain hostage says US must reckon with its Oct. 7 victims,"""Most people in the United States are not aware of the fact that over 45 U.S. citizens were killed,"" Ruby Chen, whose son, Itay, was killed by Hamas, told JNS.",https://www.jns.org/news/u-s-news/father-of-slain-hostage-says-us-must-reckon-with-its-oct-7-victims,JNS,Jessica Russak-Hoffman,2026-09-16T20:45:21,2026-09-16 20:57:42.595426,https://www.jns.org/news/u-s-news/father-of-slain-hostage-says-us-must-reckon-with-its-oct-7-victims
"Israeli, Moroccan officials reaffirm 'spirit of Abraham Accords' in NY, talk ‘unlimited opportunities’ for relations","The United States, Morocco and Israel said that they are “undaunted by regional challenges”",https://www.jns.org/news/u-s-news/israeli-moroccan-officials-reaffirm-spirit-of-abraham-accords-in-ny-talk-unlimited-opportunities-for-relations,JNS,JNS Staff,2026-09-16T20:49:43,2026-09-16 20:57:42.595389,https://www.jns.org/news/u-s-news/israeli-moroccan-officials-reaffirm-spirit-of-abraham-accords-in-ny-talk-unlimited-opportunities-for-relations
Rosner’s Domain | Choosing the Next Government,Are you better off than you were four years ago? The post Rosner&#8217;s Domain | Choosing the Next Government appeared first on Jewish Journal .,https://jewishjournal.com/rosnersdomain/392282/choosing-the-next-government/,Jewish Journal,Shmuel Rosner,2026-09-16T19:10:36,2026-09-16 20:57:40.199608,https://jewishjournal.com/?p=392282
"Noah Wyle, Rob Reiner, and the Jewish Winners at the 78th Emmys","Wyle won Outstanding Lead Actor in a Drama Series for playing Dr. Michael “Robby” Robinavitch on HBO Max’s “The Pitt.” The post Noah Wyle, Rob Reiner, and the Jewish Winners at the 78th Emmys appeared first on Jewish Journal .",https://jewishjournal.com/culture/arts/television/392287/noah-wyle-rob-reiner-and-the-jewish-winners-at-the-78th-emmys/,Jewish Journal,Brian Fishbach,2026-09-16T19:15:02,2026-09-16 20:57:40.199576,https://jewishjournal.com/?p=392287
Macklemore Dropped from Ed Sheeran Tour After ‘Free Palestine’ Remarks at MetLife Stadium,"Among the most high-profile artists to criticize Macklemore’s MetLife Stadium rant was P!NK. Born Alecia Moore, P!NK is a Jewish Grammy-winning pop star who has been increasingly public about her Judaism and antisemitism since Oct. 7. The post Macklemore Dropped from Ed Sheeran Tour After ‘Free Palestine’ Remarks at MetLife Stadium appeared first on Jewish Journal .",https://jewishjournal.com/culture/arts/music/392290/macklemore-dropped-from-ed-sheeran-tour-after-free-palestine-remarks-at-metlife-stadium/,Jewish Journal,Brian Fishbach,2026-09-16T19:17:53,2026-09-16 20:57:40.199534,https://jewishjournal.com/?p=392290
Knowing Our History,"In this time of introspection and rising adversity, let us resolve as American Jews to write our new chapter by better understanding our history. The post Knowing Our History appeared first on Jewish Journal .",https://jewishjournal.com/commentary/opinion/392293/knowing-our-history/,Jewish Journal,Rabbi Nolan Lebovitz,2026-09-16T19:26:36,2026-09-16 20:57:40.199468,https://jewishjournal.com/?p=392293
How Yom Kippur’s Afternoon Prophet Inspires America,"When Jonah makes his appearance on the holiest day of the year, he is meant to remind Jews across the globe of the remarkable grace of repentance. The post How Yom Kippur’s Afternoon Prophet Inspires America appeared first on Jewish Journal .",https://jewishjournal.com/judaism/392296/how-yom-kippurs-afternoon-prophet-inspires-america/,Jewish Journal,Rabbi Dr. Stuart Halpern,2026-09-16T19:31:16,2026-09-16 20:57:40.199428,https://jewishjournal.com/?p=392296
What Black voters can teach Michigan Jews about Abdul El-Sayed,"Jewish Democrats in Michigan face a tough choice. They can vote for Abdul El-Sayed, a candidate whose views clash with their own, or withhold their support for the Democratic candidate for senator in a razor-close election that may determine which party controls the Senate. In a race where a single percentage point separates the two... The post What Black voters can teach Michigan Jews about Abdul El-Sayed appeared first on The Forward .",https://forward.com/opinion/850517/jewish-voters-michigan-el-sayed/,The Forward,Rob Eshman,2026-09-16T19:44:18,2026-09-16 20:57:35.927009,https://forward.com/?p=850517
"How a Jewish, German-averse writer came to love Berlin","Berlin Before and After: A Cautionary Mirror for Our Times By Wendy Lesser Harper, 352 pages, $32 For years, Wendy Lesser was a proud, Germany-avoiding Jew with what she calls “an ingrained distaste for the nation that gave rise to the Third Reich.” Then, in 2003, Lesser, founder and editor of The Threepenny Review and... The post How a Jewish, German-averse writer came to love Berlin appeared first on The Forward .",https://forward.com/culture/books/850544/wendy-lesser-berlin-before-and-after-book-review/,The Forward,Julia M. Klein,2026-09-16T19:51:13,2026-09-16 20:57:35.926956,https://forward.com/?p=850544
Israeli culture minister asks Shin Bet to investigate directors of 'NAZA' film,"Likud minister Miki Zohar asked the security agency to examine whether Hamas or other 'enemy actors' supplied material used in the film, days after seeking to revoke its directors' citizenship",https://www.haaretz.com/israel-news/israel-politics/2026-09-16/ty-article/.premium/israeli-culture-minister-asks-shin-bet-to-investigate-directors-of-naza-film/000001a0-a906-d91d-afeb-e946927c0000,Haaretz,Noa Shpigel,2026-09-16T07:56:20,2026-09-16 17:59:56.526647,https://www.haaretz.com/israel-news/israel-politics/2026-09-16/ty-article/.premium/israeli-culture-minister-asks-shin-bet-to-investigate-directors-of-naza-film/000001a0-a906-d91d-afeb-e946927c0000
Could you find Napoleon's buried treasure on this Lower Galilee trail?,"A pleasant circular walk around Kahal offers fresh views of the National Water Carrier, the Sea of Galilee and the cliffs of Nahal Amud",https://www.haaretz.com/israel-news/travel/2026-09-16/ty-article-magazine/.premium/could-you-find-napoleons-buried-treasure-on-this-lower-galilee-trail/000001a0-a988-df5b-adf2-ffed7c9f0000,Haaretz,Moshe Gilad,2026-09-16T13:13:55,2026-09-16 17:59:56.526599,https://www.haaretz.com/israel-news/travel/2026-09-16/ty-article-magazine/.premium/could-you-find-napoleons-buried-treasure-on-this-lower-galilee-trail/000001a0-a988-df5b-adf2-ffed7c9f0000
It's not too late for Israeli TV to break its silence on Gaza,"Israel's most respected TV journalists never seriously investigated the war crimes allegations in Gaza. The backlash against the documentary ""NAZA"" shows how even a critical reporter reflexively defends the army",https://www.haaretz.com/opinion/2026-09-16/ty-article-opinion/.premium/its-not-too-late-for-israeli-tv-to-break-its-silence-on-gaza/000001a0-a91b-d91d-afeb-e95bae9c0000,Haaretz,Avner Gvaryahu,2026-09-16T13:44:13,2026-09-16 17:59:56.526572,https://www.haaretz.com/opinion/2026-09-16/ty-article-opinion/.premium/its-not-too-late-for-israeli-tv-to-break-its-silence-on-gaza/000001a0-a91b-d91d-afeb-e95bae9c0000
"Sources: Houthis met U.S. officials, vowed not to attack U.S., Israeli vessels",The meeting took place days after the Houthis seized a strategic stretch of the Red Sea coast. Sources told Reuters that the Houthis said they would continue to attack Saudi ships,https://www.haaretz.com/middle-east-news/2026-09-16/ty-article/report-houthis-met-with-u-s-vowed-not-to-attack-u-s-israeli-ships/000001a0-aa24-d168-aba4-fa6faf3f0000,Haaretz,Reuters,2026-09-16T14:36:11,2026-09-16 17:59:56.526543,https://www.haaretz.com/middle-east-news/2026-09-16/ty-article/report-houthis-met-with-u-s-vowed-not-to-attack-u-s-israeli-ships/000001a0-aa24-d168-aba4-fa6faf3f0000
When calling for Israel's destruction became grounds for banning a party,"In 1965, the Supreme Court set a precedent: a party seeking to eliminate the state could be barred from running for the Knesset. Racist or anti-democratic platforms alone were not grounds for disqualification until 1985",https://www.haaretz.com/israel-news/elections/2026-09-16/ty-article/.premium/when-calling-for-israels-destruction-became-grounds-for-banning-a-party/000001a0-a977-d5b2-a9ee-abffa58b0000,Haaretz,Ofer Aderet,2026-09-16T14:39:58,2026-09-16 17:59:56.526514,https://www.haaretz.com/israel-news/elections/2026-09-16/ty-article/.premium/when-calling-for-israels-destruction-became-grounds-for-banning-a-party/000001a0-a977-d5b2-a9ee-abffa58b0000
Bennett says he is willing to forgo being Prime Minister in post-Netanyahu government,"Bennett says he will respect the opposition leaders' pick, though he still sees himself as a candidate for prime minister. Voters have deserted his Together party as Eisenkot's Yashar surges in the polls",https://www.haaretz.com/israel-news/elections/2026-09-16/ty-article/.premium/bennett-says-he-is-willing-to-forgo-being-pm-in-post-netanyahu-government/000001a0-aa5a-deda-aba8-fb7b817f0000,Haaretz,Jonathan Lis,2026-09-16T15:26:46,2026-09-16 17:59:56.526484,https://www.haaretz.com/israel-news/elections/2026-09-16/ty-article/.premium/bennett-says-he-is-willing-to-forgo-being-pm-in-post-netanyahu-government/000001a0-aa5a-deda-aba8-fb7b817f0000
'NAZA' exposes a blind spot in U.S. safeguards for AI weapons,"Experts say that 'NAZA' showed how Israel's AI target-generation system enabled violations of international law on a mass scale, even with human oversight",https://www.haaretz.com/us-news/2026-09-16/ty-article-magazine/.premium/naza-exposes-a-blind-spot-in-u-s-safeguards-for-ai-weapons/000001a0-aacb-dea8-afe0-eaef20b60000,Haaretz,Arno Rosenfeld,2026-09-16T15:51:11,2026-09-16 17:59:56.526454,https://www.haaretz.com/us-news/2026-09-16/ty-article-magazine/.premium/naza-exposes-a-blind-spot-in-u-s-safeguards-for-ai-weapons/000001a0-aacb-dea8-afe0-eaef20b60000
'Home in Jaffa': The song capturing the Israeli zeitgeist like no other this year,"This week in Israeli culture: Why musician Dudu Tassa's 'Home in Jaffa' is the best song of the year. Plus: Rachel Goldberg-Polin on home and loss, and a West Bank elegy from Amos Gitai",https://www.haaretz.com/life/2026-09-16/ty-article-magazine/.premium/home-in-jaffa-the-song-capturing-the-israeli-zeitgeist-like-no-other/000001a0-aa86-d5b2-a9ee-aa8e36020000,Haaretz,Avshalom Halutz,2026-09-16T16:45:53,2026-09-16 17:59:56.526425,https://www.haaretz.com/life/2026-09-16/ty-article-magazine/.premium/home-in-jaffa-the-song-capturing-the-israeli-zeitgeist-like-no-other/000001a0-aa86-d5b2-a9ee-aa8e36020000
The real thing Netanyahu is trying to hide about October 7,The Hamas attack and the Gaza war destroyed Netanyahu's concept of 'managing' the Israeli-Palestinian conflict. His response in Gaza was a failed attempt to rewrite this new reality,https://www.haaretz.com/opinion/2026-09-16/ty-article-opinion/.premium/the-real-thing-netanyahu-is-trying-to-hide-about-october-7/000001a0-ab52-dea8-afe0-ebfe88e40000,Haaretz,Jamal Zakout,2026-09-16T17:57:01,2026-09-16 17:59:56.526389,https://www.haaretz.com/opinion/2026-09-16/ty-article-opinion/.premium/the-real-thing-netanyahu-is-trying-to-hide-about-october-7/000001a0-ab52-dea8-afe0-ebfe88e40000
Israel Is Not Persecuting Christians or Churches,"Palestinian Authority (PA) leader Mahmoud Abbas is at it again, once again libeling Israel with the accusation of imposing municipal...",https://www.algemeiner.com/2026/09/16/israel-not-persecuting-christians-churches/,Algemeiner,Ahron Shapiro,2026-09-16T17:49:45,2026-09-16 17:59:50.976532,https://www.algemeiner.com/?p=779754
"Trump admin planning $2.8 billion arms sale with 40,000 bombs to Israel",A congressman on the House Armed Services Committee confirmed the proposal to JNS.,https://www.jns.org/news/u-s-news/trump-admin-planning-2-8-billion-arms-sale-with-40-000-bombs-to-israel,JNS,Jessica Russak-Hoffman,2026-09-16T13:12:25,2026-09-16 17:59:48.668928,https://www.jns.org/news/u-s-news/trump-admin-planning-2-8-billion-arms-sale-with-40-000-bombs-to-israel
Trump nominates Jewish judge to Eighth Circuit,Lee Philip Rudofsky helped bring American judges to Israel to learn about the legal system and the Israel-Hamas war.,https://www.jns.org/news/u-s-news/trump-nominates-jewish-judge-to-eighth-circuit,JNS,Jessica Russak-Hoffman,2026-09-16T14:01:24,2026-09-16 17:59:48.668900,https://www.jns.org/news/u-s-news/trump-nominates-jewish-judge-to-eighth-circuit
"County prosecutors in Washington state cut deal with anti-Israel 'UW33,' accused of causing $1 million in damage at University of Washington","If the defendants fulfill the terms of the agreements with the prosecutors, they will not serve jail time, stand trial or pay fines.",https://www.jns.org/news/u-s-news/county-prosecutors-in-washington-state-cut-deal-with-anti-israel-uw33-accused-of-causing-1-million-in-damage-at-university-of-washington,JNS,Jessica Russak-Hoffman,2026-09-16T14:15:29,2026-09-16 17:59:48.668874,https://www.jns.org/news/u-s-news/county-prosecutors-in-washington-state-cut-deal-with-anti-israel-uw33-accused-of-causing-1-million-in-damage-at-university-of-washington
"First Amendment doesn't protect Albanese's overseas speech, Trump admin says","The Trump administration asked a court to overturn a ruling blocking sanctions against Francesca Albanese, a U.N. special adviser with a history of Jew-hatred.",https://www.jns.org/news/u-s-news/first-amendment-doesnt-protect-albaneses-overseas-speech-trump-admin-says,JNS,Jessica Russak-Hoffman,2026-09-16T14:21:25,2026-09-16 17:59:48.668846,https://www.jns.org/news/u-s-news/first-amendment-doesnt-protect-albaneses-overseas-speech-trump-admin-says
"Seattle to expand police force, amid surge in anti-Jewish hate crimes","The Seattle Police Department is ""on track to hire more than 140 officers,"" a spokeswoman for Mayor Katie Wilson told JNS.",https://www.jns.org/news/u-s-news/seattle-to-expand-police-force-amid-surge-in-anti-jewish-hate-crimes,JNS,Jessica Russak-Hoffman,2026-09-16T14:32:21,2026-09-16 17:59:48.668819,https://www.jns.org/news/u-s-news/seattle-to-expand-police-force-amid-surge-in-anti-jewish-hate-crimes
"Private NYC art college disciplines student for harassing Jewish professor, Brandeis Center says","“This decision sends a clear message that targeting Jewish members of any academic community will have consequences,” stated Kenneth Marcus, chairman and CEO of the Brandeis Center.",https://www.jns.org/news/u-s-news/private-nyc-art-college-disciplines-student-for-harassing-jewish-professor-brandeis-center-says,JNS,,2026-09-16T14:38:30,2026-09-16 17:59:48.668791,https://www.jns.org/news/u-s-news/private-nyc-art-college-disciplines-student-for-harassing-jewish-professor-brandeis-center-says
"UN Security Council holds emergency meeting on Yemen, amid Houthi attacks","Washington urged the council to be “clear-eyed” about Iran’s role in arming, funding and directing the actions of the Houthi terrorists, who are trying to close a critical waterway while attacking Saudi Arabia.",https://www.jns.org/news/world/un-security-council-holds-emergency-meeting-on-yemen-amid-houthi-attacks,JNS,Mike Wagenheim,2026-09-16T14:53:36,2026-09-16 17:59:48.668758,https://www.jns.org/news/world/un-security-council-holds-emergency-meeting-on-yemen-amid-houthi-attacks
Broadcasting anti-IDF propaganda,"Must Israel be constrained by moral, strategic and political considerations when confronted by an enemy that deliberately strikes civilians in the most brutal way?",https://www.jns.org/opinion/column/mitchell-bard/broadcasting-anti-idf-propaganda,JNS,Mitchell Bard,2026-09-16T15:30:00,2026-09-16 17:59:48.668725,https://www.jns.org/opinion/column/mitchell-bard/broadcasting-anti-idf-propaganda
"US voters trust Democrats more than Republicans on Israeli-Palestinian conflict, poll finds","The survey, released by The New York Times and Siena University, found likely voters narrowly divided over military aid to Israel and sympathies toward Israelis and Palestinians, with sharp differences by age.",https://www.jns.org/news/u-s-news/us-voters-trust-democrats-more-than-republicans-on-israeli-palestinian-conflict-poll-finds,JNS,,2026-09-16T16:13:31,2026-09-16 17:59:48.668697,https://www.jns.org/news/u-s-news/us-voters-trust-democrats-more-than-republicans-on-israeli-palestinian-conflict-poll-finds
Populism or real connectivity?,The India-Middle East-Europe Economic Corridor has become an Israeli campaign talking point.,https://www.jns.org/opinion/joseph-rozen/populism-or-real-connectivity,JNS,Joseph Rozen,2026-09-16T17:00:00,2026-09-16 17:59:48.668661,https://www.jns.org/opinion/joseph-rozen/populism-or-real-connectivity
"‘Nobody can replace him,’ Jewish leaders say, marking year since death of OU executive Rabbi Moshe Hauer","“I miss his curiosity,” Sheila Katz, of the Federation, told JNS. “His genuine, non-judgmental curiosity about what makes each of us human.”",https://www.jns.org/news/u-s-news/nobody-can-replace-him-jewish-leaders-say-marking-year-since-death-of-ou-executive-rabbi-moshe-hauer,JNS,Rebecca Szlechter,2026-09-16T17:48:52,2026-09-16 17:59:48.668622,https://www.jns.org/news/u-s-news/nobody-can-replace-him-jewish-leaders-say-marking-year-since-death-of-ou-executive-rabbi-moshe-hauer
South Florida Democrat Moskowitz airs campaign ad targeting antisemitism with concentration camp footage,"(JTA) — South Florida U.S. Rep. Jared Moskowitz pulled on his family’s story as Jews in the Holocaust in a campaign ad targeting antisemitism, as he strives to retain his seat in the November general election. “In every generation, they rise against us,” the Jewish incumbent says in the ad over a background of somber... The post South Florida Democrat Moskowitz airs campaign ad targeting antisemitism with concentration camp footage appeared first on The Forward .",https://forward.com/fast-forward/850511/south-florida-democrat-moskowitz-airs-campaign-ad-targeting-antisemitism-with-concentration-camp-footage/,The Forward,Sharon Udasin,2026-09-16T17:06:25,2026-09-16 17:59:42.131630,https://forward.com/?p=850511
"Remembering Paul Reichenbach, who helped shape generations of young Reform Jews","The camp director and leader of Israel programs died on Rosh Hashana at age 74. -- The post Remembering Paul Reichenbach, who helped shape generations of young Reform Jews appeared first on Jewish Telegraphic Agency .",https://www.jta.org/2026/09/16/ideas/remembering-paul-reichenbach-who-helped-shape-generations-of-young-reform-jews,JTA,Rabbi Jeffrey K. Salkin,2026-09-16T15:00:00,2026-09-16 17:59:39.644369,https://www.jta.org/?p=1908207
Yom Kippur puts forgiveness on the calendar. Real repair doesn’t work that way.,"Apologies need to come from the heart, not the clock, writes a teacher at Hadar. -- The post Yom Kippur puts forgiveness on the calendar. Real repair doesn’t work that way. appeared first on Jewish Telegraphic Agency .",https://www.jta.org/2026/09/16/ideas/yom-kippur-puts-forgiveness-on-the-calendar-real-repair-doesnt-work-that-way,JTA,Rabbi Matthew Anisfeld,2026-09-16T15:00:00,2026-09-16 17:59:39.644329,https://www.jta.org/?p=1907826
South Florida Democrat Moskowitz airs campaign ad targeting antisemitism with concentration camp footage,"House incumbent, who faces tight November race, links his family’s Holocaust experience to hatred that persists today. -- The post South Florida Democrat Moskowitz airs campaign ad targeting antisemitism with concentration camp footage appeared first on Jewish Telegraphic Agency .",https://www.jta.org/2026/09/16/politics/south-florida-democrat-moskowitz-airs-campaign-ad-targeting-antisemitism-with-concentration-camp-footage,JTA,Sharon Udasin,2026-09-16T15:10:10,2026-09-16 17:59:39.644288,https://www.jta.org/?p=1908135
Ed Sheeran’s support acts bail on Loop Tour after Macklemore dropped,"Macklemore declared “Free Palestine” at a recent gig, drawing objections from billionaire stadium owner Robert Kraft. -- The post Ed Sheeran&#8217;s support acts bail on Loop Tour after Macklemore dropped appeared first on Jewish Telegraphic Agency .",https://www.jta.org/2026/09/16/united-states/ed-sheerans-support-acts-bail-on-loop-tour-after-macklemore-dropped,JTA,Derek Caney,2026-09-16T17:07:06,2026-09-16 17:59:39.644237,https://www.jta.org/?p=1908258
Your Daily Phil: Talmud Daily offers guided tour through the tractates,The post Your Daily Phil: Talmud Daily offers guided tour through the tractates appeared first on eJewishPhilanthropy .,https://ejewishphilanthropy.com/your-daily-phil-talmud-daily-offers-guided-tour-through-the-tractates/,eJewish Philanthropy,EJP,2026-09-16T14:10:15,2026-09-16 17:59:37.303705,https://ejewishphilanthropy.com/?p=180132
"If Netanyahu isn't a far-right fanatic, why does he behave like one?","Has Benjamin Netanyahu really changed from his more pragmatic, less hard-core ideological image of the past or was it always wrong? This is why I've come to believe the latter",https://www.haaretz.com/israel-news/elections/2026-09-16/ty-article-magazine/.premium/if-netanyahu-isnt-a-far-right-fanatic-why-does-he-behave-like-one/000001a0-a46b-de76-a1f7-bf6bbdca0000,Haaretz,Dahlia Scheindlin,2026-09-16T07:25:30,2026-09-16 13:12:22.272286,https://www.haaretz.com/israel-news/elections/2026-09-16/ty-article-magazine/.premium/if-netanyahu-isnt-a-far-right-fanatic-why-does-he-behave-like-one/000001a0-a46b-de76-a1f7-bf6bbdca0000
Israeli culture minister asks Shin Bet to investigate directors of 'NAZA' film,"The Likud minister asked the security agency to examine whether Hamas or other 'enemy actors' supplied material used in the film, days after seeking to revoke its directors' citizenship",https://www.haaretz.com/israel-news/israel-security/2026-09-16/ty-article/.premium/israeli-culture-minister-asks-shin-bet-to-investigate-directors-of-naza-film/000001a0-a906-d91d-afeb-e946927c0000,Haaretz,Noa Shpigel,2026-09-16T07:56:20,2026-09-16 13:12:22.272267,https://www.haaretz.com/israel-news/israel-security/2026-09-16/ty-article/.premium/israeli-culture-minister-asks-shin-bet-to-investigate-directors-of-naza-film/000001a0-a906-d91d-afeb-e946927c0000
"Israeli backlash to 'NAZA' draws more global attention than film, diplomats say",Diplomats and Foreign Ministry sources say government threats against the filmmakers amplified coverage of a film that had previously attracted little attention outside festival and culture circles,https://www.haaretz.com/israel-news/israel-politics/2026-09-16/ty-article/.premium/israeli-backlash-to-naza-draws-more-global-attention-than-film-itself/000001a0-a93a-d91d-afeb-e97abd310000,Haaretz,Liza Rozovsky,2026-09-16T08:39:24,2026-09-16 13:12:22.272247,https://www.haaretz.com/israel-news/israel-politics/2026-09-16/ty-article/.premium/israeli-backlash-to-naza-draws-more-global-attention-than-film-itself/000001a0-a93a-d91d-afeb-e97abd310000
Bedouin leaders deny Yashar claim they endorsed Eisenkot for prime minister,"Four of eight northern Bedouin council heads who met with Gadi Eisenkot told Haaretz they explicitly rejected Yashar's request for an endorsement, saying the meeting focused on replacing the government and problems facing their communities",https://www.haaretz.com/israel-news/israel-politics/2026-09-16/ty-article/.premium/bedouin-leaders-deny-yashar-claim-they-endorsed-eisenkot-for-prime-minister/000001a0-a91c-d3b8-a7f4-bb7f30a70000,Haaretz,Jack Khoury,2026-09-16T10:14:29,2026-09-16 13:12:22.272226,https://www.haaretz.com/israel-news/israel-politics/2026-09-16/ty-article/.premium/bedouin-leaders-deny-yashar-claim-they-endorsed-eisenkot-for-prime-minister/000001a0-a91c-d3b8-a7f4-bb7f30a70000
"Malaysia detains Israel-bound shipments, vows to block military cargo","Three Israel-bound containers have been held at a major port since August, Bloomberg reported, after another shipment was detained on suspicion of carrying weapons for Israeli arms manufacturer Elbit Systems",https://www.haaretz.com/israel-news/israel-security/2026-09-16/ty-article/.premium/malaysia-detains-israel-bound-shipments-vows-to-block-military-cargo/000001a0-a9a4-d91d-afeb-e9e426610000,Haaretz,Haaretz,2026-09-16T10:21:30,2026-09-16 13:12:22.272205,https://www.haaretz.com/israel-news/israel-security/2026-09-16/ty-article/.premium/malaysia-detains-israel-bound-shipments-vows-to-block-military-cargo/000001a0-a9a4-d91d-afeb-e9e426610000
IDF tells Shin Bet: We can't investigate 'NAZA' before watching it,Israeli military officials say no criminal probe has been opened because they have yet to see the film or identify the soldiers interviewed,https://www.haaretz.com/israel-news/israel-security/2026-09-16/ty-article/.premium/idf-tells-shin-bet-we-cant-investigate-naza-before-watching-it/000001a0-a9bc-d34e-a3a8-effe44fc0000,Haaretz,Yaniv Kubovich,2026-09-16T12:21:55,2026-09-16 13:12:22.272184,https://www.haaretz.com/israel-news/israel-security/2026-09-16/ty-article/.premium/idf-tells-shin-bet-we-cant-investigate-naza-before-watching-it/000001a0-a9bc-d34e-a3a8-effe44fc0000
Likud seeks to block initiative to fly Israelis home to vote in election,"In its petition, Likud argued that the initiative could 'undermine the integrity of the election.' AID Coalition says Likud is trying to prevent engaged Israelis from having a say in the country's future",https://www.haaretz.com/israel-news/elections/2026-09-16/ty-article/likud-seeks-to-block-initiative-to-fly-israelis-home-to-vote-in-election/000001a0-a9bd-d442-a3a6-bbbf3c930000,Haaretz,Chen Maanit,2026-09-16T12:48:57,2026-09-16 13:12:22.272165,https://www.haaretz.com/israel-news/elections/2026-09-16/ty-article/likud-seeks-to-block-initiative-to-fly-israelis-home-to-vote-in-election/000001a0-a9bd-d442-a3a6-bbbf3c930000
Swedish election left the blocs closer on policy – but split over Israel and antisemitism,"The center-left won Sweden's election by a slim margin, but now comes the hard part",https://www.haaretz.com/world-news/europe/2026-09-16/ty-article-magazine/.premium/swedish-election-left-the-blocs-split-over-israel-and-antisemitism/000001a0-a531-d5b2-a9ee-a7bbf7370000,Haaretz,David Stavrou,2026-09-16T13:03:32,2026-09-16 13:12:22.272137,https://www.haaretz.com/world-news/europe/2026-09-16/ty-article-magazine/.premium/swedish-election-left-the-blocs-split-over-israel-and-antisemitism/000001a0-a531-d5b2-a9ee-a7bbf7370000
IDF slays Hamas’s Rafah Brigade commander,"“No terrorist is immune—and Hamas will not be in Gaza,” Prime Minister Netanyahu and Defense Minister Katz said in a joint statement.",https://www.jns.org/news/israel-news/idf-slays-hamass-rafah-brigade-commander,JNS,JNS Staff,2026-09-16T07:47:31,2026-09-16 13:12:15.405319,https://www.jns.org/news/israel-news/idf-slays-hamass-rafah-brigade-commander
Miliband says two-state solution ‘unlikely’ in near term,"Britain’s top diplomat asserted that 1,200 people were killed in Gaza since the Oct. 10 truce, which he described as “not much of a ceasefire.”",https://www.jns.org/news/israel-news/miliband-says-two-state-solution-unlikely-in-near-term,JNS,JNS Staff,2026-09-16T08:47:14,2026-09-16 13:12:15.405301,https://www.jns.org/news/israel-news/miliband-says-two-state-solution-unlikely-in-near-term
Netanyahu’s critics turn up the pressure ahead of Israel’s election,"“Jerusalem Minute” is your JNS weekly news briefing filmed in the JNS Media Hub in Jerusalem, the heart of where some of Israel’s biggest stories unfold. Hosted by Alex Traiman, JNS CEO and Jerusalem bureau chief, and Middle East correspondent Josh Hasten, the show delivers sharp, real-time analysis on the events shaping Israel and the Middle East. From Gaza to Lebanon to Iran’s regional aggression, U.S.-Israel diplomacy and domestic political turmoil, “Jerusalem Minute” offers an up-to-the-minute picture of what’s happening and why it matters. Bring an understanding of the history of the Middle East and insider perspectives, Traiman and Hasten unpack Israel’s most urgent developments. Each episode connects breaking news to the broader geopolitical landscape—examining how global decisions, regional tensions and media narratives impact Israel’s security and diplomacy. For anyone seeking a credible, fast-moving analysis of Israel news and Middle East affairs, “Jerusalem Minute” delivers context and clarity you won’t find anywhere else. See more at: @JNS_TV and subscribe to our YouTube channel.",https://www.jns.org/jns-tv/jlminute/netanyahus-critics-turn-up-the-pressure-ahead-of-israels-election,JNS,Josh Hasten,2026-09-16T08:58:23,2026-09-16 13:12:15.405282,https://www.jns.org/jns-tv/jlminute/netanyahus-critics-turn-up-the-pressure-ahead-of-israels-election
"Huckabee: U.S. fights Iran for itself, not Israel","The ambassador rejected genocide and apartheid accusations, but condemned intimidation by radical Israelis in Judea and Samaria.",https://www.jns.org/news/israel-news/huckabee-u-s-fights-iran-for-itself-not-israel,JNS,,2026-09-16T09:08:28,2026-09-16 13:12:15.405226,https://www.jns.org/news/israel-news/huckabee-u-s-fights-iran-for-itself-not-israel
What the Haredim owe Israel,The case for service should not be waved off as mere statism.,https://www.jns.org/opinion/walter-e-block/what-the-haredim-owe-israel,JNS,Oded J.K. Faran,2026-09-16T09:30:00,2026-09-16 13:12:15.405204,https://www.jns.org/opinion/walter-e-block/what-the-haredim-owe-israel
Europe targets Israeli communities with trade bans and prison threats,"“Judeacation” takes viewers to the heart of Judea and Samaria, where history, faith and modern Israel meet. Hosted by JNS Middle East correspondent Josh Hasten, the series dispels myths and misconceptions about life in the region the world calls the “West Bank,” but which Jews know as the cradle of their civilization. Through on-the-ground reporting and candid conversations with residents, leaders and pioneers, “Judeacation” reveals the truth about the people who live and build in the heart of the Jewish homeland—a place where ancient history and contemporary Zionism intertwine. Each episode offers a look at the realities of Israel’s heartland, countering media bias with firsthand stories of courage, community and connection to the land. Hasten explores topics ranging from security and sovereignty to faith, culture and innovation, spotlighting those shaping Israel’s future from its biblical core. As Hasten often reminds viewers, Jews are called Jews because they come from Judea. And “Judeacation” is where that story continues to unfold. See more at: @JNS_TV and subscribe to our YouTube channel.",https://www.jns.org/jns-tv/judeacation/europe-targets-israeli-communities-with-trade-bans-and-prison-threats,JNS,Josh Hasten,2026-09-16T09:40:20,2026-09-16 13:12:15.405188,https://www.jns.org/jns-tv/judeacation/europe-targets-israeli-communities-with-trade-bans-and-prison-threats
Ari Fuld Project honors sovereignty activists with Lion of Zion award,Nadia Matar and Yehudit Katsover were recognized for decades of advocacy for Israeli sovereignty and their longstanding connection to Fuld’s legacy.,https://www.jns.org/news/israel-news/ari-fuld-project-honors-sovereignty-activists-with-lion-of-zion-award,JNS,Josh Hasten,2026-09-16T09:43:24,2026-09-16 13:12:15.405124,https://www.jns.org/news/israel-news/ari-fuld-project-honors-sovereignty-activists-with-lion-of-zion-award
'Eisenkot promised Bedouin council heads he'd bring Ra’am into gov’t',"The Yashar Party denied the report, saying no such assurance was given.",https://www.jns.org/news/israel-news/eisenkot-promised-bedouin-council-heads-hed-bring-raam-into-govt,JNS,JNS Staff,2026-09-16T10:25:44,2026-09-16 13:12:15.405103,https://www.jns.org/news/israel-news/eisenkot-promised-bedouin-council-heads-hed-bring-raam-into-govt
"Smotrich, Rothman unveil plan for next phase of judicial reform","Religious Zionism Party plan calls for splitting the attorney general’s role, reshaping Supreme Court procedures and strengthening the Knesset after the Oct. 27 election.",https://www.jns.org/news/israel-news/smotrich-rothman-unveil-plan-for-next-phase-of-judicial-reform,JNS,JNS Staff,2026-09-16T10:39:50,2026-09-16 13:12:15.405086,https://www.jns.org/news/israel-news/smotrich-rothman-unveil-plan-for-next-phase-of-judicial-reform
Vance: US cannot let Mideast policy be ‘subservient’ to Israel,"President Donald Trump has shown he's willing to break with Israeli Prime Minister Benjamin Netanyahu more than any commander-in-chief in four decades, said the vice president.",https://www.jns.org/news/u-s-news/vance-us-cannot-let-mideast-policy-be-subservient-to-israel,JNS,JNS Staff,2026-09-16T10:47:27,2026-09-16 13:12:15.405065,https://www.jns.org/news/u-s-news/vance-us-cannot-let-mideast-policy-be-subservient-to-israel
US court records capture Gazan terrorist laughing during Oct. 7 massacre,Newly released transcripts also show an indicted Louisiana resident coordinating rifles and scarce ammunition as invaders entered Israeli border towns.,https://www.jns.org/news/israel-news/us-court-records-capture-gazan-terrorist-laughing-during-oct-7-massacre,JNS,JNS Staff,2026-09-16T11:04:38,2026-09-16 13:12:15.405045,https://www.jns.org/news/israel-news/us-court-records-capture-gazan-terrorist-laughing-during-oct-7-massacre
Dutch court upholds Israeli Judea and Samaria goods ban,The court rejected a Dutch importer’s five grounds for an injunction and declared the European Jewish Association’s claims inadmissible.,https://www.jns.org/news/world/dutch-court-upholds-israeli-judea-and-samaria-goods-ban,JNS,Canaan Lidor,2026-09-16T11:09:45,2026-09-16 13:12:15.405026,https://www.jns.org/news/world/dutch-court-upholds-israeli-judea-and-samaria-goods-ban
"Houthi attacks have rendered Eilat Port unprofitable, operator says","Consumer-vehicle imports through Israel’s southern port have reportedly fallen by 75%, leaving it barely able to cover operating costs.",https://www.jns.org/news/israel-news/houthi-attacks-have-rendered-eilat-port-unprofitable-operator-says,JNS,JNS Staff,2026-09-16T11:14:00,2026-09-16 13:12:15.405007,https://www.jns.org/news/israel-news/houthi-attacks-have-rendered-eilat-port-unprofitable-operator-says
Milei hailed for his historic support for Israel,Outgoing Israeli Ambassador Eyal Sela told JNS that Argentina's president has transformed bilateral ties and exerted influence across Latin America and beyond.,https://www.jns.org/news/world/milei-hailed-for-his-historic-support-for-israel,JNS,Etgar Lefkovits,2026-09-16T12:20:21,2026-09-16 13:12:15.404988,https://www.jns.org/news/world/milei-hailed-for-his-historic-support-for-israel
NYT: ‘Israelis still largely view themselves as victims of Oct. 7’,Media watchdog CAMERA challenged the paper’s framing of victimhood as a matter of perception rather than fact.,https://www.jns.org/news/u-s-news/nyt-israelis-still-largely-view-themselves-as-victims-of-oct-7,JNS,JNS Staff,2026-09-16T12:54:35,2026-09-16 13:12:15.404969,https://www.jns.org/news/u-s-news/nyt-israelis-still-largely-view-themselves-as-victims-of-oct-7
A country governed by a ghost,"The Iranian regime can oppress, but it is increasingly unable to govern.",https://www.jns.org/opinion/elham-sataki/a-country-governed-by-a-ghost,JNS,Elham Sataki,2026-09-16T13:00:00,2026-09-16 13:12:15.404946,https://www.jns.org/opinion/elham-sataki/a-country-governed-by-a-ghost
Jewish Americans are the test; Canada is the preview,The Muslim Brotherhood’s plan to infiltrate the United States is working.,https://www.jns.org/opinion/craig-considine/jewish-americans-are-the-test-canada-is-the-preview,JNS,Sydney Rodman,2026-09-16T13:00:00,2026-09-16 13:12:15.404928,https://www.jns.org/opinion/craig-considine/jewish-americans-are-the-test-canada-is-the-preview
Israeli series 'Fauda' tops weekly Netflix rankings in Lebanon,The counterterrorism drama also reached Netflix’s Top 10 in six other Arab states after its Sept. 8 global release.,https://www.jns.org/news/culture-and-society/israeli-series-fauda-tops-weekly-netflix-rankings-in-lebanon,JNS,Joshua Marks,2026-09-16T13:02:18,2026-09-16 13:12:15.404903,https://www.jns.org/news/culture-and-society/israeli-series-fauda-tops-weekly-netflix-rankings-in-lebanon
A New Way to Look at Hate,"While it’s normal to bemoan the hate that comes our way, let's be grateful that we’re not the ones doing the hating; that we’re not allowing hate to corrode our souls; that we still have the power and the wisdom to be happy. The post A New Way to Look at Hate appeared first on Jewish Journal .",https://jewishjournal.com/commentary/columnist/editors-note/392246/a-new-way-to-look-at-hate/,Jewish Journal,David Suissa,2026-09-16T07:39:42,2026-09-16 13:12:13.068664,https://jewishjournal.com/?p=392246
Yizkor This Year for Me Is Like Never Before,"This year on Yom Kippur, I will stand for Yizkor, and I will say my mother's name, for the first time. The post Yizkor This Year for Me Is Like Never Before appeared first on Jewish Journal .",https://jewishjournal.com/judaism/392250/yizkor-this-year-for-me-is-like-never-before/,Jewish Journal,Dani Naveh,2026-09-16T07:46:58,2026-09-16 13:12:13.068638,https://jewishjournal.com/?p=392250
Why Do I Write?,[&#8230;] The post Why Do I Write? appeared first on Jewish Journal .,https://jewishjournal.com/commentary/columnist/392254/why-do-i-write/,Jewish Journal,Mark Schiff,2026-09-16T07:57:45,2026-09-16 13:12:13.068618,https://jewishjournal.com/?p=392254
When Eleven Jurors Agree — and One Does Not,The law demanded unanimity. An ancient Jewish court might have taught us to be suspicious of it. The post When Eleven Jurors Agree — and One Does Not appeared first on Jewish Journal .,https://jewishjournal.com/judaism/392257/when-eleven-jurors-agree-and-one-does-not/,Jewish Journal,Rabbi Benjamin Blech,2026-09-16T08:03:03,2026-09-16 13:12:13.068601,https://jewishjournal.com/?p=392257
Embracing Paradox,Grappling with the seemingly inexplicable is something to keep in mind as we resolve to improve ourselves in the days ahead. The post Embracing Paradox appeared first on Jewish Journal .,https://jewishjournal.com/commentary/columnist/392260/embracing-paradox/,Jewish Journal,Morton Schapiro,2026-09-16T08:07:05,2026-09-16 13:12:13.068580,https://jewishjournal.com/?p=392260
Yom Kippuring,"We are all trying, in our own imperfect ways, to find an entrance into a better self. The post Yom Kippuring appeared first on Jewish Journal .",https://jewishjournal.com/judaism/392263/yom-kippuring/,Jewish Journal,Hilla Gohary Kerendian,2026-09-16T08:10:37,2026-09-16 13:12:13.068561,https://jewishjournal.com/?p=392263
Iran’s Mandatory Hijab Is its Achilles’ Heel,A government can force a woman to cover her hair. It cannot force loyalty. The post Iran’s Mandatory Hijab Is its Achilles&#8217; Heel appeared first on Jewish Journal .,https://jewishjournal.com/commentary/opinion/392268/irans-mandatory-hijab-is-its-achilles-heel/,Jewish Journal,Elham Gheytanchi,2026-09-16T08:15:41,2026-09-16 13:12:13.068542,https://jewishjournal.com/?p=392268
Israel’s Clinical Trial Illusion: Testing Drugs Is Not the Same as Capturing Economic Value,"Clinical trial statistics tell us where investigational drugs are tested. They do not tell us who owns the assets, who uses the evidence to obtain regulatory approvals or who captures the economic value when those drugs succeed. The post Israel’s Clinical Trial Illusion: Testing Drugs Is Not the Same as Capturing Economic Value appeared first on Jewish Journal .",https://jewishjournal.com/commentary/opinion/392271/israels-clinical-trial-illusion-testing-drugs-is-not-the-same-as-capturing-economic-value/,Jewish Journal,David Adler,2026-09-16T08:18:31,2026-09-16 13:12:13.068520,https://jewishjournal.com/?p=392271
More Time to Dream,[&#8230;] The post More Time to Dream appeared first on Jewish Journal .,https://jewishjournal.com/commentary/columnist/392274/more-time-to-dream/,Jewish Journal,Peter Himmelman,2026-09-16T08:35:14,2026-09-16 13:12:13.068488,https://jewishjournal.com/?p=392274
The Essay of the Year,"The collective assault against Israel has gone so broad and deep this past year it’s been hard finding anyone in the mainstream press who will dare criticize the Hamas murderers who massacred 1,200 innocent souls on Oct. 7, 2023. The post The Essay of the Year appeared first on Jewish Journal .",https://jewishjournal.com/commentary/columnist/editors-note/392277/the-essay-of-the-year/,Jewish Journal,David Suissa,2026-09-16T08:39:41,2026-09-16 13:12:13.068458,https://jewishjournal.com/?p=392277
Israeli army weighs legal action against NAZA film makers amid calls to revoke their citizenship,"(JTA) — The Israeli army chief of staff on Monday ordered the military to examine possible legal action over “NAZA,” a documentary alleging that Israeli forces knowingly killed large numbers of civilians in Gaza. The 80-minute documentary by Israeli filmmakers Yuval Abraham and Rachel Szor, won the Special Jury Prize at the Venice Film Festival... The post Israeli army weighs legal action against NAZA film makers amid calls to revoke their citizenship appeared first on The Forward .",https://forward.com/fast-forward/850229/israeli-army-weighs-legal-action-against-naza-film-makers-amid-calls-to-revoke-their-citizenship/,The Forward,Deborah Danan,2026-09-16T09:48:28,2026-09-16 13:12:08.743226,https://forward.com/?p=850229
A new grocer is moving into Squirrel Hill. Its rival says the deal isn’t kosher.,"PITTSBURGH — Mister Rogers was from Squirrel Hill, and it was here that he built a career on a small, perhaps radical idea: that showing up for your neighbor, day after day, is its own kind of moral work. It is a strange thing, then, that the neighborhood that made him famous — the same... The post A new grocer is moving into Squirrel Hill. Its rival says the deal isn’t kosher. appeared first on The Forward .",https://forward.com/news/850352/murray-avenue-kosher-market-squirrel-hill/,The Forward,Benyamin Cohen,2026-09-16T10:32:05,2026-09-16 13:12:08.743184,https://forward.com/?p=850352
"Talmud Daily offers free guide to the text, offering newcomers an on-ramp for serious study","Cracking open the standard Talmud — coming in at 2,711 double-sided pages — presents a daunting challenge for many Jews. To offer an easy introduction to the central text of Rabbinic law, Rabbi David Bashevkin, the founder of the religious engagement website 18Forty, recently launched Talmud Daily, a free 40-week, daily video breakdown of the... Read More The post Talmud Daily offers free guide to the text, offering newcomers an on-ramp for serious study appeared first on eJewishPhilanthropy .",https://ejewishphilanthropy.com/talmud-daily-offers-free-guide-to-the-text-offering-newcomers-an-on-ramp-for-serious-study/,eJewish Philanthropy,Jay Deitcher,2026-09-16T09:12:13,2026-09-16 13:12:03.569788,https://ejewishphilanthropy.com/?p=180104
Paul J. Reichenbach: Remembering an inspired leader of Reform youth programs,"On Rosh Hashanah, as we began a brand-new year, one of the giants of the Reform movement, Paul Reichenbach, passed from this world to worlds beyond. The imprint of his remarkable leadership can be found in literally every corner of our movement, but more than that, there are hundreds of thousands of Jewish people whose... Read More The post Paul J. Reichenbach: Remembering an inspired leader of Reform youth programs appeared first on eJewishPhilanthropy .",https://ejewishphilanthropy.com/paul-j-reichenbach-remembering-an-inspired-leader-of-reform-youth-programs/,eJewish Philanthropy,Rabbi Rick Jacobs,2026-09-16T11:32:12,2026-09-16 13:12:03.569754,https://ejewishphilanthropy.com/?p=180097
The U.N. is about to choose a new leader. It can’t afford to get this wrong.,"This week, as Jewish leaders take part in meetings with heads of state, government and ministers of foreign affairs on the sidelines of the U.N. General Assembly High-level Week, we should all have a clear message: The next U.N. secretary-general who will be elected in the coming months must stand up to antisemitism and extremism.... Read More The post The U.N. is about to choose a new leader. It can’t afford to get this wrong. appeared first on eJewishPhilanthropy .",https://ejewishphilanthropy.com/the-u-n-is-about-to-choose-a-new-leader-it-cant-afford-to-get-this-wrong/,eJewish Philanthropy,Marina Rosenberg,2026-09-16T12:08:29,2026-09-16 13:12:03.569722,https://ejewishphilanthropy.com/?p=180111
"Most Israelis will fast, attend prayers on Yom Kippur, new survey finds","When Yom Kippur begins on Sunday evening, the majority of Israelis will mark it by fasting and attending synagogue services, according to a new survey by the Israel Democracy Institute think tank. But a deeper dive into the poll shows subtle and substantial differences between demographic groups, particularly the significantly higher levels of observance among... Read More The post Most Israelis will fast, attend prayers on Yom Kippur, new survey finds appeared first on eJewishPhilanthropy .",https://ejewishphilanthropy.com/most-israelis-will-fast-attend-prayers-on-yom-kippur-new-survey-finds/,eJewish Philanthropy,Judah Ari Gross,2026-09-16T12:17:49,2026-09-16 13:12:03.569680,https://ejewishphilanthropy.com/?p=180113
"IDF, Shin Bet confirm killing of Hamas' Rafah Brigade commander",,https://www.haaretz.com/israel-news/israel-security/2026-09-16/ty-article-live/idf-and-shin-bet-confirm-elimination-of-hamas-rafah-brigade-commander/000001a0-a7f1-df5b-adf2-f7f563260000,Haaretz,Haaretz,2026-09-16T02:23:36,2026-09-16 07:19:57.305943,https://www.haaretz.com/israel-news/israel-security/2026-09-16/ty-article-live/idf-and-shin-bet-confirm-elimination-of-hamas-rafah-brigade-commander/000001a0-a7f1-df5b-adf2-f7f563260000
Ben-Gvir left hundreds of millions to fight crime in Arab communities unspent,"The ministry has yet to use 100 million shekels of its 2026 budget and has spent just 63 percent of its five-year allocation so far, much of it intended for recruiting police officers in Arab communities",https://www.haaretz.com/israel-news/israel-crime/2026-09-16/ty-article/.premium/ben-gvir-leaves-hundreds-of-millions-to-fight-crime-in-arab-communities-unused/000001a0-a632-de68-a7e0-bf763a660000,Haaretz,Josh Breiner,2026-09-16T03:01:23,2026-09-16 07:19:57.305917,https://www.haaretz.com/israel-news/israel-crime/2026-09-16/ty-article/.premium/ben-gvir-leaves-hundreds-of-millions-to-fight-crime-in-arab-communities-unused/000001a0-a632-de68-a7e0-bf763a660000
"IDF, Shin Bet confirm killing of Hamas' Rafah Brigade commander in Gaza","Nael Abu Obeid had been working to rebuild Hamas' Rafah Brigade, according to Israel; the strike follows the killing of the group's Khan Yunis Brigade commander earlier this week",https://www.haaretz.com/israel-news/israel-security/2026-09-16/ty-article/.premium/idf-shin-bet-confirm-killing-of-hamas-rafah-brigade-commander-in-gaza/000001a0-a8f3-dcac-a1b5-bdfbfaf70000,Haaretz,Yaniv Kubovich,2026-09-16T06:49:34,2026-09-16 07:19:57.305885,https://www.haaretz.com/israel-news/israel-security/2026-09-16/ty-article/.premium/idf-shin-bet-confirm-killing-of-hamas-rafah-brigade-commander-in-gaza/000001a0-a8f3-dcac-a1b5-bdfbfaf70000
'Bibi or a Wannabibi?': Anshel Pfeffer and Dahlia Scheindlin on what the Israeli election is all about,,https://www.haaretz.com/israel-news/podcasts/2026-09-16/ty-article-podcast/anshel-pfeffer-and-dahlia-scheindlin-on-what-the-israeli-election-is-all-about/000001a0-a434-dceb-abe2-ac3db58e0000,Haaretz,Haaretz Podcast,2026-09-16T07:08:51,2026-09-16 07:19:57.305849,https://www.haaretz.com/israel-news/podcasts/2026-09-16/ty-article-podcast/anshel-pfeffer-and-dahlia-scheindlin-on-what-the-israeli-election-is-all-about/000001a0-a434-dceb-abe2-ac3db58e0000
A new ‘Merchant of Venice’ slanders Israel,"Contrary to the claims of the film “NAZA,” the IDF puts its own soldiers in danger to protect civilians.",https://www.jns.org/opinion/mendi-glik/a-new-merchant-of-venice-slanders-israel,JNS,Mendi Glik,2026-09-16T02:30:00,2026-09-16 07:19:50.400010,https://www.jns.org/opinion/mendi-glik/a-new-merchant-of-venice-slanders-israel
Rethinking Jewish diplomacy,Sports offers one of the largest existing networks on which to build.,https://www.jns.org/opinion/sharon-pardo/rethinking-jewish-diplomacy,JNS,Sharon Pardo,2026-09-16T04:05:00,2026-09-16 07:19:50.399981,https://www.jns.org/opinion/sharon-pardo/rethinking-jewish-diplomacy
Israel seeks to boost French tourism at Paris trade show,France remains the Jewish state’s second-largest source of incoming tourism after the United States.,https://www.jns.org/news/israel-news/israel-seeks-to-boost-french-tourism-at-paris-trade-show,JNS,JNS Staff,2026-09-16T05:36:14,2026-09-16 07:19:50.399956,https://www.jns.org/news/israel-news/israel-seeks-to-boost-french-tourism-at-paris-trade-show
"3 years after Oct. 7, Israel has overhauled the defense of Gaza border communities","In a briefing with JNS, IDF Southern Command details strengthened local security squads, new reserve forces, advanced technology and training aimed at preventing another massacre.",https://www.jns.org/news/israel-news/3-years-after-oct-7-israel-has-overhauled-the-defense-of-gaza-border-communities,JNS,Josh Hasten,2026-09-16T05:52:00,2026-09-16 07:19:50.399927,https://www.jns.org/news/israel-news/3-years-after-oct-7-israel-has-overhauled-the-defense-of-gaza-border-communities
Darfur redux,Where are the demonstrations on North American college campuses against these rapes and massacres? Where is the accountability?,https://www.jns.org/opinion/sarah-n-stern/darfur-redux,JNS,Sarah N. Stern,2026-09-16T06:00:00,2026-09-16 07:19:50.399896,https://www.jns.org/opinion/sarah-n-stern/darfur-redux
American high school students participate in summer programs in Israel,"Three Alexander Muss High School summer programs focused on Jewish history, cultural experiences and entrepreneurship.",https://www.jns.org/wire/ Jewish-National-Fund-USA/american-high-school-students-participate-in-summer-programs-in-israel,JNS,,2026-09-16T06:01:05,2026-09-16 07:19:50.399861,https://www.jns.org/wire/ Jewish-National-Fund-USA/american-high-school-students-participate-in-summer-programs-in-israel
Muslim nations condemn ‘heinous attacks’ after Houthi drone downed near Mecca,The Iranian-backed Yemeni group said it shot down a Saudi F15 fighter jet in the airspace of Marib province.,https://www.jns.org/news/world/muslim-nations-condemn-heinous-attacks-after-houthi-drone-downed-near-mecca,JNS,JNS Staff,2026-09-16T07:09:07,2026-09-16 07:19:50.399824,https://www.jns.org/news/world/muslim-nations-condemn-heinous-attacks-after-houthi-drone-downed-near-mecca
Poll: A third of Israelis call settler rioters ‘terrorists’,"(JTA) — A third of Israelis describe Jewish rioters involved in recent violence in the West Bank village of Qusra as “Israeli terrorists,” according to a survey released Monday by the Jewish People Policy Institute. Coupled with another 18% who called them “nationalist criminals,” the results demonstrate the degree to which the rioters, whose actions... The post Poll: A third of Israelis call settler rioters ‘terrorists’ appeared first on The Forward .",https://forward.com/fast-forward/850334/poll-a-third-of-israelis-call-settler-rioters-terrorists/,The Forward,Deborah Danan,2026-09-16T01:31:06,2026-09-16 07:19:43.728457,https://forward.com/?p=850334
Ed Sheeran says it wasn’t his call to drop Macklemore over ‘Free Palestine’ remarks,"(JTA) — Pop superstar Ed Sheeran said he wasn’t behind his tour’s recent decision to drop opening act Macklemore following the rapper’s recent pro-Palestinian remarks at a stadium show. “I am not complicit,” Sheeran wrote in a statement on Instagram Tuesday, saying that Macklemore leaving the tour “was the promoter’s decision, it was not mine.”... The post Ed Sheeran says it wasn’t his call to drop Macklemore over ‘Free Palestine’ remarks appeared first on The Forward .",https://forward.com/fast-forward/850322/ed-sheeran-says-it-wasnt-his-call-to-drop-macklemore-over-free-palestine-remarks/,The Forward,Andrew Lapin,2026-09-16T01:31:50,2026-09-16 07:19:43.728408,https://forward.com/?p=850322
Mahmoud Khalil sues Columbia University citing ‘hostile environment’ for pro-Palestinian students,"(New York Jewish Week) — Mahmoud Khalil, the Palestinian Columbia University alum who was detained by the Trump administration last year, is suing his alma mater along with an Israeli dean of the school he attended for facilitating a “hostile environment” for pro-Palestinian students. Khalil became a national symbol of the campus pro-Palestinian protest movement... The post Mahmoud Khalil sues Columbia University citing ‘hostile environment’ for pro-Palestinian students appeared first on The Forward .",https://forward.com/fast-forward/850304/mahmoud-khalil-sues-columbia-university-citing-hostile-environment-for-pro-palestinian-students/,The Forward,Andrew Lapin,2026-09-16T01:35:18,2026-09-16 07:19:43.728354,https://forward.com/?p=850304
Feds say Cisco likely failed to protect pro-Palestinian workers from harassment,"(JTA) — Cisco Systems likely violated the civil rights of Palestinian, Arab and Muslim employees, a federal agency has found, after employees were subjected to harassing messages — some of them posted by employees in an internal forum called the Connected Jewish Network. The U.S. Equal Employment Opportunity Commission determined in June that there was... The post Feds say Cisco likely failed to protect pro-Palestinian workers from harassment appeared first on The Forward .",https://forward.com/fast-forward/850298/feds-say-cisco-likely-failed-to-protect-pro-palestinian-workers-from-harassment/,The Forward,Andrew Silow-Carroll,2026-09-16T01:36:40,2026-09-16 07:19:43.728277,https://forward.com/?p=850298
Macklemore got canceled. Kanye is playing sold-out shows. What’s the difference?,"Moments after Seattle rapper Macklemore led fans in New Jersey’s MetLife Stadium in a call to &#8220;Free Palestine&#8221; that ended his opening spot on a national tour, another notorious rapper, despite years of toxic, antisemitic behavior, played to a sold-out crowd in Chicago&#8217;s Soldier Field for the second night in a row: the artist formerly... The post Macklemore got canceled. Kanye is playing sold-out shows. What’s the difference? appeared first on The Forward .",https://forward.com/news/850418/macklemore-ed-sheeran-kanye-antisemitism-gaza/,The Forward,Manya Brachear Pashman,2026-09-16T02:09:46,2026-09-16 07:19:43.728216,https://forward.com/?p=850418
"Daily Cartoon, September 16, 2026",,https://www.haaretz.com/opinion/daily-cartoon/2026-09-16/ty-article-opinion/daily-cartoon-september-16-2026/000001a0-a73f-d91d-afeb-ef7f50ac0000,Haaretz,La Familia,2026-09-15T22:48:16,2026-09-16 01:08:57.454009,https://www.haaretz.com/opinion/daily-cartoon/2026-09-16/ty-article-opinion/daily-cartoon-september-16-2026/000001a0-a73f-d91d-afeb-ef7f50ac0000
Ed Sheeran says dropping Macklemore from U.S. concert tour was not his decision,Comments come as some of the British singer's supporting acts said they were quitting Sheeran's tour over Macklemore's ouster,https://www.haaretz.com/life/2026-09-16/ty-article/ed-sheeran-says-dropping-macklemore-from-u-s-concert-tour-was-not-his-decision/000001a0-a7a2-dea8-afe0-e7aead2e0000,Haaretz,Reuters,2026-09-16T00:49:02,2026-09-16 01:08:57.453975,https://www.haaretz.com/life/2026-09-16/ty-article/ed-sheeran-says-dropping-macklemore-from-u-s-concert-tour-was-not-his-decision/000001a0-a7a2-dea8-afe0-e7aead2e0000
VBS Community Rallies After Fatal Crash During High Holiday Services,"The two-vehicle collision occurred Saturday morning at the intersection of Ventura Boulevard and Densmore Avenue, where VBS is located. The post VBS Community Rallies After Fatal Crash During High Holiday Services appeared first on Jewish Journal .",https://jewishjournal.com/community/392239/vbs-community-rallies-after-fatal-crash-during-high-holiday-services/,Jewish Journal,Ryan Torok,2026-09-16T00:52:27,2026-09-16 01:08:48.091082,https://jewishjournal.com/?p=392239
"As polls tighten ahead of Israeli election, three small right-wing factions emerge as wild cards","The political agenda has turned in Netanyahu's favor, and while smaller right-wing parties risk hurting his bloc if they fail to meet the electoral threshold, as long as they stay afloat, the gap between the blocs narrows",https://www.haaretz.com/israel-news/elections/2026-09-15/ty-article/.premium/as-polls-tighten-three-small-right-wing-factions-emerge-as-wild-cards/000001a0-a684-df5b-adf2-f6e5da3e0000,Haaretz,Ravit Hecht,2026-09-15T20:32:38,2026-09-15 22:48:02.267048,https://www.haaretz.com/israel-news/elections/2026-09-15/ty-article/.premium/as-polls-tighten-three-small-right-wing-factions-emerge-as-wild-cards/000001a0-a684-df5b-adf2-f6e5da3e0000
Jewish National Fund orders settler outpost evacuated from land within Arab town in northern Israel,"The Jewish National Fund leased the land to a licensee for grazing, but settlers established a residential compound there. It will be moved farther from the town of Majd al-Krum if a herd is brought to the site by Wednesday",https://www.haaretz.com/israel-news/israel-security/2026-09-16/ty-article/.premium/jnf-orders-settler-outpost-evacuation-on-land-within-arab-town-in-israel/000001a0-a651-d827-a5f2-ff7fa9330000,Haaretz,Adi Hashmonai,2026-09-15T21:13:56,2026-09-15 22:48:02.267024,https://www.haaretz.com/israel-news/israel-security/2026-09-16/ty-article/.premium/jnf-orders-settler-outpost-evacuation-on-land-within-arab-town-in-israel/000001a0-a651-d827-a5f2-ff7fa9330000
"Instead of probing Gaza war crimes, Israel blindly targets 'NAZA' directors",,https://www.haaretz.com/opinion/editorial/2026-09-16/ty-article-opinion/instead-of-probing-gaza-war-crimes-israel-blindly-targets-naza-directors/000001a0-a68a-d91d-afeb-eeca2ee30000,Haaretz,Haaretz Editorial,2026-09-15T21:47:19,2026-09-15 22:48:02.266997,https://www.haaretz.com/opinion/editorial/2026-09-16/ty-article-opinion/instead-of-probing-gaza-war-crimes-israel-blindly-targets-naza-directors/000001a0-a68a-d91d-afeb-eeca2ee30000
"Not heroes, but allies: As Palestinians, we shouldn't dismiss anti-Zionist Israelis",,https://www.haaretz.com/opinion/2026-09-16/ty-article-opinion/.premium/not-heroes-but-allies-as-palestinians-we-cannot-dismiss-anti-zionist-israelis/000001a0-a5f8-df5b-adf2-f7fd7e1c0000,Haaretz,Hanin Majadli,2026-09-15T21:57:49,2026-09-15 22:48:02.266978,https://www.haaretz.com/opinion/2026-09-16/ty-article-opinion/.premium/not-heroes-but-allies-as-palestinians-we-cannot-dismiss-anti-zionist-israelis/000001a0-a5f8-df5b-adf2-f7fd7e1c0000
"Haverford College's new policy stifles criticism of Israel, open letter warns","Haverford College's new policies following an antisemitism lawsuit seem to treat Zionism as a protected identity, signatories say",https://www.haaretz.com/us-news/2026-09-16/ty-article/.premium/haverford-colleges-policy-stifles-criticism-of-israel-open-letter-warns/000001a0-a6d0-df5b-adf2-f6f53bb30000,Haaretz,Grace Gilson,2026-09-15T22:16:44,2026-09-15 22:48:02.266956,https://www.haaretz.com/us-news/2026-09-16/ty-article/.premium/haverford-colleges-policy-stifles-criticism-of-israel-open-letter-warns/000001a0-a6d0-df5b-adf2-f6f53bb30000
Foreign Ministry to fund October 7 embassy memorials after Haaretz inquiry,"Policy shift follows inquiries by Haaretz after multiple Israeli diplomats raised concerns that no specific budget had been allocated for the upcoming anniversary, leaving smaller missions struggling to cover costs",https://www.haaretz.com/israel-news/israel-security/2026-09-16/ty-article/.premium/foreign-ministry-to-fund-october-7-embassy-memorials-after-haaretz-inquiry/000001a0-a717-d9c9-a5e3-e77f0de70000,Haaretz,Liza Rozovsky,2026-09-15T22:37:04,2026-09-15 22:48:02.266930,https://www.haaretz.com/israel-news/israel-security/2026-09-16/ty-article/.premium/foreign-ministry-to-fund-october-7-embassy-memorials-after-haaretz-inquiry/000001a0-a717-d9c9-a5e3-e77f0de70000
‘Institutional Crisis’: New Investigation Reveals Antisemitism Rampant Across UK Healthcare System,"For British Jews seeking medical care or working to provide it, a place meant to offer safety and compassion is...",https://www.algemeiner.com/2026/09/15/institutional-crisis-new-investigation-reveals-antisemitism-rampant-uk-healthcare-system/,Algemeiner,Ailin Vilches Arguello,2026-09-15T21:59:35,2026-09-15 22:47:57.642901,https://www.algemeiner.com/?p=779700
"Americans Face Generational Divide Over Israel, Poll Finds","A new poll from New York Times/Siena reveals a stark generational divide in the US over Israel, with younger Americans...",https://www.algemeiner.com/2026/09/15/americans-face-generational-divide-israel-poll-finds/,Algemeiner,Corey Walker,2026-09-15T22:13:42,2026-09-15 22:47:57.642876,https://www.algemeiner.com/?p=779704
Thailand Authorities Order Sweeping Investigation Into Chabad Compound After Rosh Hashanah Event Canceled,"Thailand authorities on Tuesday ordered a full investigation into Chabad Patong, a Jewish community center and Chabad House serving Israelis...",https://www.algemeiner.com/2026/09/15/thailand-authorities-order-sweeping-investigation-chabad-compound-rosh-hashanah-event-canceled/,Algemeiner,Ailin Vilches Arguello,2026-09-15T22:28:24,2026-09-15 22:47:57.642843,https://www.algemeiner.com/?p=779719
"Sept. 11, antisemitism and Oberlin’s politics of omission","Here was an exhibition devoted to prejudice, exclusion and state power in American history—and Jews were nowhere in it.",https://www.jns.org/opinion/frieda-fuchs/sept-11-antisemitism-and-oberlins-politics-of-omission,JNS,Frieda Fuchs,2026-09-15T20:15:00,2026-09-15 22:47:55.273807,https://www.jns.org/opinion/frieda-fuchs/sept-11-antisemitism-and-oberlins-politics-of-omission
"22-year-old faces three charges for allegedly slashing fellow congregant, 16, at Brooklyn synagogue","The New York City Police Department told JNS that officers arrested the suspect ""without further incident.""",https://www.jns.org/news/u-s-news/22-year-old-faces-three-charges-for-allegedly-slashing-fellow-congregant-16-at-brooklyn-synagogue,JNS,JNS Staff,2026-09-15T20:30:05,2026-09-15 22:47:55.273786,https://www.jns.org/news/u-s-news/22-year-old-faces-three-charges-for-allegedly-slashing-fellow-congregant-16-at-brooklyn-synagogue
Israel’s UN envoy urges countries to boycott event celebrating ‘toxic legacy’ of Durban Declaration,"“The United Nations will mark 25 years since the Durban Conference, an event that was supposed to fight racism but instead became a platform for antisemitism and the demonization of Israel,” Danny Danon stated.",https://www.jns.org/news/world/israels-un-envoy-urges-countries-to-boycott-event-celebrating-toxic-legacy-of-durban-declaration,JNS,,2026-09-15T20:40:12,2026-09-15 22:47:55.273765,https://www.jns.org/news/world/israels-un-envoy-urges-countries-to-boycott-event-celebrating-toxic-legacy-of-durban-declaration
"Iran war cost $33 billion as of late June, per Pentagon inspector general report","“The munitions expenditure in ‘Operation Epic Fury’ has resulted in strategic inventory shortfalls and revealed industrial base bottlenecks for munitions resupply,” the report states.",https://www.jns.org/news/u-s-news/iran-war-cost-33-billion-as-of-late-june-per-pentagon-inspector-general-report,JNS,Andrew Bernard,2026-09-15T20:46:54,2026-09-15 22:47:55.273736,https://www.jns.org/news/u-s-news/iran-war-cost-33-billion-as-of-late-june-per-pentagon-inspector-general-report
Trump admin settles with Tennessee university over alleged discrimination against Jewish students,"“We commend Lincoln Memorial University for its swift action addressing the department’s concerns regarding discrimination and unequal treatment,” Harmeet Dhillon, assistant U.S. attorney general for civil rights, stated.",https://www.jns.org/news/u-s-news/trump-admin-settles-with-tennessee-university-over-alleged-discrimination-against-jewish-students,JNS,Aaron Bandler,2026-09-15T20:59:32,2026-09-15 22:47:55.273706,https://www.jns.org/news/u-s-news/trump-admin-settles-with-tennessee-university-over-alleged-discrimination-against-jewish-students
"Tennis, Neilah at 3 a.m.","Neilah means “closing.” It's the fifth and final prayer of Yom Kippur, the one no other day of the year has. The post Tennis, Neilah at 3 a.m. appeared first on Jewish Journal .",https://jewishjournal.com/judaism/392229/tennis-neilah-at-3-a-m/,Jewish Journal,Mark and Conrad Pearlman,2026-09-15T20:49:14,2026-09-15 22:47:52.757284,https://jewishjournal.com/?p=392229
The 9/11 Families’ Case Against Mamdani Never Needed His Faith,"The 9/11 families who asked him to stay away were not judging his beliefs about G-d. They were responding to what he has said, whom he has hired and endorsed and whom he chooses to associate with. The post The 9/11 Families&#8217; Case Against Mamdani Never Needed His Faith appeared first on Jewish Journal .",https://jewishjournal.com/commentary/opinion/392233/the-9-11-families-case-against-mamdani-never-needed-his-faith/,Jewish Journal,Micha Danzig,2026-09-15T20:54:28,2026-09-15 22:47:52.757256,https://jewishjournal.com/?p=392233
Pink Found Her Courage When the Music Industry Lost Its Spine,"In standing up to Macklemore and declaring, “I was born a Jew,” Pink did something painfully rare in today’s entertainment world: she refused to abandon her people when supporting Jews became unfashionable. The post Pink Found Her Courage When the Music Industry Lost Its Spine appeared first on Jewish Journal .",https://jewishjournal.com/commentary/opinion/392236/pink-found-her-courage-when-the-music-industry-lost-its-spine/,Jewish Journal,Rabbi Shmuley Boteach,2026-09-15T21:00:06,2026-09-15 22:47:52.757219,https://jewishjournal.com/?p=392236
Author R.F. Kuang addresses backlash over Israeli character in newest book,"The bestselling author R.F. Kuang has broken her silence over backlash to the inclusion of a minor Israeli character in her newest novel, Taipei Story. The book, published last week, follows a Chinese-American student, Lily Chen, who studies abroad in Taipei hoping to reconnect with her cultural roots and perfect her Mandarin. But she quickly... The post Author R.F. Kuang addresses backlash over Israeli character in newest book appeared first on The Forward .",https://forward.com/culture/850307/rf-kuang-taipei-story-israeli-character/,The Forward,Hannah Feuer,2026-09-15T20:10:02,2026-09-15 22:47:48.484065,https://forward.com/?p=850307
Ed Sheeran distances himself from decision to pull Macklemore as 3 more pro-Palestinian artists leave his tour,"The singer said he was ""appalled by the conflict between Israel and Palestine.” -- The post Ed Sheeran distances himself from decision to pull Macklemore as 3 more pro-Palestinian artists leave his tour appeared first on Jewish Telegraphic Agency .",https://www.jta.org/2026/09/15/culture/ed-sheeran-says-it-wasnt-his-call-to-drop-macklemore-over-free-palestine-remarks,JTA,Andrew Lapin,2026-09-15T19:57:32,2026-09-15 22:47:45.945289,https://www.jta.org/?p=1908224
Poll: A third of Israelis call settler rioters ‘terrorists’,Just 5% of Israelis support extremists who raided a Palestinian village -- The post Poll: A third of Israelis call settler rioters ‘terrorists’ appeared first on Jewish Telegraphic Agency .,https://www.jta.org/2026/09/15/israel/poll-a-third-of-israelis-call-settler-rioters-terrorists,JTA,Deborah Danan,2026-09-15T20:23:24,2026-09-15 22:47:45.945255,https://www.jta.org/?p=1908229
Sotheby’s to hold ‘Magnificent Judaica’ auction in NYC,"Plus, a Bruce Blakeman-endorsed House candidate defended Ye's antisemitic remarks. -- The post Sotheby&#8217;s to hold &#8216;Magnificent Judaica&#8217; auction in NYC appeared first on Jewish Telegraphic Agency .",https://www.jta.org/2026/09/15/ny/sothebys-to-hold-magnificent-judaica-auction-in-nyc,JTA,New York Jewish Week Staff,2026-09-15T21:21:31,2026-09-15 22:47:45.945217,https://www.jta.org/?p=1908239
Smotrich posts AI election ad showing chief justice and AG violently arrested,"The far-right finance minister posted the video alongside a plan to revive the judicial overhaul if his party enters the Knesset. Ben-Gvir, meanwhile, shared an AI video giving a 'blood libel' award to the 'NAZA' filmmakers on Emmy night",https://www.haaretz.com/israel-news/israel-politics/2026-09-15/ty-article/.premium/smotrich-posts-ai-video-showing-chief-justice-and-ag-violently-arrested/000001a0-a51c-de68-a7e0-bf5e88480000,Haaretz,Ben Kroll,2026-09-15T16:33:04,2026-09-15 20:02:49.888559,https://www.haaretz.com/israel-news/israel-politics/2026-09-15/ty-article/.premium/smotrich-posts-ai-video-showing-chief-justice-and-ag-violently-arrested/000001a0-a51c-de68-a7e0-bf5e88480000
"'Too far right' for some, 'too far left' for others: J Street U pushed out of Michigan Hillel","J Street U was barred from Hillel over its national ties, but its leaders question why the new rules do not affect Birthright or Wolverine for Israel",https://www.haaretz.com/us-news/2026-09-15/ty-article-magazine/.premium/at-university-of-michigan-j-street-u-chapter-is-pushed-out-of-hillel-tent/000001a0-a5d7-d5b2-a9ee-a7df6cff0000,Haaretz,Grace Gilson,2026-09-15T17:08:48,2026-09-15 20:02:49.888536,https://www.haaretz.com/us-news/2026-09-15/ty-article-magazine/.premium/at-university-of-michigan-j-street-u-chapter-is-pushed-out-of-hillel-tent/000001a0-a5d7-d5b2-a9ee-a7df6cff0000
"Parties file requests to disqualify electoral lists, all expected to be rejected","The coalition-controlled Central Elections Committee is expected to approve requests against the United Arab List and reject those against right-wing slates. Appeals are expected to reach the Supreme Court, which has previously overturned such bans",https://www.haaretz.com/israel-news/elections/2026-09-15/ty-article/.premium/parties-file-requests-to-disqualify-electoral-lists-all-expected-to-be-rejected/000001a0-a562-dab0-afb4-fd77d9870000,Haaretz,Chen Maanit,2026-09-15T17:33:48,2026-09-15 20:02:49.888514,https://www.haaretz.com/israel-news/elections/2026-09-15/ty-article/.premium/parties-file-requests-to-disqualify-electoral-lists-all-expected-to-be-rejected/000001a0-a562-dab0-afb4-fd77d9870000
Curbing High Court petitions and expanding political appointments: Smotrich's judicial coup plan,"'We will appoint an attorney general to our liking, and a state prosecutor to our liking,' Smotrich said, as he unveiled his party's plans for a judicial coup",https://www.haaretz.com/israel-news/elections/2026-09-15/ty-article/.premium/smotrich-unveils-party-plan-to-limit-high-court-petitions-and-reshape-judiciary/000001a0-a5c0-de4c-a7ff-b7cef6190000,Haaretz,Yael Freidson,2026-09-15T17:47:44,2026-09-15 20:02:49.888491,https://www.haaretz.com/israel-news/elections/2026-09-15/ty-article/.premium/smotrich-unveils-party-plan-to-limit-high-court-petitions-and-reshape-judiciary/000001a0-a5c0-de4c-a7ff-b7cef6190000
Robert Kraft vs. Macklemore reveals new reality in 'Free Palestine' debate,"Looking at the episode as a Magic Eye painting, rather than a Rorschach test, reveals a murkier middle, one in which American Jewish supporters of Israel are incorporating, rather than rejecting, the growing legitimacy of Palestinian identification",https://www.haaretz.com/israel-news/haaretz-today/2026-09-15/ty-article/.highlight/robert-kraft-vs-macklemore-reveals-new-reality-in-free-palestine-debate/000001a0-a608-dea8-afe0-e6ac89e80000,Haaretz,Philissa Cramer,2026-09-15T18:25:45,2026-09-15 20:02:49.888469,https://www.haaretz.com/israel-news/haaretz-today/2026-09-15/ty-article/.highlight/robert-kraft-vs-macklemore-reveals-new-reality-in-free-palestine-debate/000001a0-a608-dea8-afe0-e6ac89e80000
"Far-right rapper shares grafitti of 'NAZA' directors with crosshairs, 'traitor' signs","A Joint List lawmaker urged an investigation into the mural as incitement to murder. Last month, the rapper, Yoav Eliasi, was dismissed from his role as Israel Police's Tel Aviv security squad commander following a Haaretz investigation",https://www.haaretz.com/israel-news/israel-politics/2026-09-15/ty-article/far-right-rapper-shares-grafitti-of-naza-directors-with-traitor-signs/000001a0-a5f6-d5b2-a9ee-a7fea1f00000,Haaretz,Haaretz,2026-09-15T18:31:23,2026-09-15 20:02:49.888446,https://www.haaretz.com/israel-news/israel-politics/2026-09-15/ty-article/far-right-rapper-shares-grafitti-of-naza-directors-with-traitor-signs/000001a0-a5f6-d5b2-a9ee-a7fea1f00000
Top Israeli think tank issues rare warning. Its last came months before Oct. 7,"The Institute for National Security Studies warns in a strategic alert that settler terror reflects a policy 'directed from above,' with effects beyond the West Bank. 'The cost of waiting is increasing,' an expert says of the government's inaction",https://www.haaretz.com/israel-news/security-aviation/2026-09-15/ty-article/.premium/top-israeli-think-tank-issues-rare-warning-its-last-came-months-before-oct-7/000001a0-a664-d91d-afeb-ee646c3a0000,Haaretz,Linda Dayan,2026-09-15T19:50:44,2026-09-15 20:02:49.888421,https://www.haaretz.com/israel-news/security-aviation/2026-09-15/ty-article/.premium/top-israeli-think-tank-issues-rare-warning-its-last-came-months-before-oct-7/000001a0-a664-d91d-afeb-ee646c3a0000
"Report: U.S. to sell Israel 40,000 bombs funded by $2.8 billion in U.S. tax money","In 2023, Israel reportedly used MK-84 bombs, which reportedly make up half of the sale, in areas of the Gaza Strip designated as safe for civilians, with each strike creating a crater measuring at least 40 feet (12 meters) across or larger",https://www.haaretz.com/israel-news/israel-security/2026-09-15/ty-article/report-u-s-to-sell-israel-40-000-bombs-funded-by-2-8-billion-in-u-s-taxes/000001a0-a65f-de68-a7e0-bf5fbd500000,Haaretz,Haaretz,2026-09-15T19:58:05,2026-09-15 20:02:49.888389,https://www.haaretz.com/israel-news/israel-security/2026-09-15/ty-article/report-u-s-to-sell-israel-40-000-bombs-funded-by-2-8-billion-in-u-s-taxes/000001a0-a65f-de68-a7e0-bf5fbd500000
Saudi Arabia Reports Wide-Ranging Security Alerts After Week of Strikes,"Saudi Arabia issued security alerts over a range of territory on Tuesday, including in the holy city of Mecca and...",https://www.algemeiner.com/2026/09/15/saudi-arabia-reports-wide-ranging-security-alerts-week-strikes/,Algemeiner,Reuters and Algemeiner Staff,2026-09-15T16:50:04,2026-09-15 20:02:44.505856,https://www.algemeiner.com/?p=779673
"UK, US, Netherlands Issue Advisory on Iran-Linked Spyware","Britain, the United States, and the Netherlands on Tuesday issued a joint cybersecurity advisory detailing spyware they say is used by Iranian state-linked actors to target...",https://www.algemeiner.com/2026/09/15/uk-us-netherlands-issue-advisory-iran-linked-spyware/,Algemeiner,Reuters and Algemeiner Staff,2026-09-15T17:22:21,2026-09-15 20:02:44.505837,https://www.algemeiner.com/?p=779676
Former Hamas Hostage Slams ‘NAZA’ Filmmakers for ‘Degrading’ IDF Soldiers ‘Who Fought to Bring Me Home’,Former hostage Eliya Cohen on Monday condemned the Israeli filmmakers behind the documentary &#8220;NAZA&#8221; for sharply criticizing the Israel Defense...,https://www.algemeiner.com/2026/09/15/former-hamas-hostage-slams-naza-filmmakers-degrading-idf-soldiers-who-fought-bring-me-home/,Algemeiner,Shiryn Ghermezian,2026-09-15T17:36:46,2026-09-15 20:02:44.505815,https://www.algemeiner.com/?p=779664
"Despite Oct. 7, Fatah and the Palestinian Authority Continue to Seek Unity With Hamas",Ahead of the Palestinian elections scheduled for November &#8212; and knowing that Hamas is still the most popular faction among...,https://www.algemeiner.com/2026/09/15/despite-oct-7-fatah-palestinian-authority-continue-seek-unity-hamas/,Algemeiner,Ephraim D. Tepler and Itamar Marcus,2026-09-15T17:38:51,2026-09-15 20:02:44.505792,https://www.algemeiner.com/?p=779656
The New York Times’ Uncanny Knack for Finding the ‘Right’ Israelis,"You might call it good luck. Perhaps even an astonishing coincidence. Somehow, whenever The New York Times reports on Israel,...",https://www.algemeiner.com/2026/09/15/new-york-times-uncanny-knack-finding-right-israelis/,Algemeiner,Rachel O'Donoghue,2026-09-15T17:44:52,2026-09-15 20:02:44.505772,https://www.algemeiner.com/?p=779659
"When It Comes to Security Assistance, Jewish Americans Must Be Careful What They Ask For","Two weeks had passed since the antisemitic attack on New York City&#8217;s Central Synagogue, when New York Gov. Kathy Hochul...",https://www.algemeiner.com/2026/09/15/when-it-comes-security-assistance-jewish-americans-must-be-careful-what-they-ask/,Algemeiner,Irit Tratt,2026-09-15T17:51:26,2026-09-15 20:02:44.505750,https://www.algemeiner.com/?p=779651
Duke University Continues Its Anti-Israel Activity,Duke University announced they will soon host a speaker &#8212; Emmaia Gelman &#8212; who made a post supporting those who...,https://www.algemeiner.com/2026/09/15/duke-university-continues-its-anti-israel-activity/,Algemeiner,Peter Reitzes,2026-09-15T17:57:30,2026-09-15 20:02:44.505729,https://www.algemeiner.com/?p=779646
"9/11 Conspiracy Theorists Fuse Beliefs With Antisemitism, New Analysis Finds","Conspiracy theorists who make allegations about the Sept. 11, 2001, terrorist attacks often proliferate antisemitism as well by fusing their...",https://www.algemeiner.com/2026/09/15/9-11-conspiracy-theorists-fuse-beliefs-antisemitism-new-analysis-finds/,Algemeiner,Dion J. Pierre,2026-09-15T19:57:06,2026-09-15 20:02:44.505703,https://www.algemeiner.com/?p=779613
"Finding the ‘Altalena,’ surfacing history",The incident was but another link in inter-party rivalry and mutual personal dislike.,https://www.jns.org/opinion/column/yisrael-medad/finding-the-altalena-surfacing-history,JNS,Yisrael Medad,2026-09-15T16:30:00,2026-09-15 20:02:42.159268,https://www.jns.org/opinion/column/yisrael-medad/finding-the-altalena-surfacing-history
"Large partisan divide on press freedom under Trump admin, Pew study finds","The survey found that 72% of Democrats and those who lean Dem said the press had become less free in the president’s second term, compared with 15% of Republicans and those who lean right.",https://www.jns.org/news/u-s-news/large-partisan-divide-on-press-freedom-under-trump-admin-pew-study-finds,JNS,,2026-09-15T16:58:34,2026-09-15 20:02:42.159250,https://www.jns.org/news/u-s-news/large-partisan-divide-on-press-freedom-under-trump-admin-pew-study-finds
"'Never Again' means 'now,' Florida Jewish Dem says in new ad","""Jews in this district and around the country see the significant rise of antisemitism and are worried that their kids and grandkids will not grow up in the same America that we did,"" Rep. Jared Moskowitz told JNS.",https://www.jns.org/news/u-s-news/never-again-means-now-florida-jewish-dem-says-in-new-ad,JNS,Jessica Russak-Hoffman,2026-09-15T17:25:56,2026-09-15 20:02:42.159227,https://www.jns.org/news/u-s-news/never-again-means-now-florida-jewish-dem-says-in-new-ad
"‘Ongoing’ process for Mamdani to get federal security clearance, City Hall says","“The New York City Police Department regularly briefs the mayor, as appropriate, on non-federally classified investigations and information,” Sam Raskin, a spokesman for the mayor, told JNS.",https://www.jns.org/news/u-s-news/ongoing-process-for-mamdani-to-get-federal-security-clearance-city-hall-says,JNS,Rikki Zagelbaum,2026-09-15T17:45:52,2026-09-15 20:02:42.159205,https://www.jns.org/news/u-s-news/ongoing-process-for-mamdani-to-get-federal-security-clearance-city-hall-says
"Two San Diego homes vandalized with Nazi swastikas, Jew-hatred on Rosh Hashanah","The county sheriff’s office is probing separate incidents at Imperial Beach, it said.",https://www.jns.org/news/u-s-news/two-san-diego-homes-vandalized-with-nazi-swastikas-jew-hatred-on-rosh-hashanah,JNS,,2026-09-15T17:49:58,2026-09-15 20:02:42.159181,https://www.jns.org/news/u-s-news/two-san-diego-homes-vandalized-with-nazi-swastikas-jew-hatred-on-rosh-hashanah
Pennsylvania man arrested in alleged ISIS-linked terror plot,"Federal authorities charged Jonathan Hunter Kramer, 21, with acquiring a firearm and ammunition that he allegedly intended to use in a terrorist attack.",https://www.jns.org/news/u-s-news/pennsylvania-man-arrested-in-alleged-isis-linked-terror-plot,JNS,,2026-09-15T18:02:58,2026-09-15 20:02:42.159160,https://www.jns.org/news/u-s-news/pennsylvania-man-arrested-in-alleged-isis-linked-terror-plot
"Ontario man charged with promoting antisemitism, advocating genocide on social media","""Hamilton Police remain committed to investigating hate-motivated incidents and holding those responsible accountable,"" police stated.",https://www.jns.org/news/world/ontario-man-charged-with-promoting-antisemitism-advocating-genocide-on-social-media,JNS,,2026-09-15T18:12:29,2026-09-15 20:02:42.159138,https://www.jns.org/news/world/ontario-man-charged-with-promoting-antisemitism-advocating-genocide-on-social-media
"Florida university students ask court to block suspensions over racist, antisemitic group chat",Four students argue that messages shared in a private chat were protected speech as they challenge Florida International University's disciplinary sanctions.,https://www.jns.org/news/u-s-news/florida-university-students-ask-court-to-block-suspensions-over-racist-antisemitic-group-chat,JNS,Jessica Russak-Hoffman,2026-09-15T18:26:34,2026-09-15 20:02:42.159116,https://www.jns.org/news/u-s-news/florida-university-students-ask-court-to-block-suspensions-over-racist-antisemitic-group-chat
The Committee to Protect Journalists has a definition problem,It has refused to deal effectively with the issue of terrorists masquerading as journalists.,https://www.jns.org/opinion/stuart-n-brotman/the-committee-to-protect-journalists-has-a-definition-problem,JNS,Stuart N. Brotman,2026-09-15T18:30:00,2026-09-15 20:02:42.159095,https://www.jns.org/opinion/stuart-n-brotman/the-committee-to-protect-journalists-has-a-definition-problem
"Pro-Israel Michigan Dem says she was 'harassed, followed' over her Zionist views","""People are free to disagree with me, challenge me and protest my positions. That is democracy. But disagreement is not license for intimidation or harassment,"" said Rep. Haley Stevens.",https://www.jns.org/news/u-s-news/pro-israel-michigan-dem-says-she-was-harassed-followed-over-her-zionist-views,JNS,Jessica Russak-Hoffman,2026-09-15T18:58:00,2026-09-15 20:02:42.159074,https://www.jns.org/news/u-s-news/pro-israel-michigan-dem-says-she-was-harassed-followed-over-her-zionist-views
"UK government introduces bill to remove ban on Jews, Catholics advising monarch on church appointments","“This short, targeted bill will modernize the law to enable the prime minister, and any future Jewish or Roman Catholic prime minister, to carry out the complete functions of their office,” the Cabinet Office stated.",https://www.jns.org/news/world/uk-government-introduces-bill-to-remove-ban-on-jews-catholics-advising-monarch-on-church-appointments,JNS,Andrew Bernard,2026-09-15T19:19:30,2026-09-15 20:02:42.159031,https://www.jns.org/news/world/uk-government-introduces-bill-to-remove-ban-on-jews-catholics-advising-monarch-on-church-appointments
The cancellation of Macklemore: A Yom Kippur reflection,"In the Jewish calendar, this week is dedicated to reflection, introspection, and review of one’s thoughts and actions. The shofar has been sounded on Rosh Hashanah; Yom Kippur is on its way. Whether in traditional, theistic forms or less traditional, psychological ones, the Jewish tradition invites us to look inward. It is in that spirit... The post The cancellation of Macklemore: A Yom Kippur reflection appeared first on The Forward .",https://forward.com/opinion/850232/macklemore-robert-kraft-ed-sheeran-free-palestine-yom-kippur-reflection/,The Forward,Jay Michaelson,2026-09-15T17:55:59,2026-09-15 20:02:35.420065,https://forward.com/?p=850232
How can Yiddish fans in Israel benefit from the growing Yiddish scene abroad?,"דער הינטערגרונט די באַציִונגען צווישן ייִדיש-אינסטיטוציעס אין ישׂראל און אין אַמעריקע איז אַ בכּבֿודיקע, אַקטועלע טעמע וואָס דאַרף הײַנט באַהאַנדלט ווערן מיט אַ פֿרישן צוגאַנג. אויף אַלע אַנדערע געביטן ווי זיכערקייט, ווירטשאַפֿט, געזונט און אַקאַדעמיע קאָן מען פֿעסטשטעלן אַז די אָ באַציִונגען זענען ברייט פֿאַרנעמיקע און מ׳קאָן אַפֿילו צוגעבן אַז די שטיצע פֿון אַמעריקאַנער ייִדנטום... The post How can Yiddish fans in Israel benefit from the growing Yiddish scene abroad? appeared first on The Forward .",https://forward.com/yiddish/850262/how-can-yiddish-fans-in-israel-benefit-from-the-growing-yiddish-scene-abroad/,The Forward,דניאל גלאי,2026-09-15T18:25:26,2026-09-15 20:02:35.420004,https://forward.com/?p=850262
Israeli army weighs legal action against NAZA film makers amid calls to revoke their citizenship,Moviemakers says Israeli media has failed to investigate army’s actions in Gaza. -- The post Israeli army weighs legal action against NAZA film makers amid calls to revoke their citizenship appeared first on Jewish Telegraphic Agency .,https://www.jta.org/2026/09/15/israel/israeli-army-weighs-legal-action-against-naza-film-makers-amid-calls-to-revoke-their-citizenship,JTA,Deborah Danan,2026-09-15T16:40:33,2026-09-15 20:02:32.841596,https://www.jta.org/?p=1908176
Feds say Cisco likely failed to protect pro-Palestinian workers from harassment,A complaint to the EEOC accused a Jewish employees’ network of posting discriminatory comments after Oct. 7. -- The post Feds say Cisco likely failed to protect pro-Palestinian workers from harassment appeared first on Jewish Telegraphic Agency .,https://www.jta.org/2026/09/15/united-states/feds-say-cisco-likely-failed-to-protect-pro-palestinian-workers-from-harassment,JTA,Andrew Silow-Carroll,2026-09-15T18:50:15,2026-09-15 20:02:32.841567,https://www.jta.org/?p=1908200
Mahmoud Khalil sues Columbia University citing ‘hostile environment’ for pro-Palestinian students,Columbia defended an Israeli-American dean from Khalil’s accusations that she had unfairly targeted him. -- The post Mahmoud Khalil sues Columbia University citing ‘hostile environment’ for pro-Palestinian students appeared first on Jewish Telegraphic Agency .,https://www.jta.org/2026/09/15/ny/mahmoud-khalil-sues-columbia-university-citing-hostile-environment-for-pro-palestinian-students,JTA,Andrew Lapin,2026-09-15T19:37:28,2026-09-15 20:02:32.841534,https://www.jta.org/?p=1908195
Ed Sheeran says it wasn’t his call to drop Macklemore over ‘Free Palestine’ remarks,"The singer said he was ""appalled by the conflict between Israel and Palestine.” -- The post Ed Sheeran says it wasn’t his call to drop Macklemore over ‘Free Palestine’ remarks appeared first on Jewish Telegraphic Agency .",https://www.jta.org/2026/09/15/default/ed-sheeran-says-it-wasnt-his-call-to-drop-macklemore-over-free-palestine-remarks,JTA,Andrew Lapin,2026-09-15T19:57:32,2026-09-15 20:02:32.841494,https://www.jta.org/?p=1908224
"If the world listened to Palestinians, NAZA wouldn't be necessary","The controversial Israeli documentary film is the latest example of the world paying attention to atrocities committed against the Palestinians, only once they are described from the perspective of Israelis",https://www.haaretz.com/opinion/2026-09-15/ty-article-opinion/.premium/if-the-world-listened-to-palestinians-naza-wouldnt-be-necessary/000001a0-a4c9-d5b2-a9ee-a6cb68eb0000,Haaretz,Adla Alnazer,2026-09-15T11:31:28,2026-09-15 16:26:16.264145,https://www.haaretz.com/opinion/2026-09-15/ty-article-opinion/.premium/if-the-world-listened-to-palestinians-naza-wouldnt-be-necessary/000001a0-a4c9-d5b2-a9ee-a6cb68eb0000
Far-right provocations may be the surest way to drive Israel's Arab citizens to the polls,"The settler compound in Majd al-Krum and attempts to disqualify Arab parties could fuel the confrontation the far right thrives on. But Arab citizens increasingly see the ballot box, not the streets, as their most effective response",https://www.haaretz.com/israel-news/elections/2026-09-15/ty-article/.premium/far-right-provocations-may-be-the-surest-way-to-drive-arab-citizens-to-the-polls/000001a0-a3f1-d219-a3ed-bffb01a60000,Haaretz,Jack Khoury,2026-09-15T11:33:48,2026-09-15 16:26:16.264115,https://www.haaretz.com/israel-news/elections/2026-09-15/ty-article/.premium/far-right-provocations-may-be-the-surest-way-to-drive-arab-citizens-to-the-polls/000001a0-a3f1-d219-a3ed-bffb01a60000
"U.S. watchdog says Iran war depleted advanced weapons, damaged hundreds of base structures","The Pentagon inspector general's first report on the war's impact says Iran damaged dozens of U.S. aircraft and drones, while the conflict exposed munitions shortages and supply-chain bottlenecks",https://www.haaretz.com/us-news/2026-09-15/ty-article/u-s-watchdog-iran-war-depleted-weapons-damaged-hundreds-of-base-structures/000001a0-a50e-de68-a7e0-bf4ef9830000,Haaretz,The Associated Press,2026-09-15T12:41:36,2026-09-15 16:26:16.264080,https://www.haaretz.com/us-news/2026-09-15/ty-article/u-s-watchdog-iran-war-depleted-weapons-damaged-hundreds-of-base-structures/000001a0-a50e-de68-a7e0-bf4ef9830000
Oct. 7 families: Netanyahu deliberately ignored all warnings before Hamas attack,"Noam Peri, whose father Chaim was killed in captivity, said the Haaretz report that the Emirati president warned Netanyahu proves he didn't want to listen. Gil Dickmann, cousin of slain hostage Carmel Gat, said the document is for 'future hostages'",https://www.haaretz.com/israel-news/israel-politics/2026-09-15/ty-article/.premium/hostage-families-release-list-of-govt-decisions-preceding-oct-7/000001a0-a521-dea8-afe0-e5adef4a0000,Haaretz,Bar Peleg,2026-09-15T13:14:36,2026-09-15 16:26:16.264046,https://www.haaretz.com/israel-news/israel-politics/2026-09-15/ty-article/.premium/hostage-families-release-list-of-govt-decisions-preceding-oct-7/000001a0-a521-dea8-afe0-e5adef4a0000
"Mezuzahs smashed at Canadian Jewish university over Rosh Hashanah, students say",A statement by Hillel Ontario and StandWithUs Canada said that students from Wilfrid Laurier University returned to their dorms after Rosh Hashanah only to realize they were 'targeted with antisemitic hatred' as some of the mezuzahs vandalized,https://www.haaretz.com/jewish/2026-09-15/ty-article/.premium/mezuzahs-smashed-at-canadian-jewish-university-over-rosh-hashanah-students-say/000001a0-a496-d1ba-a7af-fdbe1f190000,Haaretz,Ben Kroll,2026-09-15T13:43:19,2026-09-15 16:26:16.264013,https://www.haaretz.com/jewish/2026-09-15/ty-article/.premium/mezuzahs-smashed-at-canadian-jewish-university-over-rosh-hashanah-students-say/000001a0-a496-d1ba-a7af-fdbe1f190000
From Miliband to NAZA: The Jewish and Israeli identity police is nastier than ever,"A bacon sandwich and a documentary about Gaza are the latest exhibits in a surging, authoritarian and ignorant effort to define Jewish and Israeli identity by means of Nazi slurs and accusations of treason",https://www.haaretz.com/israel-news/israel-politics/2026-09-15/ty-article-magazine/.premium/from-miliband-to-naza-a-new-nasty-jewish-and-israeli-identity-police/000001a0-a444-dceb-abe2-ac4db5d60000,Haaretz,Esther Solomon,2026-09-15T14:14:41,2026-09-15 16:26:16.263981,https://www.haaretz.com/israel-news/israel-politics/2026-09-15/ty-article-magazine/.premium/from-miliband-to-naza-a-new-nasty-jewish-and-israeli-identity-police/000001a0-a444-dceb-abe2-ac4db5d60000
Israel's Haredi community is breaking its silence on child sexual abuse. Will it listen to survivors?,"Revelations that shook the community have sparked a quiet revolution, backed by leading rabbis: Sexual abuse is being discussed and bookstores sell tailored guidance for children. But adequate treatment for survivors remains far off",https://www.haaretz.com/jewish/2026-09-15/ty-article-magazine/.premium/israels-haredi-community-is-breaking-its-silence-on-child-sexual-abuse/000001a0-a4a7-dea8-afe0-e4af60c30000,Haaretz,Aaron Rabinowitz,2026-09-15T15:06:30,2026-09-15 16:26:16.263950,https://www.haaretz.com/jewish/2026-09-15/ty-article-magazine/.premium/israels-haredi-community-is-breaking-its-silence-on-child-sexual-abuse/000001a0-a4a7-dea8-afe0-e4af60c30000
Trump's hands-off approach to Houthi conflict allows Iran to play a divided Gulf,"Rather than facing a united Gulf-U.S. front, Tehran is benefiting from a fragmented system of diplomatic channels and disputes, allowing it to apply military pressure while pursuing diplomacy on more favorable terms",https://www.haaretz.com/middle-east-news/iran/2026-09-15/ty-article/.premium/trumps-hands-off-approach-to-houthi-conflict-allows-iran-to-play-a-divided-gulf/000001a0-a4e9-d5b2-a9ee-a6eb4d960000,Haaretz,Zvi Bar'el,2026-09-15T15:10:20,2026-09-15 16:26:16.263916,https://www.haaretz.com/middle-east-news/iran/2026-09-15/ty-article/.premium/trumps-hands-off-approach-to-houthi-conflict-allows-iran-to-play-a-divided-gulf/000001a0-a4e9-d5b2-a9ee-a6eb4d960000
IDF reservist dies by suicide as 2026 toll rises to 20,"While the official number of soldier suicides has steadily risen since the war began, IDF figures provide only a partial picture of the scale of the phenomenon, as they do not include soldiers who died by suicide while not on active duty",https://www.haaretz.com/israel-news/israel-security/2026-09-15/ty-article/.premium/idf-reservist-dies-by-suicide-as-2026-toll-rises-to-20/000001a0-a5a1-dea8-afe0-e5ad623f0000,Haaretz,Tom Levinson,2026-09-15T15:56:29,2026-09-15 16:26:16.263864,https://www.haaretz.com/israel-news/israel-security/2026-09-15/ty-article/.premium/idf-reservist-dies-by-suicide-as-2026-toll-rises-to-20/000001a0-a5a1-dea8-afe0-e5ad623f0000
UN Security Council to discuss Houthi takeover of Yemen’s Red Sea coast,France requested the briefing after the Iran-backed terror group seized control of the Bab al-Mandeb Strait.,https://www.jns.org/news/world/un-security-council-to-discuss-houthi-takeover-of-yemens-red-sea-coast,JNS,JNS Staff,2026-09-15T11:58:14,2026-09-15 16:26:09.094316,https://www.jns.org/news/world/un-security-council-to-discuss-houthi-takeover-of-yemens-red-sea-coast
Israel urges boycott of UN Durban Conference's 25th anniversary,"“By celebrating Durban, the United Nations continues to convey the message that singling out Israel is standard UN playbook,"" said Israel’s ambassador to the U.N. in Geneva.",https://www.jns.org/news/israel-news/israel-urges-boycott-of-un-durban-conferences-25th-anniversary,JNS,Etgar Lefkovits,2026-09-15T12:09:27,2026-09-15 16:26:09.094290,https://www.jns.org/news/israel-news/israel-urges-boycott-of-un-durban-conferences-25th-anniversary
Israeli envoy admits tourists behaving badly in Thailand,"“There is no doubt there is a serious problem here. We have to admit it,” Ambassador Alona Fischer-Kamm said.",https://www.jns.org/news/israel-news/israeli-envoy-admits-tourists-behaving-badly-in-thailand,JNS,JNS Staff,2026-09-15T13:09:33,2026-09-15 16:26:09.094262,https://www.jns.org/news/israel-news/israeli-envoy-admits-tourists-behaving-badly-in-thailand
"Miss Israel visits City Hall in Manhattan, says won’t try to meet Mamdani","“Whether it’s hosting Miss Israel or meeting with elected officials from Israel, I’m always looking to strengthen” the “deep bond between New York City and Israel,” Eric Dinowitz, a member of the City Council told JNS.",https://www.jns.org/news/u-s-news/miss-israel-visits-city-hall-in-manhattan-says-wont-try-to-meet-mamdani,JNS,Vita Fellig,2026-09-15T13:11:08,2026-09-15 16:26:09.094235,https://www.jns.org/news/u-s-news/miss-israel-visits-city-hall-in-manhattan-says-wont-try-to-meet-mamdani
Mokha is a warning: The Houthis are coming for Bab el-Mandeb,"How Iran is turning the Red Sea’s geography, armed networks and strategic chokepoints into a regional power advantage.",https://www.jns.org/opinion/habtom-ghebrezghiabher/mokha-is-a-warning-the-houthis-are-coming-for-bab-el-mandeb,JNS,Habtom Ghebrezghiabher,2026-09-15T13:30:00,2026-09-15 16:26:09.094202,https://www.jns.org/opinion/habtom-ghebrezghiabher/mokha-is-a-warning-the-houthis-are-coming-for-bab-el-mandeb
Dearborn mayor invites Macklemore to perform in city-sponsored concert,"""We’ll make it a free concert, sponsored by the city, and help make it one of the best around,"" Abdullah H. Hammoud said after the rapper was dropped from Ed Sheeran's stadium tour.",https://www.jns.org/news/u-s-news/dearborn-mayor-invites-macklemore-to-perform-in-city-sponsored-concert,JNS,,2026-09-15T14:40:28,2026-09-15 16:26:09.094175,https://www.jns.org/news/u-s-news/dearborn-mayor-invites-macklemore-to-perform-in-city-sponsored-concert
The great Mamdani and AOC distraction,Outrage risks obscuring more consequential realities.,https://www.jns.org/opinion/alan-newman/the-great-mamdani-and-aoc-distraction,JNS,Alan Newman,2026-09-15T15:00:00,2026-09-15 16:26:09.094141,https://www.jns.org/opinion/alan-newman/the-great-mamdani-and-aoc-distraction
Justice Department seeks $61 million in what it says is ill-gotten Iranian cryptocurrency,"The forfeiture complaint “demonstrates our determination to deprive the government of Iran and its terrorist proxies of the illegal money they rely on,” the department said.",https://www.jns.org/news/u-s-news/justice-department-seeks-61-million-in-what-it-says-is-ill-gotten-iranian-cryptocurrency,JNS,Mike Wagenheim,2026-09-15T15:10:02,2026-09-15 16:26:09.094116,https://www.jns.org/news/u-s-news/justice-department-seeks-61-million-in-what-it-says-is-ill-gotten-iranian-cryptocurrency
"NYC Council, healthcare groups hold their first meeting on Jew-hatred in medicine","“There was broad consensus among the City Council, healthcare organizations and Jewish groups that antisemitism in medicine must be addressed more aggressively,” the American Jewish Medical Association told JNS",https://www.jns.org/news/u-s-news/nyc-council-healthcare-groups-hold-their-first-meeting-on-jew-hatred-in-medicine,JNS,Rikki Zagelbaum,2026-09-15T16:14:57,2026-09-15 16:26:09.094079,https://www.jns.org/news/u-s-news/nyc-council-healthcare-groups-hold-their-first-meeting-on-jew-hatred-in-medicine
Noah Wyle wins an Emmy for playing one of TV’s most Jewish doctors,"(JTA) — Noah Wyle on Monday night won his second consecutive Emmy for playing Dr. Michael “Robby” Robinavitch on “The Pitt.” The win also marked a second victory for one of television’s more fully realized Jewish characters. The actor won Outstanding Lead Actor in a Drama Series for the HBO Max medical drama, which also... The post Noah Wyle wins an Emmy for playing one of TV’s most Jewish doctors appeared first on The Forward .",https://forward.com/fast-forward/850196/noah-wyle-wins-an-emmy-for-playing-one-of-tvs-most-jewish-doctors/,The Forward,Andrew Silow-Carroll,2026-09-15T11:29:47,2026-09-15 16:26:02.275599,https://forward.com/?p=850196
Staunch Israel supporter Coons expected to win Delaware Democratic Senate primary handily,"(JTA) — Delaware incumbent Sen. Chris Coons, a longtime supporter of Israel, is expected to easily win Delaware’s U.S. Senate primary on Tuesday, despite criticism from party progressives. Coons, a mainstay of the Senate Foreign Relations Committee, has repeatedly backed measures to bolster Israel’s capacity for self-defense. He also joined a bipartisan delegation to visit... The post Staunch Israel supporter Coons expected to win Delaware Democratic Senate primary handily appeared first on The Forward .",https://forward.com/fast-forward/850187/staunch-israel-supporter-coons-expected-to-win-delaware-democratic-senate-primary-handily/,The Forward,Sharon Udasin,2026-09-15T11:37:14,2026-09-15 16:26:02.275541,https://forward.com/?p=850187
Teen slashed in Brooklyn synagogue by fellow congregant,"(JTA) — A 14-year-old boy was slashed on Monday evening inside a Brooklyn synagogue by a suspect the police called an “emotionally disturbed person.” The 22-year-old suspect, Krybus Shimon, is a fellow congregant of Yeshiva Gevoah Toldos, an Orthodox synagogue in Borough Park, the New York Police Department said. He was taken into custody and... The post Teen slashed in Brooklyn synagogue by fellow congregant appeared first on The Forward .",https://forward.com/fast-forward/850217/teen-slashed-in-brooklyn-synagogue-by-fellow-congregant/,The Forward,Shira Li Bartov,2026-09-15T15:08:39,2026-09-15 16:26:02.275484,https://forward.com/?p=850217
Noah Wyle wins an Emmy for playing one of TV’s most Jewish doctors,Jewish director and actor Rob Reiner was also awarded a posthumous Emmy. -- The post Noah Wyle wins an Emmy for playing one of TV’s most Jewish doctors appeared first on Jewish Telegraphic Agency .,https://www.jta.org/2026/09/15/culture/noah-wyle-wins-an-emmy-for-playing-one-of-tvs-most-jewish-doctors,JTA,Andrew Silow-Carroll,2026-09-15T11:16:45,2026-09-15 16:25:59.655558,https://www.jta.org/?p=1908146
Teen slashed in Brooklyn synagogue by fellow congregant,"Police said the suspect was ""emotionally disturbed."" -- The post Teen slashed in Brooklyn synagogue by fellow congregant appeared first on Jewish Telegraphic Agency .",https://www.jta.org/2026/09/15/ny/teen-slashed-in-brooklyn-synagogue-by-fellow-congregant,JTA,Shira Li Bartov,2026-09-15T14:29:02,2026-09-15 16:25:59.655508,https://www.jta.org/?p=1908164
Keren Hayesod chair to step down after claims he tried to hire unqualified ally of Netanyahu’s wife,"In a sudden shake-up at the top of Keren Hayesod, Eli Vered Hazan, the fundraising groups recently elected world chairman, will leave his post at the end of December, just a few months after assuming the role, the organizations CEO, Edna Weinstock Gabbay, told employees on Monday. The departure comes amid growing scrutiny over Hazan’s... Read More The post Keren Hayesod chair to step down after claims he tried to hire unqualified ally of Netanyahu’s wife appeared first on eJewishPhilanthropy .",https://ejewishphilanthropy.com/keren-hayesod-chair-to-step-down-after-claims-he-tried-to-hire-unqualified-ally-of-netanyahus-wife/,eJewish Philanthropy,Justin Hayet,2026-09-15T12:19:20,2026-09-15 16:25:57.346076,https://ejewishphilanthropy.com/?p=180060
"In l’affaire Macklemore, Jewish leaders find they’re damned if they do; damned if they don’t","In response to onstage rants accusing Israel of committing genocide and apartheid, Macklemore was dropped yesterday as the opening act for Ed Sheeran after venue owners — notably including New England Patriots owner Robert Kraft — refused to allow the rapper to take the stage. To many Jewish groups, particularly those who had been calling... Read More The post In l&#8217;affaire Macklemore, Jewish leaders find they&#8217;re damned if they do; damned if they don&#8217;t appeared first on eJewishPhilanthropy .",https://ejewishphilanthropy.com/in-laffaire-macklemore-jewish-leaders-find-their-damned-if-they-do-damned-if-they-dont/,eJewish Philanthropy,Judah Ari Gross,2026-09-15T12:39:53,2026-09-15 16:25:57.346022,https://ejewishphilanthropy.com/?p=180059
Your Daily Phil: Robert Kraft raps Macklemore,The post Your Daily Phil: Robert Kraft raps Macklemore appeared first on eJewishPhilanthropy .,https://ejewishphilanthropy.com/your-daily-phil-robert-kraft-raps-macklemore/,eJewish Philanthropy,EJP,2026-09-15T14:35:21,2026-09-15 16:25:57.345955,https://ejewishphilanthropy.com/?p=180083
NAZA controversy: Israelis are blind to how the world sees our country,What the new documentary about the Gaza war proves more than anything else is how detached most Israelis are from the global discourse on Gaza,https://www.haaretz.com/opinion/2026-09-15/ty-article-opinion/.premium/naza-controversy-israelis-are-blind-to-how-the-world-sees-our-country/000001a0-a3d3-d219-a3ed-bfdb138b0000,Haaretz,Eli W. Kowaz,2026-09-15T06:56:36,2026-09-15 11:15:30.330550,https://www.haaretz.com/opinion/2026-09-15/ty-article-opinion/.premium/naza-controversy-israelis-are-blind-to-how-the-world-sees-our-country/000001a0-a3d3-d219-a3ed-bfdb138b0000
"If they can strip 'NAZA' filmmakers of Israeli citizenship, they can strip ours too",Culture Minister Miki Zohar's threat against Rachel Szor and Yuval Abraham targets every Israeli who speaks out against war crimes in Gaza. What is citizenship worth if keeping it means keeping quiet?,https://www.haaretz.com/opinion/2026-09-15/ty-article-opinion/.premium/if-they-can-strip-naza-makers-of-israeli-citizenship-they-can-strip-ours-too/000001a0-a417-d219-a3ed-bddfbb760000,Haaretz,Rogel Alpher,2026-09-15T08:37:38,2026-09-15 11:15:30.330525,https://www.haaretz.com/opinion/2026-09-15/ty-article-opinion/.premium/if-they-can-strip-naza-makers-of-israeli-citizenship-they-can-strip-ours-too/000001a0-a417-d219-a3ed-bddfbb760000
Israeli startup founder pleads guilty in $27 million U.S. fraud case,"Ilit Raz, the former CEO of the defunct human-resources tech firm Joonko, can receive up to 20 years in prison for misleading investors about revenues, number of customers and their identities",https://www.haaretz.com/israel-news/2026-09-15/ty-article/.premium/israeli-startup-founder-pleads-guilty-in-27-million-u-s-fraud-case/000001a0-a05f-de76-a1f7-bb5f75a10000,Haaretz,Ofir Dor,2026-09-15T08:44:11,2026-09-15 11:15:30.330499,https://www.haaretz.com/israel-news/2026-09-15/ty-article/.premium/israeli-startup-founder-pleads-guilty-in-27-million-u-s-fraud-case/000001a0-a05f-de76-a1f7-bb5f75a10000
19-year-old Arab citizen of Israel arrested on suspicion of planning terror attack,,https://www.haaretz.com/israel-news/israel-security/2026-09-15/ty-article/.premium/arab-israeli-arrested-on-suspicion-of-planning-terror-attack-inspired-by-oct-7/000001a0-a435-dfa9-ada3-ee77ce260000,Haaretz,Yaniv Kubovich,2026-09-15T08:53:37,2026-09-15 11:15:30.330473,https://www.haaretz.com/israel-news/israel-security/2026-09-15/ty-article/.premium/arab-israeli-arrested-on-suspicion-of-planning-terror-attack-inspired-by-oct-7/000001a0-a435-dfa9-ada3-ee77ce260000
The Ceuta crisis exposed Europe's schism on asylum. The hard-liners are winning,Europe is split between the Danish and Spanish approaches to asylum: a fortress Europe curbing migration and a more open Continent attuned to its labor needs and the integration of migrants over the long term,https://www.haaretz.com/world-news/europe/2026-09-15/ty-article-magazine/.premium/the-ceuta-crisis-exposed-europes-schism-on-asylum-the-hard-liners-are-winning/000001a0-9f3c-dfa9-ada3-df7ed14c0000,Haaretz,Liam Hoare,2026-09-15T09:11:34,2026-09-15 11:15:30.330452,https://www.haaretz.com/world-news/europe/2026-09-15/ty-article-magazine/.premium/the-ceuta-crisis-exposed-europes-schism-on-asylum-the-hard-liners-are-winning/000001a0-9f3c-dfa9-ada3-df7ed14c0000
"Photo Essay: The Golan Heights, a Wild West of ruins and structures of power",A photographic exploration of a frontier landscape in a year when even trying to reach it was a risk,https://www.haaretz.com/photo-blog/2026-09-15/ty-article-magazine/.premium/photo-essay-the-golan-heights-a-wild-west-of-ruins-and-structures-of-power/000001a0-a395-ddf1-a3b3-e3b7c9a60000,Haaretz,Ilay Bittan,2026-09-15T09:11:50,2026-09-15 11:15:30.330426,https://www.haaretz.com/photo-blog/2026-09-15/ty-article-magazine/.premium/photo-essay-the-golan-heights-a-wild-west-of-ruins-and-structures-of-power/000001a0-a395-ddf1-a3b3-e3b7c9a60000
The Minister of Scabies isn't done dragging Israeli society down,"Overcrowding, filth and medical neglect have bred a scabies epidemic among Palestinian prisoners – and Itamar Ben-Gvir has vowed to grind conditions down further still",https://www.haaretz.com/opinion/2026-09-15/ty-article-opinion/.premium/the-minister-of-scabies-isnt-done-dragging-israeli-society-down/000001a0-a446-de76-a1f7-bf4e84910000,Haaretz,Amira Hass,2026-09-15T09:36:51,2026-09-15 11:15:30.330402,https://www.haaretz.com/opinion/2026-09-15/ty-article-opinion/.premium/the-minister-of-scabies-isnt-done-dragging-israeli-society-down/000001a0-a446-de76-a1f7-bf4e84910000
Israeli international law scholars call for independent probe into suspected Gaza war crimes,Israeli legal experts reject blanket denials and call for an independent probe into alleged violations during the Gaza war amid U.N. concerns over possible atrocities,https://www.haaretz.com/gaza/2026-09-15/ty-article/.premium/israeli-law-scholars-call-for-independent-probe-into-suspected-gaza-war-crimes/000001a0-a466-d9a4-a3a7-bf76fea50000,Haaretz,Nir Hasson,2026-09-15T09:52:07,2026-09-15 11:15:30.330369,https://www.haaretz.com/gaza/2026-09-15/ty-article/.premium/israeli-law-scholars-call-for-independent-probe-into-suspected-gaza-war-crimes/000001a0-a466-d9a4-a3a7-bf76fea50000
"Police search for missing East Jerusalem woman, fear for her life",,https://www.haaretz.com/israel-news/israel-crime/2026-09-15/ty-article/.premium/police-search-for-missing-east-jerusalem-woman-fear-for-her-life/000001a0-a4a8-dea8-afe0-e4ac2ccf0000,Haaretz,Aaron Rabinowitz,2026-09-15T10:46:59,2026-09-15 11:15:30.330343,https://www.haaretz.com/israel-news/israel-crime/2026-09-15/ty-article/.premium/police-search-for-missing-east-jerusalem-woman-fear-for-her-life/000001a0-a4a8-dea8-afe0-e4ac2ccf0000
Health Ministry advises northern Israeli city to boil tap water after abnormal tests,,https://www.haaretz.com/israel-news/2026-09-15/ty-article/.premium/health-ministry-advises-northern-israeli-city-to-boil-tap-water/000001a0-a488-d1ba-a7af-fdaa1f300000,Haaretz,Maya Roman,2026-09-15T10:48:29,2026-09-15 11:15:30.330321,https://www.haaretz.com/israel-news/2026-09-15/ty-article/.premium/health-ministry-advises-northern-israeli-city-to-boil-tap-water/000001a0-a488-d1ba-a7af-fdaa1f300000
Netanyahu posts election campaign video on official account after Likud denied connection,"The 'Bee Bee' campaign, initiated by a businessman known to be a Netanyahu supporter, sold merchandise on a designated online platform. The same businessman sold Kahanist-branded merchandise on a different website",https://www.haaretz.com/israel-news/elections/2026-09-15/ty-article/.premium/likud-denies-connection-to-secret-online-netanyahu-election-campaign/000001a0-a465-de76-a1f7-bf6d19ce0000,Haaretz,Bar Peleg,2026-09-15T10:49:07,2026-09-15 11:15:30.330291,https://www.haaretz.com/israel-news/elections/2026-09-15/ty-article/.premium/likud-denies-connection-to-secret-online-netanyahu-election-campaign/000001a0-a465-de76-a1f7-bf6d19ce0000
Israel revives ancient grape varieties in Negev vineyards,"Researchers and winemakers are cultivating grapes linked to varieties grown in the region during the Byzantine era, hoping to give Israeli wine a distinctly local flavor.",https://www.jns.org/feature/israel-revives-ancient-grape-varieties-in-negev-vineyards,JNS,Linda Gradstein,2026-09-15T06:51:46,2026-09-15 11:15:22.791917,https://www.jns.org/feature/israel-revives-ancient-grape-varieties-in-negev-vineyards
Global song to mark third anniversary of Oct. 7,"Friends of Zion founder Mike Evans said the international music project, featuring voices representing 17 countries and cultures, was inspired by “We Are the World.”",https://www.jns.org/news/world/global-song-to-mark-third-anniversary-of-oct-7,JNS,Steve Linde,2026-09-15T06:56:42,2026-09-15 11:15:22.791893,https://www.jns.org/news/world/global-song-to-mark-third-anniversary-of-oct-7
"Strong community ties linked to lower mortality risk, Israeli study finds",Study of more than 1.2 million Israelis finds kibbutz residents had significantly lower mortality risk than ultra-Orthodox and non-ultra-Orthodox Jews living in urban communities.,https://www.jns.org/wire/jerusalem-college-of-technology/strong-community-ties-linked-to-lower-mortality-risk-israeli-study-finds,JNS,,2026-09-15T07:15:46,2026-09-15 11:15:22.791859,https://www.jns.org/wire/jerusalem-college-of-technology/strong-community-ties-linked-to-lower-mortality-risk-israeli-study-finds
Netanyahu congratulates Sid Rosenberg on Hall of Fame induction,"The Israeli prime minister praised the New York radio host as a ""voice of truth for Israel"" in a video message ahead of the ceremony.",https://www.jns.org/news/u-s-news/netanyahu-congratulates-sid-rosenberg-on-hall-of-fame-induction,JNS,JNS Staff,2026-09-15T07:22:36,2026-09-15 11:15:22.791834,https://www.jns.org/news/u-s-news/netanyahu-congratulates-sid-rosenberg-on-hall-of-fame-induction
The media’s bloody hands,The next Jew killed will be murdered by a man who watched a broadcast.,https://www.jns.org/opinion/daniel-winston/the-medias-bloody-hands,JNS,Daniel Winston,2026-09-15T07:30:00,2026-09-15 11:15:22.791812,https://www.jns.org/opinion/daniel-winston/the-medias-bloody-hands
"Shin Bet, police arrest Arab-Israeli teen suspected of planning terror attack","Mustafa Issa sought bomb-making guides and materials, according to the security forces who took him into custody.",https://www.jns.org/news/israel-news/shin-bet-police-arrest-arab-israeli-teen-suspected-of-planning-terror-attack,JNS,JNS Staff,2026-09-15T08:03:13,2026-09-15 11:15:22.791792,https://www.jns.org/news/israel-news/shin-bet-police-arrest-arab-israeli-teen-suspected-of-planning-terror-attack
UN Watch report: UNRWA overstated reform implementation,"The NGO's investigation revealed that the agency marked recommendations complete on paper, while leaving systemic terror-screening and curriculum flaws unaddressed.",https://www.jns.org/news/world/un-watch-report-unrwa-overstated-reform-implementation,JNS,JNS Staff,2026-09-15T08:34:21,2026-09-15 11:15:22.791770,https://www.jns.org/news/world/un-watch-report-unrwa-overstated-reform-implementation
"Jewish worshippers pray, sound shofar on Temple Mount on Rosh Hashanah","Praying with hundreds of fellow worshippers on Judaism’s holiest site was a “liberated prayer experience,” said Hebron spokesman Yishai Fleisher.",https://www.jns.org/news/israel-news/jewish-worshippers-pray-sound-shofar-on-temple-mount-on-rosh-hashanah,JNS,JNS Staff,2026-09-15T08:50:59,2026-09-15 11:15:22.791747,https://www.jns.org/news/israel-news/jewish-worshippers-pray-sound-shofar-on-temple-mount-on-rosh-hashanah
Herzog attends Selichot prayers at Western Wall,"""Let us understand that we are all one people,"" the president said. ""May you and the entire House of Israel be sealed for a good year.""",https://www.jns.org/news/israel-news/herzog-attends-selichot-prayers-at-western-wall,JNS,JNS Staff,2026-09-15T09:34:43,2026-09-15 11:15:22.791723,https://www.jns.org/news/israel-news/herzog-attends-selichot-prayers-at-western-wall
Poll: 72% of Israeli Jews want Gaza security perimeter,Most are open to several years of IDF rule in the Strip; Netanyahu leads rivals on suitability to serve as prime minister.,https://www.jns.org/news/israel-news/poll-72-of-israeli-jews-want-gaza-security-perimeter,JNS,Canaan Lidor,2026-09-15T09:48:23,2026-09-15 11:15:22.791700,https://www.jns.org/news/israel-news/poll-72-of-israeli-jews-want-gaza-security-perimeter
The Israeli election that could reshape the Middle East,"“The Meira K Show” brings a fresh, unfiltered look at society and politics in Israel and the Middle East. With her trademark energy and candor, she tackles stories too often ignored or distorted by mainstream media—offering clarity, courage and context in real time. Whether it’s breaking news, border tensions, political drama or cultural shifts, Meira delivers the facts and emotion behind the headlines with honesty and heart. Fast-paced, fearless and fiercely authentic, “The Meira K Show” gives viewers a frontline perspective on Israel’s most pressing challenges and inspiring moments. Each episode captures the urgency of the moment while keeping it grounded in truth and humanity. If you want to stay informed, inspired and connected to the real Israel, this is the show to watch. See more at: @JNS_TV and subscribe to our YouTube channel.",https://www.jns.org/jns-tv/meira-k-show/the-israeli-election-that-could-reshape-the-middle-east,JNS,Meira K,2026-09-15T10:12:05,2026-09-15 11:15:22.791677,https://www.jns.org/jns-tv/meira-k-show/the-israeli-election-that-could-reshape-the-middle-east
Academia under fire,The open and covert struggle for the future of Israeli research.,https://www.jns.org/opinion/tom-yohay/academia-under-fire,JNS,Tom Yohay,2026-09-15T10:15:00,2026-09-15 11:15:22.791617,https://www.jns.org/opinion/tom-yohay/academia-under-fire
The West learned nothing from Oct. 7,"Welcome to “Straight Up,” the bold, unfiltered JNS news show hosted by former director of Israel’s Government Press Office, Danny Seaman. Drawing on decades at the forefront of Israeli media and public diplomacy, he delivers sharp, unapologetic analysis on the issues shaping Israel, the Middle East and the global news narrative. From dismantling myths about the Oslo Accords in the 1990s to the Abraham Accords of 2020 to exposing the Iran-Hezbollah-Hamas alliance and the Western media’s bias against Israel, Seaman’s commentary is fearless, factual and grounded in firsthand experience. His direct, authoritative voice cuts through propaganda to reveal what’s driving events in the region. Each week, “Straight Up” dives deep into the biggest stories in Israeli news, featuring in-depth conversations with journalists, security experts and policymakers who know the facts behind the headlines. Seaman’s no-spin approach sheds light on the moral, strategic and political challenges facing Israel—from countering terror and defending democracy to navigating its relationships with the United States and Arab world. Candid, uncompromising and deeply informed, “Straight Up” is the show for viewers who want to understand Israel and the Middle East as they truly are—without filters, without fear and straight to the point. See more at: @JNS_TV and subscribe to our YouTube channel.",https://www.jns.org/jns-tv/straight-up/the-west-learned-nothing-from-oct-7,JNS,Daniel Seaman,2026-09-15T10:17:15,2026-09-15 11:15:22.791597,https://www.jns.org/jns-tv/straight-up/the-west-learned-nothing-from-oct-7
The West forgot 9/11. Israel can’t afford to,"“The Quad” is a dynamic weekly panel show hosted by Fleur Hassan-Nahoum, Israel’s innovation envoy and former deputy mayor of Jerusalem. The series brings together a powerhouse lineup of bold, insightful women to tackle the most pressing stories from Israel, the Middle East and the Jewish world. With Fleur at the helm, “The Quad” features regular co-hosts, including Shoshana Keats-Jaskel, founder of Chochmat Nashim; journalist and human-rights activist Emily Schrader and other leading voices shaping conversation and change. Through sharp analysis, diverse perspectives and unapologetic commentary, “The Quad” confronts the complex political, cultural and social challenges facing Israel and the Jewish people. Each episode cuts through noise and narrative spin to deliver insight and debate, and to empower female perspectives on issues that define our time. Bold, informed and refreshingly authentic, “The Quad” redefines how Israel and the Middle East are discussed, one conversation at a time. See more at: @JNS_TV and subscribe to our YouTube channel.",https://www.jns.org/jns-tv/the-quad/the-west-forgot-9-11-israel-cant-afford-to,JNS,Emily Schrader,2026-09-15T10:21:14,2026-09-15 11:15:22.791519,https://www.jns.org/jns-tv/the-quad/the-west-forgot-9-11-israel-cant-afford-to
Second Israeli carrier to fly to Morocco this fall,El Al’s subsidiary Sun d’Or said it will offer service to Marrakech starting in November.,https://www.jns.org/news/israel-news/second-israeli-carrier-to-fly-to-morocco-this-fall,JNS,Etgar Lefkovits,2026-09-15T10:24:21,2026-09-15 11:15:22.791450,https://www.jns.org/news/israel-news/second-israeli-carrier-to-fly-to-morocco-this-fall
President Eisenhower’s great-grandson to headline Stan Greenspon Holocaust Education Center event,"Merrill Eisenhower Atwater will discuss Holocaust remembrance, education and his great-grandfather’s legacy at the Knight Theater Sept. 30.",https://www.jns.org/wire/stan-greenspon-holocaust-education-center/president-eisenhowers-great-grandson-to-headline-stan-greenspon-holocaust-education-center-event,JNS,,2026-09-15T10:25:09,2026-09-15 11:15:22.791427,https://www.jns.org/wire/stan-greenspon-holocaust-education-center/president-eisenhowers-great-grandson-to-headline-stan-greenspon-holocaust-education-center-event
How Iran and the Houthis turned AI into a weapon,"Welcome to “Axis of Truth,” a fearless JNS series hosted by Emily Schrader—renowned journalist, human-rights activist and outspoken critic of authoritarian regimes. Each week, Schrader cuts through spin and censorship to uncover the political agendas, media manipulation and propaganda shaping Israel news and the broader Middle East. From Tehran to Tel Aviv and Washington to Damascus, “Axis of Truth” confronts the narratives driving conflict, misinformation and moral confusion in global coverage of Israel. Whether dissecting the Iranian regime’s election theater, Hamas’s tactics or the Western media’s distortion of Jewish self-defense, Schrader brings clarity and courage to stories too often clouded by ideology. Featuring in-depth interviews with dissidents, security experts, political leaders and journalists, Axis of Truth delivers hard-hitting analysis and unfiltered commentary on the issues that define the Middle East today. Episodes range from exclusive reporting on Gaza and Iran to exposés of Western hypocrisy, social media disinformation and the global networks enabling terror. With a sharp focus on facts, context and accountability, Schrader challenges both policymakers and the press to tell the truth about Israel’s fight for survival and the threats facing free societies. See more at: @JNS_TV and subscribe to our YouTube channel.",https://www.jns.org/jns-tv/axis-of-truth/how-iran-and-the-houthis-turned-ai-into-a-weapon,JNS,Emily Schrader,2026-09-15T10:25:22,2026-09-15 11:15:22.791397,https://www.jns.org/jns-tv/axis-of-truth/how-iran-and-the-houthis-turned-ai-into-a-weapon
Democrats Party seeks to bar Ben-Gvir’s faction from Knesset elections,"Israel’s National Security Minister slammed the slate led by Gen. (res.) Yair Golan, dubbing it “an antisemitic, anti-Israel party.”",https://www.jns.org/news/israel-news/democrats-party-seeks-to-bar-ben-gvirs-faction-from-knesset-elections,JNS,JNS Staff,2026-09-15T10:53:41,2026-09-15 11:15:22.791307,https://www.jns.org/news/israel-news/democrats-party-seeks-to-bar-ben-gvirs-faction-from-knesset-elections
'NAZA' filmmaker says he fears returning to Israel,Yuval Abraham pledged to work on screening the film there quickly.,https://www.jns.org/news/culture-and-society/naza-filmmaker-says-he-fears-returning-to-israel,JNS,JNS Staff,2026-09-15T11:12:38,2026-09-15 11:15:22.791268,https://www.jns.org/news/culture-and-society/naza-filmmaker-says-he-fears-returning-to-israel
Police investigating threats against prominent Munich Holocaust survivor and AfD opponent,"(JTA) — Police said they are investigating death threats made against a senior Jewish leader in Germany, after she criticized the far-right Alternative for Germany (AfD) party. A witness found graffiti scrawled in white ink on a park bench and a trash bin in Munich’s English Garden park, threatening the life of 93-year-old Holocaust survivor... The post Police investigating threats against prominent Munich Holocaust survivor and AfD opponent appeared first on The Forward .",https://forward.com/fast-forward/850154/police-investigating-threats-against-prominent-munich-holocaust-survivor-and-afd-opponent/,The Forward,Toby Axelrod,2026-09-15T08:37:42,2026-09-15 11:15:15.972574,https://forward.com/?p=850154
NAZA exposes Israel’s crisis of credibility over Gaza,"More than two decades ago, when I was the The Associated Press bureau chief for Israel, the West Bank and Gaza, the Israeli military called off an attack on a senior Hamas leader after learning at the last moment that family members and children were inside the targeted building. What stayed with me was what... The post NAZA exposes Israel’s crisis of credibility over Gaza appeared first on The Forward .",https://forward.com/opinion/850157/naza-israel-crisis-of-credibility-gaza/,The Forward,Dan Perry,2026-09-15T08:40:27,2026-09-15 11:15:15.972520,https://forward.com/?p=850157
Police investigating threats against prominent Munich Holocaust survivor and AfD opponent,"In a separate incident, a woman wearing a Star of David necklace attacked in Berlin -- The post Police investigating threats against prominent Munich Holocaust survivor and AfD opponent appeared first on Jewish Telegraphic Agency .",https://www.jta.org/2026/09/15/global/police-investigating-threats-against-prominent-munich-holocaust-survivor-and-afd-opponent,JTA,Toby Axelrod,2026-09-15T07:30:51,2026-09-15 11:15:13.208279,https://www.jta.org/?p=1908141
Staunch Israel supporter Coons expected to win Delaware Democratic Senate primary handily,Progressives have pushed back against his refusal to back measures that would cut military aid to Israel. -- The post Staunch Israel supporter Coons expected to win Delaware Democratic Senate primary handily appeared first on Jewish Telegraphic Agency .,https://www.jta.org/2026/09/15/politics/staunch-israel-supporter-coons-expected-to-win-delaware-democratic-senate-primary-handily,JTA,Sharon Udasin,2026-09-15T11:12:13,2026-09-15 11:15:13.208240,https://www.jta.org/?p=1908132
Don’t cancel the ritual: The case for annual galas,"For 10 years without fail, while we still lived in the United States and our kids were young, my family made the same trip: Every summer, we would drive up to Story Land and the North Conway area of New Hampshire. Each time, we did more or less the same things we did the year... Read More The post Don&#8217;t cancel the ritual: The case for annual galas appeared first on eJewishPhilanthropy .",https://ejewishphilanthropy.com/dont-cancel-the-ritual-the-case-for-annual-galas/,eJewish Philanthropy,Jonah Halper,2026-09-15T06:32:34,2026-09-15 11:15:10.233228,https://ejewishphilanthropy.com/?p=179998
"In 5787, we celebrate Jewish excellence","I grew up in Northern California in the ‘90s — a time and place that could certainly contend for a top-five spot on any “Golden Age of American Jews” list. The safety and comfort of my childhood stood in stark contrast to that of my grandparents, both Holocaust survivors. Some of my earliest lessons about... Read More The post In 5787, we celebrate Jewish excellence appeared first on eJewishPhilanthropy .",https://ejewishphilanthropy.com/in-5787-we-celebrate-jewish-excellence/,eJewish Philanthropy,Emily Kane Miller,2026-09-15T09:13:00,2026-09-15 11:15:10.233179,https://ejewishphilanthropy.com/?p=180027
"Defense chiefs say regional solution, not solo Israeli action, best response to Houthi threat","Officials argue a targeted military response is insufficient and urge an international coalition to counter the threat, citing serious risks to global shipping and stability",https://www.haaretz.com/israel-news/israel-security/2026-09-15/ty-article/.premium/defense-chiefs-say-regional-solution-is-best-response-to-houthi-threat/000001a0-a18e-dfa9-ada3-ebce5ad60000,Haaretz,Yaniv Kubovich,2026-09-15T00:41:25,2026-09-15 05:55:09.378453,https://www.haaretz.com/israel-news/israel-security/2026-09-15/ty-article/.premium/defense-chiefs-say-regional-solution-is-best-response-to-houthi-threat/000001a0-a18e-dfa9-ada3-ebce5ad60000
"Assistant in Israeli daycare center jailed for seven years for abusing, assaulting infants",Kindergarten teacher's assistant sentenced to seven years in prison for' systematically and cruelly' abusing children in her care,https://www.haaretz.com/israel-news/israel-crime/2026-09-15/ty-article/.premium/daycare-aide-jailed-for-seven-years-for-abusing-assaulting-infants/000001a0-a185-dceb-abe2-ad8d137b0000,Haaretz,Yair Foldes,2026-09-15T00:51:33,2026-09-15 05:55:09.378420,https://www.haaretz.com/israel-news/israel-crime/2026-09-15/ty-article/.premium/daycare-aide-jailed-for-seven-years-for-abusing-assaulting-infants/000001a0-a185-dceb-abe2-ad8d137b0000
Saudi-led coalition says 13 civilians wounded in Houthi attacks on three Saudi cities,,https://www.haaretz.com/israel-news/israel-security/2026-09-15/ty-article-live/saudi-led-coalition-says-13-injured-in-houthi-attacks-on-three-saudi-cities/000001a0-a2c3-dceb-abe2-aecbaeef0000,Haaretz,Haaretz,2026-09-15T02:05:03,2026-09-15 05:55:09.378390,https://www.haaretz.com/israel-news/israel-security/2026-09-15/ty-article-live/saudi-led-coalition-says-13-injured-in-houthi-attacks-on-three-saudi-cities/000001a0-a2c3-dceb-abe2-aecbaeef0000
Activists sue Columbia for alleged failure to protect pro-Palestinian students,"The lawsuit accuses Columbia of failing to protect students from threats, doxxing and harassment over their Palestinian advocacy. Mahmoud Khalil, who spent 104 days in immigration detention, still faces possible deportation",https://www.haaretz.com/us-news/2026-09-15/ty-article/activists-sue-columbia-for-alleged-failure-to-protect-pro-palestinian-students/000001a0-a2e0-d219-a3ed-bffa91850000,Haaretz,Reuters,2026-09-15T02:32:38,2026-09-15 05:55:09.378357,https://www.haaretz.com/us-news/2026-09-15/ty-article/activists-sue-columbia-for-alleged-failure-to-protect-pro-palestinian-students/000001a0-a2e0-d219-a3ed-bffa91850000
Police officer tied to illegal West Bank antiquities thefts also visited Area A cave,"Meir Rotter, head of the police ultra-Orthodox unit, entered a West Bank cave with soldiers without authority following previous allegations of unauthorized artifact seizures",https://www.haaretz.com/israel-news/israel-security/2026-09-15/ty-article/.premium/police-officer-tied-to-illegal-west-bank-antiquities-thefts-visited-area-a-cave/000001a0-a18f-de76-a1f7-bbcf34ad0000,Haaretz,Nir Hasson,2026-09-15T03:00:23,2026-09-15 05:55:09.378319,https://www.haaretz.com/israel-news/israel-security/2026-09-15/ty-article/.premium/police-officer-tied-to-illegal-west-bank-antiquities-thefts-visited-area-a-cave/000001a0-a18f-de76-a1f7-bbcf34ad0000
The cynicism behind Labour’s ban on Israeli goods,"Why sanctions are about London ballots, not Middle East peace.",https://www.jns.org/opinion/adam-mallerman/the-cynicism-behind-labours-ban-on-israeli-goods,JNS,Adam Mallerman,2026-09-15T04:15:00,2026-09-15 05:55:02.629322,https://www.jns.org/opinion/adam-mallerman/the-cynicism-behind-labours-ban-on-israeli-goods
New discoveries shed light on ancient Jerusalem at City of David conference,"Archaeologists presented fresh findings on the Israeli capital's ancient fortifications, water systems, roads and pilgrimage routes.",https://www.jns.org/feature/new-discoveries-shed-light-on-ancient-jerusalem-at-city-of-david-conference,JNS,Eve Harow,2026-09-15T05:39:07,2026-09-15 05:55:02.629295,https://www.jns.org/feature/new-discoveries-shed-light-on-ancient-jerusalem-at-city-of-david-conference
‘Aliyah in One’ makes aliyah easier for aspiring North American immigrants,"A Nefesh B’Nefesh October event in Queens offers Jewish Agency interviews, apostille services, federal background checks and more.",https://www.jns.org/aliyah-in-one-makes-aliyah-easier-for-aspiring-north-american-immigrants,JNS,Howard Blas,2026-09-15T05:47:06,2026-09-15 05:55:02.629256,https://www.jns.org/aliyah-in-one-makes-aliyah-easier-for-aspiring-north-american-immigrants
"Daily Cartoon, September 15, 2026",,https://www.haaretz.com/opinion/daily-cartoon/2026-09-15/ty-article-opinion/daily-cartoon-september-15-2026/000001a0-a1df-dceb-abe2-addf17bd0000,Haaretz,Amos Biderman,2026-09-14T21:47:44,2026-09-15 00:21:46.660766,https://www.haaretz.com/opinion/daily-cartoon/2026-09-15/ty-article-opinion/daily-cartoon-september-15-2026/000001a0-a1df-dceb-abe2-addf17bd0000
"Over 200 Israeli filmmakers sign petition in support of creators of 'NAZA,' which features allegations of Israeli mass killing in Gaza","Amid vociferous criticism of the film, which won the special jury prize at the Venice Film Festival, the petition states that 'the central role of art and journalism is to hold a mirror up to the society in which they exist'",https://www.haaretz.com/israel-news/israel-politics/2026-09-15/ty-article/over-200-israeli-filmmakers-sign-petition-supporting-the-creators-of-naza/000001a0-9fb2-dc0f-a1ab-dfb2b15b0000,Haaretz,Nirit Anderman,2026-09-14T22:03:38,2026-09-15 00:21:46.660746,https://www.haaretz.com/israel-news/israel-politics/2026-09-15/ty-article/over-200-israeli-filmmakers-sign-petition-supporting-the-creators-of-naza/000001a0-9fb2-dc0f-a1ab-dfb2b15b0000
Israel must stop lecturing 'NAZA' filmmakers and let the press do its job in Gaza,,https://www.haaretz.com/opinion/2026-09-15/ty-article-opinion/.premium/israel-must-stop-lecturing-filmmakers-and-let-the-press-do-its-job-in-gaza/000001a0-a129-d219-a3ed-bdfbb8080000,Haaretz,Noa Landau,2026-09-14T22:20:03,2026-09-15 00:21:46.660714,https://www.haaretz.com/opinion/2026-09-15/ty-article-opinion/.premium/israel-must-stop-lecturing-filmmakers-and-let-the-press-do-its-job-in-gaza/000001a0-a129-d219-a3ed-bdfbb8080000
Israel's ugly and undemocratic efforts to bar Arab parties must end,The Netanyahu bloc's latest effort to bar Arab parties is not about defending democracy. It is about weakening the opposition and denying a fifth of Israel's citizens their full political representation,https://www.haaretz.com/opinion/editorial/2026-09-15/ty-article-opinion/israels-ugly-and-undemocratic-efforts-to-bar-arab-parties-must-end/000001a0-a180-dfa9-ada3-ebc21e270000,Haaretz,Haaretz Editorial,2026-09-14T22:26:05,2026-09-15 00:21:46.660682,https://www.haaretz.com/opinion/editorial/2026-09-15/ty-article-opinion/israels-ugly-and-undemocratic-efforts-to-bar-arab-parties-must-end/000001a0-a180-dfa9-ada3-ebc21e270000
"Who am I, really?","The soul is awakened on Yom Kippur, and we encounter who we really and truly are.",https://www.jns.org/opinion/column/rabbi-yossy-goldman/who-am-i-really,JNS,Rabbi Yossy Goldman,2026-09-14T21:00:00,2026-09-15 00:21:39.538009,https://www.jns.org/opinion/column/rabbi-yossy-goldman/who-am-i-really
Michigan synagogue returns Torah to ark for first time after terror attack,"After months of holding services in borrowed spaces, congregants returned to their sanctuary nearly six months after a truck attack targeted Temple Israel in West Bloomfield Township, Mich.",https://www.jns.org/news/u-s-news/michigan-synagogue-returns-torah-to-ark-for-first-time-after-terror-attack,JNS,,2026-09-14T21:45:07,2026-09-15 00:21:39.537971,https://www.jns.org/news/u-s-news/michigan-synagogue-returns-torah-to-ark-for-first-time-after-terror-attack
Man arrested for allegedly making Jew-hatred threats against Ben Shapiro,"The affidavit, which JNS obtained, stated that the suspect “invoked antisemitic conspiratorial themes as justification for the intended killing, attributing violence to ‘semites,’ to ‘Tel Aviv’ and to ‘a foreign government.’”",https://www.jns.org/news/u-s-news/man-arrested-for-allegedly-making-jew-hatred-threats-against-ben-shapiro,JNS,,2026-09-14T21:54:26,2026-09-15 00:21:39.537945,https://www.jns.org/news/u-s-news/man-arrested-for-allegedly-making-jew-hatred-threats-against-ben-shapiro
New scrutiny over 'NY Times' Gaza coverage in journal article,"The scholarly study found a dominant narrative that placed ""near-exclusive agency and responsibility"" on Israel while downplaying Hamas’s role in the conflict.",https://www.jns.org/news/u-s-news/new-scrutiny-over-ny-times-gaza-coverage-in-journal-article,JNS,David Isaac,2026-09-14T22:49:44,2026-09-15 00:21:39.537910,https://www.jns.org/news/u-s-news/new-scrutiny-over-ny-times-gaza-coverage-in-journal-article
"US airman recounts surviving F-15E crash, rescue from Iranian pursuers","The airman described the moment the plane was struck and their immediate realization that it was a catastrophic hit, like ""getting hit by a freight train.""",https://www.jns.org/news/u-s-news/us-airman-recounts-surviving-f-15e-crash-rescue-from-iranian-pursuers,JNS,David Isaac,2026-09-14T23:05:27,2026-09-15 00:21:39.537884,https://www.jns.org/news/u-s-news/us-airman-recounts-surviving-f-15e-crash-rescue-from-iranian-pursuers
"Piker's scheduled appearance at UT Austin 'deeply concerning,' Dem congressman says","""Free speech allows difficult and controversial views, but it does not require anyone to stay silent when someone has a history of hateful comments about Jewish Americans, 9/11 and Hamas terrorism,"" said Rep. Henry Cuellar.",https://www.jns.org/news/u-s-news/pikers-scheduled-appearance-at-ut-austin-deeply-concerning-dem-congressman-says,JNS,Jessica Russak-Hoffman,2026-09-14T23:09:11,2026-09-15 00:21:39.537858,https://www.jns.org/news/u-s-news/pikers-scheduled-appearance-at-ut-austin-deeply-concerning-dem-congressman-says
B’nai B’rith’s new CEO seeks ‘rebirth’ for oldest US Jewish organization,"“It can’t just be business as usual,” Evan R. Bernstein told JNS. “We’re not done yet.”",https://www.jns.org/feature/bnai-briths-new-ceo-seeks-rebirth-for-oldest-us-jewish-organization,JNS,Andrew Bernard,2026-09-14T23:44:49,2026-09-15 00:21:39.537830,https://www.jns.org/feature/bnai-briths-new-ceo-seeks-rebirth-for-oldest-us-jewish-organization
Trump nominates Rep. Wesley Hunt to be Saudi Arabia envoy,"""I know the region. I know what is at stake,"" the Republican congressman said.",https://www.jns.org/news/u-s-news/trump-nominates-rep-wesley-hunt-to-be-saudi-arabia-envoy,JNS,,2026-09-14T23:52:16,2026-09-15 00:21:39.537801,https://www.jns.org/news/u-s-news/trump-nominates-rep-wesley-hunt-to-be-saudi-arabia-envoy
Trump nominates Franklin Graham's daughter for religious ambassador role,"On her podcast, Jane Lynch has spoken against Jew-hatred on college campuses and expressed her support for Israel as a Christian Zionist.",https://www.jns.org/news/u-s-news/trump-nominates-franklin-grahams-daughter-for-religious-ambassador-role,JNS,,2026-09-14T23:56:03,2026-09-15 00:21:39.537775,https://www.jns.org/news/u-s-news/trump-nominates-franklin-grahams-daughter-for-religious-ambassador-role
The false narrative about post-9/11 Islamophobia legitimizes antisemitism,The obsession with a mythical backlash against Muslims promoted by the political left and liberal media didn’t just distort anniversary coverage. It builds sympathy for Islamist Jew-hatred.,https://www.jns.org/opinion/column/jonathan-s-tobin/the-false-narrative-about-post-9-11-islamophobia-legitimizes-antisemitism,JNS,Jonathan S. Tobin,2026-09-15T00:10:10,2026-09-15 00:21:39.537737,https://www.jns.org/opinion/column/jonathan-s-tobin/the-false-narrative-about-post-9-11-islamophobia-legitimizes-antisemitism
"Israelis unite against a new enemy: 'NAZA,' a film no one has seen","While the evidence of Israeli war crimes in the documentary film 'NAZA' may be extraordinary, the Israeli response to it is not",https://www.haaretz.com/israel-news/haaretz-today/2026-09-14/ty-article/.highlight/israelis-unite-against-a-new-enemy-naza-a-film-no-one-has-seen/000001a0-a0f5-d219-a3ed-bdff05350000,Haaretz,David Issacharoff,2026-09-14T17:47:24,2026-09-14 21:35:11.070221,https://www.haaretz.com/israel-news/haaretz-today/2026-09-14/ty-article/.highlight/israelis-unite-against-a-new-enemy-naza-a-film-no-one-has-seen/000001a0-a0f5-d219-a3ed-bdff05350000
"Netanyahu rivals accuse 'NAZA' film of 'horrific blood libel,' say filmmakers 'enemies of Israel'","Gadi Eisenkot, Naftali Bennett and Avigdor Lieberman joined right-wing leaders in denouncing the award-winning Gaza documentary, while Democrats leader Yair Golan has remained silent",https://www.haaretz.com/israel-news/elections/2026-09-14/ty-article/.premium/netanyahu-rivals-naza-horrific-blood-libel-filmmakers-enemies-of-israel/000001a0-a029-dceb-abe2-ac29e2ba0000,Haaretz,Ben Kroll,2026-09-14T18:03:31,2026-09-14 21:35:11.070193,https://www.haaretz.com/israel-news/elections/2026-09-14/ty-article/.premium/netanyahu-rivals-naza-horrific-blood-libel-filmmakers-enemies-of-israel/000001a0-a029-dceb-abe2-ac29e2ba0000
Netanyahu's Likud seeks to disqualify Arab party from 2026 Knesset election run,"The Likud's request said Mansour Abbas' UAL supports Hamas and denies Israel's existence as a Jewish and democratic state. The Democrats, meanwhile, seek to disqualify Ben-Gvir's Otzma Yehudit party",https://www.haaretz.com/israel-news/elections/2026-09-14/ty-article/.premium/netanyahus-likud-seeks-to-disqualify-arab-party-from-2026-knesset-election-run/000001a0-a0bc-d878-a7b2-b4bcedc10000,Haaretz,Chen Maanit,2026-09-14T19:15:46,2026-09-14 21:35:11.070165,https://www.haaretz.com/israel-news/elections/2026-09-14/ty-article/.premium/netanyahus-likud-seeks-to-disqualify-arab-party-from-2026-knesset-election-run/000001a0-a0bc-d878-a7b2-b4bcedc10000
Syria fuel price hikes trigger widest protests since the fall of the Assad regime,"The price hikes come as Syria faces fuel supply pressures linked to disruptions in Russian exports. The UN estimates that 90 percent of Syrians are below the poverty line, as protesters demand the government take action",https://www.haaretz.com/middle-east-news/syria/2026-09-14/ty-article/syria-fuel-price-hikes-trigger-widest-protests-since-assad-fall/000001a0-a113-d9a4-a3a7-bf7368a70000,Haaretz,Reuters,2026-09-14T19:30:02,2026-09-14 21:35:11.070137,https://www.haaretz.com/middle-east-news/syria/2026-09-14/ty-article/syria-fuel-price-hikes-trigger-widest-protests-since-assad-fall/000001a0-a113-d9a4-a3a7-bf7368a70000
Israeli elections poll projects tie between blocs as Eisenkot bloc slips,"According to a Kan 11 poll, each of the blocs wins 52 seats, as Yoaz Hendel's non-aligned party passes the electoral threshold. Eisenkot loses three seats, according to a Channel 12 poll, while Likud weakens by one",https://www.haaretz.com/israel-news/elections/2026-09-14/ty-article/.premium/israeli-elections-poll-projects-tie-between-blocs-as-eisenkot-bloc-slips/000001a0-a156-de4d-a3ed-f57620470000,Haaretz,Haaretz,2026-09-14T20:30:58,2026-09-14 21:35:11.070104,https://www.haaretz.com/israel-news/elections/2026-09-14/ty-article/.premium/israeli-elections-poll-projects-tie-between-blocs-as-eisenkot-bloc-slips/000001a0-a156-de4d-a3ed-f57620470000
Israeli and Lebanese envoys to U.S. to meet this week in Washington,Israel is frustrated with the Lebanese army's unwillingness to confront Hezbollah directly in the limited pilot zones already under its control. Lebanon is also reluctant after the IDF demolished Hezbollah's tunnels under the Ali Taher Ridge,https://www.haaretz.com/middle-east-news/lebanonnews/2026-09-14/ty-article/.premium/israeli-and-lebanese-envoys-to-u-s-to-meet-this-week-in-washington/000001a0-a149-d9a4-a3a7-bf7b454c0000,Haaretz,Liza Rozovsky,2026-09-14T20:41:28,2026-09-14 21:35:11.070053,https://www.haaretz.com/middle-east-news/lebanonnews/2026-09-14/ty-article/.premium/israeli-and-lebanese-envoys-to-u-s-to-meet-this-week-in-washington/000001a0-a149-d9a4-a3a7-bf7b454c0000
"In the Age of Online Extremism and Hate, Our Tools for Fighting Terror and Antisemitism Must Change","For the last 25 years, America has measured our national security by how well it defended its perimeter: fortified borders,...",https://www.algemeiner.com/2026/09/14/in-age-online-extremism-hate-our-tools-fighting-terror-antisemitism-must-change/,Algemeiner,George Selim,2026-09-14T18:09:17,2026-09-14 21:35:06.525163,https://www.algemeiner.com/?p=779569
Syria Fuel Price Hikes Trigger Widest Protests Since Assad Fall,"A sharp rise in fuel prices over the weekend has sparked protests across Syria, in the country&#8217;s most widespread demonstrations since the toppling of Bashar al-Assad almost two...",https://www.algemeiner.com/2026/09/14/syria-fuel-price-hikes-trigger-widest-protests-since-assad-fall/,Algemeiner,Reuters and Algemeiner Staff,2026-09-14T18:16:54,2026-09-14 21:35:06.525135,https://www.algemeiner.com/?p=779604
Iran Protests as US Prevents Its Nuclear Chief Attending IAEA Meeting,"The United States blocked Iran&#8216;s nuclear chief from attending this week&#8217;s UN atomic watchdog meeting in Vienna by opposing an exemption from so-called &#8220;snapback&#8221; UN sanctions,...",https://www.algemeiner.com/2026/09/14/iran-protests-us-prevents-nuclear-chief-attending-iaea-meeting/,Algemeiner,Reuters and Algemeiner Staff,2026-09-14T18:20:52,2026-09-14 21:35:06.525105,https://www.algemeiner.com/?p=779607
Houthis Attack Saudi Arabia as Gulf-Iran Talks Are Postponed,"Yemen&#8217;s Iran-backed Houthis launched a new attack on Saudi Arabia on Monday and Gulf Arab states postponed planned talks with Iran, underscoring...",https://www.algemeiner.com/2026/09/14/houthis-attack-saudi-arabia-gulf-iran-talks-postponed/,Algemeiner,Reuters and Algemeiner Staff,2026-09-14T18:26:04,2026-09-14 21:35:06.525062,https://www.algemeiner.com/?p=779611
Israeli Minister Calls for Israeli Filmmakers Behind ‘Vile’ ‘NAZA’ Documentary to Be Stripped of Citizenship,Israel&#8217;s Minister of Culture and Sports Miki Zohar said on Monday that he has taken action to examine whether the...,https://www.algemeiner.com/2026/09/14/israeli-minister-calls-israeli-filmmakers-behind-vile-naza-documentary-stripped-citizenship/,Algemeiner,Shiryn Ghermezian,2026-09-14T19:04:53,2026-09-14 21:35:06.525034,https://www.algemeiner.com/?p=779557
Macklemore Responds After Being Dropped From Ed Sheeran Tour Over ‘Free Palestine’ Speeches Onstage,Macklemore has been removed from the remainder of Ed Sheeran&#8217;s North American tour after proclaiming &#8220;Free Palestine&#8221; and giving anti-Israel...,https://www.algemeiner.com/2026/09/14/macklemore-responds-being-dropped-ed-sheeran-tour-free-palestine-speeches-onstage/,Algemeiner,Shiryn Ghermezian,2026-09-14T19:15:28,2026-09-14 21:35:06.525004,https://www.algemeiner.com/?p=779561
Jewish Civil Rights Heavyweight Files Amicus Brief in Orthodox Religious Freedom Case,The Louis D. Brandeis Center for Human Rights Under Law on Monday implored the US Supreme Court to halt an...,https://www.algemeiner.com/2026/09/14/jewish-civil-rights-heavyweight-files-amicus-brief-orthodox-religious-freedom-case/,Algemeiner,Dion J. Pierre,2026-09-14T19:48:42,2026-09-14 21:35:06.524973,https://www.algemeiner.com/?p=779559
France’s Young Voters Rally Behind Anti-Israel Far Left as Political Extremes Rise Ahead of 2027 Presidential Race,"As candidates on both the far right and far left gain ground ahead of France&#8217;s 2027 presidential election, growing support...",https://www.algemeiner.com/2026/09/14/frances-young-voters-rally-behind-anti-israel-far-left-political-extremes-rise-ahead-2027-presidential-race/,Algemeiner,Ailin Vilches Arguello,2026-09-14T20:36:26,2026-09-14 21:35:06.524946,https://www.algemeiner.com/?p=779620
"Iranian Operatives Using AI to Target Jews, Israelis, Anthropic Report Says",Iran-linked operatives have used artificial intelligence (AI) to profile hundreds of Israelis and members of the Jewish diaspora as part...,https://www.algemeiner.com/2026/09/14/iranian-operatives-using-ai-target-jews-israelis-anthropic-report-says/,Algemeiner,Corey Walker,2026-09-14T20:48:59,2026-09-14 21:35:06.524914,https://www.algemeiner.com/?p=779628
Norway Weighs Bill to Criminalize Trade With Israeli Settlements as Europe’s Boycott Campaign Grows,"Norway is weighing new legislation to ban trade with Israeli communities in the West Bank, under which violations could result...",https://www.algemeiner.com/2026/09/14/norway-weighs-bill-criminalize-trade-israeli-settlements-europes-boycott-campaign-grows/,Algemeiner,Ailin Vilches Arguello,2026-09-14T21:01:30,2026-09-14 21:35:06.524880,https://www.algemeiner.com/?p=779632
Extended crossing times on Shabbat at Skokie intersection,"Ann Tennes, mayor of the heavily Jewish village, told JNS that “there were people trying to cross pushing wheelchairs and with small children,” and “they just didn’t have enough time.”",https://www.jns.org/news/u-s-news/extended-crossing-times-on-shabbat-at-skokie-intersection,JNS,Aaron Bandler,2026-09-14T18:08:38,2026-09-14 21:35:04.153646,https://www.jns.org/news/u-s-news/extended-crossing-times-on-shabbat-at-skokie-intersection
Emory University launches institute to combat antisemitism,"Founded by former U.S. antisemitism envoy Deborah Lipstadt, the institute will study policy responses to Jew-hatred and train leaders to confront it.",https://www.jns.org/news/u-s-news/emory-university-launches-institute-to-combat-antisemitism,JNS,,2026-09-14T18:18:15,2026-09-14 21:35:04.153616,https://www.jns.org/news/u-s-news/emory-university-launches-institute-to-combat-antisemitism
CUNY says it will not divest from Israel after disclosing investment portfolio sought by anti-Israel activists,"""The university has made it clear it will not participate in divestment and is prohibited by law,"" a university spokesperson told JNS.",https://www.jns.org/news/u-s-news/cuny-says-it-will-not-divest-from-israel-after-disclosing-investment-portfolio-sought-by-anti-israel-activists,JNS,Jessica Russak-Hoffman,2026-09-14T18:33:21,2026-09-14 21:35:04.153588,https://www.jns.org/news/u-s-news/cuny-says-it-will-not-divest-from-israel-after-disclosing-investment-portfolio-sought-by-anti-israel-activists
The suicide of American Jewish leadership,"American Jews must understand that their current leaders cannot save them. And so, they must save themselves.",https://www.jns.org/opinion/column/benjamin-kerstein/the-suicide-of-american-jewish-leadership,JNS,Benjamin Kerstein,2026-09-14T19:00:00,2026-09-14 21:35:04.153559,https://www.jns.org/opinion/column/benjamin-kerstein/the-suicide-of-american-jewish-leadership
City Harvest’s holiday food drive helps put food on tables of Jewish New Yorkers,"It plans to deliver 9.2 million pounds of food, including fresh produce and kosher meat, to 29 kosher-food programs citywide.",https://www.jns.org/news/u-s-news/city-harvests-holiday-food-drive-helps-put-food-on-tables-of-jewish-new-yorkers,JNS,,2026-09-14T19:55:35,2026-09-14 21:35:04.153534,https://www.jns.org/news/u-s-news/city-harvests-holiday-food-drive-helps-put-food-on-tables-of-jewish-new-yorkers
Ohio Republican fires campaign political director for using Nazi soldiers in social-media profile photo,"Stephen B. Woytek, 25, who worked for Sen. Jon Husted's campaign, told The Washington Post that while he participates in historical re-enactments, he should have “exercised better judgment.""",https://www.jns.org/news/u-s-news/ohio-republican-fires-campaign-political-director-for-using-nazi-soldiers-in-social-media-profile-photo,JNS,,2026-09-14T20:00:00,2026-09-14 21:35:04.153504,https://www.jns.org/news/u-s-news/ohio-republican-fires-campaign-political-director-for-using-nazi-soldiers-in-social-media-profile-photo
Michigan Jews don’t need Peter Beinart to explain their fears to them,"After the attack on Temple Israel, they understand—better than any New York-based columnist writing from a distance—what threatens their community.",https://www.jns.org/opinion/rabbi-steven-burg/michigan-jews-dont-need-peter-beinart-to-explain-their-fears-to-them,JNS,Rabbi Steven Burg,2026-09-14T20:15:00,2026-09-14 21:35:04.153468,https://www.jns.org/opinion/rabbi-steven-burg/michigan-jews-dont-need-peter-beinart-to-explain-their-fears-to-them
"Anti-Israel, dem socialist denies report she, fellow candidate for Congress trying to block federal anti-terror funding for NY","A spokeswoman for Claire Valdez told JNS that a report making such allegations is ""wholly inaccurate.""",https://www.jns.org/news/u-s-news/anti-israel-dem-socialist-denies-report-she-fellow-candidate-for-congress-trying-to-block-federal-anti-terror-funding-for-ny,JNS,Debra Nussbaum Cohen,2026-09-14T20:27:01,2026-09-14 21:35:04.153436,https://www.jns.org/news/u-s-news/anti-israel-dem-socialist-denies-report-she-fellow-candidate-for-congress-trying-to-block-federal-anti-terror-funding-for-ny
London police seeks British man accused of assaulting three Jewish teens on bus,"“Jewish children must be able to go about their daily lives without fear of being targeted for who they are,” the Board of Deputies told JNS.",https://www.jns.org/news/world/uk-police-seek-suspect-after-three-jewish-teens-allegedly-assaulted-on-london-bus,JNS,Rebecca Szlechter,2026-09-14T20:34:50,2026-09-14 21:35:04.153408,https://www.jns.org/news/world/uk-police-seek-suspect-after-three-jewish-teens-allegedly-assaulted-on-london-bus
US sanctions prominent Russian bank is says does business with Iranian regime,"The U.S. Treasury Department ""has mapped the networks, facilitators and financial channels that Iran uses to smuggle oil, evade sanctions and fund terror,"" it said.",https://www.jns.org/news/u-s-news/us-sanctions-prominent-russian-bank-is-says-does-business-with-iranian-regime,JNS,Debra Nussbaum Cohen,2026-09-14T20:37:18,2026-09-14 21:35:04.153377,https://www.jns.org/news/u-s-news/us-sanctions-prominent-russian-bank-is-says-does-business-with-iranian-regime
USPS probing apparent Hartford staffer caught on video saying ‘Jewish garbage’,"The independent executive branch agency told JNS that the behavior is “not acceptable” and the incident is being “fully investigated.""",https://www.jns.org/news/u-s-news/usps-probing-apparent-hartford-staffer-caught-on-video-saying-jewish-garbage,JNS,Rebecca Szlechter,2026-09-14T21:24:23,2026-09-14 21:35:04.153344,https://www.jns.org/news/u-s-news/usps-probing-apparent-hartford-staffer-caught-on-video-saying-jewish-garbage
Macklemore dropped from Ed Sheeran’s U.S. tour over ‘Free Palestine’ performances,"“Advocacy should not come at the expense of the Jewish community or obscure the responsibility of Hamas,” Robert Kraft, owner of Gillette Stadium and founder of the Foundation to Combat Antisemitism, said.",https://www.jns.org/news/u-s-news/macklemore-dropped-from-ed-sheerans-u-s-tour-over-free-palestine-performances,JNS,Rikki Zagelbaum,2026-09-14T21:29:25,2026-09-14 21:35:04.153299,https://www.jns.org/news/u-s-news/macklemore-dropped-from-ed-sheerans-u-s-tour-over-free-palestine-performances
Macklemore dropped from Ed Sheeran tour after ‘Free Palestine’ backlash,Macklemore has been dropped from the remainder of Ed Sheeran&#8217;s stadium tour following backlash to pro-Palestinian comments the social justice rapper made onstage. The promoter of Sheeran&#8217;s U.S. tour said several stadiums refused to allow Macklemore to perform after his headline-grabbing &#8220;Free Palestine&#8221; plea during a Sept. 4 show at MetLife Stadium in New Jersey.... The post Macklemore dropped from Ed Sheeran tour after ‘Free Palestine’ backlash appeared first on The Forward .,https://forward.com/news/850043/macklemore-dropped-from-ed-sheeran-tour-after-free-palestine-backlash/,The Forward,Louis Keene,2026-09-14T19:18:21,2026-09-14 21:34:57.548139,https://forward.com/?p=850043
Israel’s culture minister called this documentary about IDF tactics ‘vile.’ It deserves to be seen.,"VENICE — At its premiere here last week, towards the end of the 83th Venice International Film Festival, Naza, Yuval Abraham and Rachel Szor’s documentary about Israel’s killing of Palestinian civilians in Gaza, received a 25-minute-long standing ovation, a record at the festival. Two nights later, the film won the festival&#8217;s Special Jury Prize. By... The post Israel&#8217;s culture minister called this documentary about IDF tactics &#8216;vile.&#8217; It deserves to be seen. appeared first on The Forward .",https://forward.com/opinion/850022/naza-documentary-venice-special-jury-prize-yuval-abraham-rachel-szor/,The Forward,A.J. Goldmann,2026-09-14T19:22:06,2026-09-14 21:34:57.548069,https://forward.com/?p=850022
Why antisemites are shopping in the kosher aisle,"“I had sex with a Jewish billionaire and made him tell me why nobody in their family is fat.” This is the opening line of an eight-minute viral AI video hawking an oregano oil supplement, claiming it is the closely guarded Jewish secret to svelte physiques. The animated video, which is entirely in song, features... The post Why antisemites are shopping in the kosher aisle appeared first on The Forward .",https://forward.com/culture/850070/goyslop-kosher-antisemitism-resilia-ai-ad-jewish-conspiracy/,The Forward,Mira Fox,2026-09-14T20:06:52,2026-09-14 21:34:57.548014,https://forward.com/?p=850070
Jake Lang led a protest against Mamdani and Muslims. Then the Nazis showed up to protest him.,"Far-right activist Jake Lang led a march last week protesting Mayor Zohran Mamdani’s presence at the 9/11 25th anniversary memorial ceremony. The protest attracted swastika-sporting men describing themselves as Nazis; they were there to counterprotest Lang, whose mother is Jewish. Around 100 demonstrators attended Lang’s march, which happened blocks away from the ceremony held at... The post Jake Lang led a protest against Mamdani and Muslims. Then the Nazis showed up to protest him. appeared first on The Forward .",https://forward.com/news/850037/jake-lang-nazi-protest-911/,The Forward,Sage Lattman,2026-09-14T20:13:45,2026-09-14 21:34:57.547958,https://forward.com/?p=850037
Robert Kraft pushes Ed Sheeran to drop Macklemore from tour following ‘Free Palestine’ controversy,The Jewish billionaire made the call after the rapper’s accusations at a concert that Israel was committing genocide. -- The post Robert Kraft pushes Ed Sheeran to drop Macklemore from tour following ‘Free Palestine’ controversy appeared first on Jewish Telegraphic Agency .,https://www.jta.org/2026/09/14/culture/robert-kraft-pushes-ed-sheeran-to-drop-macklemore-from-tour-following-free-palestine-controversy,JTA,Andrew Lapin,2026-09-14T20:11:54,2026-09-14 21:34:54.435357,https://www.jta.org/?p=1908099
Neo-Nazi and anti-Muslim protesters clashed outside 9/11 memorial,"A version of this piece first ran as part of the New York Jewish Week’s daily newsletter, rounding up the... -- The post Neo-Nazi and anti-Muslim protesters clashed outside 9/11 memorial appeared first on Jewish Telegraphic Agency .",https://www.jta.org/2026/09/14/ny/neo-nazi-and-anti-muslim-protesters-clashed-outside-9-11-memorial,JTA,New York Jewish Week Staff,2026-09-14T20:41:35,2026-09-14 21:34:54.435304,https://www.jta.org/?p=1908123
Poll: Most Israeli voters say Oct. 7 will be main consideration at ballot box,"Ultra-Orthodox respondents proved to be an exception, with only 26 percent of them saying Hamas' massacre was a main consideration ahead of their vote on October 27, a survey from the Israel Democracy Institute found",https://www.haaretz.com/israel-news/elections/2026-09-14/ty-article/.premium/poll-most-israeli-voters-say-oct-7-will-be-main-consideration-at-ballot-box/000001a0-9fae-dceb-abe2-bfafd6280000,Haaretz,Linda Dayan,2026-09-14T12:30:34,2026-09-14 17:50:51.348522,https://www.haaretz.com/israel-news/elections/2026-09-14/ty-article/.premium/poll-most-israeli-voters-say-oct-7-will-be-main-consideration-at-ballot-box/000001a0-9fae-dceb-abe2-bfafd6280000
Hostage families became a political prize. But not for the party that championed their cause,"The largely anti-Netanyahu campaign to bring captives home turned hostage relatives into some of Israel's most recognizable public figures. When election season came, many found the opposition had little room for them",https://www.haaretz.com/israel-news/elections/2026-09-14/ty-article/.premium/hostage-families-became-a-political-prize-but-not-for-their-opposition-allies/000001a0-9f91-df18-a9fa-df9d9db50000,Haaretz,Nir Hasson,2026-09-14T14:29:47,2026-09-14 17:50:51.348502,https://www.haaretz.com/israel-news/elections/2026-09-14/ty-article/.premium/hostage-families-became-a-political-prize-but-not-for-their-opposition-allies/000001a0-9f91-df18-a9fa-df9d9db50000
"IDF chief says 'NAZA' film is 'attack on Israel,' will use 'every tool' against it",IDF Chief of Staff Eyal Zamir said the documentary showing soldiers' testimonies on Israeli strikes in Gaza is 'based on blood libels.' Israeli diplomatic officials fear the IDF may not be able to refute the film's claims,https://www.haaretz.com/israel-news/2026-09-14/ty-article/.premium/idf-chief-naza-film-is-attack-on-israel-will-use-every-tool-against-it/000001a0-a02d-d878-a7b2-b4bd1e040000,Haaretz,Liza Rozovsky,2026-09-14T15:49:25,2026-09-14 17:50:51.348482,https://www.haaretz.com/israel-news/2026-09-14/ty-article/.premium/idf-chief-naza-film-is-attack-on-israel-will-use-every-tool-against-it/000001a0-a02d-d878-a7b2-b4bd1e040000
Tel Aviv court overturns defamation judgment in favor of Sara Netanyahu against former cleaner,"The court had previously granted a defamation judgment in favor of the prime minister's wife against the cleaner, Sylvie Gancia, after Gancia's lawyer repeatedly failed to file the necessary summations in the case. Gancia now has a new lawyer",https://www.haaretz.com/israel-news/2026-09-14/ty-article/.premium/court-vacates-defamation-judgment-in-favor-of-sara-netanyahu-against-cleaner/000001a0-a024-d9b7-a9ea-f32e13110000,Haaretz,Yael Freidson,2026-09-14T16:15:41,2026-09-14 17:50:51.348461,https://www.haaretz.com/israel-news/2026-09-14/ty-article/.premium/court-vacates-defamation-judgment-in-favor-of-sara-netanyahu-against-cleaner/000001a0-a024-d9b7-a9ea-f32e13110000
Macklemore dropped from Ed Sheeran tour after pro-Israel campaign over support for Palestinians,"The rapper was set to open eight of the tour's remaining 10 shows, but after he delivered a pro-Palestinian speech at a concert in August, promoters said venues warned they would cancel the concerts if he performed",https://www.haaretz.com/life/2026-09-14/ty-article/.premium/macklemore-dropped-from-ed-sheeran-tour-after-pro-palestinian-statements/000001a0-a09f-de76-a1f7-bbdfe2810000,Haaretz,Ben Kroll,2026-09-14T16:56:19,2026-09-14 17:50:51.348433,https://www.haaretz.com/life/2026-09-14/ty-article/.premium/macklemore-dropped-from-ed-sheeran-tour-after-pro-palestinian-statements/000001a0-a09f-de76-a1f7-bbdfe2810000
"Hold Still - ""Can a question be a story? Maybe that’s the wrong question to ask. Or the wrong way to ask it.""",,https://jewishcurrents.org/hold-still,Jewish Currents,Ben Ehrenreich,2026-09-14T13:00:00,2026-09-14 17:50:49.001739,https://jewishcurrents.org/hold-still
Palestinian Authority Once Again Violates US Law to Target Israel; Will the US Respond?,"In open defiance of US President Donald Trump, Secretary of State Marco Rubio, and US law, which calls for sanctions...",https://www.algemeiner.com/2026/09/14/palestinian-authority-again-violates-us-law-target-israel-will-us-respond/,Algemeiner,Itamar Marcus,2026-09-14T17:31:08,2026-09-14 17:50:46.794043,https://www.algemeiner.com/?p=779580
Israel Targets Terrorists in Gaza Because Past Attacks Lead to New Ones,Israel&#8217;s latest strikes in Gaza targeted men whom Israeli security agencies linked to attacks nearly two decades apart. The first...,https://www.algemeiner.com/2026/09/14/israel-targets-terrorists-gaza-because-past-attacks-lead-new-ones/,Algemeiner,Joe Truzman,2026-09-14T17:34:45,2026-09-14 17:50:46.794024,https://www.algemeiner.com/?p=779574
Why Does the World Hate Israel and Pretend Terrorism and War Aren’t Real Problems?,There is something profoundly disturbing about watching the international community scrutinize Israel almost obsessively while forces openly committed to destabilizing...,https://www.algemeiner.com/2026/09/14/why-does-world-hate-israel-pretend-terrorism-war-arent-real-problems/,Algemeiner,Sabine Sterk,2026-09-14T17:41:46,2026-09-14 17:50:46.794000,https://www.algemeiner.com/?p=779563
The cargo always moves: What Israel understands about political risk,"The world watches Israel absorb a decision like that and calls it resilience, saying the word admiringly as though it were a national personality trait.",https://www.jns.org/opinion/joseph-milstein/the-cargo-always-moves-what-israel-understands-about-political-risk,JNS,Joseph Milstein,2026-09-14T12:15:00,2026-09-14 17:50:43.782229,https://www.jns.org/opinion/joseph-milstein/the-cargo-always-moves-what-israel-understands-about-political-risk
Jerusalem deputy mayor calls for protest outside UK consulate,"There must be ""immediate action,"" even before the end of the 30-day period that Jerusalem gave London to leave the city, said Arieh King.",https://www.jns.org/news/israel-news/jerusalem-deputy-mayor-calls-for-protest-outside-uk-consulate,JNS,Canaan Lidor,2026-09-14T12:30:00,2026-09-14 17:50:43.782212,https://www.jns.org/news/israel-news/jerusalem-deputy-mayor-calls-for-protest-outside-uk-consulate
The problem with the Nexus Project,A Diaspora Jewish organization is trying to define antisemitism out of existence.,https://www.jns.org/opinion/ronn-torossian/the-problem-with-the-nexus-project,JNS,Ronn Torossian,2026-09-14T15:00:00,2026-09-14 17:50:43.782194,https://www.jns.org/opinion/ronn-torossian/the-problem-with-the-nexus-project
Jesuit school in Connecticut dedicates Holocaust memorial,The sculpture commemorates the defiance of five Jewish Latvian women and girls who “embodied unshakable courage and dignity in the face of certain death.”,https://www.jns.org/news/u-s-news/jesuit-school-in-connecticut-dedicates-holocaust-memorial,JNS,Mike Wagenheim,2026-09-14T16:37:55,2026-09-14 17:50:43.782178,https://www.jns.org/news/u-s-news/jesuit-school-in-connecticut-dedicates-holocaust-memorial
Holding teachers’ unions accountable,To resist an antisemitic takeover requires a post-Oct. 7 mindset.,https://www.jns.org/opinion/jonathan-greenberg/holding-teachers-unions-accountable,JNS,Rabbi Jonathan Greenberg,2026-09-14T17:00:00,2026-09-14 17:50:43.782153,https://www.jns.org/opinion/jonathan-greenberg/holding-teachers-unions-accountable
‘We return changed’: Michigan synagogue reopens for Rosh Hashanah six months after a gunman forced them out,"Six months after he was injured protecting his synagogue, Danny Phillips helped carry a Torah back into its sanctuary. The security director was still recovering. So was the congregation. On Friday evening, the Jews of Temple Israel in West Bloomfield, Michigan, returned to celebrate Rosh Hashanah in the sanctuary they had been forced to leave... The post &#8216;We return changed&#8217;: Michigan synagogue reopens for Rosh Hashanah six months after a gunman forced them out appeared first on The Forward .",https://forward.com/news/849944/temple-israel-rosh-hashanah-return-after-attack/,The Forward,Benyamin Cohen,2026-09-14T12:09:15,2026-09-14 17:50:36.899487,https://forward.com/?p=849944
Jewish artists face a relentless culture war over Israel. Some are building a way around it.,"The pop star P!nk went into Rosh Hashanah explaining herself. After sharing a post calling for rapper Macklemore to be dropped from Ed Sheeran’s tour over his pro-Palestinian performances, the Jewish singer faced a backlash of her own. On Friday, she clarified that she supported Palestinian humanity, opposed silencing artists and wanted room to express... The post Jewish artists face a relentless culture war over Israel. Some are building a way around it. appeared first on The Forward .",https://forward.com/culture/849956/jewish-artists-israel-backlash-pink-gadot-publishing-shooq/,The Forward,Benyamin Cohen,2026-09-14T13:06:09,2026-09-14 17:50:36.899455,https://forward.com/?p=849956
‘Long overdue’: Henry Ford home to confront his antisemitism,(JTA) — DEARBORN – The bust of Henry Ford looked on sternly as hundreds of Jewish professionals flooded his pool room. The visiting Jews admired the views of the Rouge River from Ford’s windows and strolled through his immaculately maintained garden. They studied a mock-up for a Navajo rug in his basement woven with a... The post ‘Long overdue’: Henry Ford home to confront his antisemitism appeared first on The Forward .,https://forward.com/fast-forward/849932/long-overdue-henry-ford-home-to-confront-his-antisemitism/,The Forward,Andrew Lapin,2026-09-14T13:14:47,2026-09-14 17:50:36.899421,https://forward.com/?p=849932
"Jewish sleepaway camp made them comedians, so they made a movie about it","Jewish sleepaway camp is where parents send their children to forge a lasting connection with their ancient peoplehood. Perhaps regrettably, many also leave having developed something else: shtick. “It&#8217;s a breeding ground for comedy bits,” said filmmaker Michael Lewen, 36, a proud alumnus of Camp Modin in Belgrade, Maine. “Everyone learned how to be a... The post Jewish sleepaway camp made them comedians, so they made a movie about it appeared first on The Forward .",https://forward.com/culture/film-tv/849113/tiny-fugitives-jewish-summer-camp-johnny-knoxville-interview-michael-lewen-jacob-kaplan/,The Forward,PJ Grisar,2026-09-14T16:33:43,2026-09-14 17:50:36.899383,https://forward.com/?p=849113
"Germany’s far-right AfD makes gains in local elections, fended off by mainstream parties","The Alternative for Germany party more than tripled its vote share from 2021. -- The post Germany’s far-right AfD makes gains in local elections, fended off by mainstream parties appeared first on Jewish Telegraphic Agency .",https://www.jta.org/2026/09/14/global/germanys-far-right-afd-makes-gains-in-local-elections-fended-off-by-mainstream-parties,JTA,Shira Li Bartov,2026-09-14T17:06:52,2026-09-14 17:50:34.319744,https://www.jta.org/?p=1908095
Diaspora Jews need an effective lobby in Israel,"The surge in global antisemitism over the past three years and the current elections in Israel reveal a painful truth: Israeli politics profoundly shapes how Jews are perceived and treated worldwide, yet the Jewish Diaspora remains largely voiceless in influencing Israeli policy. A recent Jewish People Policy Institute poll found that 78% of Diaspora Jews... Read More The post Diaspora Jews need an effective lobby in Israel appeared first on eJewishPhilanthropy .",https://ejewishphilanthropy.com/diaspora-jews-need-an-effective-lobby-in-israel/,eJewish Philanthropy,Dan Lahav,2026-09-14T12:29:33,2026-09-14 17:50:31.954933,https://ejewishphilanthropy.com/?p=179970
Your Daily Phil: How to make Diaspora Jews’ voices heard in Jerusalem?,The post Your Daily Phil: How to make Diaspora Jews’ voices heard in Jerusalem? appeared first on eJewishPhilanthropy .,https://ejewishphilanthropy.com/your-daily-phil-how-to-make-diaspora-jews-voices-heard-in-jerusalem/,eJewish Philanthropy,EJP,2026-09-14T14:53:36,2026-09-14 17:50:31.954896,https://ejewishphilanthropy.com/?p=179982
Canada's sanctions on settlements showcase Carney's leadership,"Canada's longstanding position on the Israeli-Palestinian conflict is support for a two-state solution. Now, Mark Carney's government has made it clear that this position is more than just words",https://www.haaretz.com/opinion/2026-09-14/ty-article-opinion/.premium/canadas-sanctions-on-settlements-showcase-carneys-leadership/000001a0-9e76-de76-a1f7-bf7e8aae0000,Haaretz,Maytal Kowalski,2026-09-14T06:50:11,2026-09-14 12:00:37.959649,https://www.haaretz.com/opinion/2026-09-14/ty-article-opinion/.premium/canadas-sanctions-on-settlements-showcase-carneys-leadership/000001a0-9e76-de76-a1f7-bf7e8aae0000
Britain's sanctions will strengthen the very Israelis they are meant to weaken,Opposing a disastrous Israeli policy does not oblige us to support a misguided British response. The new set of sanctions may very well end up helping Netanyahu in the upcoming election,https://www.haaretz.com/opinion/2026-09-14/ty-article-opinion/.premium/britains-sanctions-will-strengthen-the-very-israelis-they-are-meant-to-weaken/000001a0-9c14-d9a4-a3a7-9f7689770000,Haaretz,Peter Lerner,2026-09-14T06:53:59,2026-09-14 12:00:37.959621,https://www.haaretz.com/opinion/2026-09-14/ty-article-opinion/.premium/britains-sanctions-will-strengthen-the-very-israelis-they-are-meant-to-weaken/000001a0-9c14-d9a4-a3a7-9f7689770000
IDF denies 'NAZA' documentary allegation it approved 500 civilian deaths in Gaza strike,The film's directors said the soldiers and officers interviewed wanted Israelis to hear what they did in Gaza. The Israeli military said the interviewees' identities and roles cannot be independently verified,https://www.haaretz.com/israel-news/israel-security/2026-09-14/ty-article/.premium/idf-denies-naza-allegation-it-approved-500-civilian-deaths-for-gaza-strike/000001a0-9e4b-de25-abaf-dffb1e4d0000,Haaretz,Yaniv Kubovich,2026-09-14T07:26:40,2026-09-14 12:00:37.959592,https://www.haaretz.com/israel-news/israel-security/2026-09-14/ty-article/.premium/idf-denies-naza-allegation-it-approved-500-civilian-deaths-for-gaza-strike/000001a0-9e4b-de25-abaf-dffb1e4d0000
Watching 'NAZA' shocked me. So did what its creators left out,"Missing verifiable details, Hamas's role and crucial context, the film weakens its journalism and risks alienating the Israelis it needs to reach",https://www.haaretz.com/opinion/2026-09-14/ty-article-opinion/.premium/watching-naza-shocked-me-so-did-what-its-creators-left-out/000001a0-9eac-df9d-a9aa-beecf9960000,Haaretz,Raviv Drucker,2026-09-14T08:42:38,2026-09-14 12:00:37.959562,https://www.haaretz.com/opinion/2026-09-14/ty-article-opinion/.premium/watching-naza-shocked-me-so-did-what-its-creators-left-out/000001a0-9eac-df9d-a9aa-beecf9960000
The Israeli makers of 'NAZA' knew they would be marked as traitors. That didn't stop them,Yuval Abraham and Rachel Szor's film is drawing fierce responses from both the Israeli and the Palestinian sides. One can only hope they survive the assault,https://www.haaretz.com/opinion/2026-09-14/ty-article-opinion/.premium/the-israeli-makers-of-naza-have-done-something-almost-impossible/000001a0-9ec8-d219-a3ed-bfdad03d0000,Haaretz,Shany Littman,2026-09-14T08:51:30,2026-09-14 12:00:37.959534,https://www.haaretz.com/opinion/2026-09-14/ty-article-opinion/.premium/the-israeli-makers-of-naza-have-done-something-almost-impossible/000001a0-9ec8-d219-a3ed-bfdad03d0000
"Rodent outbreak hits Israeli Gaza border communities, up to 100 caught in some homes","Experts say a rainy winter and mild spring are likely behind the surge, though the environmental impact of the war in Gaza may also be playing a role",https://www.haaretz.com/science-and-health/nature-environment/2026-09-14/ty-article/.premium/rodent-outbreak-hits-israeli-gaza-border-communities-100-caught-in-some-homes/000001a0-9ec2-d0ee-a1b3-dfc3b1a70000,Haaretz,Eden Solomon,2026-09-14T09:04:13,2026-09-14 12:00:37.959505,https://www.haaretz.com/science-and-health/nature-environment/2026-09-14/ty-article/.premium/rodent-outbreak-hits-israeli-gaza-border-communities-100-caught-in-some-homes/000001a0-9ec2-d0ee-a1b3-dfc3b1a70000
"Citing 'treason,' Israeli minister formally requests to revoke Gaza doc filmmakers' citizenship",Culture Minister Miki Zohar requested that legal and security officials examine whether the Israeli creators of the award-winning Gaza documentary 'NAZA' committed acts of treason or aiding the enemy during wartime,https://www.haaretz.com/israel-news/israel-security/2026-09-14/ty-article/.premium/treason-israeli-minister-formally-asks-to-revoke-naza-directors-citizenship/000001a0-9f10-d1cd-a1b2-dff2b4530000,Haaretz,Haaretz,2026-09-14T09:40:19,2026-09-14 12:00:37.959476,https://www.haaretz.com/israel-news/israel-security/2026-09-14/ty-article/.premium/treason-israeli-minister-formally-asks-to-revoke-naza-directors-citizenship/000001a0-9f10-d1cd-a1b2-dff2b4530000
"Houthis seize additional Red Sea islands, tightening grip on key shipping route","The latest advance comes after the Iran-backed rebels seized other key islands last week, tightening their grip on the Bab el-Mandeb Strait, a vital shipping route, and increasing pressure on Saudi oil exports",https://www.haaretz.com/middle-east-news/2026-09-14/ty-article/houthis-seize-additional-red-sea-islands-tightening-grip-on-key-shipping-route/000001a0-9f53-d219-a3ed-bfdbccb90000,Haaretz,The Associated Press,2026-09-14T11:20:31,2026-09-14 12:00:37.959441,https://www.haaretz.com/middle-east-news/2026-09-14/ty-article/houthis-seize-additional-red-sea-islands-tightening-grip-on-key-shipping-route/000001a0-9f53-d219-a3ed-bfdbccb90000
Top Israeli influence experts prepared an anti-Qatar campaign after October 7. It was suddenly halted,"The campaign was among several civilian efforts launched amid government inaction after October 7, aiming to pressure Qatar to force Hamas to release the hostages. Influence campaigns were later consolidated under a government body",https://www.haaretz.com/israel-news/security-aviation/2026-09-14/ty-article-magazine/.premium/israeli-influence-experts-mounted-anti-qatar-campaign-and-then-it-was-halted/000001a0-9f26-d9a4-a3a7-9f762e360000,Haaretz,Bar Peleg,2026-09-14T11:42:25,2026-09-14 12:00:37.959405,https://www.haaretz.com/israel-news/security-aviation/2026-09-14/ty-article-magazine/.premium/israeli-influence-experts-mounted-anti-qatar-campaign-and-then-it-was-halted/000001a0-9f26-d9a4-a3a7-9f762e360000
World ORT welcomes first new school to its global network in four years,Affiliation of Caracas’s Colegio UE Moral y Luces “Herzl-Bialik” comes as Venezuela’s Jewish community works to recover from June earthquakes.,https://www.jns.org/wire/ort/world-ort-welcomes-first-new-school-to-its-global-network-in-four-years,JNS,,2026-09-14T05:55:04,2026-09-14 12:00:30.944943,https://www.jns.org/wire/ort/world-ort-welcomes-first-new-school-to-its-global-network-in-four-years
Stop blaming Netanyahu for policies most Israelis support,"Even after he is no longer prime minister, governmental policies will stay the same.",https://www.jns.org/opinion/jason-shvili/stop-blaming-netanyahu-for-policies-most-israelis-support,JNS,Jason Shvili,2026-09-14T06:30:00,2026-09-14 12:00:30.944909,https://www.jns.org/opinion/jason-shvili/stop-blaming-netanyahu-for-policies-most-israelis-support
IDF kills two Hamas engineering-unit terrorists in Gaza City,"Hassan Ali Abu Nada and Abd al-Rahim Ahmad Khalil Khawa were targeted in connection with weapons production and attacks that violated the truce, according to the Israeli military.",https://www.jns.org/news/israel-news/idf-kills-two-hamas-engineering-unit-terrorists-in-gaza-city,JNS,JNS Staff,2026-09-14T06:44:50,2026-09-14 12:00:30.944885,https://www.jns.org/news/israel-news/idf-kills-two-hamas-engineering-unit-terrorists-in-gaza-city
Trump: Hamas willing to give up its weapons,"Likud says IDF operations in Gaza led to release of captives, rejects Jared Kushner's claim regarding Doha strike.",https://www.jns.org/news/u-s-news/trump-hamas-willing-to-give-up-its-weapons,JNS,JNS Staff,2026-09-14T07:40:30,2026-09-14 12:00:30.944857,https://www.jns.org/news/u-s-news/trump-hamas-willing-to-give-up-its-weapons
"Yehuda Aharon Widawski, Holocaust survivor, dies at 107","Widawski, a younger brother and an uncle were the only members of the family to survive the Nazi extermination of Jews.",https://www.jns.org/news/israel-news/israels-oldest-holocaust-survivor-dies-at-107,JNS,JNS Staff,2026-09-14T07:59:45,2026-09-14 12:00:30.944831,https://www.jns.org/news/israel-news/israels-oldest-holocaust-survivor-dies-at-107
Judea: IDF arrests terrorist who planned Rosh Hashanah shooting,"Abd al-Rahman intended to carry out the attack ""in the immediate time frame.""",https://www.jns.org/news/israel-news/judea-idf-arrests-terrorist-who-planned-rosh-hashanah-shooting,JNS,JNS Staff,2026-09-14T08:06:11,2026-09-14 12:00:30.944804,https://www.jns.org/news/israel-news/judea-idf-arrests-terrorist-who-planned-rosh-hashanah-shooting
Death threat directed at prominent Munich Holocaust survivor,"Charlotte Knobloch, who leads the city's Jewish community, canceled her attendance at a book launch following the incident.",https://www.jns.org/news/world/death-threat-directed-at-prominent-munich-holocaust-survivor,JNS,Canaan Lidor,2026-09-14T08:06:22,2026-09-14 12:00:30.944778,https://www.jns.org/news/world/death-threat-directed-at-prominent-munich-holocaust-survivor
Genocide accusations in a mirror,Hamas commits mass atrocities and then redirects global rage to Israel.,https://www.jns.org/opinion/paul-bachow/genocide-accusations-in-a-mirror,JNS,Paul Bachow,2026-09-14T09:45:00,2026-09-14 12:00:30.944746,https://www.jns.org/opinion/paul-bachow/genocide-accusations-in-a-mirror
Israeli Defense Ministry official predicts greater cooperation with US in arms production,Brig. Gen. (res.) Daniel Gold discusses the challenge of countries competing for resources and prioritizing national interests.,https://www.jns.org/news/israel-news/israeli-defense-ministry-official-predicts-greater-cooperation-with-us-in-arms-production,JNS,JNS Staff,2026-09-14T10:08:48,2026-09-14 12:00:30.944719,https://www.jns.org/news/israel-news/israeli-defense-ministry-official-predicts-greater-cooperation-with-us-in-arms-production
New platform aims to help Jewish creators reach audiences worldwide,The SHOOQ network aims to link Jewish storytellers with investors keen to bring their creations to fruition.,https://www.jns.org/news/jewish-life/new-platform-aims-to-help-jewish-creators-reach-audiences-worldwide,JNS,JNS Staff,2026-09-14T11:06:56,2026-09-14 12:00:30.944685,https://www.jns.org/news/jewish-life/new-platform-aims-to-help-jewish-creators-reach-audiences-worldwide
‘Long overdue’: Henry Ford home to confront his antisemitism,"Fair Lane, the historic home of Henry and Clara Ford, says it will discuss the Dearborn Independent in 2027. -- The post &#8216;Long overdue&#8217;: Henry Ford home to confront his antisemitism appeared first on Jewish Telegraphic Agency .",https://www.jta.org/2026/09/14/united-states/henry-fords-historic-home-will-confront-his-antisemitism-when-it-reopens,JTA,Andrew Lapin,2026-09-14T10:00:00,2026-09-14 12:00:21.581755,https://www.jta.org/?p=1907997
"Jewish day schools are a bubble, and that is the point","In my opinion, there is no better decision Jewish parents can make for their childrens education than a Jewish day school. Any denomination, any pedagogy, so long as it takes Jewish peoplehood and Jewish wisdom seriously. The most common objection I hear? I don’t want my kids growing up in a bubble. They should be... Read More The post Jewish day schools <em>are</em> a bubble, and that is the point appeared first on eJewishPhilanthropy .",https://ejewishphilanthropy.com/jewish-day-schools-are-a-bubble-and-that-is-the-point/,eJewish Philanthropy,David Zalik,2026-09-14T08:34:41,2026-09-14 12:00:19.218910,https://ejewishphilanthropy.com/?p=179950
The unheard shofar blast’s lesson for philanthropy,"Every few years, we have a Rosh Hashanah like we had this year, one that begins on Shabbat. For many communities, particularly Orthodox ones, this overlap alters the holiday, both logistically — you can’t cook on the first day — and also liturgically — the Avinu Malkeinu prayer is not recited, and other Shabbat-related clauses are added. But... Read More The post The unheard shofar blast&#8217;s lesson for philanthropy appeared first on eJewishPhilanthropy .",https://ejewishphilanthropy.com/the-unheard-shofar-blasts-lesson-for-philanthropy/,eJewish Philanthropy,Judah Ari Gross,2026-09-14T11:23:40,2026-09-14 12:00:19.218858,https://ejewishphilanthropy.com/?p=179957
"IFCJ allocates NIS 24 million to provide food, clothing to 150,000 Israelis for High Holy Days","The International Fellowship of Christians and Jews is allocating more than NIS 24 million ($7.9 million) to provide food and clothing to some 150,000 people in Israel for the High Holy Days season, the organization said last week. IFCJ, which receives the bulk of its funding from American Christian supporters, said that its annual holiday... Read More The post IFCJ allocates NIS 24 million to provide food, clothing to 150,000 Israelis for High Holy Days appeared first on eJewishPhilanthropy .",https://ejewishphilanthropy.com/ifcj-allocates-nis-24-million-to-provide-food-clothing-to-150000-israelis-for-high-holy-days/,eJewish Philanthropy,Judah Ari Gross,2026-09-14T11:34:42,2026-09-14 12:00:19.218797,https://ejewishphilanthropy.com/?p=179962
Israelis must watch 'NAZA' and confront the reality of Gaza,"By screening their film at the Venice Film Festival, Abraham and Szor are trying to force Israelis to confront what they already know: that there's a black stain on the way Israel is conducting war in Gaza, to put it mildly",https://www.haaretz.com/opinion/editorial/2026-09-14/ty-article-opinion/israelis-must-watch-naza-and-confront-the-reality-of-gaza/000001a0-9c4e-dfa9-ada3-de4e11fd0000,Haaretz,Haaretz Editorial,2026-09-14T03:01:03,2026-09-14 05:52:42.821940,https://www.haaretz.com/opinion/editorial/2026-09-14/ty-article-opinion/israelis-must-watch-naza-and-confront-the-reality-of-gaza/000001a0-9c4e-dfa9-ada3-de4e11fd0000
Trump's Iran war is spreading – and Netanyahu is eager to pull Israel deeper in,"Trump chose economic pressure over all-out war with Iran. Now the Houthis are confronting Saudi Arabia, while Netanyahu is trying to draw Tehran into the fighting through Lebanon",https://www.haaretz.com/middle-east-news/2026-09-14/ty-article/.premium/trumps-iran-war-is-spreading-and-netanyahu-is-eager-to-pull-israel-deeper-in/000001a0-9af0-d1e9-a3f4-bbf5d77c0000,Haaretz,Amos Harel,2026-09-14T03:24:56,2026-09-14 05:52:42.821900,https://www.haaretz.com/middle-east-news/2026-09-14/ty-article/.premium/trumps-iran-war-is-spreading-and-netanyahu-is-eager-to-pull-israel-deeper-in/000001a0-9af0-d1e9-a3f4-bbf5d77c0000
‘Wall Street Journal’ probes extremist Jews’ ideology while ignoring Jew-hatred at Palestinian Islamism core,Such reporting creates a severe journalistic asymmetry.,https://www.jns.org/opinion/darcie-grunblatt/wall-street-journal-probes-extremist-jews-ideology-while-ignoring-jew-hatred-at-palestinian-islamism-core,JNS,Darcie Grunblatt,2026-09-14T02:30:00,2026-09-14 05:52:35.508429,https://www.jns.org/opinion/darcie-grunblatt/wall-street-journal-probes-extremist-jews-ideology-while-ignoring-jew-hatred-at-palestinian-islamism-core
Time for an educational homecoming,"Teaching pride in Zionism, Israel and the return of the Jewish people to the land.",https://www.jns.org/opinion/rabbi-uri-pilichowski/time-for-an-educational-homecoming,JNS,Rabbi Uri Pilichowski,2026-09-14T04:15:00,2026-09-14 05:52:35.508400,https://www.jns.org/opinion/rabbi-uri-pilichowski/time-for-an-educational-homecoming
Ali Taher demolition ‘means Hezbollah lost an operating system’,"Destruction of the Badr Unit's underground command network gives Israel a “physical, not just diplomatic” card to hold in any negotiation, former IDF officer tells JNS.",https://www.jns.org/analysis/ali-taher-demolition-means-hezbollah-lost-an-operating-system,JNS,Yaakov Lappin,2026-09-14T04:22:28,2026-09-14 05:52:35.508366,https://www.jns.org/analysis/ali-taher-demolition-means-hezbollah-lost-an-operating-system
Requiem for 9/11,"The United States once attached “Never Forget” as a catchphrase of post-9/11 memory. Its people, however, are now fast forgetting, flirting instead with the descendants and sympathizers of those who flew those planes. The post Requiem for 9/11 appeared first on Jewish Journal .",https://jewishjournal.com/commentary/opinion/392215/requiem-for-9-11/,Jewish Journal,Thane Rosenbaum,2026-09-14T00:54:03,2026-09-14 05:52:32.016165,https://jewishjournal.com/?p=392215
High Schoolers Spend Summer in Israel with NCSY/JSU’s Next Step Internships,"Opportunities include internships in biomedical research, engineering and 3D printing, high-tech, investment banking, communications, government and nonprofits, and marine life and zoology. The post High Schoolers Spend Summer in Israel with NCSY/JSU’s Next Step Internships appeared first on Jewish Journal .",https://jewishjournal.com/community/392220/high-schoolers-spend-summer-in-israel-with-ncsy-jsus-next-step-internships/,Jewish Journal,Kylie Ora Lobell,2026-09-14T02:09:18,2026-09-14 05:52:32.016118,https://jewishjournal.com/?p=392220
If only Israel had heeded Yahya Sinwar's warning before Oct. 7,"The conclusion that must be drawn from the investigation is that things could have turned out differently – not only had Netanyahu briefed senior defense officials about the warning, but also at many other points along the timeline",https://www.haaretz.com/opinion/2026-09-14/ty-article-opinion/.premium/if-only-israel-had-heeded-yahya-sinwars-warning-before-oct-7/000001a0-9c33-dfa9-ada3-de73b0190000,Haaretz,Noa Limone,2026-09-13T22:55:26,2026-09-14 00:47:32.122674,https://www.haaretz.com/opinion/2026-09-14/ty-article-opinion/.premium/if-only-israel-had-heeded-yahya-sinwars-warning-before-oct-7/000001a0-9c33-dfa9-ada3-de73b0190000
"Benjamin Netanyahu is Israel's person of the year, in the worst way possible","Now he is telling us that he will topple the Iranian regime, destroy Hezbollah and disarm Hamas. To do so, he wants another term. But we haven't forgotten what he has done until now",https://www.haaretz.com/opinion/2026-09-14/ty-article-opinion/.premium/benjamin-netanyahu-is-israels-person-of-the-year-in-the-worst-way-possible/000001a0-9c09-d219-a3ed-bddb32da0000,Haaretz,Nehemia Shtrasler,2026-09-14T00:36:11,2026-09-14 00:47:32.122637,https://www.haaretz.com/opinion/2026-09-14/ty-article-opinion/.premium/benjamin-netanyahu-is-israels-person-of-the-year-in-the-worst-way-possible/000001a0-9c09-d219-a3ed-bddb32da0000
Defense Minister Katz says Israel won't withdraw from Hezbollah stronghold in southern Lebanon,,https://www.haaretz.com/israel-news/israel-security/2026-09-14/ty-article-live/katz-says-israel-wont-withdraw-from-hezbollah-stronghold-in-southern-lebanon/000001a0-9c95-d9a4-a3a7-9ff71cdb0005,Haaretz,Haaretz,2026-09-13T21:09:13,2026-09-13 22:56:21.892539,https://www.haaretz.com/israel-news/israel-security/2026-09-14/ty-article-live/katz-says-israel-wont-withdraw-from-hezbollah-stronghold-in-southern-lebanon/000001a0-9c95-d9a4-a3a7-9ff71cdb0005
Not quite black-and-white: What everyone misunderstands about Israelis who leave the Haredi world,"In 'The Tractate of Departure,' 26 ex-Haredi Israelis demystify the complex challenges and varying motivations that drive someone to become secular – and shed light on those who quietly keep a foot in both worlds",https://www.haaretz.com/life/books/2026-09-13/ty-article-magazine/.premium/what-everyone-misunderstands-about-israelis-who-leave-the-haredi-world/000001a0-7645-d7d5-a9fc-7efff8a50000,Haaretz,Netta Ahituv,2026-09-13T18:00:24,2026-09-13 20:26:06.266815,https://www.haaretz.com/life/books/2026-09-13/ty-article-magazine/.premium/what-everyone-misunderstands-about-israelis-who-leave-the-haredi-world/000001a0-7645-d7d5-a9fc-7efff8a50000
Trump lets Saudi Arabia fend for itself as the Houthis disrupt Red Sea oil flow,Trump effectively handed the kingdom responsibility for solving its Houthi problem and it will have to choose between another war and recognizing the Houthi force in Yemen. The kingdom's decision could affect the future of the entire region,https://www.haaretz.com/middle-east-news/2026-09-13/ty-article/.premium/trump-lets-saudi-arabia-fend-for-itself-as-the-houthis-disrupt-red-sea-oil-flow/000001a0-9b6d-de1d-a7a1-bf6d5cfd0000,Haaretz,Zvi Bar'el,2026-09-13T18:40:05,2026-09-13 20:26:06.266776,https://www.haaretz.com/middle-east-news/2026-09-13/ty-article/.premium/trump-lets-saudi-arabia-fend-for-itself-as-the-houthis-disrupt-red-sea-oil-flow/000001a0-9b6d-de1d-a7a1-bf6d5cfd0000
Israel's culture minister threatens to revoke citizenship of Gaza doc filmmakers,"The film won the Special Jury Prize at the Venice Film Festival on Saturday. It reveals 'in detail the systems behind Israel's calculated mass killing of Palestinian civilians in Gaza' following the events of October 7, according to its synopsis",https://www.haaretz.com/israel-news/israel-politics/2026-09-13/ty-article/.premium/director-of-gaza-war-documentary-naza-we-intend-to-distribute-film-in-israel/000001a0-9c0d-dfa9-ada3-de4ffd9a0001,Haaretz,Haaretz,2026-09-13T18:44:59,2026-09-13 20:26:06.266731,https://www.haaretz.com/israel-news/israel-politics/2026-09-13/ty-article/.premium/director-of-gaza-war-documentary-naza-we-intend-to-distribute-film-in-israel/000001a0-9c0d-dfa9-ada3-de4ffd9a0001
Turkey arrests 162 people in nationwide raids targeting LGBTQ community,"Dubbed the 'My Family is Safe' operation, the raids followed an investigation into LGBTQ groups over allegations of 'prostitution and obscenity.' Prosecutors said they intended to prevent such activities from being 'regarded as normal in society'",https://www.haaretz.com/middle-east-news/turkey/2026-09-13/ty-article/turkey-arrests-162-people-in-nationwide-raids-targeting-lgbtq-community/000001a0-9ae0-d9a4-a3a7-9ff2de1d0000,Haaretz,DPA,2026-09-13T14:45:39,2026-09-13 17:57:00.890565,https://www.haaretz.com/middle-east-news/turkey/2026-09-13/ty-article/turkey-arrests-162-people-in-nationwide-raids-targeting-lgbtq-community/000001a0-9ae0-d9a4-a3a7-9ff2de1d0000
Director of Gaza War documentary 'NAZA': We intend to distribute film in Israel,"The film won the Special Jury Prize at the Venice Film Festival on Saturday. It reveals 'in detail the systems behind Israel's calculated mass killing of Palestinian civilians in Gaza' following the events of October 7, according to its synopsis",https://www.haaretz.com/israel-news/israel-politics/2026-09-13/ty-article/.premium/director-of-gaza-war-documentary-naza-we-intend-to-distribute-film-in-israel/000001a0-9aef-dfa9-ada3-daef132d0000,Haaretz,Haaretz,2026-09-13T16:44:44,2026-09-13 17:57:00.890526,https://www.haaretz.com/israel-news/israel-politics/2026-09-13/ty-article/.premium/director-of-gaza-war-documentary-naza-we-intend-to-distribute-film-in-israel/000001a0-9aef-dfa9-ada3-daef132d0000
"Two screens, one choice: The lie of ‘Naza’ and the truth of ‘Fauda’","While a libelous Israeli film was rewarded in Venice with a jury prize and a standing ovation, the popular TV series confronts viewers with the truth about Oct. 7.",https://www.jns.org/opinion/column/fiamma-nirenstein/two-screens-one-choice-the-lie-of-naza-and-the-truth-of-fauda,JNS,Fiamma Nirenstein,2026-09-13T17:43:50,2026-09-13 17:56:53.277859,https://www.jns.org/opinion/column/fiamma-nirenstein/two-screens-one-choice-the-lie-of-naza-and-the-truth-of-fauda
Fintech giant Revolut confirms customer data breach through fake government requests,"The British fintech company's customer data was stolen through requests impersonating a government agency, the company confirmed, while saying its customers' funds were safe. Revolut is in the final stages of obtaining a license to operate in Israel",https://www.haaretz.com/israel-news/tech-news/2026-09-13/ty-article/fintech-giant-revolut-confirms-customer-data-breach-by-fake-government-requests/000001a0-9a17-dfa9-ada3-da57226c0000,Haaretz,Reuters,2026-09-13T10:47:58,2026-09-13 14:06:51.976253,https://www.haaretz.com/israel-news/tech-news/2026-09-13/ty-article/fintech-giant-revolut-confirms-customer-data-breach-by-fake-government-requests/000001a0-9a17-dfa9-ada3-da57226c0000
"Settlers set up compound near Arab-Israeli town, flexing presence in north","Last month, Finance Minister Bezalel Smotrich launched a campaign outlining his plan to Judaize Arab-majority areas in Israel's periphery, accusing Arab citizens of 'occupying' parts of the northern Galilee and southern Negev",https://www.haaretz.com/israel-news/israel-politics/2026-09-13/ty-article/.premium/settlers-set-up-compound-near-arab-israeli-town-flexing-presence-in-north/000001a0-9a7a-d931-afbb-9bfef43e0000,Haaretz,Adi Hashmonai,2026-09-13T13:56:55,2026-09-13 14:06:51.976212,https://www.haaretz.com/israel-news/israel-politics/2026-09-13/ty-article/.premium/settlers-set-up-compound-near-arab-israeli-town-flexing-presence-in-north/000001a0-9a7a-d931-afbb-9bfef43e0000
New ultra-Orthodox party seeks to challenge establishment with broader national agenda,"The Charedi Public Party says it will protect full-time Torah study while supporting military or national service for ultra-Orthodox men who are not studying in yeshivahs, address math and English instruction in haredi schools.",https://www.jns.org/news/israel-news/new-ultra-orthodox-party-seeks-to-challenge-establishment-with-broader-national-agenda,JNS,Amelie Botbol,2026-09-13T09:12:00,2026-09-13 14:06:44.470282,https://www.jns.org/news/israel-news/new-ultra-orthodox-party-seeks-to-challenge-establishment-with-broader-national-agenda
Woman wearing Star of David allegedly attacked in Berlin,"A record 8,725 antisemitic incidents were documented in Germany in 2025.",https://www.jns.org/news/world/woman-wearing-star-of-david-attacked-in-berlin,JNS,JNS Staff,2026-09-13T10:00:55,2026-09-13 14:06:44.470248,https://www.jns.org/news/world/woman-wearing-star-of-david-attacked-in-berlin
"Israel braces for cyberattacks, rockets and disinformation on Election Day","The Central Elections Committee is preparing for foreign influence campaigns, AI-generated disinformation and the possibility of a major security escalation.",https://www.jns.org/news/israel-news/israel-braces-for-cyberattacks-rockets-and-disinformation-on-election-day,JNS,Eitan Elhadez-Barak/TPS-IL,2026-09-13T11:22:00,2026-09-13 14:06:44.470216,https://www.jns.org/news/israel-news/israel-braces-for-cyberattacks-rockets-and-disinformation-on-election-day
"Germany’s far-right AfD, riding state win, targets more gains in elections from east to west","(JTA) — Germany’s far-right, riding high after winning an eastern state, seeks to capitalize on its momentum in a series of upcoming elections — starting with municipal voting this weekend, followed by two closely watched state contests. The first test for the Alternative for Germany (AfD) party comes Sunday in municipal elections in the western... The post Germany’s far-right AfD, riding state win, targets more gains in elections from east to west appeared first on The Forward .",https://forward.com/fast-forward/849890/germanys-far-right-afd-riding-state-win-targets-more-gains-in-elections-from-east-to-west/,The Forward,Shira Li Bartov,2026-09-13T10:00:39,2026-09-13 14:06:37.763317,https://forward.com/?p=849890
J Street goes on the offensive against AIPAC-backed candidates,"(JTA) — J Street, the liberal Jewish Middle East advocacy group, announced that it will spend $3 million to defeat a handful of Republican candidates backed by AIPAC, joining the plethora of progressive groups targeting the American Israel Public Affairs Committee this election year. Such an attack campaign is an unusual initiative for J Street,... The post J Street goes on the offensive against AIPAC-backed candidates appeared first on The Forward .",https://forward.com/fast-forward/849902/j-street-goes-on-the-offensive-against-aipac-backed-candidates/,The Forward,Joseph Strauss,2026-09-13T10:15:06,2026-09-13 14:06:37.763255,https://forward.com/?p=849902
Israel's imminent constitutional crisis exposes a bigger problem with modern democracy,"The separation of powers was designed to prevent governments from accumulating unchecked power. But in the 21st century, corporations, banks and algorithms increasingly wield powers that democracies struggle to restrain",https://www.haaretz.com/israel-news/israel-politics/2026-09-13/ty-article-magazine/.premium/israels-imminent-constitutional-crisis-exposes-a-bigger-problem-with-democracy/000001a0-8513-dcd8-a9be-8777ce5a0000,Haaretz,Yaron Cohen-Tzemach,2026-09-13T06:28:21,2026-09-13 09:09:12.691829,https://www.haaretz.com/israel-news/israel-politics/2026-09-13/ty-article-magazine/.premium/israels-imminent-constitutional-crisis-exposes-a-bigger-problem-with-democracy/000001a0-8513-dcd8-a9be-8777ce5a0000
Three bodies found in burning vehicle near Arab Israeli city in suspected homicide,"Police opened an investigation, saying the motive was likely criminal. A police source said the men were suspected of being murdered before the vehicle was set on fire • Israel's 2026 homicide toll now at 205",https://www.haaretz.com/israel-news/israel-crime/2026-09-13/ty-article/.premium/three-bodies-found-in-burning-vehicle-near-arab-city-in-suspected-homicide/000001a0-9942-d5d9-a5f7-99c6888d0000,Haaretz,Deiaa Haj Yahia,2026-09-13T06:57:02,2026-09-13 09:09:12.691796,https://www.haaretz.com/israel-news/israel-crime/2026-09-13/ty-article/.premium/three-bodies-found-in-burning-vehicle-near-arab-city-in-suspected-homicide/000001a0-9942-d5d9-a5f7-99c6888d0000
"Iranian ship struck near Strait of Hormuz, killing one, Iranian media report","IRNA news agency quoted the Qeshm governor as blaming a 'terrorist enemy' for the attack. Also overnight into Sunday, the United Kingdom Maritime Trade Operations monitor reported another vessel hit by a projectile while transiting the strait",https://www.haaretz.com/middle-east-news/iran/2026-09-13/ty-article/iranian-ship-struck-near-strait-of-hormuz-killing-one-iranian-media-report/000001a0-999e-de76-a1f7-bbde42de0000,Haaretz,Oded Yaron,2026-09-13T08:18:06,2026-09-13 09:09:12.691755,https://www.haaretz.com/middle-east-news/iran/2026-09-13/ty-article/iranian-ship-struck-near-strait-of-hormuz-killing-one-iranian-media-report/000001a0-999e-de76-a1f7-bbde42de0000
Over 50 Jewish organizations declare: ‘Zionism is part of Jewish identity’,"Presidents, CEOs, chief rabbis and other senior leaders of Diaspora communities gathered in Jerusalem to reaffirm commitment to Jewish self-determination.",https://www.jns.org/news/world/over-50-jewish-organizations-declare-zionism-is-part-of-jewish-identity,JNS,JNS Staff,2026-09-13T04:07:00,2026-09-13 09:09:05.989262,https://www.jns.org/news/world/over-50-jewish-organizations-declare-zionism-is-part-of-jewish-identity
"In New Year’s greeting, Netanyahu thanks Trump for ‘historic progress’ in curbing Iran","""In the year ahead, we will continue to make the world safer for all,"" said the Israeli premier.",https://www.jns.org/news/israel-news/in-new-years-greeting-netanyahu-thanks-trump-for-historic-progress-in-curbing-iran,JNS,JNS Staff,2026-09-13T04:27:00,2026-09-13 09:09:05.989228,https://www.jns.org/news/israel-news/in-new-years-greeting-netanyahu-thanks-trump-for-historic-progress-in-curbing-iran
Israeli-Lebanese talks slated to resume in US,"Lebanese President Joseph Aoun met with local in the country's southeast, not far from where IDF troops destroyed a major Hezbollah base.",https://www.jns.org/news/israel-news/israeli-lebanese-talks-slated-to-resume-in-us,JNS,JNS Staff,2026-09-13T04:37:00,2026-09-13 09:09:05.989199,https://www.jns.org/news/israel-news/israeli-lebanese-talks-slated-to-resume-in-us
Israeli study points to purpose as path to healthier aging,The analysis found a strong link between a sense of worth and cognitive performance.,https://www.jns.org/israeli-study-points-to-purpose-as-path-to-healthier-aging,JNS,Pesach Benson/TPS-IL,2026-09-13T05:08:00,2026-09-13 09:09:05.989170,https://www.jns.org/israeli-study-points-to-purpose-as-path-to-healthier-aging
"Trump: If Iran had nukes, it would have ‘blown up’ Israel, Middle East and parts of Europe","The Islamic Republic was two weeks away from obtaining the bomb, according to the U.S. president.",https://www.jns.org/news/world/trump-if-iran-had-nukes-it-would-have-blown-up-israel-middle-east-and-parts-of-europe,JNS,JNS Staff,2026-09-13T05:18:38,2026-09-13 09:09:05.989143,https://www.jns.org/news/world/trump-if-iran-had-nukes-it-would-have-blown-up-israel-middle-east-and-parts-of-europe
"Contemporary Jewish art in Jerusalem Biennale to explore collective trauma, healing post-Oct. 7","This year’s event in Israel’s capital will host internationally acclaimed artists Yehudit Sasportas, Belu-Simion Fainaru and Hanita Ilan.",https://www.jns.org/news/israel-news/contemporary-jewish-art-in-jerusalem-biennale-to-explore-collective-trauma-healing-post-oct-7,JNS,JNS Staff,2026-09-13T06:09:00,2026-09-13 09:09:05.989113,https://www.jns.org/news/israel-news/contemporary-jewish-art-in-jerusalem-biennale-to-explore-collective-trauma-healing-post-oct-7
Israeli nonprofit that helped reservists get out of debt post-Oct. 7 gets resilience award,"One-third of IDF reservists are grappling with debt and financial crisis due to the war, according to Daf Hadash CEO Tomer Rabinowitz.",https://www.jns.org/news/israel-news/israeli-nonprofit-that-helped-reservists-get-out-of-debt-post-oct-7-gets-resilience-award,JNS,Etgar Lefkovits,2026-09-13T07:10:00,2026-09-13 09:09:05.989077,https://www.jns.org/news/israel-news/israeli-nonprofit-that-helped-reservists-get-out-of-debt-post-oct-7-gets-resilience-award
Iranian axis fractured but not defeated,"Hezbollah has been weakened, the Houthis grow in confidence, the militias in Iraq are under pressure and pro-Iranian cells are trying to regain a foothold in Syria. At the same time, tensions between Hamas and Palestinian Islamic Jihad have come into the open. Tehran is trying to rebuild its proxy network and adapt it to a new reality.",https://www.jns.org/analysis/iranian-axis-fractured-but-not-defeated,JNS,Shachar Kleiman,2026-09-13T08:11:00,2026-09-13 09:09:05.989016,https://www.jns.org/analysis/iranian-axis-fractured-but-not-defeated
"Ultra-Orthodox schoolgirls in Israel outperform their secular counterparts, study shows","According to the OECD's 2025 international PISA report, non-religious schoolgirls in Israel lagged two years behind their ultra-Orthodox counterparts in reading. A smaller gap in mathematics also favored the Haredi students",https://www.haaretz.com/israel-news/2026-09-13/ty-article/.premium/haredi-schoolgirls-outperform-non-religious-counterparts-study-shows/000001a0-96c1-de8a-a9b0-bff96de70000,Haaretz,Lior Dattel,2026-09-12T23:50:23,2026-09-13 03:35:07.488414,https://www.haaretz.com/israel-news/2026-09-13/ty-article/.premium/haredi-schoolgirls-outperform-non-religious-counterparts-study-shows/000001a0-96c1-de8a-a9b0-bff96de70000
The evolution of choice and arguing about it,When did our ability to communicate advance beyond grunting and gesturing? Clues to the genesis of our linguistic abilities may lie in extraordinary choices by ordinary hominins,https://www.haaretz.com/archaeology/2026-09-13/ty-article-magazine/the-evolution-of-choice-and-arguing-about-it/000001a0-75c5-d2fd-afbc-f7effb1e0000,Haaretz,Ruth Schuster,2026-09-12T23:53:57,2026-09-13 03:35:07.488390,https://www.haaretz.com/archaeology/2026-09-13/ty-article-magazine/the-evolution-of-choice-and-arguing-about-it/000001a0-75c5-d2fd-afbc-f7effb1e0000
Saudis shut down oil pipeline as Houthis tighten grip on Red Sea shipping,"Saudi Arabia closed the pipeline following a drone attack launched from Iraq. It has served as the main route for global supplies of Middle East ⁠oil for the past six months, while the Strait of Hormuz has been largely shut by war",https://www.haaretz.com/middle-east-news/2026-09-13/ty-article/saudis-shut-down-oil-pipeline-as-houthis-tighten-grip-on-red-sea-shipping/000001a0-9725-de76-a1f7-bf6d6ed10000,Haaretz,Reuters,2026-09-13T01:16:12,2026-09-13 03:35:07.488358,https://www.haaretz.com/middle-east-news/2026-09-13/ty-article/saudis-shut-down-oil-pipeline-as-houthis-tighten-grip-on-red-sea-shipping/000001a0-9725-de76-a1f7-bf6d6ed10000
"Saudi Arabia says Houthi attack wounds two, damages mosque",,https://www.haaretz.com/israel-news/israel-security/2026-09-13/ty-article-live/saudi-arabia-says-houthi-attack-wounds-two-damages-mosque/000001a0-9785-dfa9-ada3-dfc708db0004,Haaretz,Haaretz,2026-09-12T21:32:33,2026-09-12 23:48:27.246277,https://www.haaretz.com/israel-news/israel-security/2026-09-13/ty-article-live/saudi-arabia-says-houthi-attack-wounds-two-damages-mosque/000001a0-9785-dfa9-ada3-dfc708db0004
Israeli-directed film on Gaza killings wins Special Jury Prize at Venice Film Festival,"'NAZA,' Yuval Abraham and Rachel Szor's documentary on 'the systems behind Israel's calculated mass killing of Palestinian civilians in Gaza,' won the Venice Film Festival's third-place award. Its premiere received a record 25-minute standing ovation",https://www.haaretz.com/life/film/2026-09-13/ty-article/.premium/israeli-directed-film-on-gaza-killings-wins-special-jury-prize-in-venice/000001a0-9793-d178-a7a8-9f9f0d170000,Haaretz,Haaretz,2026-09-12T23:24:38,2026-09-12 23:48:27.246240,https://www.haaretz.com/life/film/2026-09-13/ty-article/.premium/israeli-directed-film-on-gaza-killings-wins-special-jury-prize-in-venice/000001a0-9793-d178-a7a8-9f9f0d170000
The money race: How much Israeli politicians are spending on online ads,A Haaretz analysis of Meta's ad data shows Netanyahu's opponents have outspent him online for years. Now he's spending again - with a vengeance,https://www.haaretz.com/israel-news/security-aviation/2026-09-12/ty-article-magazine/.premium/the-money-race-how-much-israeli-politicians-are-spending-on-online-ads/000001a0-817a-df5e-ada7-8d7a1fcc0000,Haaretz,Omer Benjakob,2026-09-12T20:14:16,2026-09-12 21:15:54.814288,https://www.haaretz.com/israel-news/security-aviation/2026-09-12/ty-article-magazine/.premium/the-money-race-how-much-israeli-politicians-are-spending-on-online-ads/000001a0-817a-df5e-ada7-8d7a1fcc0000
What drove Israelis to leave after October 7? A new book looks for answers,"Avi Shahaf interviews 16 Israelis who left the country after October 7. While their testimonies echo a profound political and moral rupture, the book offers few insights on what sets this new wave of emigration apart",https://www.haaretz.com/life/books/2026-09-12/ty-article-magazine/.premium/what-drove-israelis-to-leave-after-october-7-a-new-book-looks-for-answers/0000019f-ef78-d302-afff-eff8da2b0000,Haaretz,Sarai Shavit,2026-09-12T20:17:30,2026-09-12 21:15:54.814246,https://www.haaretz.com/life/books/2026-09-12/ty-article-magazine/.premium/what-drove-israelis-to-leave-after-october-7-a-new-book-looks-for-answers/0000019f-ef78-d302-afff-eff8da2b0000
Iran and UAE back joint BRICS statement urging restraint in war,"Iranian President Pezeshkian met with the Crown Prince of Abu Dhabi on the sidelines of the first day of the New Delhi summit. In May, Iranian media reported that Tehran accused the UAE of direct involvement in military operations against it",https://www.haaretz.com/middle-east-news/iran/2026-09-12/ty-article/iran-and-uae-back-joint-brics-statement-urging-restraint-in-war/000001a0-9690-da24-a3f7-b7fbd9b80000,Haaretz,Reuters,2026-09-12T18:03:53,2026-09-12 18:59:16.286563,https://www.haaretz.com/middle-east-news/iran/2026-09-12/ty-article/iran-and-uae-back-joint-brics-statement-urging-restraint-in-war/000001a0-9690-da24-a3f7-b7fbd9b80000
Crowd boos man who stormed field at Yankee game with Palestinian flag,"The activist ran onto the diamond in the Bronx after the stadium marked a quarter-century since the Sept. 11, 2001, attacks.",https://www.jns.org/news/u-s-news/crowd-boos-man-who-stormed-field-at-yankee-game-with-palestinian-flag,JNS,JNS Staff,2026-09-12T17:50:56,2026-09-12 18:59:09.311066,https://www.jns.org/news/u-s-news/crowd-boos-man-who-stormed-field-at-yankee-game-with-palestinian-flag
IDF soldier filmed shooting Palestinian for no apparent reason in West Bank,The IDF said troops first fired in the air and then at the Palestinian and that the incident is under review. Similar settler incursions accompanied by soldiers have increased in recent weeks,https://www.haaretz.com/west-bank/2026-09-12/ty-article/.premium/idf-soldier-filmed-shooting-palestinian-for-no-apparent-reason-in-west-bank/000001a0-95b8-de76-a1f7-bff8114c0000,Haaretz,Matan Golan,2026-09-12T14:56:23,2026-09-12 16:47:55.573788,https://www.haaretz.com/west-bank/2026-09-12/ty-article/.premium/idf-soldier-filmed-shooting-palestinian-for-no-apparent-reason-in-west-bank/000001a0-95b8-de76-a1f7-bff8114c0000
"Jewish Iranian-American jailed over Israel visit freed, but can't leave Iran",Kamran Hekmati was prosecuted over a trip to Israel 13 years ago for his son's bar mitzvah. His family says Iran has yet to return his passport after releasing him from Evin Prison,https://www.haaretz.com/middle-east-news/iran/2026-09-12/ty-article/jewish-iranian-american-jailed-over-israel-visit-freed-but-cant-leave-iran/000001a0-9576-d9a4-a3a7-9f76bbb10000,Haaretz,The Associated Press,2026-09-12T15:20:36,2026-09-12 16:47:55.573750,https://www.haaretz.com/middle-east-news/iran/2026-09-12/ty-article/jewish-iranian-american-jailed-over-israel-visit-freed-but-cant-leave-iran/000001a0-9576-d9a4-a3a7-9f76bbb10000
I need to leave Israel. Or do I?,"As Israel heads into its first election since October 7 and Gaza's destruction, it has become the ultimate island. Whether to leave or stay is on everyone's mind",https://www.haaretz.com/magazine/2026-09-12/ty-article-magazine/.premium/i-need-to-leave-israel-or-do-i/000001a0-5d8a-d822-a3b8-5fdf26a60000,Haaretz,David Issacharoff,2026-09-12T15:21:53,2026-09-12 16:47:55.573711,https://www.haaretz.com/magazine/2026-09-12/ty-article-magazine/.premium/i-need-to-leave-israel-or-do-i/000001a0-5d8a-d822-a3b8-5fdf26a60000
IDF chief: Security zone in Lebanon remains unchanged after strategic Hezbollah base dismantled,"“We will defend our communities at any cost—the IDF stands as a shield on the front line,” Lt. Gen. Eyal Zamir said.",https://www.jns.org/news/israel-news/idf-chief-security-zone-in-lebanon-remains-unchanged-after-strategic-hezbollah-base-dismantled,JNS,JNS Staff,2026-09-12T14:15:53,2026-09-12 16:47:48.137008,https://www.jns.org/news/israel-news/idf-chief-security-zone-in-lebanon-remains-unchanged-after-strategic-hezbollah-base-dismantled
"IDF, Shin Bet slay head of Hamas's Khan Yunis Brigade",A company commander and another Hamas operative were killed in the strike as well.,https://www.jns.org/news/israel-news/idf-shin-bet-slay-head-of-hamass-khan-yunis-brigade,JNS,JNS Staff,2026-09-12T14:29:08,2026-09-12 16:47:48.136977,https://www.jns.org/news/israel-news/idf-shin-bet-slay-head-of-hamass-khan-yunis-brigade
‘The toll was much higher’: Israeli study finds COVID deaths underreported,"Countries with stronger institutional checks and balances generally saw less underreporting, while those with a communist legacy or holding elections saw more.",https://www.jns.org/news/world/the-toll-was-much-higher-israeli-study-finds-covid-deaths-underreported,JNS,Pesach Benson and Omer Novoselsky/TPS-IL,2026-09-12T14:34:21,2026-09-12 16:47:48.136950,https://www.jns.org/news/world/the-toll-was-much-higher-israeli-study-finds-covid-deaths-underreported
Netanyahu: Our prayers for return of the hostages were fulfilled,"“Dear people of Israel, it turns out that our blessings work,” the prime minister said ahead of the Hebrew New Year.",https://www.jns.org/news/israel-news/netanyahu-our-prayers-for-return-of-the-hostages-were-fulfilled,JNS,JNS Staff,2026-09-12T15:00:31,2026-09-12 16:47:48.136916,https://www.jns.org/news/israel-news/netanyahu-our-prayers-for-return-of-the-hostages-were-fulfilled
US cautions Americans in UAE regarding Jewish- and Israeli-associated sites,The embassy advised American citizens to “remain vigilant” and maintain “heightened situational awareness.”,https://www.jns.org/news/u-s-news/us-cautions-americans-in-uae-regarding-jewish-and-israeli-associated-sites,JNS,JNS Staff,2026-09-12T16:26:43,2026-09-12 16:47:48.136876,https://www.jns.org/news/u-s-news/us-cautions-americans-in-uae-regarding-jewish-and-israeli-associated-sites
'The Fault Line': A documentary miniseries revisits the election that changed Israel,Avida Livny's documentary returns to Israel's 1981 election and shows that right-wing violence was a strategy that worked – and worked well,https://www.haaretz.com/life/2026-09-12/ty-article/.premium/a-documentary-miniseries-revisits-the-election-that-changed-israel/000001a0-51af-dc79-a3e1-5fff5b910000,Haaretz,Ido David Cohen,2026-09-12T10:39:46,2026-09-12 13:54:25.387643,https://www.haaretz.com/life/2026-09-12/ty-article/.premium/a-documentary-miniseries-revisits-the-election-that-changed-israel/000001a0-51af-dc79-a3e1-5fff5b910000
Report: U.S. links Chinese satellite imagery to Iranian strike that killed troops,The finding adds pressure ahead of Trump and Xi's planned September 24 summit. A former CIA analyst said the flow of Chinese technology and data to Iran 'starts to look pretty substantial' in improving its long-range strike capabilities,https://www.haaretz.com/middle-east-news/iran/2026-09-12/ty-article/.premium/report-u-s-ties-chinese-satellite-imagery-to-iranian-strike-that-killed-troops/000001a0-9470-d219-a3ed-bdfa406a0000,Haaretz,Haaretz,2026-09-12T11:30:23,2026-09-12 13:54:25.387609,https://www.haaretz.com/middle-east-news/iran/2026-09-12/ty-article/.premium/report-u-s-ties-chinese-satellite-imagery-to-iranian-strike-that-killed-troops/000001a0-9470-d219-a3ed-bdfa406a0000
"Want to disappear? In the digital age, going off the grid is almost impossible","Israeli mother and daughter Mali and Liel Yahalomi tried to disappear abroad, only to be tracked down in Argentina. Their story reveals how smartphones, credit cards, cameras and our digital footprints have made going off the grid nearly impossible",https://www.haaretz.com/magazine/2026-09-12/ty-article-magazine/.premium/want-to-disappear-in-the-digital-age-going-off-the-grid-is-almost-impossible/000001a0-18ea-d0ce-a5bf-1efba1aa0000,Haaretz,Michael Birnhack and Tal Morse,2026-09-12T12:39:14,2026-09-12 13:54:25.387570,https://www.haaretz.com/magazine/2026-09-12/ty-article-magazine/.premium/want-to-disappear-in-the-digital-age-going-off-the-grid-is-almost-impossible/000001a0-18ea-d0ce-a5bf-1efba1aa0000
'An interesting and wonderful Jewish immigrant': The barefoot prophet who preached vegetarianism,"He was austere, a vegetarian and someone who strove to live in harmony with nature. Eastern European-born Eliezer Kamenezky left a fleeting mark on the Land of Israel last century and went on to lead an extraordinary life",https://www.haaretz.com/jewish/2026-09-12/ty-article-magazine/.highlight/interesting-wonderful-jewish-immigrant-the-barefoot-vegetarian-prophet/000001a0-9423-d9a4-a3a7-9f73b08b0000,Haaretz,Lee Rotbart,2026-09-12T12:42:01,2026-09-12 13:54:25.387531,https://www.haaretz.com/jewish/2026-09-12/ty-article-magazine/.highlight/interesting-wonderful-jewish-immigrant-the-barefoot-vegetarian-prophet/000001a0-9423-d9a4-a3a7-9f73b08b0000
"At Dachau ovens, N. Carolina state house candidate says: 'This is where Trump supporters belong'",Shelly Headen has a history of inflammatory posts and domestic violence cases.,https://www.jns.org/news/u-s-news/at-dachau-ovens-n-carolina-state-house-candidate-says-this-is-where-trump-supporters-belong,JNS,Mike Wagenheim,2026-09-12T10:34:01,2026-09-12 13:54:18.716975,https://www.jns.org/news/u-s-news/at-dachau-ovens-n-carolina-state-house-candidate-says-this-is-where-trump-supporters-belong
Rosh Hashanah 2026: The 10 events in Israel that defined 5786,"Trump's Knesset visit, a landmark High Court ruling and one Israeli athlete who shone above them all. Jewish calendar year 5786, now drawing to a close, was turbulent.",https://www.jns.org/news/israel-news/rosh-hashanah-2026-the-10-events-in-israel-that-defined-5786,JNS,Lior Yaakobi,2026-09-12T11:22:00,2026-09-12 13:54:18.716937,https://www.jns.org/news/israel-news/rosh-hashanah-2026-the-10-events-in-israel-that-defined-5786
Even Palestinians were stunned: The Israeli army-settler alliance reaches a new level,"A settler reports a sheep theft – apparently a false accusation – setting off this chain of events: The army raids a Palestinian village, joins settlers in stealing dozens of sheep and goats and, along the way, shoots two young men dead",https://www.haaretz.com/israel-news/twilight-zone/2026-09-12/ty-article-magazine/.highlight/even-palestinians-were-stunned-the-idf-settler-alliance-reaches-a-new-level/000001a0-93f2-dfa9-ada3-dbf267a30000,Haaretz,Gideon Levy,2026-09-12T05:39:41,2026-09-12 10:13:52.400919,https://www.haaretz.com/israel-news/twilight-zone/2026-09-12/ty-article-magazine/.highlight/even-palestinians-were-stunned-the-idf-settler-alliance-reaches-a-new-level/000001a0-93f2-dfa9-ada3-dbf267a30000
Your vote won't change a thing. Two Israeli philosophers on why you should cast it anyway,"Ahead of the October 27 election, philosophers David Enoch and Saul Smilansky confront an uncomfortable truth – no single vote decides the outcome – and explain why staying home still can't be justified",https://www.haaretz.com/israel-news/israel-politics/2026-09-12/ty-article-magazine/.premium/your-vote-wont-change-a-thing-but-you-should-cast-it-anyway/000001a0-770c-db00-afb5-f7bfd3b10000,Haaretz,Shira Philosof,2026-09-12T06:00:55,2026-09-12 10:13:52.400885,https://www.haaretz.com/israel-news/israel-politics/2026-09-12/ty-article-magazine/.premium/your-vote-wont-change-a-thing-but-you-should-cast-it-anyway/000001a0-770c-db00-afb5-f7bfd3b10000
Israel-Lebanon talks in Rome reportedly postponed; Lebanese PM: no negotiations underway,"Reports say the talks are being pushed to October amid scheduling constraints, while Lebanese President Joseph Aoun says Beirut remains committed to Israel's withdrawal, the return of prisoners and displaced people, and reconstruction",https://www.haaretz.com/middle-east-news/lebanonnews/2026-09-12/ty-article/israel-lebanon-talks-in-rome-reportedly-postponed-to-october/000001a0-9436-d219-a3ed-bdfe9b3c0000,Haaretz,Jack Khoury,2026-09-12T08:08:30,2026-09-12 10:13:52.400847,https://www.haaretz.com/middle-east-news/lebanonnews/2026-09-12/ty-article/israel-lebanon-talks-in-rome-reportedly-postponed-to-october/000001a0-9436-d219-a3ed-bdfe9b3c0000
Trump says Iran 'probably' behind attack on Saudi pipeline,"Saudi Arabia shut down its major East-West oil pipeline on Friday as a precaution after it was attacked by drones. Meanwhile, the Houthis' capture of a strategic Red Sea island threatens a vital shipping route",https://www.haaretz.com/middle-east-news/2026-09-12/ty-article/saudi-arabia-shuts-pipeline-as-houthis-seize-island-opening-new-iran-war-front/000001a0-94a0-d219-a3ed-bdfa90750000,Haaretz,Reuters,2026-09-12T09:45:37,2026-09-12 10:13:52.400810,https://www.haaretz.com/middle-east-news/2026-09-12/ty-article/saudi-arabia-shuts-pipeline-as-houthis-seize-island-opening-new-iran-war-front/000001a0-94a0-d219-a3ed-bdfa90750000
US evaluates advanced bunker-busting capabilities as secret Iranian nuclear fortress expands,"Using six years of satellite imagery, intelligence analysts notice surge at the underground Pickaxe Mountain nuclear site.",https://www.jns.org/news/world/us-evaluates-advanced-bunker-busting-capabilities-as-secret-iranian-nuclear-fortress-expands,JNS,Erez Linn,2026-09-12T07:10:00,2026-09-12 10:13:44.333260,https://www.jns.org/news/world/us-evaluates-advanced-bunker-busting-capabilities-as-secret-iranian-nuclear-fortress-expands
Saudi Arabia says East-West oil pipeline attacked by drones from Iraq,,https://www.haaretz.com/israel-news/israel-security/2026-09-12/ty-article-live/saudi-arabia-says-east-west-oil-pipeline-attacked-by-drones-from-iraq/000001a0-930d-d9a4-a3a7-9f7ff8fa0000,Haaretz,Haaretz,2026-09-12T01:12:28,2026-09-12 05:27:00.399553,https://www.haaretz.com/israel-news/israel-security/2026-09-12/ty-article-live/saudi-arabia-says-east-west-oil-pipeline-attacked-by-drones-from-iraq/000001a0-930d-d9a4-a3a7-9f7ff8fa0000
Snakebites and cockroach milk: Ig Nobel winners answer humanity's big questions,"Guess who's more likely to steal candy from a baby and what a kiss really entails. Go on, guess",https://www.haaretz.com/science-and-health/2026-09-12/ty-article-magazine/snakebite-and-roach-milk-ig-nobel-winners-answer-humanitys-big-questions/000001a0-8b0d-d532-a9ba-8f0de30f0000,Haaretz,Ruth Schuster,2026-09-11T23:58:32,2026-09-12 00:57:17.433506,https://www.haaretz.com/science-and-health/2026-09-12/ty-article-magazine/snakebite-and-roach-milk-ig-nobel-winners-answer-humanitys-big-questions/000001a0-8b0d-d532-a9ba-8f0de30f0000
Israeli Arms Maker Elbit's Planned German Plant Faces Far-right AfD Scrutiny,"Elbit Systems is reportedly in talks to build a defense-components plant employing up to 400 people in Saxony-Anhalt, where the AfD is seeking to form a government after falling just short of an outright majority",https://www.haaretz.com/israel-news/2026-09-12/ty-article/israeli-arms-maker-elbits-planned-german-plant-faces-far-right-afd-scrutiny/000001a0-928d-dfa9-ada3-dacf11c20000,Haaretz,Reuters,2026-09-11T22:40:48,2026-09-11 23:01:32.869696,https://www.haaretz.com/israel-news/2026-09-12/ty-article/israeli-arms-maker-elbits-planned-german-plant-faces-far-right-afd-scrutiny/000001a0-928d-dfa9-ada3-dacf11c20000
EU Foreign Policy Chief Kaja Kallas Ignites Backlash With Call to Ban Trade With Israeli Settlements,European Union foreign policy chief Kaja Kallas has once again ignited a political firestorm after urging the bloc to ban...,https://www.algemeiner.com/2026/09/11/eu-foreign-policy-chief-kaja-kallas-ignites-backlash-call-ban-trade-israeli-settlements/,Algemeiner,Ailin Vilches Arguello,2026-09-11T21:03:51,2026-09-11 23:01:28.232647,https://www.algemeiner.com/?p=779537
DSA-Backed Challenger Defeats Jewish Incumbent in Rhode Island Mayoral Race,"Rhode Island state Rep. David Morales, a democratic socialist, defeated incumbent Providence Mayor Brett Smiley in Tuesday&#8217;s Democratic primary, ending Smiley&#8217;s...",https://www.algemeiner.com/2026/09/11/dsa-backed-challenger-defeats-jewish-incumbent-rhode-island-mayoral-race/,Algemeiner,Corey Walker,2026-09-11T21:23:36,2026-09-11 23:01:28.232616,https://www.algemeiner.com/?p=779548
"Eisenkot, push for normalization with Saudi Arabia – and beat Netanyahu","Before Israel's election, the head of the anti-government bloc could go far with the Saudi normalization issue. And maybe he should meet with European leaders now?",https://www.haaretz.com/opinion/2026-09-11/ty-article-opinion/.premium/eisenkot-push-for-normalization-with-saudi-arabia-and-beat-netanyahu/000001a0-90e8-de76-a1f7-bbe88f240000,Haaretz,Raviv Drucker,2026-09-11T18:45:41,2026-09-11 20:35:07.924454,https://www.haaretz.com/opinion/2026-09-11/ty-article-opinion/.premium/eisenkot-push-for-normalization-with-saudi-arabia-and-beat-netanyahu/000001a0-90e8-de76-a1f7-bbe88f240000
“No Bigger Failure” - Spencer Ackerman on the legacy of America’s wars of choice.,,https://jewishcurrents.org/no-bigger-failure,Jewish Currents,Josh Nathan-Kazis,2026-09-10T20:14:00,2026-09-11 20:35:05.215884,https://jewishcurrents.org/no-bigger-failure
Why the UK’s New Plan Will Not Bring Peace to the Middle East,"The foreign ministers of the United Kingdom, France, Canada, and several other European nations recently announced sanctions, or plans for...",https://www.algemeiner.com/2026/09/11/why-uks-new-plan-will-not-bring-peace-middle-east/,Algemeiner,Chaim Lax,2026-09-11T17:36:34,2026-09-11 20:35:02.906787,https://www.algemeiner.com/?p=779464
Is ‘Politico’ Covering for Tucker Carlson?,"In a Sept. 1, 2026, article titled, &#8220;Vance offers olive branch to pro-Israel Republicans in closed-door speech,&#8221; Politico&#8216;s Samuel Benson...",https://www.algemeiner.com/2026/09/11/is-politico-covering-tucker-carlson/,Algemeiner,Omri Tubi,2026-09-11T17:41:26,2026-09-11 20:35:02.906758,https://www.algemeiner.com/?p=779467
"This Year, Rosh Hashanah Should Be a Source of Celebration — Not Despair","In 1544, a Flemish instrument-maker named Gerard de Kremer was arrested in Rupelmonde, near Antwerp, and thrown into the castle...",https://www.algemeiner.com/2026/09/11/this-year-rosh-hashanah-should-be-source-celebration-not-despair/,Algemeiner,Pini Dunner,2026-09-11T17:47:51,2026-09-11 20:35:02.906729,https://www.algemeiner.com/?p=779455
Gal Gadot Blows Shofar on ‘Jimmy Kimmel Live’ to Welcome in Rosh Hashanah,Israeli actress Gal Gadot concluded her visit to &#8220;Jimmy Kimmel Live&#8221; on Thursday night by blowing a shofar with the...,https://www.algemeiner.com/2026/09/11/gal-gadot-blows-shofar-jimmy-kimmel-live-welcome-rosh-hashanah/,Algemeiner,Shiryn Ghermezian,2026-09-11T17:54:56,2026-09-11 20:35:02.906699,https://www.algemeiner.com/?p=779480
"‘I Love Jewish Girls’: Historic Runway Show for New York Fashion Week Centers on Jewish Identity, Pride",A runway show that took place in New York City on Thursday night as part of New York Fashion Week...,https://www.algemeiner.com/2026/09/11/i-love-jewish-girls-historic-runway-show-new-york-fashion-week-centers-jewish-identity-pride/,Algemeiner,Shiryn Ghermezian,2026-09-11T18:00:03,2026-09-11 20:35:02.906668,https://www.algemeiner.com/?p=779471
"10,500 Palestinians Left Gaza Over Past Year, New Data Show, Amid Israeli Ministers’ Renewed Voluntary Emigration Push","About 10,500 Palestinians have left the Gaza Strip over the past year while roughly 6,000 have returned, new figures show,...",https://www.algemeiner.com/2026/09/11/10500-palestinians-left-gaza-past-year-new-data-show-amid-israeli-ministers-renewed-voluntary-emigration-push/,Algemeiner,Debbie Weiss,2026-09-11T19:01:07,2026-09-11 20:35:02.906636,https://www.algemeiner.com/?p=779519
"Germany Charges Seven Suspected Hamas Operatives Over Planned Attacks in Berlin, Vienna",German authorities on Friday charged seven suspected members of the Palestinian terrorist group Hamas over an alleged plot to carry...,https://www.algemeiner.com/2026/09/11/germany-charges-seven-suspected-hamas-operatives-planned-attacks-berlin-vienna/,Algemeiner,Ailin Vilches Arguello,2026-09-11T19:24:54,2026-09-11 20:35:02.906599,https://www.algemeiner.com/?p=779520
NY Fashion Week holds its first exclusively Jewish fashion show,"“Judaism and fashion are completely interwoven from the streets of Seventh Avenue in New York City to the streets of Tel Aviv,” Tobi Rubinstein, an event co-host, told JNS.",https://www.jns.org/news/u-s-news/ny-fashion-week-holds-its-first-exclusively-jewish-fashion-show,JNS,Vita Fellig,2026-09-11T17:53:17,2026-09-11 20:35:00.172629,https://www.jns.org/news/u-s-news/ny-fashion-week-holds-its-first-exclusively-jewish-fashion-show
Get out your crystal ball! Take the 5787 Jewish pundit quiz,Join the editor of JNS in guessing what will happen in the New Year.,https://www.jns.org/opinion/column/jonathan-s-tobin/get-out-your-crystal-ball-take-the-5787-jewish-pundit-quiz,JNS,Jonathan S. Tobin,2026-09-11T18:00:00,2026-09-11 20:35:00.172599,https://www.jns.org/opinion/column/jonathan-s-tobin/get-out-your-crystal-ball-take-the-5787-jewish-pundit-quiz
US Alien Terrorist Removal Court issues first deportation order in 30 years,The Department of Justice secured a deportation order for an Afghan national who plotted an Election-Day massacre for the first time since the court’s founding in 1996.,https://www.jns.org/news/u-s-news/us-alien-terrorist-removal-court-issues-first-deportation-order-in-30-years,JNS,Andrew Bernard,2026-09-11T18:18:28,2026-09-11 20:35:00.172574,https://www.jns.org/news/u-s-news/us-alien-terrorist-removal-court-issues-first-deportation-order-in-30-years
"Oct. 7 reshaped US terror threat landscape, new House report says","Rep. Andrew Garbarino said that the mission to protect the United States from terrorists ""requires persistent vigilance and adaptation to keep pace with the contemporary threat environment.""",https://www.jns.org/news/u-s-news/oct-7-reshaped-us-terror-threat-landscape-new-house-report-says,JNS,Jessica Russak-Hoffman,2026-09-11T18:38:33,2026-09-11 20:35:00.172543,https://www.jns.org/news/u-s-news/oct-7-reshaped-us-terror-threat-landscape-new-house-report-says
Germany indicts seven men for foiled Hamas terror plot,"Authorities said that they disrupted the plot on Oct. 1, 2025, six days before the planned attacks.",https://www.jns.org/news/world/germany-indicts-seven-men-for-foiled-hamas-terror-plot,JNS,,2026-09-11T18:41:06,2026-09-11 20:35:00.172513,https://www.jns.org/news/world/germany-indicts-seven-men-for-foiled-hamas-terror-plot
Houthis take control of key island in Bab al-Mandeb Strait,It means a tighter grip on key international shipping routes.,https://www.jns.org/houthis-take-control-of-key-island-in-bab-al-mandeb-strait,JNS,,2026-09-11T18:43:20,2026-09-11 20:35:00.172466,https://www.jns.org/houthis-take-control-of-key-island-in-bab-al-mandeb-strait
"US agency won't comment on ongoing probes, after its head said at GOP midterm event that Ilhan Omar married her brother","""No one, including members of Congress, are above the law,"" a spokesman for the U.S. Department of Homeland Security told JNS.",https://www.jns.org/news/u-s-news/us-agency-wont-comment-on-ongoing-probes-after-its-head-said-at-gop-midterm-event-that-ilhan-omar-married-her-brother,JNS,Jessica Russak-Hoffman,2026-09-11T18:47:16,2026-09-11 20:35:00.172439,https://www.jns.org/news/u-s-news/us-agency-wont-comment-on-ongoing-probes-after-its-head-said-at-gop-midterm-event-that-ilhan-omar-married-her-brother
"'Steadfast' in national faith revival, fighting Jew-hatred and religious liberty, Trump says in Rosh Hashanah message","“May you be inscribed in the Book of Life,” the U.S. president stated.",https://www.jns.org/news/u-s-news/steadfast-in-national-faith-revival-fighting-jew-hatred-and-religious-liberty-trump-says-in-rosh-hashanah-message,JNS,,2026-09-11T18:51:46,2026-09-11 20:35:00.172410,https://www.jns.org/news/u-s-news/steadfast-in-national-faith-revival-fighting-jew-hatred-and-religious-liberty-trump-says-in-rosh-hashanah-message
"‘We will never, ever forget,’ Trump says at 9/11 event at Pentagon","“No one can ever prepare for a day like 9/11, but we can always choose to be the kind of nation the world saw in those days after,” the U.S. president said.",https://www.jns.org/news/u-s-news/we-will-never-ever-forget-trump-says-at-9-11-event-at-pentagon,JNS,,2026-09-11T18:58:07,2026-09-11 20:35:00.172381,https://www.jns.org/news/u-s-news/we-will-never-ever-forget-trump-says-at-9-11-event-at-pentagon
Albany County Dems disavow Young Democrats’ Gaza ‘genocide’ claim,County Democratic Committee Chairman Jake Crawfors said the county party does not currently charter the Young Democrats group and has “no affiliation” with the committee.,https://www.jns.org/news/u-s-news/albany-county-dems-disavow-young-democrats-gaza-genocide-claim,JNS,Rebecca Szlechter,2026-09-11T19:05:32,2026-09-11 20:35:00.172344,https://www.jns.org/news/u-s-news/albany-county-dems-disavow-young-democrats-gaza-genocide-claim
"Thai Chabad house cancels Rosh Hashanah celebrations, citing security concerns","Some 500 protestors demonstrated outside the building on Friday carrying signs stating ""Save Phuket. No Israel.""",https://www.jns.org/news/world/thai-chabad-house-cancels-rosh-hashanah-celebrations-citing-security-concerns,JNS,,2026-09-11T19:15:24,2026-09-11 20:35:00.172314,https://www.jns.org/news/world/thai-chabad-house-cancels-rosh-hashanah-celebrations-citing-security-concerns
"Anthropic reveals Yemenis vibecoding ballistic missile guidance, Iran using AI to target US Navy","“We do not have evidence the actors succeeded in fielding an operational device, but they did test-fire a guided rocket,” the AI company said.",https://www.jns.org/news/u-s-news/anthropic-reveals-yemenis-vibecoding-ballistic-missile-guidance-iran-using-ai-to-target-us-navy,JNS,Andrew Bernard,2026-09-11T19:18:01,2026-09-11 20:35:00.172285,https://www.jns.org/news/u-s-news/anthropic-reveals-yemenis-vibecoding-ballistic-missile-guidance-iran-using-ai-to-target-us-navy
Declassified CIA document warned Clinton admin in 1998 of possible plane attack,CIA Director John Ratcliffe declassified 71 daily presidential briefing files on the 25th anniversary of Sept. 11.,https://www.jns.org/news/u-s-news/declassified-cia-document-warned-clinton-amin-in-1998-of-possible-plane-attack,JNS,Jessica Russak-Hoffman,2026-09-11T19:22:04,2026-09-11 20:35:00.172253,https://www.jns.org/news/u-s-news/declassified-cia-document-warned-clinton-amin-in-1998-of-possible-plane-attack
Pope Leo sends High Holiday greetings to Rome chief rabbi,"“I hope that these celebrations may be an occasion of abundant blessings from the Almighty and a source of joy,” the pope said.",https://www.jns.org/news/world/pope-leo-sends-high-holiday-greetings-to-rome-chief-rabbi,JNS,,2026-09-11T19:25:14,2026-09-11 20:35:00.172218,https://www.jns.org/news/world/pope-leo-sends-high-holiday-greetings-to-rome-chief-rabbi
"Saudi crown prince reportedly called Trump, asked US to strike Houthis",U.S. President Donald Trump reportedly declined Mohammed bin Salman's requests.,https://www.jns.org/news/u-s-news/saudi-crown-prince-reportedly-called-trump-asked-us-to-strike-houthis,JNS,,2026-09-11T19:28:24,2026-09-11 20:35:00.172180,https://www.jns.org/news/u-s-news/saudi-crown-prince-reportedly-called-trump-asked-us-to-strike-houthis
"Chosen Links by Boaz – Ep 19 | 9/11: Remembrance and Resilience, 25 Years Later (Part Two)","If episode one was the brain of this two-part 9/11 series, episode two is the heart. The post Chosen Links by Boaz &#8211; Ep 19 | 9/11: Remembrance and Resilience, 25 Years Later (Part Two) appeared first on Jewish Journal .",https://jewishjournal.com/community/chosen-links/392187/ep-19-9-11-remembrance-and-resilience-25-years-later-part-two/,Jewish Journal,Boaz Hepner,2026-09-11T17:45:07,2026-09-11 20:34:57.766373,https://jewishjournal.com/?p=392187
"On the First Night of Rosh Hashanah, We Remember Shabbat","Have you noticed that we’re hearing “Shana Tova” a lot more than “Shabbat Shalom”? The post On the First Night of Rosh Hashanah, We Remember Shabbat appeared first on Jewish Journal .",https://jewishjournal.com/commentary/columnist/editors-note/392194/on-the-first-night-of-rosh-hashanah-we-remember-shabbat/,Jewish Journal,David Suissa,2026-09-11T19:53:08,2026-09-11 20:34:57.766328,https://jewishjournal.com/?p=392194
I was born after 9/11. I still carry the memories of that day.,"Earlier this week, I was talking with my mother over the phone about her experience on 9/11. She walked me through the familiar parts — how she was in our Upper West Side apartment when she learned about the attacks from a relative, how she went to the garage to get the car so they... The post I was born after 9/11. I still carry the memories of that day. appeared first on The Forward .",https://forward.com/forward-newsletters/looking-forward/849797/i-was-born-after-911-i-still-carry-the-memories-of-that-day/,The Forward,Sage Lattman,2026-09-11T18:02:18,2026-09-11 20:34:53.491513,https://forward.com/?p=849797
Rabbis confront a question this season: How to talk about Israel,"This story was originally published in Haaretz. A year ago, Rabbi Joel Sisenwine entered the High Holidays feeling like his congregants were brittle and divided. &#8220;I&#8217;m going to disappoint a [&#8230;]",https://jweekly.com/2026/09/11/american-rabbis-confront-a-fraught-question-this-high-holy-day-season-how-to-talk-about-israel/,J. Weekly,Philissa Cramer,2026-09-11T17:53:05,2026-09-11 20:34:46.586789,https://jweekly.com/?p=310939
ORGANIC EPICURE | Sephardic challah event left me hungry for more,Food coverage is supported by a generous donation from Susan and Moses Libitzky. It was only when Rabbi Avigdor Ashtar arrived at a yeshiva as a young man that his [&#8230;],https://jweekly.com/2026/09/11/a-lesson-on-making-sephardic-challah-left-me-hungry-for-more/,J. Weekly,Alix Wall,2026-09-11T19:02:12,2026-09-11 20:34:46.586748,https://jweekly.com/?p=310948
Inside Netanyahu aide's WhatsApp group pushing Qatar's propaganda campaign,The prime minister's spokesman built a 'proxy' for news broadcasts: journalists parroted Qatari talking points and the bosses were satisfied. WhatsApp messages reveal who marketed Hamas' funder to Israelis and how they did it,https://www.haaretz.com/israel-news/israel-politics/2026-09-11/ty-article/.premium/inside-netanyahu-aides-whatsapp-group-pushing-qatars-propaganda-campaign/000001a0-8f7e-d9a4-a3a7-9f7ebb030000,Haaretz,Gidi Weitz,2026-09-11T14:34:04,2026-09-11 17:35:26.062164,https://www.haaretz.com/israel-news/israel-politics/2026-09-11/ty-article/.premium/inside-netanyahu-aides-whatsapp-group-pushing-qatars-propaganda-campaign/000001a0-8f7e-d9a4-a3a7-9f7ebb030000
How many people will leave Israel next year? These factors will decide,"Some 210,000 Israelis have left the country since the current government was formed, seeking a better future, better education and less reserve duty; the chances of their returning could increase if they vote in next month's election",https://www.haaretz.com/israel-news/elections/2026-09-11/ty-article/.premium/how-many-people-will-leave-israel-next-year/000001a0-9009-d714-a9a3-bf698be90000,Haaretz,Sami Peretz,2026-09-11T14:40:49,2026-09-11 17:35:26.062135,https://www.haaretz.com/israel-news/elections/2026-09-11/ty-article/.premium/how-many-people-will-leave-israel-next-year/000001a0-9009-d714-a9a3-bf698be90000
Germany charges suspected Hamas members over plot to target Jews on Oct. 7 anniversary,"According to the indictment, Hamas had been planning a specific assassination attack in Germany or Austria against Israeli representatives, Jews or pro-Israel individuals since at least July 2025",https://www.haaretz.com/world-news/europe/2026-09-11/ty-article/.premium/germany-charges-alleged-hamas-members-for-plotting-attack-on-oct-7-anniversary/000001a0-908f-d9a4-a3a7-9fff80a60000,Haaretz,DPA,2026-09-11T15:03:49,2026-09-11 17:35:26.062098,https://www.haaretz.com/world-news/europe/2026-09-11/ty-article/.premium/germany-charges-alleged-hamas-members-for-plotting-attack-on-oct-7-anniversary/000001a0-908f-d9a4-a3a7-9fff80a60000
"Even 25 years since September 11, the lessons haven't been learned","In 2001 the Americans launched the strategy of targeting regimes that harbor terrorists. Despite this approach's resounding failure, Israel is following suit",https://www.haaretz.com/middle-east-news/2026-09-11/ty-article/.premium/even-25-years-since-september-11-the-lessons-havent-been-learned/000001a0-9009-dfa9-ada3-da4b0fdd0000,Haaretz,Zvi Bar'el,2026-09-11T16:11:45,2026-09-11 17:35:26.062071,https://www.haaretz.com/middle-east-news/2026-09-11/ty-article/.premium/even-25-years-since-september-11-the-lessons-havent-been-learned/000001a0-9009-dfa9-ada3-da4b0fdd0000
"At two Jewish conferences, speakers turn fears of antisemitism into attacks on Islam",Some conservative leaders are responding to Jewish fears about antisemitism by casting Muslims and Islam as a central threat – and hoping that message will move Jewish voters to the right,https://www.haaretz.com/us-news/2026-09-11/ty-article-magazine/.premium/at-two-jewish-summits-speakers-turn-fear-of-antisemitism-into-attacks-on-islam/000001a0-9103-d43d-a1b6-d5bfd8000000,Haaretz,Arno Rosenfeld,2026-09-11T16:15:57,2026-09-11 17:35:26.062044,https://www.haaretz.com/us-news/2026-09-11/ty-article-magazine/.premium/at-two-jewish-summits-speakers-turn-fear-of-antisemitism-into-attacks-on-islam/000001a0-9103-d43d-a1b6-d5bfd8000000
"Anthropic says Iran-linked actor used Claude to surveil Israelis, diaspora Jews","The company said that 'an Iran-nexus threat actor' used Claude, its AI chatbot, to 'orchestrate an open-source intelligence and reconnaissance tool' that profiled the individuals",https://www.haaretz.com/middle-east-news/iran/2026-09-11/ty-article/.premium/anthropic-says-iran-linked-actor-used-claude-to-surveil-israelis-diaspora-jews/000001a0-9132-d219-a3ed-bdfa676e0000,Haaretz,Arno Rosenfeld,2026-09-11T16:16:51,2026-09-11 17:35:26.062009,https://www.haaretz.com/middle-east-news/iran/2026-09-11/ty-article/.premium/anthropic-says-iran-linked-actor-used-claude-to-surveil-israelis-diaspora-jews/000001a0-9132-d219-a3ed-bdfa676e0000
Mamdani joins 9/11 peace walk amid fight over who gets to mourn,"As relatives of victims urged New York's first Muslim mayor to skip the official Ground Zero ceremony, an interfaith group revived a tradition born in the backlash after the attacks",https://www.haaretz.com/us-news/2026-09-11/ty-article/.premium/mamdani-joins-9-11-peace-walk-amid-fight-over-who-gets-to-mourn/000001a0-913a-d9a4-a3a7-9f7a3d170000,Haaretz,Grace Gilson,2026-09-11T16:50:30,2026-09-11 17:35:26.061975,https://www.haaretz.com/us-news/2026-09-11/ty-article/.premium/mamdani-joins-9-11-peace-walk-amid-fight-over-who-gets-to-mourn/000001a0-913a-d9a4-a3a7-9f7a3d170000
Yemen’s Houthis Reach Strategic Island at Mouth of Vital Shipping Lane,"Yemen&#8217;s Iran-backed Houthis reached the strategic island of Perim in the Bab el-Mandeb Strait on Friday, four Yemeni government sources told Reuters, moving to tighten their...",https://www.algemeiner.com/2026/09/11/yemens-houthis-reach-strategic-island-mouth-vital-shipping-lane/,Algemeiner,Reuters and Algemeiner Staff,2026-09-11T15:57:26,2026-09-11 17:35:21.050140,https://www.algemeiner.com/?p=779494
"Anthropic Disrupts Bioweapons Research Efforts, Russian Hacking, Chinese Claude Misuse",Anthropic broke up attempts to use its Claude models to develop biological weapons and carry out a suspected Russia-linked cyber espionage campaign...,https://www.algemeiner.com/2026/09/11/anthropic-disrupts-bioweapons-research-efforts-russian-hacking-chinese-claude-misuse/,Algemeiner,Reuters and Algemeiner Staff,2026-09-11T16:03:31,2026-09-11 17:35:21.050108,https://www.algemeiner.com/?p=779497
The Palestinian Authority Prioritizes Terrorists’ Salaries Over Salaries for Workers,The Palestinian Authority (PA) has once again demonstrated that paying salaries to terrorists is a higher priority than paying Palestinians...,https://www.algemeiner.com/2026/09/11/palestinian-authority-prioritizes-terrorists-salaries-salaries-workers/,Algemeiner,Itamar Marcus,2026-09-11T17:32:25,2026-09-11 17:35:21.050072,https://www.algemeiner.com/?p=779459
Jewish advertising is broken,"Many people feel increasingly isolated as the public conversation has become more polarized, performative and cruel.",https://www.jns.org/opinion/robin-lemberg/jewish-advertising-is-broken,JNS,Robin Lemberg,2026-09-11T14:30:00,2026-09-11 17:35:18.799849,https://www.jns.org/opinion/robin-lemberg/jewish-advertising-is-broken
"Republicans, Trump shouldn’t hide from Iran war messaging, Florida legislators say","“I wouldn’t shy away from what he’s done internationally,” Sen. Rick Scott told JNS of the U.S. president.",https://www.jns.org/news/u-s-news/republicans-trump-shouldnt-hide-from-iran-war-messaging-florida-legislators-say,JNS,Mike Wagenheim,2026-09-11T14:43:17,2026-09-11 17:35:18.799807,https://www.jns.org/news/u-s-news/republicans-trump-shouldnt-hide-from-iran-war-messaging-florida-legislators-say
9/11 must become America’s Tisha B’Av,America cannot defeat its enemies and renew its vigor if it places no value upon sacred memory.,https://www.jns.org/opinion/ben-poser/9-11-must-become-americas-tisha-bav,JNS,Ben Poser,2026-09-11T15:05:11,2026-09-11 17:35:18.799779,https://www.jns.org/opinion/ben-poser/9-11-must-become-americas-tisha-bav
"GOP activist, who skipped Dallas event to prep for Rosh Hashanah, gets party’s ‘political calculation’ to be mum on Iran","“It’s very important for our safety that he takes the lead on this issue and that he makes those decisions on Iran completely separate from the domestic political scene,” Leora Levy told JNS of the U.S. president.",https://www.jns.org/news/u-s-news/gop-activist-who-skipped-dallas-event-to-prep-for-rosh-hashanah-gets-partys-political-calculation-to-be-mum-on-iran,JNS,Mike Wagenheim,2026-09-11T15:31:05,2026-09-11 17:35:18.799754,https://www.jns.org/news/u-s-news/gop-activist-who-skipped-dallas-event-to-prep-for-rosh-hashanah-gets-partys-political-calculation-to-be-mum-on-iran
"One more chance, one more prayer …",We are never entitled to declare that the story is over.,https://www.jns.org/opinion/rabbi-areyah-kaltmann/one-more-chance-one-more-prayer,JNS,Rabbi Areyah Kaltmann,2026-09-11T16:30:00,2026-09-11 17:35:18.799718,https://www.jns.org/opinion/rabbi-areyah-kaltmann/one-more-chance-one-more-prayer
Jewish billionaire resumes $100 million Harvard gift after campus Jew-hatred concerns,"Stuart Zimmer was “appalled” by the university’s response after Oct. 7 and “troubled” by ensuing antisemitism on campus when he halted his donation shortly after the Hamas-led attacks, The Wall Street Journal reported.",https://www.jns.org/news/u-s-news/jewish-billionaire-resumes-100-million-harvard-gift-after-campus-jew-hatred-concerns,JNS,,2026-09-11T16:43:25,2026-09-11 17:35:18.799692,https://www.jns.org/news/u-s-news/jewish-billionaire-resumes-100-million-harvard-gift-after-campus-jew-hatred-concerns
"Rosh Hashanah ‘demands action,’ Menin says in message to Jewish New Yorkers","“For myself and my colleagues, it’s been a year fighting for the people of the five boroughs and a year that has been marked by particular pride,” the New York City Council speaker said.",https://www.jns.org/news/u-s-news/rosh-hashanah-demands-action-menin-says-in-message-to-jewish-new-yorkers,JNS,Rikki Zagelbaum,2026-09-11T17:00:00,2026-09-11 17:35:18.799655,https://www.jns.org/news/u-s-news/rosh-hashanah-demands-action-menin-says-in-message-to-jewish-new-yorkers
"NYC Council approves 26 new street co-namings honoring 9/11 victims, heroes","Designations across all five boroughs recognize first responders, recovery workers and others connected to the attacks ahead of the 25th anniversary.",https://www.jns.org/news/u-s-news/nyc-council-approves-26-new-street-co-namings-honoring-9-11-victims-heroes,JNS,Rebecca Szlechter,2026-09-11T17:19:02,2026-09-11 17:35:18.799617,https://www.jns.org/news/u-s-news/nyc-council-approves-26-new-street-co-namings-honoring-9-11-victims-heroes
Widow of 9/11 victim calls on Trump to release evidence of Saudi Arabia's role in attacks,"""Tell the Saudis to stop lying,"" Terry Strada said during a memorial marking 25 years since the terror attack.",https://www.jns.org/news/u-s-news/widow-of-9-11-victim-calls-on-trump-to-release-evidence-of-saudi-arabias-role-in-attacks,JNS,Jessica Russak-Hoffman,2026-09-11T17:23:57,2026-09-11 17:35:18.799581,https://www.jns.org/news/u-s-news/widow-of-9-11-victim-calls-on-trump-to-release-evidence-of-saudi-arabias-role-in-attacks
Let’s Create Real Support for Our Nation’s Jewish College Students,"This is a season when we think about obligations and about what we owe one another. Here is a communal obligation, arvut hadadit, that we can actually meet. The post Let’s Create Real Support for Our Nation’s Jewish College Students appeared first on Jewish Journal .",https://jewishjournal.com/commentary/opinion/392183/lets-create-real-support-for-our-nations-jewish-college-students/,Jewish Journal,Samuel J. Abrams,2026-09-11T15:53:08,2026-09-11 17:35:16.333253,https://jewishjournal.com/?p=392183
The left’s latest win was not about Israel — and it hurts the Jewish community to insist it was,"When Democratic socialist David Morales defeated the incumbent mayor of Providence, Brett Smiley, in a historic primary win this week in Rhode Island, the election quickly became part of a narrative that has been coalescing around progressive political wins in the last year — the election of Zohran Mamdani as mayor of New York City,... The post The left&#8217;s latest win was not about Israel — and it hurts the Jewish community to insist it was appeared first on The Forward .",https://forward.com/opinion/849866/providence-rhode-island-david-morales-brett-smiley-israel-dsa-mayoral-primary/,The Forward,Aaron Regunberg,2026-09-11T16:19:21,2026-09-11 17:35:12.105376,https://forward.com/?p=849866
Israeli consul general Ofir Akunis’ Rosh Hashanah message: ‘Wake up’,The country's top diplomat in NYC is comparing Mayor Zohran Mamdani to the Nazis. Some on the left say that's not helping. -- The post Israeli consul general Ofir Akunis’ Rosh Hashanah message: ‘Wake up’ appeared first on Jewish Telegraphic Agency .,https://www.jta.org/2026/09/11/ny/israeli-consul-general-ofir-akunis-rosh-hashanah-message-wake-up,JTA,Joseph Strauss,2026-09-11T14:30:31,2026-09-11 17:35:09.653661,https://www.jta.org/?p=1907976
How the New York Jewish Week covered 9/11,The paper’s archive dating back to May 1971 is now available online. -- The post How the New York Jewish Week covered 9/11 appeared first on Jewish Telegraphic Agency .,https://www.jta.org/2026/09/11/ny/how-the-new-york-jewish-week-covered-9-11,JTA,Ami Eden,2026-09-11T14:47:04,2026-09-11 17:35:09.653624,https://www.jta.org/?p=1908006
Simchat Torah brought Jews into New York’s streets. Then came 9/11.,Lamenting the loss of a Simchat Torah tradition that doubled as a unique show of Jewish unity. -- The post Simchat Torah brought Jews into New York&#8217;s streets. Then came 9/11. appeared first on Jewish Telegraphic Agency .,https://www.jta.org/2026/09/11/ny/thousands-of-jews-were-dancing-in-the-streets-literally-then-came-9-11,JTA,Amy Klein,2026-09-11T15:11:19,2026-09-11 17:35:09.653590,https://www.jta.org/?p=1908011
"Germany’s far-right AfD, riding state win, targets more gains in elections from east to west","The party has its sights on municipal elections in Lower Saxony on Sunday, followed by the next two state elections in Berlin and Mecklenburg-Western Pomerania. -- The post Germany’s far-right AfD, riding state win, targets more gains in elections from east to west appeared first on Jewish Telegraphic Agency .",https://www.jta.org/2026/09/11/global/germanys-far-right-afd-riding-state-win-targets-more-gains-in-elections-from-east-to-west,JTA,Shira Li Bartov,2026-09-11T16:21:30,2026-09-11 17:35:09.653552,https://www.jta.org/?p=1907973
Psalms in the morgue and scrapped Rosh Hashanah sermons: What rabbis remember about 9/11,"On the 25th anniversary of the Sept. 11, 2001, attacks, which coincides with Erev Rosh Hashanah, faith leaders grapple with their grief, their congregants' feelings and the world. -- The post Psalms in the morgue and scrapped Rosh Hashanah sermons: What rabbis remember about 9/11 appeared first on Jewish Telegraphic Agency .",https://www.jta.org/2026/09/11/ny/psalms-in-the-morgue-and-scrapped-rosh-hashanah-sermons-what-rabbis-remember-about-9-11,JTA,Gabrielle Birkner,2026-09-11T16:48:50,2026-09-11 17:35:09.653508,https://www.jta.org/?p=1908048
J Street goes on the offensive against AIPAC-backed candidates,"“It’s a new era for us,” says J Street president Jeremy Ben-Ami. -- The post J Street goes on the offensive against AIPAC-backed candidates appeared first on Jewish Telegraphic Agency .",https://www.jta.org/2026/09/11/politics/j-street-goes-on-the-offensive-against-aipac-backed-candidates,JTA,Joseph Strauss,2026-09-11T17:02:32,2026-09-11 17:35:09.653458,https://www.jta.org/?p=1908058
Jewish and Muslim leaders avoided this interfaith topic for years,This story was originally published in the Forward. Click here to get the Forward&#8217;s free email newsletters delivered to your inbox. It’s been a quarter century since a wave of [&#8230;],https://jweekly.com/2026/09/11/jewish-and-muslim-leaders-avoided-the-hardest-interfaith-topic-for-years-and-now-face-a-massive-fault-line/,J. Weekly,Manya Brachear Pashman,2026-09-11T17:26:25,2026-09-11 17:35:04.972538,https://jweekly.com/?p=310934
"Rachel Rabin, kibbutz pioneer and sister of Yitzhak Rabin, dies at 101","Rabin, an educator, lived near the Lebanese border for 80 years and left only after October 7. Reflecting on her brother's 1995 assassination, she said Israel 'would have been different' had he not been killed: 'They murdered our hope'",https://www.haaretz.com/israel-news/2026-09-11/ty-article/.premium/rachel-rabin-kibbutz-pioneer-and-sister-of-yitzhak-rabin-dies-at-101/000001a0-8f58-d2cb-a9b6-af5f58ad0000,Haaretz,Ofer Aderet,2026-09-11T09:01:43,2026-09-11 13:19:23.731588,https://www.haaretz.com/israel-news/2026-09-11/ty-article/.premium/rachel-rabin-kibbutz-pioneer-and-sister-of-yitzhak-rabin-dies-at-101/000001a0-8f58-d2cb-a9b6-af5f58ad0000
"U.S. support for Palestinians continues to eclipse sympathy for Israelis, poll shows","For the first time, a Quinnipiac University poll showed more respondents favoring Palestinians over Israelis. A shift in views among Republicans has boosted U.S. voters' growing animosity toward Israel",https://www.haaretz.com/us-news/2026-09-11/ty-article/.premium/poll-u-s-support-for-palestinians-continues-to-eclipse-sympathy-for-israelis/000001a0-8f3f-d2cb-a9b6-af7f1cd40000,Haaretz,Arno Rosenfeld,2026-09-11T09:16:19,2026-09-11 13:19:23.731558,https://www.haaretz.com/us-news/2026-09-11/ty-article/.premium/poll-u-s-support-for-palestinians-continues-to-eclipse-sympathy-for-israelis/000001a0-8f3f-d2cb-a9b6-af7f1cd40000
Former chief rabbi who urged Netanyahu's ouster backtracks after reconciling with Shas' Dery,"Although he previously praised Yashar chairman Gadi Eisenkot and called on ultra-Orthodox voters to bring down the right-wing bloc, he proclaimed that 'If the left, Eisenkot and all his friends, rise to power, woe betide us'",https://www.haaretz.com/israel-news/elections/2026-09-11/ty-article/.premium/leading-rabbi-who-called-to-oust-netanyahu-u-turns-after-shas-reconciliation/000001a0-8f4d-de60-a1f5-cf7d23f10000,Haaretz,Aaron Rabinowitz,2026-09-11T10:34:37,2026-09-11 13:19:23.731530,https://www.haaretz.com/israel-news/elections/2026-09-11/ty-article/.premium/leading-rabbi-who-called-to-oust-netanyahu-u-turns-after-shas-reconciliation/000001a0-8f4d-de60-a1f5-cf7d23f10000
"3,000 students in Bedouin Israeli village lack electricity since start of school year","The parents' association decided not to send their children to school until the problem is resolved. 'When 30 students sit in a classroom without ventilation, the temperature can reach 45 degrees Celsius inside the classroom,' the chairman said",https://www.haaretz.com/israel-news/2026-09-11/ty-article/.premium/3-000-children-in-bedouin-israeli-village-studying-without-electricity/000001a0-8cb8-d9ce-abe2-bcba83590000,Haaretz,Eden Solomon,2026-09-11T10:55:21,2026-09-11 13:19:23.731499,https://www.haaretz.com/israel-news/2026-09-11/ty-article/.premium/3-000-children-in-bedouin-israeli-village-studying-without-electricity/000001a0-8cb8-d9ce-abe2-bcba83590000
"After bombing key Hezbollah stronghold, IDF officials rule out Israeli withdrawal from south Lebanon","Israeli military sources said an Israeli withdrawal is subject to ongoing diplomatic talks. They said dozens of Hezbollah operatives were killed in Thursday's strike in the Ali Taher ridge, denying reports that Iranian forces were present in the area",https://www.haaretz.com/middle-east-news/lebanonnews/2026-09-11/ty-article/.premium/after-bombing-key-hezbollah-base-idf-officials-rule-out-withdrawal-from-lebanon/000001a0-9009-d9a4-a3a7-9f7b18830000,Haaretz,Yaniv Kubovich,2026-09-11T11:18:50,2026-09-11 13:19:23.731462,https://www.haaretz.com/middle-east-news/lebanonnews/2026-09-11/ty-article/.premium/after-bombing-key-hezbollah-base-idf-officials-rule-out-withdrawal-from-lebanon/000001a0-9009-d9a4-a3a7-9f7b18830000
The quiet radicalism of Mansour Abbas and Yoav Segalovitz,"The former Yesh Atid MK joining Abbas' United Arab List proves the pair are willing to do what even the most anti-Netanyahu opposition won't: find common ground over shared citizenship, no compromises on national or religious identities needed",https://www.haaretz.com/israel-news/elections/2026-09-11/ty-article-magazine/.premium/the-quiet-radicalism-of-mansour-abbas-and-yoav-segalovitz/000001a0-8bdc-dfad-a1aa-bfdefd5a0000,Haaretz,Joshua Leifer,2026-09-11T13:03:08,2026-09-11 13:19:23.731422,https://www.haaretz.com/israel-news/elections/2026-09-11/ty-article-magazine/.premium/the-quiet-radicalism-of-mansour-abbas-and-yoav-segalovitz/000001a0-8bdc-dfad-a1aa-bfdefd5a0000
"For Omer Neutra’s parents, 9/11 and Oct. 7 are forever linked","""Our job is to tell the true story and remember who were the victims and how just are the war Israel conducted and the war America and Israel are conducting in Iran against the source of the evil.""",https://www.jns.org/news/u-s-news/for-omer-neutras-parents-9-11-and-oct-7-are-forever-linked,JNS,Jonathan D. Salant,2026-09-11T10:02:49,2026-09-11 13:19:16.701272,https://www.jns.org/news/u-s-news/for-omer-neutras-parents-9-11-and-oct-7-are-forever-linked
"Amid rising Jew-hatred, Britain turns its sights upon Israel","No matter how much he sugarcoats his words with assurances of affection for Israel and reminders of his Jewish identity, Ed Miliband’s message to Jerusalem is an unremittingly hostile one.",https://www.jns.org/opinion/column/ben-cohen/amid-rising-jew-hatred-britain-turns-its-sights-upon-israel,JNS,Ben Cohen,2026-09-11T11:00:00,2026-09-11 13:19:16.701215,https://www.jns.org/opinion/column/ben-cohen/amid-rising-jew-hatred-britain-turns-its-sights-upon-israel
A case pitting Indiana Jews against an abortion ban heads back to court,(JTA) — A landmark legal battle to determine whether Jewish women have a religious right to an abortion entered a critical new stage in Indiana. The state Supreme Court heard oral arguments on Thursday in a case that began with a local Jewish group’s 2022 religious freedom challenge to Indiana’s near-total abortion ban. The state ... The post A case pitting Indiana Jews against an abortion ban heads back to court appeared first on The Forward .,https://forward.com/fast-forward/849692/a-case-pitting-indiana-jews-against-an-abortion-ban-heads-back-to-court/,The Forward,Andrew Lapin,2026-09-11T10:00:27,2026-09-11 13:19:09.736519,https://forward.com/?p=849692
Documentary alleging Israel committed wanton killing in Gaza gets standing ovation in Venice,"(JTA) — TEL AVIV – A documentary presenting testimony from Israeli soldiers and intelligence officers who say the IDF knowingly killed large numbers of civilians during its campaign in Gaza got a 25-minute standing ovation Thursday at the Venice Film Festival. “NAZA,” directed by Israeli filmmakers Yuval Abraham and Rachel Szor, is based on interviews... The post Documentary alleging Israel committed wanton killing in Gaza gets standing ovation in Venice appeared first on The Forward .",https://forward.com/fast-forward/849737/documentary-alleging-israel-committed-wanton-killing-in-gaza-gets-standing-ovation-in-venice/,The Forward,Deborah Danan,2026-09-11T10:15:11,2026-09-11 13:19:09.736472,https://forward.com/?p=849737
"Jewish and Muslim leaders avoided the hardest interfaith topic for years, and now face a ‘massive fault line’","It’s been a quarter century since a wave of distrust and violence against Muslims swept across America in the wake of the Sept. 11, 2001 terror attacks. But in some pockets of New York City and across the U.S., Jewish neighbors extended a hand of friendship and an interfaith movement was reborn. Dialogues turned into... The post Jewish and Muslim leaders avoided the hardest interfaith topic for years, and now face a ‘massive fault line’ appeared first on The Forward .",https://forward.com/news/849758/9-11-jewish-muslim-israel-palestinians/,The Forward,Manya Brachear Pashman,2026-09-11T12:19:11,2026-09-11 13:19:09.736412,https://forward.com/?p=849758
