title,description,link,source,author,published,scraped_at,guid
"'Army, war, Israeli reality. The past few years have crushed a lot of fantasies'","This week at Ben-Gurion Airport: Two recently discharged Israeli soldiers explain why playing Dungeons & Dragons in the U.S. is no fun (Europe is a whole different story), while an Israeli family visiting relatives abroad feels the pressure to emigrate",https://www.haaretz.com/israel-news/holylandings/2026-09-04/ty-article-magazine/.highlight/army-war-reality-the-past-few-years-have-crushed-a-lot-of-fantasies/000001a0-6a78-def7-a7f7-6aff02ea0000,Haaretz,Mae Palty,2026-09-04T04:01:00,2026-09-04 08:32:07.455622,https://www.haaretz.com/israel-news/holylandings/2026-09-04/ty-article-magazine/.highlight/army-war-reality-the-past-few-years-have-crushed-a-lot-of-fantasies/000001a0-6a78-def7-a7f7-6aff02ea0000
Israeli settlers blast trance music at him day and night. He just smiles,"A relentless campaign of settler violence torments a Palestinian family clinging to the ruins of their home. Across the pogrom-rife West Bank, the noose is tightening – and Palestinians are choking",https://www.haaretz.com/west-bank/2026-09-04/ty-article-magazine/.highlight/settlers-blast-trance-music-at-him-day-and-night-he-just-smiles/000001a0-6a96-d1e9-ade0-fbd7824f0000,Haaretz,Uri Ben Shlomo,2026-09-04T05:02:04,2026-09-04 08:32:07.455589,https://www.haaretz.com/west-bank/2026-09-04/ty-article-magazine/.highlight/settlers-blast-trance-music-at-him-day-and-night-he-just-smiles/000001a0-6a96-d1e9-ade0-fbd7824f0000
Think Bibi is bad? Meet Sara Netanyahu,"Sara Netanyahu's Tucker Carlson-style attempt to spread a vile stab-in-the-back conspiracy theory about October 7 triggered an enormous backlash and a libel suit. So what game is the prime minister's wife playing, weeks before Israel's election?",https://www.haaretz.com/israel-news/2026-09-04/ty-article-magazine/.premium/think-bibi-is-bad-meet-sara-netanyahu/000001a0-6677-def7-a7f7-6ef7b1870000,Haaretz,Esther Solomon,2026-09-04T06:03:40,2026-09-04 08:32:07.455557,https://www.haaretz.com/israel-news/2026-09-04/ty-article-magazine/.premium/think-bibi-is-bad-meet-sara-netanyahu/000001a0-6677-def7-a7f7-6ef7b1870000
"'Every time Faisal al-Husseini spoke of peace, Israel jailed him'",A new book traces the life of senior PLO official Faisal al-Husseini – who believed in coexistence but was betrayed by Yasser Arafat – and reveals how the author's research has informed his own intimate journey,https://www.haaretz.com/life/books/2026-09-04/ty-article-magazine/.highlight/every-time-faisal-al-husseini-spoke-of-peace-israel-jailed-him/000001a0-66b9-d43a-affe-7ffbaace0000,Haaretz,Ronen Tal,2026-09-04T06:47:31,2026-09-04 08:32:07.455521,https://www.haaretz.com/life/books/2026-09-04/ty-article-magazine/.highlight/every-time-faisal-al-husseini-spoke-of-peace-israel-jailed-him/000001a0-66b9-d43a-affe-7ffbaace0000
Iran buys time as sanctions tighten and talks go nowhere,"New U.S. measures widen the risks for companies doing business with Tehran, while Pakistani mediation keeps diplomatic channels open without producing a breakthrough.",https://www.jns.org/analysis/iran-buys-time-as-sanctions-tighten-and-talks-go-nowhere,JNS,JCFA Iran-Syria Desk,2026-09-04T04:07:00,2026-09-04 08:32:00.114652,https://www.jns.org/analysis/iran-buys-time-as-sanctions-tighten-and-talks-go-nowhere
Settlers used as pawns against Israel,"The image of violent settlers has become a powerful weapon in the campaign to portray Israel as a colonial aggressor, while the larger reality of Palestinian terrorism is pushed aside.",https://www.jns.org/opinion/column/fiamma-nirenstein/settlers-used-as-pawns-against-israel,JNS,Fiamma Nirenstein,2026-09-04T04:36:29,2026-09-04 08:32:00.114624,https://www.jns.org/opinion/column/fiamma-nirenstein/settlers-used-as-pawns-against-israel
Netanyahu: Toppling Iran’s regime ‘within reach’,The Israeli premier told the IDF General Staff that the Islamic Republic is “weaker than ever before” and “fighting for its life.”,https://www.jns.org/news/israel-news/netanyahu-toppling-irans-regime-within-reach,JNS,JNS Staff,2026-09-04T05:27:32,2026-09-04 08:32:00.114595,https://www.jns.org/news/israel-news/netanyahu-toppling-irans-regime-within-reach
Democratic Republic of Congo seeks to move embassy to Jerusalem,"Israeli Ambassador to the U.N. Danny Danon welcomed the decision, saying President Félix Tshisekedi had envisioned the move more than a decade ago.",https://www.jns.org/news/israel-news/democratic-republic-of-congo-to-move-embassy-to-jerusalem,JNS,JNS Staff,2026-09-04T05:36:34,2026-09-04 08:32:00.114557,https://www.jns.org/news/israel-news/democratic-republic-of-congo-to-move-embassy-to-jerusalem
IsraAID brings humanitarian aid to flood-stricken Nepal,"The Israeli organization was among the first on the ground after devastating floods, providing hygiene kits and mental-health support.",https://www.jns.org/feature/israaid-brings-humanitarian-aid-to-flood-stricken-nepal,JNS,Linda Gradstein,2026-09-04T06:09:33,2026-09-04 08:32:00.114528,https://www.jns.org/feature/israaid-brings-humanitarian-aid-to-flood-stricken-nepal
"'May God bless Israel,' South African princess says at end of weeklong visit","Fundiswa Zote told JNS her 12-member royal delegation sought to build ties through Israeli innovation, technology and water solutions.",https://www.jns.org/feature/may-god-bless-israel-south-african-princess-says-at-end-of-weeklong-visit,JNS,Steve Linde,2026-09-04T06:40:01,2026-09-04 08:32:00.114501,https://www.jns.org/feature/may-god-bless-israel-south-african-princess-says-at-end-of-weeklong-visit
Israeli scientists’ falling-atom experiment points to new tests at the quantum-gravity frontier,"“In our experiment we used this rule to put an atom in two places and two trajectories at the same time.""",https://www.jns.org/news/israel-news/israeli-scientists-falling-atom-experiment-points-to-new-tests-at-the-quantum-gravity-frontier,JNS,Pesach Benson and Omer Novoselsky/TPS-IL,2026-09-04T06:53:29,2026-09-04 08:32:00.114473,https://www.jns.org/news/israel-news/israeli-scientists-falling-atom-experiment-points-to-new-tests-at-the-quantum-gravity-frontier
"Prime Minister's Office releases Netanyahu’s Oct. 7, 2023, timeline",The account rebuts recent reports about the premier’s actions during the critical opening hours of the Hamas invasion.,https://www.jns.org/news/israel-news/prime-ministers-office-releases-netanyahus-oct-7-2023-timeline,JNS,JNS Staff,2026-09-04T07:48:54,2026-09-04 08:32:00.114441,https://www.jns.org/news/israel-news/prime-ministers-office-releases-netanyahus-oct-7-2023-timeline
Katz: Israel won’t leave South Lebanon security zone until Hezbollah is disarmed,The defense minister said the IDF's capture of the Ali al-Taher Ridge completed a key step in the process.,https://www.jns.org/news/israel-news/katz-israel-wont-leave-south-lebanon-security-zone-until-hezbollah-is-disarmed,JNS,JNS Staff,2026-09-04T08:17:05,2026-09-04 08:32:00.114404,https://www.jns.org/news/israel-news/katz-israel-wont-leave-south-lebanon-security-zone-until-hezbollah-is-disarmed
The investment American Jewish philanthropy can’t afford to underfund,"Since Oct. 7, 2023, American Jewish philanthropy has responded with extraordinary speed and generosity, mobilizing around Israel, emergency relief, campus advocacy, community security and combating antisemitism. These investments have been urgent, necessary and lifesaving, but they also reveal a larger challenge: American Jewish philanthropy doesnt have a generosity problem — it has an investment alignment... Read More The post The investment American Jewish philanthropy can&#8217;t afford to underfund appeared first on eJewishPhilanthropy .",https://ejewishphilanthropy.com/the-investment-american-jewish-philanthropy-cant-afford-to-underfund/,eJewish Philanthropy,Stephanie G. Wapner,2026-09-04T08:30:00,2026-09-04 08:31:48.821300,https://ejewishphilanthropy.com/?p=179706
America's bonds crisis should be worrying Israelis,"As U.S. yields soar, Israel has been spared the worst of the market turbulence. But the debt crisis underlying the sudden distaste for American bonds should be very much our concern",https://www.haaretz.com/israel-news/2026-09-04/ty-article/.premium/americas-bonds-crisis-should-be-worrying-israelis/000001a0-66a3-d43a-affe-7ff3587f0000,Haaretz,David Rosenberg,2026-09-03T23:59:22,2026-09-04 03:16:23.731160,https://www.haaretz.com/israel-news/2026-09-04/ty-article/.premium/americas-bonds-crisis-should-be-worrying-israelis/000001a0-66a3-d43a-affe-7ff3587f0000
"After joining forces, Israel's Arab parties need to stop squabbling among themselves","The United Arab List is breaking down barriers, with the addition of a Jewish lawmaker, Yoav Segalovitz, near the top of its slate, and the Joint List has also taken shape, but it's too early to celebrate. If they don't rise to the occasion, a tactical victory could end in defeat.",https://www.haaretz.com/israel-news/elections/2026-09-04/ty-article/.premium/after-joining-forces-israels-arab-parties-need-to-stop-squabbling/000001a0-610d-d1d9-a7e1-6f1de9d70000,Haaretz,Jack Khoury,2026-09-04T00:57:14,2026-09-04 03:16:23.731132,https://www.haaretz.com/israel-news/elections/2026-09-04/ty-article/.premium/after-joining-forces-israels-arab-parties-need-to-stop-squabbling/000001a0-610d-d1d9-a7e1-6f1de9d70000
Israeli police: Terrorist neutralized after attempting to attack forces in Jerusalem Old City,,https://www.haaretz.com/israel-news/israel-security/2026-09-04/ty-article-live/police-terrorist-neutralized-after-trying-to-attack-forces-in-jlem-old-city/000001a0-6a21-d1e9-ade0-fbf343520000,Haaretz,Haaretz,2026-09-04T02:09:31,2026-09-04 03:16:23.731095,https://www.haaretz.com/israel-news/israel-security/2026-09-04/ty-article-live/police-terrorist-neutralized-after-trying-to-attack-forces-in-jlem-old-city/000001a0-6a21-d1e9-ade0-fbf343520000
Desperate merger talks collide with bitter infighting in Israel's anti-Netanyahu bloc,"An internal poll of thousands of voters found that a joint Yashar-Together list could win 39-40 seats, four to five more than the parties would get separately. The merger could also give the bloc the momentum it needs to overtake Netanyahu and form the next government",https://www.haaretz.com/israel-news/elections/2026-09-04/ty-article/.premium/desperate-merger-talks-collide-with-infighting-in-israels-anti-netanyahu-bloc/000001a0-6883-d60b-a1f2-eccf74d60000,Haaretz,Yossi Verter,2026-09-04T03:00:04,2026-09-04 03:16:23.731062,https://www.haaretz.com/israel-news/elections/2026-09-04/ty-article/.premium/desperate-merger-talks-collide-with-infighting-in-israels-anti-netanyahu-bloc/000001a0-6883-d60b-a1f2-eccf74d60000
"As election focus shifts to October 7, Netanyahu pivots to conspiracy theories","Less than two months before the election, the prime minister himself is putting the 2023 Hamas massacre right back at the top of the national agenda ■ The renewed focus highlights at least three of Netanyahu's major failures ■ And what Israel failed to learn from the war in Ukraine",https://www.haaretz.com/israel-news/israel-security/2026-09-04/ty-article/.premium/as-election-focus-shifts-to-october-7-netanyahu-pivots-to-conspiracy-theories/000001a0-68bb-dca9-a1e2-7dffefeb0000,Haaretz,Amos Harel,2026-09-04T03:00:31,2026-09-04 03:16:23.731021,https://www.haaretz.com/israel-news/israel-security/2026-09-04/ty-article/.premium/as-election-focus-shifts-to-october-7-netanyahu-pivots-to-conspiracy-theories/000001a0-68bb-dca9-a1e2-7dffefeb0000
Can they talk themselves into being comfortable with JD Vance?,"GOP Jews want to support their party’s possible 2028 candidate, and he wants their backing. But if he won’t disavow Tucker Carlson and his followers, then they can’t trust him.",https://www.jns.org/opinion/column/jonathan-s-tobin/can-they-talk-themselves-into-being-comfortable-with-jd-vance,JNS,Jonathan S. Tobin,2026-09-04T00:00:00,2026-09-04 03:16:16.294930,https://www.jns.org/opinion/column/jonathan-s-tobin/can-they-talk-themselves-into-being-comfortable-with-jd-vance
"Being blacklisted by CAIR a 'badge of honor,' Republican Jewish Coalition says","""It's laughable,"" Sam Markstein told JNS, after the antisemitic Muslim advocacy group called the RJC ""anti-Muslim extremists.""",https://www.jns.org/news/u-s-news/being-blacklisted-by-cair-a-badge-of-honor-republican-jewish-coalition-says,JNS,Jessica Russak-Hoffman,2026-09-04T01:16:17,2026-09-04 03:16:16.294897,https://www.jns.org/news/u-s-news/being-blacklisted-by-cair-a-badge-of-honor-republican-jewish-coalition-says
Ambassadors to UN in Geneva tour Oct. 7 sites in Israel,"“There was an act of terror by coming across the border, and then they have successfully played the victim when there was a response,” said Laitia Tamata, Fiji’s envoy to the world body in Switzerland.",https://www.jns.org/news/israel-news/ambassadors-to-un-in-geneva-tour-oct-7-sites-in-israel,JNS,Etgar Lefkovits,2026-09-04T03:06:00,2026-09-04 03:16:16.294863,https://www.jns.org/news/israel-news/ambassadors-to-un-in-geneva-tour-oct-7-sites-in-israel
"Nithya Raman, LA mayoral candidate who clashed with DSA on Israel, wins their endorsement","Ever since Councilmember Nithya Raman’s last-minute entry into the Los Angeles mayoral race, questions have loomed about her relationship with the Democratic Socialists of America — and whether her stance on Israel would chill the group’s support for her underdog campaign. Raman, a dues-paying DSA member, had criticized the group for a statement the national... The post Nithya Raman, LA mayoral candidate who clashed with DSA on Israel, wins their endorsement appeared first on The Forward .",https://forward.com/news/848543/nithya-raman-dsa-endorsement-israel-los-angeles-mayor/,The Forward,Louis Keene,2026-09-04T03:12:52,2026-09-04 03:16:09.464584,https://forward.com/?p=848543
"Jewish Burning Man: Giant Hebrew, Nova tribute, massive Shabbat","Thirteen massive, golden Hebrew letters gleam across the dusty plain as the sun rises each day this week on Black Rock City, the Nevada site of the long-running Burning Man [&#8230;]",https://jweekly.com/2026/09/03/jewish-spectacle-at-burning-man-giant-hebrew-nova-memorial-massive-shabbat/,J. Weekly,Niva Ashkenazi,2026-09-04T00:22:02,2026-09-04 03:16:01.536255,https://jweekly.com/?p=310683
Netanyahu ignored all the October 7 wake-up calls. Until it came to his own fate,,https://www.haaretz.com/opinion/2026-09-04/ty-article-opinion/.premium/netanyahu-ignored-all-the-october-7-wake-up-calls-until-it-came-to-his-own-fate/000001a0-6820-def7-a7f7-68e72b7f0000,Haaretz,Sami Peretz,2026-09-03T21:41:22,2026-09-03 23:49:06.208913,https://www.haaretz.com/opinion/2026-09-04/ty-article-opinion/.premium/netanyahu-ignored-all-the-october-7-wake-up-calls-until-it-came-to-his-own-fate/000001a0-6820-def7-a7f7-68e72b7f0000
Sewage backfire: Israel is paying the price for Gaza's ruin,"Israel's water crisis exposes the consequences of destroying Gaza's sewage system, refusing to let it be rebuilt and failing to prepare Israel's own water economy for a worsening climate crisis",https://www.haaretz.com/opinion/editorial/2026-09-04/ty-article-opinion/sewage-backfire-israel-is-paying-the-price-for-gazas-ruin/000001a0-68e1-de5c-a1e3-7fe714180000,Haaretz,Haaretz Editorial,2026-09-03T21:52:53,2026-09-03 23:49:06.208880,https://www.haaretz.com/opinion/editorial/2026-09-04/ty-article-opinion/sewage-backfire-israel-is-paying-the-price-for-gazas-ruin/000001a0-68e1-de5c-a1e3-7fe714180000
'Media-lobby hybrid': Deep-right podcaster launches new political arm to influence the Knesset,"After racking up nearly 50 million YouTube views, right-wing podcaster Tamir Dortal is launching a new political lobby to help Knesset allies shape legislation and fight what they call the 'officialdom'",https://www.haaretz.com/israel-news/israel-politics/2026-09-04/ty-article/.premium/deep-right-podcaster-eyes-knesset-influence-with-new-political-arm/000001a0-66cb-d43e-a9b7-e6ebee6e0000,Haaretz,Yair Foldes,2026-09-03T21:55:48,2026-09-03 23:49:06.208845,https://www.haaretz.com/israel-news/israel-politics/2026-09-04/ty-article/.premium/deep-right-podcaster-eyes-knesset-influence-with-new-political-arm/000001a0-66cb-d43e-a9b7-e6ebee6e0000
"‘Tucker is a friend,’ despite political disagreements, Vance says","The U.S. vice president defended his relationship with the conservative commentator, who has faced criticism over his anti-Israel rhetoric and interview with Holocaust denier Nick Fuentes.",https://www.jns.org/news/u-s-news/tucker-is-a-friend-despite-political-disagreements-vance-says,JNS,Jonathan D. Salant,2026-09-03T21:38:04,2026-09-03 23:48:59.031388,https://www.jns.org/news/u-s-news/tucker-is-a-friend-despite-political-disagreements-vance-says
"Gloria Steinem, mother of Second Wave feminism who later connected to her Jewish heritage, dies at 92","""Gloria was iconic,"" Ruth Messinger, a former Manhattan borough president, told JNS. ""This is a sad day for women.""",https://www.jns.org/news/u-s-news/remembering-gloria-steinems-jewish-identity-experiences,JNS,Debra Nussbaum Cohen,2026-09-03T22:13:53,2026-09-03 23:48:59.031349,https://www.jns.org/news/u-s-news/remembering-gloria-steinems-jewish-identity-experiences
Know Before Whom You Stand — A poem for Parsha Nitzavim-Vayeilech,Know before whom you stand. They are goldmines. They are every possibility. The post Know Before Whom You Stand — A poem for Parsha Nitzavim-Vayeilech appeared first on Jewish Journal .,https://jewishjournal.com/judaism/391712/know-before-whom-you-stand-a-poem-for-parsha-nitzavim-vayeilech/,Jewish Journal,Rick Lupert,2026-09-03T23:00:47,2026-09-03 23:48:56.747720,https://jewishjournal.com/?p=391712
Ultra-Orthodox leaders meet with Trump in the White House,"Plus, Kathy Hochul leads Bruce Blakeman by 16 points. -- The post Ultra-Orthodox leaders meet with Trump in the White House appeared first on Jewish Telegraphic Agency .",https://www.jta.org/2026/09/03/ny/ultra-orthodox-leaders-meet-with-trump-in-the-white-house,JTA,New York Jewish Week Staff,2026-09-03T21:55:10,2026-09-03 23:48:50.048769,https://www.jta.org/?p=1907480
US House passes bill stripping federal funds from universities that boycott Israel,"The measure had the support of 203 Republicans, 33 Democrats and one Independent. But not all Jewish representatives voted in favor. -- The post US House passes bill stripping federal funds from universities that boycott Israel appeared first on Jewish Telegraphic Agency .",https://www.jta.org/2026/09/03/politics/us-house-passes-bill-stripping-federal-funds-from-universities-that-boycott-israel,JTA,Sharon Udasin,2026-09-03T22:46:24,2026-09-03 23:48:50.048728,https://www.jta.org/?p=1907478
IDF says it took over strategic Hezbollah stronghold after Iran reportedly threatened strikes,"Earlier this week, Iran reportedly warned the United States that it would respond ‌forcefully to an Israeli offensive on the mountainous Ali Taher ridge in southern Lebanon, where Iranian military personnel are holed up alongside Hezbollah fighters",https://www.haaretz.com/middle-east-news/lebanonnews/2026-09-03/ty-article/idf-says-it-took-over-hezbollah-stronghold-after-reports-of-iran-threats/000001a0-6874-d60b-a1f2-ec7eb70d0001,Haaretz,Yaniv Kubovich,2026-09-03T18:16:40,2026-09-03 21:35:18.854922,https://www.haaretz.com/middle-east-news/lebanonnews/2026-09-03/ty-article/idf-says-it-took-over-hezbollah-stronghold-after-reports-of-iran-threats/000001a0-6874-d60b-a1f2-ec7eb70d0001
"Pétanque in Malaysia, taekwondo in Spain: Israel's murky sports risk assessment","Relying on 'the general internal country risk assessment towards Jews and Israelis' rather than a scientific method, a new report by the Diaspora Ministry assesses the risks of sporting events abroad and flags France, Italy and Spain as particularly hostile",https://www.haaretz.com/sports/2026-09-03/ty-article/.premium/petanque-in-malaysia-taekwondo-in-spain-israels-murky-sports-risk-assessment/000001a0-6806-d1e9-ade0-f9d72e1d0000,Haaretz,Ben Kroll,2026-09-03T18:23:55,2026-09-03 21:35:18.854883,https://www.haaretz.com/sports/2026-09-03/ty-article/.premium/petanque-in-malaysia-taekwondo-in-spain-israels-murky-sports-risk-assessment/000001a0-6806-d1e9-ade0-f9d72e1d0000
"Netanyahu publishes October 7 morning timeline, says he spoke to IDF chief three hours after initial attack",The timeline says Netanyahu was first told of the attack at 6:29 A.M. and asked why intelligence failed to reveal it. The prime minister recently said he was 'very worried' that morning that Hamas would 'take hostages' and asked if the Gaza border had been closed,https://www.haaretz.com/israel-news/israel-security/2026-09-03/ty-article/.premium/pm-publishes-oct-7-timeline-says-he-spoke-to-idf-chief-three-hours-into-attack/000001a0-684e-d61f-a3b8-fa7f22b00000,Haaretz,Jonathan Lis,2026-09-03T18:31:32,2026-09-03 21:35:18.854850,https://www.haaretz.com/israel-news/israel-security/2026-09-03/ty-article/.premium/pm-publishes-oct-7-timeline-says-he-spoke-to-idf-chief-three-hours-into-attack/000001a0-684e-d61f-a3b8-fa7f22b00000
Israel's water authority sprays pesticides to curb algae disabling desalination plants,"According to a report by Channel 13 News, several substances, including copper sulfate, were used near the southern city of Ashkelon during the spraying at doses far exceeding permitted levels",https://www.haaretz.com/science-and-health/nature-environment/2026-09-03/ty-article/.premium/report-pesticides-sprayed-to-curb-algae-disabling-israels-desalination-plants/000001a0-67dd-d057-ada5-77dd67050000,Haaretz,Zafrir Rinat,2026-09-03T18:39:02,2026-09-03 21:35:18.854818,https://www.haaretz.com/science-and-health/nature-environment/2026-09-03/ty-article/.premium/report-pesticides-sprayed-to-curb-algae-disabling-israels-desalination-plants/000001a0-67dd-d057-ada5-77dd67050000
Likud MK Tally Gotliv to run with Ben-Gvir's Otzma Yehudit in the election,"Following Prime Minister Netanyahu's appointments of candidates to reserved slots on the Likud list, Gotliv was pushed down from 12th place, which she won in the party primaries, to 20th. She claimed that she was the victim of a political 'targeted assassination'",https://www.haaretz.com/israel-news/elections/2026-09-03/ty-article/.premium/likud-mk-tally-gotliv-to-run-with-ben-gvirs-otzma-yehudit-in-the-election/000001a0-6869-d60b-a1f2-ec6f07260000,Haaretz,Noa Shpigel,2026-09-03T18:55:12,2026-09-03 21:35:18.854789,https://www.haaretz.com/israel-news/elections/2026-09-03/ty-article/.premium/likud-mk-tally-gotliv-to-run-with-ben-gvirs-otzma-yehudit-in-the-election/000001a0-6869-d60b-a1f2-ec6f07260000
Tony Blair denies reports he asked to swap 'Palestine' to 'Samaria' in Palestinian schoolbooks,"In a rare rebuke, Blair's institute called the report a 'complete fabrication,' while the Board of Peace said it was 'entirely fabricated' and 'not backed by a shred of evidence.' The report comes as Israel expands use of its curriculum in East Jerusalem schools",https://www.haaretz.com/west-bank/2026-09-03/ty-article/.premium/tony-blair-denies-reports-he-asked-to-remove-palestine-from-pa-schoolbooks/000001a0-67f9-d60b-a1f2-efff1f9c0000,Haaretz,Haaretz,2026-09-03T19:24:13,2026-09-03 21:35:18.854754,https://www.haaretz.com/west-bank/2026-09-03/ty-article/.premium/tony-blair-denies-reports-he-asked-to-remove-palestine-from-pa-schoolbooks/000001a0-67f9-d60b-a1f2-efff1f9c0000
High Court orders ex-Shin Bet officers to reveal names behind petition against Zini's appointment,"Three former Shin Bet directors who petitioned against the appointment of new service director David Zini refused to name the 186 former officers who signed their initials. After Zini appealed to the court, 119 of them revealed their names, but 67 refused",https://www.haaretz.com/israel-news/israel-politics/2026-09-03/ty-article/.premium/high-court-orders-petitioners-against-shin-bet-chiefs-appointment-to-be-named/000001a0-67cb-de1c-a7a9-f7dba65d0000,Haaretz,Chen Maanit,2026-09-03T19:32:07,2026-09-03 21:35:18.854721,https://www.haaretz.com/israel-news/israel-politics/2026-09-03/ty-article/.premium/high-court-orders-petitioners-against-shin-bet-chiefs-appointment-to-be-named/000001a0-67cb-de1c-a7a9-f7dba65d0000
'Glaring flaws': Israel's top court strikes down law preventing arrest of Haredi draft dodgers,A panel of nine justices ruled that the considerable flaws in the legislative process rendered the bill unconstitutional. Eight of the justices also noted that the law 'severely infringes on the core of the constitutional right to equality',https://www.haaretz.com/israel-news/israel-politics/2026-09-03/ty-article/.premium/israels-top-court-strikes-down-law-preventing-arrest-of-haredi-draft-dodgers/000001a0-68b7-dca9-a1e2-7dfff1700000,Haaretz,Chen Maanit,2026-09-03T20:25:02,2026-09-03 21:35:18.854688,https://www.haaretz.com/israel-news/israel-politics/2026-09-03/ty-article/.premium/israels-top-court-strikes-down-law-preventing-arrest-of-haredi-draft-dodgers/000001a0-68b7-dca9-a1e2-7dfff1700000
"Daly Cartoon, September 4, 2026",,https://www.haaretz.com/opinion/daily-cartoon/2026-09-04/ty-article-opinion/daly-cartoon-september-4-2026/000001a0-68ee-d60b-a1f2-eceed3f10000,Haaretz,Amos Biderman,2026-09-03T21:14:00,2026-09-03 21:35:18.854656,https://www.haaretz.com/opinion/daily-cartoon/2026-09-04/ty-article-opinion/daly-cartoon-september-4-2026/000001a0-68ee-d60b-a1f2-eceed3f10000
"JD Vance say U.S. cuts contact with Iran over Hormuz, China willing to back embargo","U.S. Vice President JD Vance said that Washington has cut contact with Iran due to the ongoing clashes in the Strait of Hormuz. Addressing China's role in the Iranian arena, he said Beijing is 'willing to play ball' on economically isolating Tehran",https://www.haaretz.com/us-news/2026-09-04/ty-article/.premium/vance-say-u-s-cuts-contact-with-iran-over-hormuz-china-willing-to-back-embargo/000001a0-68d2-d61f-a3b8-faf769570000,Haaretz,Haaretz,2026-09-03T21:17:13,2026-09-03 21:35:18.854608,https://www.haaretz.com/us-news/2026-09-04/ty-article/.premium/vance-say-u-s-cuts-contact-with-iran-over-hormuz-china-willing-to-back-embargo/000001a0-68d2-d61f-a3b8-faf769570000
"Iran’s Rial in Free Fall: How US Sanctions Are Reshaping Daily Life, Public Opinion for the Iranian People",IRAN — As the Trump administration continues to tighten the economic noose around Iran with US sanctions and a naval...,https://www.algemeiner.com/2026/09/03/irans-rial-free-fall-how-us-sanctions-reshaping-daily-life-public-opinion-iranian-people/,Algemeiner,Maddie Ali,2026-09-03T18:56:01,2026-09-03 21:35:13.886777,https://www.algemeiner.com/?p=778992
"‘Neo-Nazi’ Fighter Widely Condemned for Antisemitic Slur, Nazi Salutes After Beating Jewish Opponent",A white supremacist with an SS lightning bolt tattoo has been widely condemned for gesturing a Nazi salute and making...,https://www.algemeiner.com/2026/09/03/neo-nazi-fighter-widely-condemned-antisemitic-slur-nazi-salutes-beating-jewish-opponent/,Algemeiner,Shiryn Ghermezian,2026-09-03T19:06:38,2026-09-03 21:35:13.886746,https://www.algemeiner.com/?p=778962
France Tightens Security Around Jewish Sites Ahead of High Holy Days Amid Rising Antisemitic Threats,"France is ramping up security around synagogues and Jewish religious gatherings ahead of the High Holy Days, urging authorities nationwide...",https://www.algemeiner.com/2026/09/03/france-tightens-security-jewish-sites-ahead-high-holy-days-rising-antisemitic-threats/,Algemeiner,Ailin Vilches Arguello,2026-09-03T19:34:28,2026-09-03 21:35:13.886718,https://www.algemeiner.com/?p=778993
"New Nonprofit Publishing Company for Jewish, Israeli, Zionist Writers Welcomes Submissions","A new nonprofit press that will focus on publishing adult fiction and nonfiction by Jewish, Israeli, and Zionist writers launched...",https://www.algemeiner.com/2026/09/03/new-nonprofit-publishing-company-jewish-israeli-zionist-writers-welcomes-submissions/,Algemeiner,Shiryn Ghermezian,2026-09-03T19:58:34,2026-09-03 21:35:13.886690,https://www.algemeiner.com/?p=778979
"Antisemitic Pundits Hasan Piker, Candace Owens Rejected by Overwhelming Majority of Democrats, Republicans, Poll Shows",Americans overwhelmingly reject hardline anti-Israel pundits Hasan Piker and Candace Owens and believe neither major political party should collaborate with...,https://www.algemeiner.com/2026/09/03/antisemitic-pundits-hasan-piker-candace-owens-rejected-overwhelming-majority-democrats-republicans-poll-shows/,Algemeiner,Corey Walker,2026-09-03T21:28:02,2026-09-03 21:35:13.886663,https://www.algemeiner.com/?p=779003
"Belgian Authorities Cancel Israeli Soccer Match Over ‘Security Concerns,’ Sparking Outcry","Belgian authorities have called off a scheduled soccer match between a local club and an Israeli team, citing security concerns...",https://www.algemeiner.com/2026/09/03/belgian-authorities-cancel-israeli-soccer-match-security-concerns-sparking-outcry/,Algemeiner,Ailin Vilches Arguello,2026-09-03T21:32:29,2026-09-03 21:35:13.886616,https://www.algemeiner.com/?p=779008
The Israeli opposition’s only way to win,Tectonic shifts are taking place in the rival bloc.,https://www.jns.org/opinion/amit-segal/the-israeli-oppositions-only-way-to-win,JNS,Amit Segal,2026-09-03T18:30:02,2026-09-03 21:35:11.607865,https://www.jns.org/opinion/amit-segal/the-israeli-oppositions-only-way-to-win
House passes bill banning federal funds to universities that boycott Israel,"“American higher education institutions should not participate in discriminatory boycotts targeting Israel or any other American ally,” said Kenneth Marcus, CEO and chairman of the Louis D. Brandeis Center for Human Rights Under Law.",https://www.jns.org/news/u-s-news/house-passes-bill-banning-federal-funds-to-universities-that-boycott-israel,JNS,Andrew Bernard,2026-09-03T19:00:31,2026-09-03 21:35:11.607843,https://www.jns.org/news/u-s-news/house-passes-bill-banning-federal-funds-to-universities-that-boycott-israel
NYC Council allocates $1 million for student visits to 9/11 museum,"""It is more important than ever that a new generation of New Yorkers understands what happened that day and carries forward the stories of those we lost,"" council speaker Julie Menin said.",https://www.jns.org/news/u-s-news/nyc-council-allocates-1-million-for-student-visits-to-9-11-museum,JNS,Jessica Russak-Hoffman,2026-09-03T19:16:18,2026-09-03 21:35:11.607812,https://www.jns.org/news/u-s-news/nyc-council-allocates-1-million-for-student-visits-to-9-11-museum
Judge orders Canada to release redacted details of US Nazi resettlement program,"""It is a scandal that, during a time when Canada maintained severe restrictions on Jewish immigration to this country, it facilitated the entry of perpetrators of Nazi crimes,"" said Simon Wolle, CEO of B’nai Brith Canada.",https://www.jns.org/news/world/judge-orders-canada-to-release-redacted-details-of-us-nazi-resettlement-program,JNS,,2026-09-03T20:03:25,2026-09-03 21:35:11.607784,https://www.jns.org/news/world/judge-orders-canada-to-release-redacted-details-of-us-nazi-resettlement-program
The new libel to destroy Israel,Violence in the “West Bank” is being malevolently misrepresented.,https://www.jns.org/opinion/column/melanie-phillips/the-new-libel-to-destroy-israel,JNS,Melanie Phillips,2026-09-03T20:15:00,2026-09-03 21:35:11.607751,https://www.jns.org/opinion/column/melanie-phillips/the-new-libel-to-destroy-israel
‘We prepare for the tragedies we pray will never come’,The work of ZAKA has never been only about search and rescue. It is also about dignity.,https://www.jns.org/wire/zaka/we-prepare-for-the-tragedies-we-pray-will-never-come,JNS,,2026-09-03T20:30:00,2026-09-03 21:35:11.607726,https://www.jns.org/wire/zaka/we-prepare-for-the-tragedies-we-pray-will-never-come
"Rooting out workplace Jew-hatred ‘personal’ to acting US labor secretary, grandchild of Holocaust survivors","“Just because you’re Jewish doesn’t mean you’re Israeli, and there’s been a lot of discrimination against Israeli-Americans,” Keith Sonderling told JNS.",https://www.jns.org/news/u-s-news/rooting-out-workplace-jew-hatred-personal-to-acting-us-labor-secretary-grandchild-of-holocaust-survivors,JNS,Mike Wagenheim,2026-09-03T20:48:49,2026-09-03 21:35:11.607697,https://www.jns.org/news/u-s-news/rooting-out-workplace-jew-hatred-personal-to-acting-us-labor-secretary-grandchild-of-holocaust-survivors
The crisis of classroom antisemitism,"“Think Twice” with Jonathan Tobin with guest Lori Lowenthal Marcus, Ep. 236.",https://www.jns.org/jns-tv/think-twice/the-crisis-of-classroom-antisemitism,JNS,Jonathan S. Tobin,2026-09-03T21:27:31,2026-09-03 21:35:11.607666,https://www.jns.org/jns-tv/think-twice/the-crisis-of-classroom-antisemitism
HHS issues guidance on combating Jew-hatred in healthcare,"“Though every form of antisemitism is repugnant, its spread within healthcare settings is particularly enraging,” Kenneth Marcus of the Brandeis Center said, citing the threat it poses to patients and medical professionals.",https://www.jns.org/news/u-s-news/hhs-issues-guidance-on-combating-jew-hatred-in-healthcare,JNS,Aaron Bandler,2026-09-03T21:30:37,2026-09-03 21:35:11.607618,https://www.jns.org/news/u-s-news/hhs-issues-guidance-on-combating-jew-hatred-in-healthcare
A Bisl Torah — All Over Again,Repenting includes examining and admitting our mistakes. Seeking forgiveness. Determining to do better. Being better. Every single day. The post A Bisl Torah — All Over Again appeared first on Jewish Journal .,https://jewishjournal.com/judaism/a-bisl-torah/391832/all-over-again/,Jewish Journal,Rabbi Nicole Guzik,2026-09-03T19:11:29,2026-09-03 21:35:09.311309,https://jewishjournal.com/?p=391832
A Moment in Time: Rosh HaShanah – We Ascend,[&#8230;] The post A Moment in Time: Rosh HaShanah &#8211; We Ascend appeared first on Jewish Journal .,https://jewishjournal.com/commentary/blogs/391792/a-moment-in-time-rosh-hashanah-we-ascend/,Jewish Journal,Rabbi Zach Shapiro,2026-09-03T20:55:24,2026-09-03 21:35:09.311273,https://jewishjournal.com/?p=391792
A Statement About Donald Trump’s Apocrypha,[&#8230;] The post A Statement About Donald Trump’s Apocrypha appeared first on Jewish Journal .,https://jewishjournal.com/spiritual/poetry/391841/a-statement-about-donald-trumps-apocrypha/,Jewish Journal,Gershon Hepner,2026-09-03T21:01:25,2026-09-03 21:35:09.311236,https://jewishjournal.com/?p=391841
Why is this chef opening a kosher Israeli restaurant in LA right now?,"How do you explain Malka, the new kosher Israeli restaurant in Beverly Hills? I’m not talking about the food — I haven’t eaten there yet — I’m talking about the fact that it’s opening at all. Why would Eyal Shani — many of whose restaurants worldwide have faced protests, vandalism and physical attacks — dare to... The post Why is this chef opening a kosher Israeli restaurant in LA right now? appeared first on The Forward .",https://forward.com/opinion/848132/israeli-restaurants-malka-eyal-shani/,The Forward,Rob Eshman,2026-09-03T19:22:59,2026-09-03 21:35:05.105151,https://forward.com/?p=848132
JD Vance refuses to disavow Tucker Carlson,"The VP said he will not ""throw friends under the bus."" -- The post JD Vance refuses to disavow Tucker Carlson appeared first on Jewish Telegraphic Agency .",https://www.jta.org/2026/09/03/politics/jd-vance-refuses-to-disavow-tucker-carlson,JTA,Joseph Strauss,2026-09-03T19:57:33,2026-09-03 21:35:02.606314,https://www.jta.org/?p=1907451
"Jerusalem cafe bows to Haredi protests, will no longer open on Shabbat","The eatery said Thursday that the decision was made “after prolonged deliberation and with a heavy heart."" -- The post Jerusalem cafe bows to Haredi protests, will no longer open on Shabbat appeared first on Jewish Telegraphic Agency .",https://www.jta.org/2026/09/03/israel/jerusalem-cafe-bows-to-haredi-protests-will-no-longer-open-on-shabbat,JTA,Deborah Danan,2026-09-03T20:35:33,2026-09-03 21:35:02.606273,https://www.jta.org/?p=1907450
New JFNA study: American Jewish community spends over $1 billion on security each year,"The American Jewish community spent over $1 billion on security in 2025, according to a new Jewish Federations of North America study — a record high and a 33% increase over 2024. The results, published today, showed that on average, Jewish communal organizations, including Jewish community centers, synagogues, schools, summer camps and nonprofits, spend roughly... Read More The post New JFNA study: American Jewish community spends over $1 billion on security each year appeared first on eJewishPhilanthropy .",https://ejewishphilanthropy.com/new-jfna-study-american-jewish-community-spends-over-1-billion-on-security-each-year/,eJewish Philanthropy,Jay Deitcher,2026-09-03T21:24:41,2026-09-03 21:35:00.289174,https://ejewishphilanthropy.com/?p=179694
Why is this chef opening an Israeli restaurant in LA right now?,"This story was originally published in the Forward. How do you explain Malka, the new kosher Israeli restaurant in Beverly Hills? I’m not talking about the food — I haven’t [&#8230;]",https://jweekly.com/2026/09/03/why-is-this-chef-opening-a-kosher-israeli-restaurant-in-la-right-now/,J. Weekly,Rob Eshman,2026-09-03T20:41:18,2026-09-03 21:34:58.000830,https://jweekly.com/?p=310647
TORAH | Why we repent for the same mistakes year after year,The Torah column is supported by a generous donation from Eve Gordon-Ramek in memory of Kenneth Gordon. Nitzavim-Vayeilech Deuteronomy 29:9-31:30 Psychotherapist and renowned Buddhist teacher Mark Epstein writes that as [&#8230;],https://jweekly.com/2026/09/03/why-we-end-up-repenting-for-the-same-mistakes-and-flaws-year-after-year/,J. Weekly,Rabbi Amy Eilberg,2026-09-03T20:52:10,2026-09-03 21:34:58.000794,https://jweekly.com/?p=310641
LETTERS | Bill checks all the boxes. Why single out Jews?,"Bill checks all the boxes I know I’m late in responding to Sara Sarasohn’s opinion piece about SB 1387, but I have to say that those who are against it [&#8230;]",https://jweekly.com/2026/09/03/bill-checks-all-the-boxes-why-single-out-jews/,J. Weekly,J. Readers,2026-09-03T21:02:49,2026-09-03 21:34:58.000751,https://jweekly.com/?p=310596
Israel to cut gasoline price by 6% after fuel prices hit a record high,"The proposed tax cut would lower the price at the pump by 0.5 shekels per liter after gasoline reached a record 8.25 shekels per liter, or ($2.73) this week",https://www.haaretz.com/israel-news/business/economy-finance/2026-09-03/ty-article/.premium/israel-to-cut-gasoline-price-by-6-after-fuel-prices-hit-a-record-high/000001a0-664c-dca9-a1e2-775e18870000,Haaretz,Idan Binyamin,2026-09-03T14:53:13,2026-09-03 18:22:45.761349,https://www.haaretz.com/israel-news/business/economy-finance/2026-09-03/ty-article/.premium/israel-to-cut-gasoline-price-by-6-after-fuel-prices-hit-a-record-high/000001a0-664c-dca9-a1e2-775e18870000
Netanyahu says Israel released Lebanese civilians in exchange for information on slain Jewish leaders,"The Israeli military has yet to respond to Haaretz's inquiries on how long the civilians, whom Israeli forces captured in occupied parts of Lebanon and who weren't suspected of terrorism, were held in Israeli detention",https://www.haaretz.com/middle-east-news/lebanonnews/2026-09-03/ty-article/.premium/israel-freed-lebanese-civilians-for-information-on-slain-jewish-leaders-pm-says/000001a0-675a-dd0d-a1f7-6f7e11590000,Haaretz,Liza Rozovsky,2026-09-03T15:15:35,2026-09-03 18:22:45.761319,https://www.haaretz.com/middle-east-news/lebanonnews/2026-09-03/ty-article/.premium/israel-freed-lebanese-civilians-for-information-on-slain-jewish-leaders-pm-says/000001a0-675a-dd0d-a1f7-6f7e11590000
"Fear of Muslims, socialists and Tucker Carlson: Behind the scenes at the Republican Jewish Coalition confab",,https://www.haaretz.com/israel-news/podcasts/2026-09-03/ty-article-podcast/behind-the-scenes-at-the-republican-jewish-coalition-confab/000001a0-67c1-dca9-a1e2-77df4d1f0000,Haaretz,Haaretz Podcast,2026-09-03T15:30:47,2026-09-03 18:22:45.761287,https://www.haaretz.com/israel-news/podcasts/2026-09-03/ty-article-podcast/behind-the-scenes-at-the-republican-jewish-coalition-confab/000001a0-67c1-dca9-a1e2-77df4d1f0000
Former energy minister says she won't run for reelection in latest Yesh Atid departure,"Karine Elharrar joins a string of Yesh Atid lawmakers who will not run in the upcoming election, though she said she will remain a party member",https://www.haaretz.com/israel-news/elections/2026-09-03/ty-article/.premium/former-minister-says-she-wont-run-for-reelection-in-latest-yesh-atid-exit/000001a0-676e-d59a-abae-6ffedd020000,Haaretz,Noa Shpigel,2026-09-03T15:42:12,2026-09-03 18:22:45.761258,https://www.haaretz.com/israel-news/elections/2026-09-03/ty-article/.premium/former-minister-says-she-wont-run-for-reelection-in-latest-yesh-atid-exit/000001a0-676e-d59a-abae-6ffedd020000
Won't be able to vote: Top court rejects bid by Israeli expats to cast ballot,"The court ruled that the petition had been filed too late, just days before the electoral roll was due to be finalized, and that the timetable did not allow sufficient period to properly consider the applicants' arguments",https://www.haaretz.com/israel-news/elections/2026-09-03/ty-article/.premium/wont-be-able-to-vote-top-court-rejects-bid-by-israeli-expats-to-cast-ballot/000001a0-67b6-dca9-a1e2-77fe14400000,Haaretz,Ran Shimoni,2026-09-03T16:23:13,2026-09-03 18:22:45.761229,https://www.haaretz.com/israel-news/elections/2026-09-03/ty-article/.premium/wont-be-able-to-vote-top-court-rejects-bid-by-israeli-expats-to-cast-ballot/000001a0-67b6-dca9-a1e2-77fe14400000
House passes bill to restrict university boycotts of Israel,"The bill, backed by AIPAC but opposed by J Street and Democratic leaders, treats a total boycott of Israel like a boycott of West Bank companies. House Democratic Leader Jeffries: the bill would allow Trump to 'launch political attacks on our colleges and universities'",https://www.haaretz.com/us-news/2026-09-03/ty-article/.premium/house-passes-bill-to-restrict-university-boycotts-of-israel/000001a0-6800-dca9-a1e2-7d5ece0a0000,Haaretz,Arno Rosenfeld,2026-09-03T16:54:00,2026-09-03 18:22:45.761196,https://www.haaretz.com/us-news/2026-09-03/ty-article/.premium/house-passes-bill-to-restrict-university-boycotts-of-israel/000001a0-6800-dca9-a1e2-7d5ece0a0000
"Police raid Hasidic community in northern Israel, detain 16 over underage marriages","The 16 are suspected of having recently married illegally or being about to hold such a wedding, after 20 people were detained in a June raid. In recent years, cases of underage marriage have been reported in the Bratslav Hasidic community, which numbers about 500 families",https://www.haaretz.com/israel-news/israel-crime/2026-09-03/ty-article/.premium/israel-police-raid-hasidic-community-detain-16-over-underage-marriages/000001a0-67a2-df1c-abbc-f7a710de0000,Haaretz,Adi Hashmonai,2026-09-03T17:04:27,2026-09-03 18:22:45.761162,https://www.haaretz.com/israel-news/israel-crime/2026-09-03/ty-article/.premium/israel-police-raid-hasidic-community-detain-16-over-underage-marriages/000001a0-67a2-df1c-abbc-f7a710de0000
Israeli settlers turn words into action. So should their opponents,The Israeli right hates the phrase 'violent settlers' but it loves 'voluntary emigration.' Confronting both will mean adopting the strategy that settlers and Israel's government have perfected,https://www.haaretz.com/israel-news/haaretz-today/2026-09-03/ty-article/.highlight/israeli-settlers-turn-words-into-action-so-should-their-opponents/000001a0-672b-def7-a7f7-6fef67cd0000,Haaretz,Esther Solomon,2026-09-03T17:48:54,2026-09-03 18:22:45.761128,https://www.haaretz.com/israel-news/haaretz-today/2026-09-03/ty-article/.highlight/israeli-settlers-turn-words-into-action-so-should-their-opponents/000001a0-672b-def7-a7f7-6fef67cd0000
IDF says it took over strategic Hezbollah stronghold after Iran reportedly threatened strikes,"Earlier on Monday, Iran has warned the United States that it would respond ‌forcefully to an Israeli offensive on a mountainous ridge in southern Lebanon where Iranian military personnel are holed up alongside Hezbollah fighters",https://www.haaretz.com/middle-east-news/lebanonnews/2026-09-03/ty-article/.premium/idf-says-it-took-over-hezbollah-stronghold-after-reports-of-iran-threats/000001a0-6874-d60b-a1f2-ec7eb70d0001,Haaretz,Yaniv Kubovich,2026-09-03T18:16:40,2026-09-03 18:22:45.761097,https://www.haaretz.com/middle-east-news/lebanonnews/2026-09-03/ty-article/.premium/idf-says-it-took-over-hezbollah-stronghold-after-reports-of-iran-threats/000001a0-6874-d60b-a1f2-ec7eb70d0001
"From Israel to Palestine to the U.S., condemnation games need to stop","From Mansour Abbas to Hasan Piker and even Obama, mob-demands for condemnation (terrorism or otherwise) have gone overboard. They also make forced speech meaningless, populist and even Stalinist",https://www.haaretz.com/israel-news/2026-09-03/ty-article-magazine/.premium/from-israel-to-palestine-to-the-u-s-condemnation-games-need-to-stop/000001a0-6756-def7-a7f7-6ff71ded0000,Haaretz,Dahlia Scheindlin,2026-09-03T18:20:38,2026-09-03 18:22:45.761054,https://www.haaretz.com/israel-news/2026-09-03/ty-article-magazine/.premium/from-israel-to-palestine-to-the-u-s-condemnation-games-need-to-stop/000001a0-6756-def7-a7f7-6ff71ded0000
Who Will Pay the Price for the UK’s Potential Settlement Trade Ban?,When UK Foreign Secretary Ed Miliband announced a &#8220;comprehensive reset&#8221; of the UK&#8217;s approach on Israeli settlements in the West...,https://www.algemeiner.com/2026/09/03/who-will-pay-price-uks-potential-settlement-trade-ban/,Algemeiner,Sharon Levy,2026-09-03T16:26:17,2026-09-03 18:22:40.992693,https://www.algemeiner.com/?p=778949
Abbas Rival Mohammed Dahlan’s Emerging Alliance Deserves Scrutiny,"Mohammed Dahlan, a former Fatah security chief pushed out of the party after clashing with Palestinian Authority (PA) President Mahmoud...",https://www.algemeiner.com/2026/09/03/abbas-rival-mohammed-dahlans-emerging-alliance-deserves-scrutiny/,Algemeiner,Joe Truzman,2026-09-03T16:37:23,2026-09-03 18:22:40.992663,https://www.algemeiner.com/?p=778954
"As the Academic Year Starts, Antisemitism Comes to K-12 Schools in Addition to Universities",The conflict between the Trump administration and higher education took another twist when a federal judge dismissed the lawsuit against...,https://www.algemeiner.com/2026/09/03/academic-year-starts-antisemitism-comes-k-12-schools-addition-universities/,Algemeiner,Alexander Joffe,2026-09-03T16:57:28,2026-09-03 18:22:40.992633,https://www.algemeiner.com/?p=778945
"Syria Is Off the Terror List, but Washington Still Has Leverage","US President Donald Trump has fulfilled the promise he made to Syrian President Ahmad al-Sharaa in May 2025, to give...",https://www.algemeiner.com/2026/09/03/syria-off-terror-list-washington-still-has-leverage/,Algemeiner,Ahmad Sharawi,2026-09-03T17:04:32,2026-09-03 18:22:40.992603,https://www.algemeiner.com/?p=778942
Syria Begins Destroying Assad-Era Chemical Weapons,"Syria has begun destroying the remnants of a clandestine Assad&#8211;era chemical weapons program that it recovered in May, the first such destruction in a decade, a Syrian envoy...",https://www.algemeiner.com/2026/09/03/syria-begins-destroying-assad-era-chemical-weapons/,Algemeiner,Reuters and Algemeiner Staff,2026-09-03T17:18:50,2026-09-03 18:22:40.992574,https://www.algemeiner.com/?p=778981
"Iran Warns US Against Israeli Attack on South Lebanon Ridge Held by Hezbollah, Sources Say",Iran has warned the United States that it would respond forcefully to an Israeli offensive on a mountainous ridge in southern Lebanon where Iranian military personnel are...,https://www.algemeiner.com/2026/09/03/iran-warns-us-against-israeli-attack-south-lebanon-ridge-held-hezbollah-sources-say/,Algemeiner,Reuters and Algemeiner Staff,2026-09-03T17:35:01,2026-09-03 18:22:40.992539,https://www.algemeiner.com/?p=778984
Taking stock of Rosh Hashanah for the next generation,"We enter this New Year with eyes wide open to danger, but also with hearts full of determination.",https://www.jns.org/opinion/marcia-bronstein/taking-stock-of-rosh-hashanah-for-the-next-generation,JNS,Marcia Bronstein,2026-09-03T12:30:00,2026-09-03 18:22:38.569941,https://www.jns.org/opinion/marcia-bronstein/taking-stock-of-rosh-hashanah-for-the-next-generation
The chaos in Dearborn has to end,Its systemic problem with pro-terrorist and anti-American activities is making it difficult on the local and national levels.,https://www.jns.org/opinion/edward-barham/the-chaos-in-dearborn-has-to-end,JNS,Edward Barham,2026-09-03T15:00:00,2026-09-03 18:22:38.569902,https://www.jns.org/opinion/edward-barham/the-chaos-in-dearborn-has-to-end
"Jewish safety fears can’t ‘overwhelm’ High Holidays, Reform leader says","“We have holy things to do,” Rabbi Rick Jacobs told JNS. “We have a community that is also about celebration, joy, pride in being Jewish.”",https://www.jns.org/news/u-s-news/jewish-safety-fears-cant-overwhelm-high-holidays-reform-leader-says,JNS,Rikki Zagelbaum,2026-09-03T15:16:36,2026-09-03 18:22:38.569876,https://www.jns.org/news/u-s-news/jewish-safety-fears-cant-overwhelm-high-holidays-reform-leader-says
Anti-Israel protesters attempt to disrupt wounded Israeli veteran event at Cal Poly in San Luis Obispo,"“Disruptions like this have a chilling effect,” Hali Spiegel of CAMERA told JNS. ""Students should not have to weigh whether attending an event will mean being mobbed, intimidated or forced to leave under police protection.""",https://www.jns.org/news/u-s-news/anti-israel-protesters-attempt-to-disrupt-wounded-israeli-veteran-event-at-cal-poly-in-san-luis-obispo,JNS,Aaron Bandler,2026-09-03T15:29:33,2026-09-03 18:22:38.569846,https://www.jns.org/news/u-s-news/anti-israel-protesters-attempt-to-disrupt-wounded-israeli-veteran-event-at-cal-poly-in-san-luis-obispo
SCOOP: Kaploun meets with United Arab Emirates president in Abu Dhabi,The discussion came after a Washington meeting earlier this year with the foreign affairs minister of the UAE.,https://www.jns.org/news/u-s-news/scoop-kaploun-meets-with-united-arab-emirates-president-in-abu-dhabi,JNS,Mike Wagenheim,2026-09-03T15:45:30,2026-09-03 18:22:38.569813,https://www.jns.org/news/u-s-news/scoop-kaploun-meets-with-united-arab-emirates-president-in-abu-dhabi
Case to proceed against Los Angeles man accused of threatening to ‘shoot up’ JCC,"The Los Angeles County district attorney said that his office “will not tolerate threats motivated by hatred, and individuals who choose to engage in hate-driven crimes will be held fully accountable.”",https://www.jns.org/news/u-s-news/case-to-proceed-against-los-angeles-man-accused-of-threatening-to-shoot-up-jcc,JNS,,2026-09-03T16:09:38,2026-09-03 18:22:38.569786,https://www.jns.org/news/u-s-news/case-to-proceed-against-los-angeles-man-accused-of-threatening-to-shoot-up-jcc
"‘I’ll always be there’ for Jewish New Yorkers, Hochul tells JNS ahead of High Holidays","The governor spoke to JNS at one of the distribution sites, where the Met Council is giving more than 2 million pounds of kosher food ahead of Rosh Hashanah, amid what its CEO says are rising costs and unemployment.",https://www.jns.org/news/u-s-news/ill-always-be-there-for-jewish-new-yorkers-hochul-tells-jns-ahead-of-high-holidays,JNS,Rebecca Szlechter,2026-09-03T16:14:00,2026-09-03 18:22:38.569751,https://www.jns.org/news/u-s-news/ill-always-be-there-for-jewish-new-yorkers-hochul-tells-jns-ahead-of-high-holidays
"Incumbents won in Massachusetts Dem primaries, reversing trend of far-left challengers winning elsewhere","Sen. Edward Markey, 80, beat Rep. Seth Moulton, who called for generational change.",https://www.jns.org/news/u-s-news/incumbents-won-in-massachusetts-dem-primaries-reversing-trend-of-far-left-challengers-winning-elsewhere,JNS,,2026-09-03T16:38:19,2026-09-03 18:22:38.569718,https://www.jns.org/news/u-s-news/incumbents-won-in-massachusetts-dem-primaries-reversing-trend-of-far-left-challengers-winning-elsewhere
"Crossover Democrats eager to stop Mamdani key to Bruce Blakeman winning NY governor seat, experts say","Many Jewish lifelong Democrats plan to vote for Blakeman because they see him as ‘the bully that’s going to stop Mamdani,” a mental health worker told JNS.",https://www.jns.org/news/u-s-news/crossover-democrats-eager-to-stop-mamdani-key-to-bruce-blakeman-winning-ny-governor-seat-experts-say,JNS,Debra Nussbaum Cohen,2026-09-03T17:01:09,2026-09-03 18:22:38.569688,https://www.jns.org/news/u-s-news/crossover-democrats-eager-to-stop-mamdani-key-to-bruce-blakeman-winning-ny-governor-seat-experts-say
Before the threat becomes an attack,The Department of Homeland Security and Iran’s asymmetric war on the American homeland.,https://www.jns.org/opinion/erfan-fard/before-the-threat-becomes-an-attack,JNS,Erfan Fard,2026-09-03T17:30:00,2026-09-03 18:22:38.569654,https://www.jns.org/opinion/erfan-fard/before-the-threat-becomes-an-attack
New fund supports joint science and technology research program between BGU and RPI,"“It is not just about the ‘Startup Nation,’ but the ‘Startup Negev,’” said David Gerber, an RPI alumnus.",https://www.jns.org/wire/ben-gurion-university-of-the-negev/new-fund-supports-joint-science-and-technology-research-program-between-bgu-and-rpi,JNS,,2026-09-03T18:00:00,2026-09-03 18:22:38.569614,https://www.jns.org/wire/ben-gurion-university-of-the-negev/new-fund-supports-joint-science-and-technology-research-program-between-bgu-and-rpi
"Print Issue: AKLA Rises | September 4, 2026","A local teen initiative to build Jewish pride expands to other cities and shows the enduring power of curiosity and Jewish identity. The post Print Issue: AKLA Rises | September 4, 2026 appeared first on Jewish Journal .",https://jewishjournal.com/print-issue/391826/print-issue-akla-rises-september-4-2026/,Jewish Journal,Jewish Journal Staff,2026-09-03T15:52:42,2026-09-03 18:22:36.369752,https://jewishjournal.com/?p=391826
"Peter Lorre, decades after ‘Casablanca,’ is the breakout star of ‘Coyote Vs. Acme’","The character actor Peter Lorre died in 1964. The doctor Peter Lorre is alive, quite possibly immortal and has never looked better. In Coyote Vs. Acme, the long-awaited legal comedy in which Wile E. Coyote sues the mega-corporation behind all his contraption needs for decades of grievous injury, the Good Doctor is seen smuggling evidence... The post Peter Lorre, decades after ‘Casablanca,&#8217; is the breakout star of ‘Coyote Vs. Acme’ appeared first on The Forward .",https://forward.com/culture/film-tv/848360/dr-peter-lorre-coyote-vs-acme-m-casablanca/,The Forward,PJ Grisar,2026-09-03T14:55:53,2026-09-03 18:22:32.087960,https://forward.com/?p=848360
An unvarnished look at Polish Hasidic life before the Holocaust,"In the decades before the Holocaust, Warsaw still teemed with Hasidim. Muranowska Street was virtually lined with shtiblekh (prayer and study houses), each with its own dynastic affiliation. But one day, a young man established a new shop on the street and brazenly kept it open on the Sabbath. Modernity had arrived. Some Hasidim didn’t... The post An unvarnished look at Polish Hasidic life before the Holocaust appeared first on The Forward .",https://forward.com/yiddish-world/848405/unvarnished-polish-hasidic-life-before-holocaust-warsaw-shtibl-shtiebel/,The Forward,Glenn Dynner,2026-09-03T15:20:32,2026-09-03 18:22:32.087902,https://forward.com/?p=848405
Spain’s Jewish federation reports over 200 antisemitic incidents in 2025,"“Our children are the only ones who go to school with a police presence,” said FJCE president. -- The post Spain’s Jewish federation reports over 200 antisemitic incidents in 2025 appeared first on Jewish Telegraphic Agency .",https://www.jta.org/2026/09/03/global/spains-jewish-federation-reports-over-200-antisemitic-incidents-in-2025,JTA,Shira Li Bartov,2026-09-03T17:27:04,2026-09-03 18:22:29.301300,https://www.jta.org/?p=1907432
"Gloria Steinem, Jewish feminist trailblazer, dies at 92","'Wherever there is antisemitism, I identify as a Jew,' Steinem said. -- The post Gloria Steinem, Jewish feminist trailblazer, dies at 92 appeared first on Jewish Telegraphic Agency .",https://www.jta.org/2026/09/03/obituaries/gloria-steinem-jewish-feminist-trailblazer-dies-at-92,JTA,Ron Kampeas,2026-09-03T18:06:45,2026-09-03 18:22:29.301252,https://www.jta.org/?p=1907433
When Gloria Steinem identified as a Jew most,"This story was originally published in the Forward. Gloria Steinem, the journalist and organizer who became the most recognizable face of America’s modern women’s movement, died Wednesday at her New [&#8230;]",https://jweekly.com/2026/09/03/when-gloria-steinem-identified-as-a-jew-most/,J. Weekly,Benyamin Cohen,2026-09-03T17:19:18,2026-09-03 18:22:24.341297,https://jweekly.com/?p=310636
What makes this Israeli beer perfect for Rosh Hashanah? Honey,"A special Rosh Hashanah edition of Jerusalem's Herzl beer blends a tropical hazy IPA with local eucalyptus and wildflower honey for a sweet, hoppy New Year",https://www.haaretz.com/food/2026-09-03/ty-article-magazine/.premium/what-makes-this-israeli-beer-perfect-for-rosh-hashanah-honey/000001a0-615a-d234-aff2-71dbf01c0000,Haaretz,Roni Kashmin,2026-09-03T10:50:37,2026-09-03 14:53:40.109667,https://www.haaretz.com/food/2026-09-03/ty-article-magazine/.premium/what-makes-this-israeli-beer-perfect-for-rosh-hashanah-honey/000001a0-615a-d234-aff2-71dbf01c0000
The Mamluk and Turkish buildings in Israel's Golan that no one visits – but should,"Two centuries-old rest houses in the Golan Heights have been crumbling since 1967, but a French-built customs house a few kilometers away has become a luxury Bauhaus hotel",https://www.haaretz.com/israel-news/travel/2026-09-03/ty-article-magazine/.premium/mamluk-and-turkish-buildings-in-israels-golan-that-no-one-visits-but-should/000001a0-620a-d822-a3b8-725fd71c0000,Haaretz,Moshe Gilad,2026-09-03T11:09:49,2026-09-03 14:53:40.109641,https://www.haaretz.com/israel-news/travel/2026-09-03/ty-article-magazine/.premium/mamluk-and-turkish-buildings-in-israels-golan-that-no-one-visits-but-should/000001a0-620a-d822-a3b8-725fd71c0000
Iran threatens U.S. with forceful response if Israel attacks south Lebanon ridge,A foreign official with direct knowledge of the warning said it was delivered around mid-August and that Israel had put off storming the area as a result of U.S. pressure,https://www.haaretz.com/israel-news/security-aviation/2026-09-03/ty-article/iran-threatens-u-s-with-forceful-response-if-israel-attacks-south-lebanon-ridge/000001a0-6674-deb4-afe9-7f7c6f6b0000,Haaretz,Reuters,2026-09-03T11:35:12,2026-09-03 14:53:40.109612,https://www.haaretz.com/israel-news/security-aviation/2026-09-03/ty-article/iran-threatens-u-s-with-forceful-response-if-israel-attacks-south-lebanon-ridge/000001a0-6674-deb4-afe9-7f7c6f6b0000
Jerusalem café besieged by Haredi protests announces Saturday closure,Cafe Basimta is operated by Jews for Jesus in Jerusalem's city center. The protests have reignited Jerusalem's long-running battles over public observance of Shabbat after years of relative calm,https://www.haaretz.com/israel-news/2026-09-03/ty-article/.premium/jerusalem-cafe-besieged-by-haredi-protests-announces-saturday-closure/000001a0-6726-d1e9-ade0-f7f7a0120000,Haaretz,Nir Hasson,2026-09-03T12:06:43,2026-09-03 14:53:40.109584,https://www.haaretz.com/israel-news/2026-09-03/ty-article/.premium/jerusalem-cafe-besieged-by-haredi-protests-announces-saturday-closure/000001a0-6726-d1e9-ade0-f7f7a0120000
U.K. Green leader Zack Polanski to run for parliament in seat vacated by Starmer,"Zack Polanski, who is Jewish, took a popularity hit after criticizing police over the arrest of a man accused of stabbing two Jews in Golders Green. He is also a staunch critic of Britain's ties with Israel",https://www.haaretz.com/world-news/europe/2026-09-03/ty-article/zack-polanski-to-run-for-u-k-parliament-in-seat-vacated-by-starmer/000001a0-66e4-d1e9-ade0-f7f763950000,Haaretz,Reuters,2026-09-03T12:27:42,2026-09-03 14:53:40.109555,https://www.haaretz.com/world-news/europe/2026-09-03/ty-article/zack-polanski-to-run-for-u-k-parliament-in-seat-vacated-by-starmer/000001a0-66e4-d1e9-ade0-f7f763950000
'Dear Mayor Mohamed': Israel hits back after Belgian city bars match against Israeli team,"The Brussels embassy addressed the Leuven mayor by his first name, Mohamed, arguing that politics should 'never be allowed to interfere with sports'",https://www.haaretz.com/sports/2026-09-03/ty-article/.premium/israeli-embassy-slams-belgian-citys-decision-to-bar-match-against-israeli-team/000001a0-6696-da07-ada2-ee9fb0a20000,Haaretz,Ben Kroll,2026-09-03T12:28:28,2026-09-03 14:53:40.109526,https://www.haaretz.com/sports/2026-09-03/ty-article/.premium/israeli-embassy-slams-belgian-citys-decision-to-bar-match-against-israeli-team/000001a0-6696-da07-ada2-ee9fb0a20000
"No GPS, no resupply, no prize: an Israeli joins the world's toughest sailing race","Daniel Pinsky sets off Sunday on the Golden Globe Race, a solo circumnavigation sailed the way it was in 1968 – by sextant and paper chart, alone and nonstop, for some 200 days at sea",https://www.haaretz.com/life/2026-09-03/ty-article-magazine/.premium/no-gps-no-resupply-no-prize-an-israeli-joins-worlds-toughest-sailing-race/000001a0-66b0-d88e-a9f0-e6ba79340000,Haaretz,Moshe Gilad,2026-09-03T12:32:43,2026-09-03 14:53:40.109498,https://www.haaretz.com/life/2026-09-03/ty-article-magazine/.premium/no-gps-no-resupply-no-prize-an-israeli-joins-worlds-toughest-sailing-race/000001a0-66b0-d88e-a9f0-e6ba79340000
A Kahanist hate anthem for Netanyahu's self-destructive Israel,'Zochreini Na' was once associated with Israel's most violent fringe. Now Netanyahu smiles as it is sung in his honor,https://www.haaretz.com/israel-news/elections/2026-09-03/ty-article-magazine/.premium/a-kahanist-hate-anthem-for-netanyahus-self-destructive-israel/000001a0-66f4-d1e9-ade0-f7f7c1930000,Haaretz,Joshua Leifer,2026-09-03T12:40:38,2026-09-03 14:53:40.109462,https://www.haaretz.com/israel-news/elections/2026-09-03/ty-article-magazine/.premium/a-kahanist-hate-anthem-for-netanyahus-self-destructive-israel/000001a0-66f4-d1e9-ade0-f7f7c1930000
Sea of green: This is the algae shutting down Israel's desalination plants,"It is still unclear if the intense algae bloom is the work of climate change, sewage from Gaza, another environmental cause or a combination",https://www.haaretz.com/israel-news/2026-09-03/ty-article/.premium/sea-of-green-this-is-the-algae-shutting-down-israels-desalination-plants/000001a0-673e-def7-a7f7-6fff4a070000,Haaretz,Nir Hasson,2026-09-03T13:26:42,2026-09-03 14:53:40.109435,https://www.haaretz.com/israel-news/2026-09-03/ty-article/.premium/sea-of-green-this-is-the-algae-shutting-down-israels-desalination-plants/000001a0-673e-def7-a7f7-6fff4a070000
IDF: Two Palestinians killed after crossing into Israeli-controlled side of Gaza,"According to the IDF, soldiers killed the two after they had crossed the Yellow Line, which separates the occupied parts of the Strip from the rest of the enclave, and approached the troops in a manner that seemed to threaten their lives",https://www.haaretz.com/gaza/2026-09-03/ty-article/.premium/idf-two-palestinians-killed-after-crossing-into-israeli-controlled-side-of-gaza/000001a0-6769-dca9-a1e2-777ffb040000,Haaretz,Yaniv Kubovich,2026-09-03T14:13:48,2026-09-03 14:53:40.109401,https://www.haaretz.com/gaza/2026-09-03/ty-article/.premium/idf-two-palestinians-killed-after-crossing-into-israeli-controlled-side-of-gaza/000001a0-6769-dca9-a1e2-777ffb040000
Belgian mayor cancels match against Israeli soccer team,"Leuven cites security concerns in scrapping HaPo'el Beersheba game, drawing protests from Israel’s embassy and Belgian Jews.",https://www.jns.org/news/world/belgian-mayor-cancels-match-against-israeli-soccer-team,JNS,Canaan Lidor,2026-09-03T12:05:55,2026-09-03 14:53:33.235751,https://www.jns.org/news/world/belgian-mayor-cancels-match-against-israeli-soccer-team
"As High Holidays loom, NYC records slight drop in anti-Jewish hate crimes in August from 2025, but Jews targets of 53.9% of hate crimes so far this year","""It is deeply alarming that our community continues to be the primary target of hate in this city,"" Evan R. Bernstein, CEO of B’nai B’rith International, told JNS.",https://www.jns.org/news/u-s-news/anti-jewish-hate-crimes-in-nyc-down-slightly-in-august-from-2025-but-up-in-first-eight-months-of-2026-over-span-last-year,JNS,Menachem Wecker,2026-09-03T13:12:26,2026-09-03 14:53:33.235712,https://www.jns.org/news/u-s-news/anti-jewish-hate-crimes-in-nyc-down-slightly-in-august-from-2025-but-up-in-first-eight-months-of-2026-over-span-last-year
Redemption through resistance,"We are addicted to being Americans first, even when it weakens us.",https://www.jns.org/opinion/michael-b-snyder/redemption-through-resistance,JNS,Michael B. Snyder,2026-09-03T13:30:00,2026-09-03 14:53:33.235674,https://www.jns.org/opinion/michael-b-snyder/redemption-through-resistance
"‘Serious concern’ about Jew-hatred in largest US labor union, Senate panel finds","“Instead of helping students succeed, teachers’ unions are injecting a dangerous, anti-American agenda into our classrooms,” stated Sen. Bill Cassidy.",https://www.jns.org/news/u-s-news/serious-concern-about-jew-hatred-in-largest-us-labor-union-senate-panel-finds,JNS,Aaron Bandler,2026-09-03T14:33:25,2026-09-03 14:53:33.235640,https://www.jns.org/news/u-s-news/serious-concern-about-jew-hatred-in-largest-us-labor-union-senate-panel-finds
When Gloria Steinem identified as a Jew most,"Gloria Steinem, the journalist and organizer who became the most recognizable face of America’s modern women’s movement, died Wednesday at her New York City home. She was 92. For more than half a century, Steinem pushed American women to imagine lives beyond the limits society had set for them. She co-founded Ms. magazine, helped establish... The post When Gloria Steinem identified as a Jew most appeared first on The Forward .",https://forward.com/news/848303/gloria-steinem-death-jewish-legacy/,The Forward,Benyamin Cohen,2026-09-03T11:22:20,2026-09-03 14:53:26.635635,https://forward.com/?p=848303
Bedouin shepherds found it. A bishop sold it. An Israeli agent bought it. Now you can see it up close.,"The magnificent 717-centimeter ancient Isaiah scroll on view right now at The Israel Museum, for the first time in 60 years, is drawing so many people that the museum has set strict guidelines for visitors. To see the scroll — meaning the original, handwritten, non-facsimile, version that survived for two thousand years in jars hidden... The post Bedouin shepherds found it. A bishop sold it. An Israeli agent bought it. Now you can see it up close. appeared first on The Forward .",https://forward.com/culture/848186/isaiah-scroll-israel-museum-exhibit-voice-from-the-desert/,The Forward,Aviya Kushner,2026-09-03T12:00:58,2026-09-03 14:53:26.635581,https://forward.com/?p=848186
"Ernest, Evelyn Rady pledge another $10M matching gift for Hadassah’s pediatric center","San Diego philanthropists Ernest and Evelyn Rady have pledged a $10 million matching gift to Hadassah, the Womens Zionist Organization of America, funding three pediatrics programs at the group’s Hadassah Hospital Ein Kerem in Jerusalem that will together form the Rady Pediatric Center, eJewishPhilanthropy has learned. For Rady, who founded the real estate investment firm... Read More The post Ernest, Evelyn Rady pledge another $10M matching gift for Hadassah’s pediatric center appeared first on eJewishPhilanthropy .",https://ejewishphilanthropy.com/ernest-evelyn-rady-pledge-another-10m-matching-gift-for-hadassahs-pediatric-center/,eJewish Philanthropy,Justin Hayet,2026-09-03T11:59:34,2026-09-03 14:53:21.933703,https://ejewishphilanthropy.com/?p=179680
"Your Daily Phil: Ernest, Evelyn Rady again ‘challenge’ Hadassah with $10M","The post Your Daily Phil: Ernest, Evelyn Rady again ‘challenge’ Hadassah with $10M appeared first on eJewishPhilanthropy .",https://ejewishphilanthropy.com/your-daily-phil-ernest-evelyn-rady-again-challenge-hadassah-with-10m/,eJewish Philanthropy,EJP,2026-09-03T14:15:17,2026-09-03 14:53:21.933642,https://ejewishphilanthropy.com/?p=179687
"Poll: Far-right parties rise above threshold, boosting Netanyahu bloc",A new Channel 13 poll shows the Netanyahu and Eisenkot blocs tied at 53 seats. But a boycott of Arab parties by some opposition parties blocks a potential 67-seat anti-government majority,https://www.haaretz.com/israel-news/elections/2026-09-03/ty-article/poll-far-right-parties-rise-above-threshold-boosting-netanyahu-bloc/000001a0-64a4-d6e6-a3aa-6fff0c5c0000,Haaretz,Haaretz,2026-09-03T09:14:51,2026-09-03 10:47:39.333124,https://www.haaretz.com/israel-news/elections/2026-09-03/ty-article/poll-far-right-parties-rise-above-threshold-boosting-netanyahu-bloc/000001a0-64a4-d6e6-a3aa-6fff0c5c0000
Top Democratic senator slams 'confirmed' Israeli plan to ethnically cleanse Gaza,"Senator Chris van Hollen criticized Israeli Defense Minister Katz's recent comments on the transfer of Palestinians from Gaza, calling it a confirmation of his report from last year on Israel's 'Plan to Ethnically Cleanse Gaza of Palestinians'",https://www.haaretz.com/israel-news/israel-security/2026-09-03/ty-article/.premium/top-democratic-senator-slams-confirmed-israeli-plan-to-ethnically-cleanse-gaza/000001a0-65fe-def7-a7f7-6dffecfb0000,Haaretz,Haaretz,2026-09-03T09:55:20,2026-09-03 10:47:39.333087,https://www.haaretz.com/israel-news/israel-security/2026-09-03/ty-article/.premium/top-democratic-senator-slams-confirmed-israeli-plan-to-ethnically-cleanse-gaza/000001a0-65fe-def7-a7f7-6dffecfb0000
Budapest blocks anti-Israel attempt to mar Jewish festival,"Rabbi Shlomó Köves warned that staging political protests close to Jewish events crossed a red line, turning anti-Israel activism into direct hostility against local Jews.",https://www.jns.org/news/world/budapest-blocks-anti-israel-attempt-to-mar-jewish-festival,JNS,David Isaac,2026-09-03T05:35:59,2026-09-03 10:47:32.076674,https://www.jns.org/news/world/budapest-blocks-anti-israel-attempt-to-mar-jewish-festival
Belgian union threatens strike on Lufthansa-owned Tel Aviv route,Threatened disruptions would affect Brussels Airlines flights to and from Israel.,https://www.jns.org/news/world/belgian-union-threatens-strike-on-lufthansa-owned-tel-aviv-route,JNS,Canaan Lidor,2026-09-03T05:36:25,2026-09-03 10:47:32.076643,https://www.jns.org/news/world/belgian-union-threatens-strike-on-lufthansa-owned-tel-aviv-route
Hot and bothered by air-conditioners,It was only a matter of time until those who stump for Israel’s destruction turned their ire on the daily routines and conveniences of the Jews.,https://www.jns.org/opinion/ray-hayim-leiter/hot-and-bothered-by-air-conditioners,JNS,Rav Hayim Leiter,2026-09-03T06:15:00,2026-09-03 10:47:32.076618,https://www.jns.org/opinion/ray-hayim-leiter/hot-and-bothered-by-air-conditioners
Spanish Jews report 14% increase in antisemitic incidents,The data was published amid allegations by Israel that Madrid's anti-Israeli rhetoric and policies were fomenting Jew hatred.,https://www.jns.org/news/world/spanish-jews-report-14-increase-in-antisemitic-incidents,JNS,Canaan Lidor,2026-09-03T06:35:00,2026-09-03 10:47:32.076589,https://www.jns.org/news/world/spanish-jews-report-14-increase-in-antisemitic-incidents
Manischewitz introduces new products for Rosh Hashanah,"Manischewitz introduces new Heat & Serve Sweet Carrot Tzimmes, Frozen Rugelach and a seven-variety Homemade Soup Line for the Jewish New Year.",https://www.jns.org/wire/manischewitz/manischewitz-introduces-new-products-for-rosh-hashanah,JNS,,2026-09-03T07:06:15,2026-09-03 10:47:32.076561,https://www.jns.org/wire/manischewitz/manischewitz-introduces-new-products-for-rosh-hashanah
"In Gaza, Netanyahu says IDF will retain Yellow Line positions","“We control the territory. We are not withdrawing. We are staying on this line,"" the Israeli premier said.",https://www.jns.org/news/israel-news/in-gaza-netanyahu-says-idf-will-retain-yellow-line-positions,JNS,JNS Staff,2026-09-03T07:27:06,2026-09-03 10:47:32.076530,https://www.jns.org/news/israel-news/in-gaza-netanyahu-says-idf-will-retain-yellow-line-positions
"Yes, they will multiply",The Haredi community must take more responsibility for Israel’s overall welfare.,https://www.jns.org/opinion/eliyahu-berkovits/yes-they-will-multiply,JNS,Eliyahu Berkovits,2026-09-03T08:00:00,2026-09-03 10:47:32.076501,https://www.jns.org/opinion/eliyahu-berkovits/yes-they-will-multiply
Trump suggests renaming Strait of Hormuz ‘Trump Strait’,American forces destroyed newly deployed Iranian equipment along the strategic waterway.,https://www.jns.org/news/u-s-news/trump-suggests-renaming-strait-of-hormuz-trump-strait,JNS,JNS Staff,2026-09-03T08:24:27,2026-09-03 10:47:32.076474,https://www.jns.org/news/u-s-news/trump-suggests-renaming-strait-of-hormuz-trump-strait
Trump ramps up pressure on Iran,"“Israel Undiplomatic” brings sharp insight and spirited debate to the stories shaping Israel and the Middle East. Hosted by JNS senior contributing editor Ruthie Blum and former ambassador Mark Regev, both former advisers to the Prime Minister’s Office, the show goes beyond talking points to tackle Israel’s toughest political, diplomatic and security dilemmas head-on. From Gaza ceasefire negotiations to U.S.-Israel relations and from Iran’s nuclear ambitions to the war on terror, Blum and Regev dissect the week’s headlines with authority, candor and a touch of humor. What sets “Israel Undiplomatic” apart is the dynamic between its hosts: Two seasoned insiders often agree on the goals but clash on the details. Their conversations reveal how even shared worldviews can lead to different conclusions about policy, diplomacy and the future of Israel. Whether analyzing the latest Middle East peace proposals, exposing Western double standards or weighing the political fallout of Israel’s military actions, “Israel Undiplomatic” delivers smart, unscripted dialogue that cuts through spin and gets to the truth. Because in politics, as in life, the devil is always in the details. See more at: @JNS_TV and subscribe to our YouTube channel.",https://www.jns.org/jns-tv/israel-undiplomatic/trump-ramps-up-pressure-on-iran,JNS,Mark Regev,2026-09-03T08:28:45,2026-09-03 10:47:32.076444,https://www.jns.org/jns-tv/israel-undiplomatic/trump-ramps-up-pressure-on-iran
French FM wants EU ban on Israeli Judea and Samaria goods,"Europe ""cannot allow products from illegal settlements in the West Bank to illegally enter the territory of the European Union,” said Jean-Noel Barrot.",https://www.jns.org/news/world/french-fm-wants-eu-ban-on-israeli-judea-and-samaria-goods,JNS,Canaan Lidor,2026-09-03T08:30:03,2026-09-03 10:47:32.076337,https://www.jns.org/news/world/french-fm-wants-eu-ban-on-israeli-judea-and-samaria-goods
Jewish Solar Challenge opens 2026 grant application cycle,"The grant cycle offers $300,000 to help Jewish nonprofits install solar-energy systems, following more than $10 million in solar projects supported by JSC.",https://www.jns.org/wire/jewish-solar-challenge/jewish-solar-challenge-opens-2026-grant-application-cycle,JNS,,2026-09-03T09:15:13,2026-09-03 10:47:32.076305,https://www.jns.org/wire/jewish-solar-challenge/jewish-solar-challenge-opens-2026-grant-application-cycle
Two Israelis and 30 Jewish visitors among the thousands missing in Nepal flooding,"Over 1,200 have already been confirmed killed in the natural disaster.",https://www.jns.org/news/world/two-israelis-and-30-jewish-visitors-among-the-thousands-missing-in-nepal-flooding,JNS,JNS Staff,2026-09-03T09:32:28,2026-09-03 10:47:32.076271,https://www.jns.org/news/world/two-israelis-and-30-jewish-visitors-among-the-thousands-missing-in-nepal-flooding
African Christian leaders tour Israel amid growing diplomatic outreach,"A delegation of 14 African Christian leaders from four countries is visiting Israel this week, amid increased outreach to tens of millions of Christian supporters across the continent. The faith-based trip highlights the diplomatic tug-of-war between supporters and opponents of the Jewish state in Africa, home to more Christians than any other continent. While South Africa has emerged as one of the fiercest critics of Israel worldwide, other African countries have pushed back and are now further strengthening ties rooted in a mix of shared interests and faith. “It has literally blown my mind how you can use the desert and make it productive,” said Kenyan Bishop Paul Karanja, who was on his first trip to the Holy Land and expressed astonishment at seeing bananas blooming in the Israeli desert. Karanja organized a march for Israel in the Kenyan capital last year to counter local and global anti-Israel activity, underscoring the biblical foundation for participants support of the Jewish state and seeking to cause an awakening among Christians in Africa. “Our destiny will not be secured if we cannot connect ourselves to Israel,” he said. 'Like no other place' Ugandan Pastor Drake Kanaabo said that Israel needs to further its outreach to young Africans who are less connected to the Bible and the history of African-Israeli relations than their parents, and who, like their counterparts around the globe, are susceptible to negative social media reports about Israel. “The young generations know Israel according to social media, and what they see and hear is negative,” he said. “Israel has to step up countering bad news with good news.” The pastor said nothing compares to a visit to the Holy Land. “You land in the land of the past, present and the future, and it gives you the biblical picture,” he said. “You can study theology, but when you come here you have the spirit of the Land by walking in the land of the Bible. There is no other such place in the world.” The weeklong tour, which was organized by the Israeli embassy in Kenya in coordination with the Ministry of Foreign Affairs in Jerusalem and included Christian leaders from Kenya, Malawi, Tanzania and Uganda, crisscrossed the country and included holy places as well as tech centers and a site from the Oct. 7, 2023, Hamas-led attacks. With 600 million Christians and 54 U.N. votes at stake, including 30 Christian-majority countries, Israel has homed in on the strategic value of religious diplomacy on the continent at a time of international opprobrium over the fallout from the war in Gaza, growing antisemitism in the West, and continued persecution of Christian in Africa. “In 30 years, Christians in sub-Saharan Africa will make up 40% of Christians all over the world,” Israel’s special envoy to the Christian world, Ambassador George Deek, told JNS on Wednesday. “Israel attaches great importance to its relationship with Africa and wants them to see Israel as their home, if not politically then biblically and culturally.” 'Israel is coming back to Africa, and Africa is coming back to Israel.' “As a Malawian, we regard Israel as a partner,” said Pastor Matilda Matabwa. “You hear on the news that Africa is isolated, but Africa is in support of Israel.” “Be strong,” advised Kenyan Bishop Abraham Mulwa. “We are with you.” Pastor Kanaabo recounted the words of Prime Minister Benjamin Netanyahu a decade ago, at the 40th anniversary of the Entebbe rescue mission: 'Israel is coming back to Africa, and Africa is coming back to Israel.' “It was just a matter of putting this into action,” Kanaabo said. “We are seeing this being realized.”",https://www.jns.org/news/israel-news/african-christian-leaders-tour-israel-amid-growing-diplomatic-outreach,JNS,Etgar Lefkovits,2026-09-03T09:57:34,2026-09-03 10:47:32.076237,https://www.jns.org/news/israel-news/african-christian-leaders-tour-israel-amid-growing-diplomatic-outreach
Rosner’s Domain | What Do You ‘Know’ About Altalena?,The Altalena was a munitions ship fired upon and sunk by the newly formed Israel Defense Forces in 1948. The post Rosner&#8217;s Domain | What Do You ‘Know’ About Altalena? appeared first on Jewish Journal .,https://jewishjournal.com/rosnersdomain/391794/what-do-you-know-about-altalena/,Jewish Journal,Shmuel Rosner,2026-09-03T09:27:53,2026-09-03 10:47:29.607812,https://jewishjournal.com/?p=391794
AKLA Rises,From a Local Experiment to a National Program: AKLA Expands Its Vision for Jewish Teens The post AKLA Rises appeared first on Jewish Journal .,https://jewishjournal.com/community/391798/akla-rises/,Jewish Journal,Ryan Torok,2026-09-03T09:34:17,2026-09-03 10:47:29.607776,https://jewishjournal.com/?p=391798
The Genius of the Marx Brothers,"Like the greatest satirists, such as Jonathan Swift and Mark Twain, they chose comedy over accusation to mock the folly of society and add levity to dark times. But their aim was not levity alone. The post The Genius of the Marx Brothers appeared first on Jewish Journal .",https://jewishjournal.com/culture/arts/film/391803/the-genius-of-the-marx-brothers/,Jewish Journal,Paul Socken,2026-09-03T09:36:54,2026-09-03 10:47:29.607748,https://jewishjournal.com/?p=391803
Table for Five: Nitzavim-Vayelech,Hidden and Revealed The post Table for Five: Nitzavim-Vayelech appeared first on Jewish Journal .,https://jewishjournal.com/judaism/391806/nitzavim-vayelech/,Jewish Journal,Salvador Litvak,2026-09-03T09:42:06,2026-09-03 10:47:29.607712,https://jewishjournal.com/?p=391806
A Festive French Roast,One of my favorite things to cook for the Jewish holidays is a beautiful French roast. It’s so very festive and is perfect to feed a hungry crowd. The post A Festive French Roast appeared first on Jewish Journal .,https://jewishjournal.com/culture/food/391809/a-festive-french-roast/,Jewish Journal,Sharon Gomperts and Rachel Emquies Sheff,2026-09-03T09:46:16,2026-09-03 10:47:29.607683,https://jewishjournal.com/?p=391809
"Eyal Shani’s Recipe for Kosher Cuisine: Wild, Bold and Full of Life","The Beverly Hills menu features some of Malka’s best-known dishes, including the Queen Malka Schnitzel, Branzino Hraime, onglet served with roasted white peaches and Israeli-style hummus. The post Eyal Shani’s Recipe for Kosher Cuisine: Wild, Bold and Full of Life appeared first on Jewish Journal .",https://jewishjournal.com/culture/food/391812/eyal-shanis-recipe-for-kosher-cuisine-wild-bold-and-full-of-life/,Jewish Journal,Ayala Or-El,2026-09-03T09:52:19,2026-09-03 10:47:29.607647,https://jewishjournal.com/?p=391812
Hanging Out at the Jewish American Summit,"Among the speakers, Adam Milstein, a real estate investor, philanthropist and co-founder of the fast-growing Impact Forum, urged attendees to frame antisemitism as an American issue and not just a Jewish issue. The post Hanging Out at the Jewish American Summit appeared first on Jewish Journal .",https://jewishjournal.com/community/391816/hanging-out-at-the-jewish-american-summit/,Jewish Journal,Brian Fishbach,2026-09-03T09:56:49,2026-09-03 10:47:29.607593,https://jewishjournal.com/?p=391816
"Love, Drugs and Prison: The True Story Behind ‘10 Kilos’","[&#8230;] The post Love, Drugs and Prison: The True Story Behind ‘10 Kilos’ appeared first on Jewish Journal .",https://jewishjournal.com/culture/arts/film/391819/love-drugs-and-prison-the-true-story-behind-10-kilos/,Jewish Journal,Ayala Or-El,2026-09-03T10:05:24,2026-09-03 10:47:29.607552,https://jewishjournal.com/?p=391819
"New Book, ‘Digital Warrior,’ Goes Inside Israel’s Message War","Lester brings the reader into the communications operation during the war: the videos, arguments, mistakes, debates over what to post and the race to respond to events moving faster than any communications office could control. The post New Book, ‘Digital Warrior,’ Goes Inside Israel’s Message War appeared first on Jewish Journal .",https://jewishjournal.com/culture/arts/books/391822/new-book-digital-warrior-goes-inside-israels-message-war/,Jewish Journal,Brian Fishbach,2026-09-03T10:10:52,2026-09-03 10:47:29.607513,https://jewishjournal.com/?p=391822
"UK to ‘reset policy’ on West Bank settlements, Miliband tells parliament","(JTA) — The new British government plans to announce in the coming weeks a comprehensive package of economic sanctions and other measures designed to prevent the Israeli expansion of West Bank settlements. Overall the U.K. needs “a comprehensive reset of our policy” when it comes to the West Bank, British Foreign Secretary Ed Miliband told... The post UK to &#8216;reset policy&#8217; on West Bank settlements, Miliband tells parliament appeared first on The Forward .",https://forward.com/fast-forward/848273/uk-to-reset-policy-on-west-bank-settlements-miliband-tells-parliament/,The Forward,Tovah Lazaroff,2026-09-03T08:41:20,2026-09-03 10:47:25.314514,https://forward.com/?p=848273
"UK to ‘reset policy’ on West Bank settlements, Miliband tells parliament","‘We do not want British companies financing, constructing or advertising new settlements,’ foreign secretary said. -- The post UK to ‘reset policy’ on West Bank settlements, Miliband tells parliament appeared first on Jewish Telegraphic Agency .",https://www.jta.org/2026/09/03/israel/uk-to-reset-policy-on-west-bank-settlements-miliband-tells-parliament,JTA,Tovah Lazaroff,2026-09-03T06:01:08,2026-09-03 10:47:22.671237,https://www.jta.org/?p=1907414
Jewish communities and the reuse economy,"Love it or hate it, WhatsApp has been a game-changer for synagogue communications. At Temple Beth Am (TBA), the Los Angeles synagogue where I serve as the cantor, the messaging app served up the first sustainable solution in decades to the challenge of gathering a quorum for our daily minyan. Every day, the minyan gabbai... Read More The post Jewish communities and the reuse economy appeared first on eJewishPhilanthropy .",https://ejewishphilanthropy.com/jewish-communities-and-the-reuse-economy/,eJewish Philanthropy,Rabbi Cantor Hillary Chorny,2026-09-03T07:20:48,2026-09-03 10:47:20.173845,https://ejewishphilanthropy.com/?p=179629
"If we want Holocaust education to fight antisemitism today, we must invest in teachers","As students return to school, educators across the country face the grave responsibility of navigating increasingly polarized classrooms. Young people are consuming a steady stream of misinformation online, often without the historical knowledge or critical thinking skills to evaluate what they encounter. Over the past several years, more than half of all U.S. states, including... Read More The post If we want Holocaust education to fight antisemitism today, we must invest in teachers appeared first on eJewishPhilanthropy .",https://ejewishphilanthropy.com/if-we-want-holocaust-education-to-fight-antisemitism-today-we-must-invest-in-teachers/,eJewish Philanthropy,Lauren Hill,2026-09-03T08:15:00,2026-09-03 10:47:20.173794,https://ejewishphilanthropy.com/?p=179652
Report: U.S. defense secretary extends Mideast forces deployment into 2027,,https://www.haaretz.com/israel-news/israel-security/2026-09-03/ty-article-live/idf-troops-kill-two-palestinian-youths-during-settler-raid-medics-say/000001a0-6509-d1e9-ade0-f5dbf60c0000,Haaretz,Haaretz,2026-09-03T02:24:17,2026-09-03 05:30:51.283863,https://www.haaretz.com/israel-news/israel-security/2026-09-03/ty-article-live/idf-troops-kill-two-palestinian-youths-during-settler-raid-medics-say/000001a0-6509-d1e9-ade0-f5dbf60c0000
Could China hold the key to breaking the U.S.-Iran impasse?,"With diplomacy deadlocked, China's influence over Tehran positions it to break the impasse. Chinese President Xi Jinping's trip to Egypt is no mere photo op - and signals exactly the direction Beijing plans to take",https://www.haaretz.com/middle-east-news/2026-09-03/ty-article/.premium/will-china-reap-the-benefits-of-trumps-hormuz-standoff-with-iran/000001a0-642d-d087-a7fd-fded66800000,Haaretz,Zvi Bar'el,2026-09-03T03:00:23,2026-09-03 05:30:51.283832,https://www.haaretz.com/middle-east-news/2026-09-03/ty-article/.premium/will-china-reap-the-benefits-of-trumps-hormuz-standoff-with-iran/000001a0-642d-d087-a7fd-fded66800000
"John Galliano and the Met: can antisemitism be viewed as ""a single moment?""","The fashion designer has shown regret over his past antisemitic behavior. Still, the cancellation of an exhibition in his honor was the right decision",https://www.haaretz.com/opinion/2026-09-03/ty-article-opinion/.premium/john-galliano-and-the-met-can-antisemitism-be-viewed-as-a-single-moment/000001a0-65a7-dca9-a1e2-75ffc3b70000,Haaretz,Nava Anne Grant,2026-09-03T05:23:56,2026-09-03 05:30:51.283789,https://www.haaretz.com/opinion/2026-09-03/ty-article-opinion/.premium/john-galliano-and-the-met-can-antisemitism-be-viewed-as-a-single-moment/000001a0-65a7-dca9-a1e2-75ffc3b70000
Germany tests Israeli ballistic missile,The successful trial involved a LORA quasi-ballistic weapon manufactured by Israel Aerospace Industries.,https://www.jns.org/news/world/germany-tests-israeli-ballistic-missile,JNS,JNS Staff,2026-09-03T03:06:00,2026-09-03 05:30:44.463728,https://www.jns.org/news/world/germany-tests-israeli-ballistic-missile
Al-Sharaa’s army will reveal what his new Syria really is,"Events at Abu al-Duhur, Damascus and Beit Jinn point to the real test facing the Syrian president.",https://www.jns.org/opinion/eyal-dror/al-sharaas-army-will-reveal-what-his-new-syria-really-is,JNS,Eyal Dror,2026-09-03T04:00:00,2026-09-03 05:30:44.463701,https://www.jns.org/opinion/eyal-dror/al-sharaas-army-will-reveal-what-his-new-syria-really-is
Hebron-area vineyard sparks legal battle over land rights,Regavim petitions Supreme Court to remove what it calls Palestinian agricultural encroachment on state-owned land in Judea and Samaria.,https://www.jns.org/news/israel-news/hebron-area-vineyard-sparks-legal-battle-over-land-rights,JNS,David Israel/TPS-IL,2026-09-03T04:07:00,2026-09-03 05:30:44.463673,https://www.jns.org/news/israel-news/hebron-area-vineyard-sparks-legal-battle-over-land-rights
Maj. Gen. David Kalifa named next IDF Central Command chief,"During the war against Hamas in Gaza, he served as commander of the 36th Division, leading operations in the central Strip.",https://www.jns.org/news/israel-news/maj-gen-david-kalifa-named-next-idf-central-command-chief,JNS,JNS Staff,2026-09-03T04:44:38,2026-09-03 05:30:44.463643,https://www.jns.org/news/israel-news/maj-gen-david-kalifa-named-next-idf-central-command-chief
Building Israel through aliyah,"As Nefesh B’Nefesh celebrates 100,000 immigrants, it's expanding its mission to address Israel’s needs in healthcare, national service and the periphery.",https://www.jns.org/promo/building-israel-through-aliyah,JNS,Sharon Altshul,2026-09-03T04:58:25,2026-09-03 05:30:44.463606,https://www.jns.org/promo/building-israel-through-aliyah
“The Star on the Grave”,[&#8230;] The post &#8220;The Star on the Grave&#8221; appeared first on Jewish Journal .,https://jewishjournal.com/commentary/blogs/391779/the-star-on-the-grave/,Jewish Journal,Boaz Hepner,2026-09-03T01:16:18,2026-09-03 05:30:42.026482,https://jewishjournal.com/?p=391779
Better Kisser Than a Cook,"Sometimes love arrives ahead of you, in spite of you. Cooking slowly became a way of being there for the people I love. A wordless language that says: I see you. I hear you. You're worth the onion-chopping. The post Better Kisser Than a Cook appeared first on Jewish Journal .",https://jewishjournal.com/commentary/opinion/391776/better-kisser-than-a-cook/,Jewish Journal,Hilla Gohary Kerendian,2026-09-03T00:51:57,2026-09-03 01:00:22.338974,https://jewishjournal.com/?p=391776
Israel's top court: Coalition-led committee gets to decide whether parties can track voters,"Central Election Committee chairman Justice Noam Sohlberg decided last month to ban tracking voters at polling stations. After a Likud petition, whose lawyer said the ruling was a 'terror attack' for the party, the top court made a compromise ruling",https://www.haaretz.com/israel-news/elections/2026-09-02/ty-article/.premium/top-court-coalition-led-committee-to-decide-whether-parties-can-track-voters/000001a0-6180-d908-adf9-e1ebcdc90000,Haaretz,Chen Maanit,2026-09-02T20:51:23,2026-09-02 23:01:45.251363,https://www.haaretz.com/israel-news/elections/2026-09-02/ty-article/.premium/top-court-coalition-led-committee-to-decide-whether-parties-can-track-voters/000001a0-6180-d908-adf9-e1ebcdc90000
"Two Palestinians said killed by IDF fire during settler, army raid on West Bank village","According to Palestinian Health Ministry, the fatalities are 19 and 16 years old; local reports say settlers grazed livestock near al-Mughayyir and stole sheep before the military forces entered the village",https://www.haaretz.com/israel-news/israel-security/2026-09-02/ty-article/.premium/two-palestinians-said-killed-by-idf-fire-during-settler-army-raid-in-west-bank/000001a0-63c4-da07-ada2-efcd4a8d0000,Haaretz,Matan Golan,2026-09-02T20:54:45,2026-09-02 23:01:45.251333,https://www.haaretz.com/israel-news/israel-security/2026-09-02/ty-article/.premium/two-palestinians-said-killed-by-idf-fire-during-settler-army-raid-in-west-bank/000001a0-63c4-da07-ada2-efcd4a8d0000
"Daily Cartoon, September 3, 2026",,https://www.haaretz.com/opinion/daily-cartoon/2026-09-03/ty-article-opinion/daily-cartoon-september-3-2026/000001a0-63f5-d43a-affe-7ff731700000,Haaretz,La Familia,2026-09-02T21:12:37,2026-09-02 23:01:45.251302,https://www.haaretz.com/opinion/daily-cartoon/2026-09-03/ty-article-opinion/daily-cartoon-september-3-2026/000001a0-63f5-d43a-affe-7ff731700000
Yair Lapid's silence and cowardice destroyed the Israeli opposition. He won't be missed,"At best, Lapid will be tourism minister in the next government. His downfall reflects an imaginary political center that has nothing to offer, because there will never be a center, only a right in disguise",https://www.haaretz.com/opinion/2026-09-03/ty-article-opinion/.premium/yair-lapids-silence-and-cowardice-destroyed-the-opposition-he-wont-be-missed/000001a0-635b-da07-ada2-ef5b906b0000,Haaretz,Gideon Levy,2026-09-02T21:22:40,2026-09-02 23:01:45.251275,https://www.haaretz.com/opinion/2026-09-03/ty-article-opinion/.premium/yair-lapids-silence-and-cowardice-destroyed-the-opposition-he-wont-be-missed/000001a0-635b-da07-ada2-ef5b906b0000
"Netanyahu spoke to no one when he was woken up on October 7. So, what did he do?","A new conspiracy theory claims the IDF framed the prime minister for October 7, waking him late. But would it have even made a difference?",https://www.haaretz.com/opinion/2026-09-03/ty-article-opinion/.premium/netanyahu-spoke-to-no-one-when-he-was-woken-up-on-october-7-so-what-did-he-do/000001a0-63b2-d43a-affe-7ff256140000,Haaretz,Uri Misgav,2026-09-02T21:31:44,2026-09-02 23:01:45.251245,https://www.haaretz.com/opinion/2026-09-03/ty-article-opinion/.premium/netanyahu-spoke-to-no-one-when-he-was-woken-up-on-october-7-so-what-did-he-do/000001a0-63b2-d43a-affe-7ff256140000
"Israel's Gaza militias might replace Hamas, but will lead down the same tragic road","Israel deals with the Palestinian problem by trying to circumvent it: through alternative leadership, local militias and 'shrinking the conflict.' None of them are solutions; they are simply ways of avoiding one",https://www.haaretz.com/opinion/2026-09-03/ty-article-opinion/.premium/israels-gaza-militias-might-replace-hamas-but-lead-down-the-same-tragic-road/000001a0-635b-dca9-a1e2-775f25a40000,Haaretz,Hanin Majadli,2026-09-02T21:32:50,2026-09-02 23:01:45.251216,https://www.haaretz.com/opinion/2026-09-03/ty-article-opinion/.premium/israels-gaza-militias-might-replace-hamas-but-lead-down-the-same-tragic-road/000001a0-635b-dca9-a1e2-775f25a40000
Israel's top court must protect police investigators from politicians,"The most concrete threat from the ruling coalition is against the police internal investigations unit. This isn't a future threat, but a real-time fight over the body that probes police officers and those suspected of committing offenses with them",https://www.haaretz.com/opinion/editorial/2026-09-03/ty-article-opinion/israels-top-court-must-protect-police-investigators-from-politicians/000001a0-63b1-d1e9-ade0-f3f300090000,Haaretz,Haaretz Editorial,2026-09-02T21:36:49,2026-09-02 23:01:45.251180,https://www.haaretz.com/opinion/editorial/2026-09-03/ty-article-opinion/israels-top-court-must-protect-police-investigators-from-politicians/000001a0-63b1-d1e9-ade0-f3f300090000
Trump Says Renewed US Campaign Against Iran Won’t Last Long After Biggest Exchange of Fire Since July,President Donald Trump said on Wednesday that the renewed US campaign against Iran would not continue for &#8220;too long&#8221; after the biggest exchange of fire between Tehran and Washington...,https://www.algemeiner.com/2026/09/02/trump-says-renewed-us-campaign-against-iran-wont-last-long-after-biggest-exchange-of-fire-since-july/,Algemeiner,Reuters and Algemeiner Staff,2026-09-02T21:54:27,2026-09-02 23:01:40.700400,https://www.algemeiner.com/?p=778926
"Germany Successfully Tests Israeli Ballistic Missile, Officials Say","Germany successfully tested an Israeli ballistic missile in the North Atlantic overnight, military officials said on Wednesday, as Western powers scramble to acquire long-range weapons to...",https://www.algemeiner.com/2026/09/02/germany-successfully-tests-israeli-ballistic-missile-officials-say/,Algemeiner,Reuters and Algemeiner Staff,2026-09-02T21:57:38,2026-09-02 23:01:40.700365,https://www.algemeiner.com/?p=778931
"Jewish Groups Launch First-of-Its-Kind European Center for Medical Training, Certification of Mohels","As pressure mounts across Europe to regulate — and in some countries potentially prohibit— Jewish ritual circumcision, Jewish organizations are...",https://www.algemeiner.com/2026/09/02/jewish-groups-launch-first-kind-european-center-medical-training-certification-mohels/,Algemeiner,Ailin Vilches Arguello,2026-09-02T22:05:31,2026-09-02 23:01:40.700328,https://www.algemeiner.com/?p=778927
"Nearly 80% of Canadian Jewish professors changed behavior to stay safe after Oct. 7, study suggests","“Only 14.2% reported feeling ‘somewhat’ or ‘very’ emotionally safe on campus, and 87.5% said they had experienced distress on campus post-Oct. 7,” according to the journal article.",https://www.jns.org/news/world/nearly-80-of-canadian-jewish-professors-changed-behavior-to-stay-safe-after-oct-7-study-suggests,JNS,JNS Staff,2026-09-02T21:15:14,2026-09-02 23:01:38.459942,https://www.jns.org/news/world/nearly-80-of-canadian-jewish-professors-changed-behavior-to-stay-safe-after-oct-7-study-suggests
Israel’s Pacific opportunity,In the works is another step toward more deliberate engagement with the Indo-Pacific—one based on identifying where Israeli capabilities can contribute to the priorities of other countries.,https://www.jns.org/opinion/carice-witte/israels-pacific-opportunity,JNS,Carice Witte,2026-09-02T21:30:00,2026-09-02 23:01:38.459895,https://www.jns.org/opinion/carice-witte/israels-pacific-opportunity
Apprenticeship in Mystery: Working the Infinite into the Ordinary,"We live in an age with zero patience for uncertainty. We have answers for everything, almost magically. And somehow, we still seem to know nothing about what it means to be here. The post Apprenticeship in Mystery: Working the Infinite into the Ordinary appeared first on Jewish Journal .",https://jewishjournal.com/judaism/391764/apprenticeship-in-mystery-working-the-infinite-into-the-ordinary/,Jewish Journal,Peter Himmelman,2026-09-02T22:23:51,2026-09-02 23:01:35.819411,https://jewishjournal.com/?p=391764
"I Am an American, a Jew, and a Progressive Democrat. Can I Still Be All Three?","Any Democrat seeking to lead the party in 2028 should embrace the politics of addition by subtraction and reject any movement seeking to end all aid to Israel and replace America’s constitutional order. The post I Am an American, a Jew, and a Progressive Democrat. Can I Still Be All Three? appeared first on Jewish Journal .",https://jewishjournal.com/commentary/opinion/391767/i-am-an-american-a-jew-and-a-progressive-democrat-can-i-still-be-all-three/,Jewish Journal,Ben Austin,2026-09-02T22:28:13,2026-09-02 23:01:35.819374,https://jewishjournal.com/?p=391767
Conspiracy Theories Have Never Been Good for the Jews; They Won’t Be Good for Israel,"Conspiracy theories and antisemitism do have an affinity and important features in common, including the tendency to frame accusations in such a way that refutation does not affect the accuser. Having suffered from this for centuries, do we really want it in our public life? The post Conspiracy Theories Have Never Been Good for the Jews; They Won&#8217;t Be Good for Israel appeared first on Jewish Journal .",https://jewishjournal.com/commentary/opinion/391770/conspiracy-theories-have-never-been-good-for-the-jews-they-wont-be-good-for-israel/,Jewish Journal,Shlomo Fischer,2026-09-02T22:31:30,2026-09-02 23:01:35.819330,https://jewishjournal.com/?p=391770
Israel’s Brain-Drain Debate Is Asking the Wrong Question,"If an experienced professional with rare expertise leaves Israel, the impact cannot be understood simply by adding another person to a brain-drain statistic. The more relevant question is how many people with comparable experience remain, how essential that expertise is and how easily it can be rebuilt. The post Israel’s Brain-Drain Debate Is Asking the Wrong Question appeared first on Jewish Journal .",https://jewishjournal.com/commentary/opinion/391773/israels-brain-drain-debate-is-asking-the-wrong-question/,Jewish Journal,David Adler,2026-09-02T22:36:06,2026-09-02 23:01:35.819279,https://jewishjournal.com/?p=391773
Upstate rabbi arrested in police sting,"Plus, Mamdani visits a Judaica store in Borough Park ahead of Rosh Hashanah. -- The post Upstate rabbi arrested in police sting appeared first on Jewish Telegraphic Agency .",https://www.jta.org/2026/09/02/ny/upstate-rabbi-arrested-in-police-sting,JTA,New York Jewish Week Staff,2026-09-02T22:11:21,2026-09-02 23:01:29.082852,https://www.jta.org/?p=1907399
"In a San Francisco garage, this 84-year-old keeps the art of shofar making alive","It takes an African greater kudu antelope about six years to grow its majestic spiral horns, which reach on average around 4 feet in length. It takes Maurice Kamins about [&#8230;]",https://jweekly.com/2026/09/02/in-a-san-francisco-garage-this-84-year-old-keeps-the-art-of-shofar-making-alive/,J. Weekly,Lea Loeb,2026-09-02T22:29:51,2026-09-02 23:01:24.462741,https://jweekly.com/?p=310612
"With Bennett, Lapid sinking in polls, Together officials call for merger with Eisenkot","Yesh Atid veterans have left the party as polls predict a sinking number of Knesset seats. With a week to go before the slates are finalized, some Together officials believe the competition within the bloc has completely run its course",https://www.haaretz.com/israel-news/israel-politics/2026-09-02/ty-article/.premium/with-bennett-lapid-sinking-in-polls-some-party-officials-seek-eisenkot-merger/000001a0-62bd-d3a6-a3f3-feff45e50000,Haaretz,Jonathan Lis,2026-09-02T17:59:15,2026-09-02 20:37:16.231619,https://www.haaretz.com/israel-news/israel-politics/2026-09-02/ty-article/.premium/with-bennett-lapid-sinking-in-polls-some-party-officials-seek-eisenkot-merger/000001a0-62bd-d3a6-a3f3-feff45e50000
"Rahm Emanuel and brothers to donate $550,000 to train Palestinian pediatric doctors in Israel","Rahm Emanuel and his brothers are donating $550,000 to train Palestinian pediatric doctors and nurses at a Tel Aviv hospital. Far-right Israeli lawmaker Limor Son Har-Melech has called for the program to be halted",https://www.haaretz.com/west-bank/2026-09-02/ty-article/rahm-emanuel-and-brothers-to-fund-training-of-palestinian-doctors-in-israel/000001a0-6288-d43a-affe-7fda1c4b0000,Haaretz,Haaretz,2026-09-02T17:59:52,2026-09-02 20:37:16.231588,https://www.haaretz.com/west-bank/2026-09-02/ty-article/rahm-emanuel-and-brothers-to-fund-training-of-palestinian-doctors-in-israel/000001a0-6288-d43a-affe-7fda1c4b0000
Israel halted supply of water to Gaza amid ongoing desalination crisis,"Some experts say sewage from Gaza – due to water infrastructure damaged by Israel during the war – fueled a microalgae bloom in the Mediterranean that disrupted Israeli desalination facilities, leaving nearly one million Palestinians in Gaza facing water shortages, according to UNICEF",https://www.haaretz.com/israel-news/israel-security/2026-09-02/ty-article/.premium/israel-halted-supply-of-water-to-gaza-amid-ongoing-desalination-crisis/000001a0-6319-ddc7-a7ad-f7b95ad00000,Haaretz,Nir Hasson,2026-09-02T18:17:59,2026-09-02 20:37:16.231557,https://www.haaretz.com/israel-news/israel-security/2026-09-02/ty-article/.premium/israel-halted-supply-of-water-to-gaza-amid-ongoing-desalination-crisis/000001a0-6319-ddc7-a7ad-f7b95ad00000
Settlement apologists in the Jewish community are on the wrong side of history,"Jewish officials and organizations quickly denounced the British government for considering a trade ban on Israeli settlements. Upon close examination, their arguments against this policy make little sense and contradict their own stated positions",https://www.haaretz.com/opinion/2026-09-02/ty-article-opinion/.premium/settlement-apologists-in-the-jewish-community-are-on-the-wrong-side-of-history/000001a0-6354-d43a-affe-7fd6b9f60000,Haaretz,Daniel Bral,2026-09-02T18:33:18,2026-09-02 20:37:16.231519,https://www.haaretz.com/opinion/2026-09-02/ty-article-opinion/.premium/settlement-apologists-in-the-jewish-community-are-on-the-wrong-side-of-history/000001a0-6354-d43a-affe-7fd6b9f60000
Israel's 2026 homicide toll reaches 200 as three men shot to death in Nazareth in one night,"Two of the men, both Nazareth residents in their 30s, were killed in a double homicide earlier on Wednesday. Hours later, another man, about 25, was shot dead in the city. Police officials suspect the killings are linked",https://www.haaretz.com/israel-news/israel-crime/2026-09-02/ty-article/.premium/israels-2026-homicide-toll-reaches-200-as-three-men-killed-in-nazareth/000001a0-636e-d1e9-ade0-f3ff42480000,Haaretz,Josh Breiner,2026-09-02T18:51:18,2026-09-02 20:37:16.231489,https://www.haaretz.com/israel-news/israel-crime/2026-09-02/ty-article/.premium/israels-2026-homicide-toll-reaches-200-as-three-men-killed-in-nazareth/000001a0-636e-d1e9-ade0-f3ff42480000
"Azerbaijan mediated Israel-Turkey contacts, but dialogue is fading, Israeli official says","According to the senior official, there is currently no dialogue between Israel and Turkey, which he said he views as a 'rival state'. He also confirmed that talks for a security agreement with Damascus failed due to Israel's refusal to withdraw from the buffer zone",https://www.haaretz.com/israel-news/israel-security/2026-09-02/ty-article/.premium/israeli-official-azerbaijan-mediated-talks-with-turkey-but-dialogue-is-fading/000001a0-635b-dd00-a7b4-6b7b02ed0000,Haaretz,Jonathan Lis,2026-09-02T19:04:57,2026-09-02 20:37:16.231456,https://www.haaretz.com/israel-news/israel-security/2026-09-02/ty-article/.premium/israeli-official-azerbaijan-mediated-talks-with-turkey-but-dialogue-is-fading/000001a0-635b-dd00-a7b4-6b7b02ed0000
Arab women's groups say they received new allegations against Hadash Knesset candidate,"The organizations said that they possess six direct testimonies of sexual misconduct from various periods, and they are verifying additional recently received testimonies. Farah's office: 'Recycling headlines and claims does not make them true'",https://www.haaretz.com/israel-news/israel-politics/2026-09-02/ty-article/.premium/arab-womens-groups-we-have-new-reports-of-hadash-knesset-candidates-abuse/000001a0-628c-dfa1-afbf-77cdb4910000,Haaretz,Yair Foldes,2026-09-02T19:44:27,2026-09-02 20:37:16.231416,https://www.haaretz.com/israel-news/israel-politics/2026-09-02/ty-article/.premium/arab-womens-groups-we-have-new-reports-of-hadash-knesset-candidates-abuse/000001a0-628c-dfa1-afbf-77cdb4910000
Some Jews Are Leaving Canada for the United States — Will That Make Their Lives Better?,"A trend is emerging: A wave of Jewish Canadians is either contemplating or actually moving to the United States. Rampant,...",https://www.algemeiner.com/2026/09/02/some-jews-leaving-canada-united-states-will-that-make-their-lives-better/,Algemeiner,Oren Safdie,2026-09-02T18:08:23,2026-09-02 20:37:10.975411,https://www.algemeiner.com/?p=778871
Is Being Jewish an Ethnicity or a Religion? The Jesuit View,It was just reported that the California legislature passed a bill making it the first state to recognize Jewish identity as an...,https://www.algemeiner.com/2026/09/02/is-being-jewish-ethnicity-religion-jesuit-view/,Algemeiner,Jacob Sivak,2026-09-02T18:18:30,2026-09-02 20:37:10.975381,https://www.algemeiner.com/?p=778864
ADL Affiliate JLens Unveils ‘Workplace Tracker’ to Evaluate Companies on Support for Jewish Employees,"JLens, an investment network affiliated with the Anti-Defamation League (ADL), released on Wednesday a &#8220;Workplace Tracker&#8221; for evaluating major corporations...",https://www.algemeiner.com/2026/09/02/adl-affiliate-jlens-unveils-workplace-tracker-evaluate-companies-support-jewish-employees/,Algemeiner,Dion J. Pierre,2026-09-02T19:47:15,2026-09-02 20:37:10.975352,https://www.algemeiner.com/?p=778861
"Spain’s Antisemitism Crisis Deepens as Anti-Jewish Incidents Surge 14.5%, New Report Finds","Spain&#8217;s Jewish community faced a sharply worsening social climate in 2025, as antisemitic incidents rose almost 15 percent amid mounting...",https://www.algemeiner.com/2026/09/02/spains-antisemitism-crisis-deepens-anti-jewish-incidents-surge-14-5-new-report-finds/,Algemeiner,Ailin Vilches Arguello,2026-09-02T20:23:49,2026-09-02 20:37:10.975319,https://www.algemeiner.com/?p=778912
Anti-Israel Insurgents Fall Flat in Massachusetts Democratic Primaries,"A trio of hardline anti-Israel candidates lost in Massachusetts on Tuesday night, representing a blow to the broader movement against...",https://www.algemeiner.com/2026/09/02/anti-israel-insurgents-fall-flat-massachusetts-democratic-primaries/,Algemeiner,Corey Walker,2026-09-02T20:35:19,2026-09-02 20:37:10.975283,https://www.algemeiner.com/?p=778893
Massachusetts hires anti-Zionist with alleged family ties to Hamas to teach in middle school,"Nirit Friedlander, an Israeli-American resident of the heavily Jewish suburb of Newton, said she was “shocked” by what Maryam Abu-Hassaballah wrote in her thesis.",https://www.jns.org/opinion/dexter-van-zile/massachusetts-hires-anti-zionist-with-alleged-family-ties-to-hamas-to-teach-in-middle-school,JNS,Dexter Van Zile,2026-09-02T16:30:00,2026-09-02 20:37:08.751727,https://www.jns.org/opinion/dexter-van-zile/massachusetts-hires-anti-zionist-with-alleged-family-ties-to-hamas-to-teach-in-middle-school
"Jews safer in Mississippi than Canada, says Jewish prof who left Montreal for Ole Miss","“In Canada, my right to survive has been subcontracted to the government,” Gad Saad told JNS.",https://www.jns.org/news/u-s-news/jews-safer-in-mississippi-than-canada-says-jewish-prof-who-left-montreal-for-ole-miss,JNS,Aaron Bandler,2026-09-02T18:28:40,2026-09-02 20:37:08.751685,https://www.jns.org/news/u-s-news/jews-safer-in-mississippi-than-canada-says-jewish-prof-who-left-montreal-for-ole-miss
‘Jewish values’ are not a suicide pact that empowers antisemites,"Under pressure to support El-Sayed, Michigan’s Jewish Attorney General betrayed her people by urging Jews to sacrifice their survival in favor of “the needs of the world.”",https://www.jns.org/opinion/column/jonathan-s-tobin/jewish-values-are-not-a-suicide-pact-that-empowers-antisemites,JNS,Jonathan S. Tobin,2026-09-02T19:00:00,2026-09-02 20:37:08.751655,https://www.jns.org/opinion/column/jonathan-s-tobin/jewish-values-are-not-a-suicide-pact-that-empowers-antisemites
"After Oct. 7, British publicists faced 'impossible choice' of staying quiet, invisible or being outspoken and risking Jew-hatred, study finds","""Organizational silence"" formed a ""regime of ‘truth’ that marginalized or excluded Jewish voices,"" per the article in ""Public Relations Review.""",https://www.jns.org/news/world/after-oct-7-british-publicists-faced-impossible-choice-of-staying-quiet-invisible-or-being-outspoken-and-risking-jew-hatred-study-finds,JNS,JNS Staff,2026-09-02T19:09:33,2026-09-02 20:37:08.751621,https://www.jns.org/news/world/after-oct-7-british-publicists-faced-impossible-choice-of-staying-quiet-invisible-or-being-outspoken-and-risking-jew-hatred-study-finds
"New world, two fronts","As authoritarian powers draw closer, Israel, the United States and European democracies are building a new strategic alignment.",https://www.jns.org/opinion/column/fiamma-nirenstein/new-world-two-fronts,JNS,Fiamma Nirenstein,2026-09-02T20:04:55,2026-09-02 20:37:08.751578,https://www.jns.org/opinion/column/fiamma-nirenstein/new-world-two-fronts
‘DSA is anti-USA’: Rally targets socialist group ahead of 9/11 anniversary,The family of a Sept. 11 victim and Muslim and Catholic activists are among speakers slated for a Sept. 8 “Unite against Hate Rally” outside the New York City headquarters of the Democratic Socialists of America.,https://www.jns.org/news/u-s-news/dsa-is-anti-usa-rally-targets-socialist-group-ahead-of-9-11-anniversary,JNS,Rebecca Szlechter,2026-09-02T20:06:20,2026-09-02 20:37:08.751544,https://www.jns.org/news/u-s-news/dsa-is-anti-usa-rally-targets-socialist-group-ahead-of-9-11-anniversary
A great Jewish sculptor gave a gift to America. The Trump administration is taking it away.,"By the time Joel Shapiro’s Blue showed up in my morning feed Wednesday, it had already lost its legs. Shapiro’s 24-foot aluminum figure had spent seven years kicking at the sky outside the Kennedy Center in Washington. Now workers were taking it apart. In the photograph, the legs lay on the grass; the rest hung in straps,... The post A great Jewish sculptor gave a gift to America. The Trump administration is taking it away. appeared first on The Forward .",https://forward.com/culture/848207/joel-shapiro-jewish-sculptor-blue-kennedy-center/,The Forward,Laurie Gwen Shapiro,2026-09-02T19:43:18,2026-09-02 20:37:02.059231,https://forward.com/?p=848207
How the Yiddish project took root in the U.S. after the Holocaust,"How did the YIVO Institute for Jewish Research find a new home in the United States after the Holocaust? Kalman Weiser (York University, Toronto) narrates this dramatic story in a new book, Yiddish Scholarship Comes to America. Initially, YIVO’s success wasn’t a sure thing. It was “hardly clear to YIVO’s staff and supporters in the... The post How the Yiddish project took root in the U.S. after the Holocaust appeared first on The Forward .",https://forward.com/yiddish-world/848120/yiddish-project-scholarship-u-s-holocaust-yivo-max-weinreich/,The Forward,Mikhail Krutikov,2026-09-02T20:30:29,2026-09-02 20:37:02.059169,https://forward.com/?p=848120
Why the Catholic Biblical Association elected a Jewish president,"This story was originally published in the Forward. When Amy-Jill Levine was elected president of the Catholic Biblical Association earlier this month, she faced vicious backlash. Those who opposed her [&#8230;]",https://jweekly.com/2026/09/02/she-was-elected-the-first-jewish-president-of-the-catholic-biblical-association-then-came-the-hate/,J. Weekly,Hannah Feuer and Mira Fox,2026-09-02T18:30:26,2026-09-02 20:36:55.102477,https://jweekly.com/?p=310599
What would a far-right win in Germany’s east mean for Jews?,"(JTA) — Germany’s far right is heading to a historic win in the eastern federal state of Saxony-Anhalt, with plans of overhauling society to foster national pride and reject the [&#8230;]",https://jweekly.com/2026/09/02/what-would-a-far-right-win-in-germanys-east-mean-for-jews/,J. Weekly,Shira Li Bartov,2026-09-02T18:40:22,2026-09-02 20:36:55.102440,https://jweekly.com/?p=310602
Books to help bring the fall holidays to life for children,"Books coverage is supported by a generous grant from The Milton and Sophie Meyer Fund. When I was a school teacher, parents asked me, “How can I help my child [&#8230;]",https://jweekly.com/2026/09/02/books-can-bring-high-holidays-to-life-for-children/,J. Weekly,Rahel Knight,2026-09-02T20:00:03,2026-09-02 20:36:55.102394,https://jweekly.com/?p=310586
PayPal lays off nearly a fourth of its employees in Israel,"The layoffs are part of PayPal's global plan to accelerate the use of AI in the company's operations, cutting a fifth of its workforce, with 60 to 75 employees in Israel set to be affected",https://www.haaretz.com/israel-news/tech-news/2026-09-02/ty-article/.premium/paypal-lays-off-nearly-a-fourth-of-its-employees-in-israel/000001a0-624a-df1c-abbc-f7ef60bd0000,Haaretz,Omri Zerachovitz,2026-09-02T14:52:35,2026-09-02 17:39:46.754509,https://www.haaretz.com/israel-news/tech-news/2026-09-02/ty-article/.premium/paypal-lays-off-nearly-a-fourth-of-its-employees-in-israel/000001a0-624a-df1c-abbc-f7ef60bd0000
Chief rabbi urges IDF to nix jailing of troops who refused to serve with female soldier,Israel's Chief Ashkenazi Rabbi Kalman Meir Ber asked the IDF chief and defense minister to cancel the decision to prosecute soldiers who refused to conduct operational activity in Gaza due to the presence of a female soldier,https://www.haaretz.com/israel-news/israel-security/2026-09-02/ty-article/.premium/chief-rabbi-urges-idf-to-nix-jailing-of-troop-who-refused-to-serve-with-woman/000001a0-6260-d822-a3b8-727f9d5a0000,Haaretz,Yaniv Kubovich,2026-09-02T15:04:58,2026-09-02 17:39:46.754481,https://www.haaretz.com/israel-news/israel-security/2026-09-02/ty-article/.premium/chief-rabbi-urges-idf-to-nix-jailing-of-troop-who-refused-to-serve-with-woman/000001a0-6260-d822-a3b8-727f9d5a0000
Nearly 200 Jewish figures decry 'weaponization of antisemitism' against Mark Ruffalo,"The open letter warns of an 'Orwellian world' created by Oracle co-founder Larry Ellison, connecting the Paramount-Warner deal to Israeli war crimes and 'AI-driven killing' of Palestinians in Gaza",https://www.haaretz.com/us-news/2026-09-02/ty-article/.premium/jewish-public-figures-decry-weaponization-of-antisemitism-against-mark-ruffalo/000001a0-61e7-d43a-affe-7ff7cc010000,Haaretz,Ben Kroll,2026-09-02T15:08:24,2026-09-02 17:39:46.754450,https://www.haaretz.com/us-news/2026-09-02/ty-article/.premium/jewish-public-figures-decry-weaponization-of-antisemitism-against-mark-ruffalo/000001a0-61e7-d43a-affe-7ff7cc010000
Will Israel's Teva's new celiac medication be the best thing since sliced bread?,"Israeli giant Teva announced positive results in an ongoing study of a new antibody, that protects sufferers of the disease from harm triggered by gluten",https://www.haaretz.com/science-and-health/2026-09-02/ty-article/will-israels-tevas-new-celiac-medication-be-the-best-thing-since-sliced-bread/000001a0-6293-d416-abaf-73db7f600000,Haaretz,Itay Patya,2026-09-02T15:27:34,2026-09-02 17:39:46.754423,https://www.haaretz.com/science-and-health/2026-09-02/ty-article/will-israels-tevas-new-celiac-medication-be-the-best-thing-since-sliced-bread/000001a0-6293-d416-abaf-73db7f600000
Vance doesn't know what the 'blood libel' is. Does he know what antisemitism is?,"Given the opportunity to speak directly to Republican Jews, the U.S. vice president failed to offer any evidence that he not only understands what antisemitism is, but can explain why it has no place in the conservative movement",https://www.haaretz.com/israel-news/haaretz-today/2026-09-02/ty-article/.highlight/vance-doesnt-know-what-the-blood-libel-is-does-he-know-what-antisemitism-is/000001a0-6241-d822-a3b8-725fd5a10000,Haaretz,Arno Rosenfeld,2026-09-02T15:46:59,2026-09-02 17:39:46.754396,https://www.haaretz.com/israel-news/haaretz-today/2026-09-02/ty-article/.highlight/vance-doesnt-know-what-the-blood-libel-is-does-he-know-what-antisemitism-is/000001a0-6241-d822-a3b8-725fd5a10000
"At 72, David Grossman ventures into new territory: gay desire and love","Grossman's latest work describes the wordless closeness between men and forbidden fantasies. Meanwhile: a prestigious piano competition returns to Tel Aviv, and the storied Tzavta Theater celebrates its 70th birthday",https://www.haaretz.com/life/2026-09-02/ty-article-magazine/.premium/at-72-david-grossman-ventures-into-new-territory-gay-desire-and-love/000001a0-6269-d86b-ade5-e2fda3f40000,Haaretz,Avshalom Halutz,2026-09-02T16:40:22,2026-09-02 17:39:46.754366,https://www.haaretz.com/life/2026-09-02/ty-article-magazine/.premium/at-72-david-grossman-ventures-into-new-territory-gay-desire-and-love/000001a0-6269-d86b-ade5-e2fda3f40000
Peru to sever diplomatic ties with Iran amid Latin America's pro-Israel shift,"Lima cited Tehran's 'escalation of conflicts' in the Middle East. In Israel, the Netanyahu government has made concerted efforts to improve diplomatic relations with many of the South America countries, including Peru, who have shifted rightward in recent years",https://www.haaretz.com/world-news/americas/2026-09-02/ty-article/.premium/peru-to-sever-diplomatic-ties-with-iran-amid-latin-americas-pro-israel-shift/000001a0-621d-d822-a3b8-725fa2950000,Haaretz,Ben Kroll,2026-09-02T17:22:35,2026-09-02 17:39:46.754330,https://www.haaretz.com/world-news/americas/2026-09-02/ty-article/.premium/peru-to-sever-diplomatic-ties-with-iran-amid-latin-americas-pro-israel-shift/000001a0-621d-d822-a3b8-725fa2950000
Could Jewish Democrats Actually Cost Abdul El-Sayed a Senate Seat? - Our political reporter explains why the Jewish vote matters in Michigan.,,https://jewishcurrents.org/could-jewish-democrats-actually-cost-abdul-el-sayed-a-senate-seat,Jewish Currents,"Mari Cohen,       Alex Kane,        and Josh Nathan-Kazis",2026-09-01T20:55:00,2026-09-02 17:39:44.454388,https://jewishcurrents.org/could-jewish-democrats-actually-cost-abdul-el-sayed-a-senate-seat
Jewish Persian Paralympic Gold Medalist Ezra Frech to Compete on ‘Dancing With the Stars’ Season 35,Jewish two-time Paralympic gold medalist Ezra Frech will compete in the upcoming season of &#8220;Dancing with the Stars&#8221; that will...,https://www.algemeiner.com/2026/09/02/jewish-persian-paralympic-gold-medalist-ezra-frech-compete-dancing-stars-season-35/,Algemeiner,Shiryn Ghermezian,2026-09-02T14:55:31,2026-09-02 17:39:41.949174,https://www.algemeiner.com/?p=778863
More Than 180 Jewish Figures Defend Mark Ruffalo After He’s Accused of Antisemitism,More than 180 Jewish figures in the media and entertainment industry signed an open letter on Tuesday in support of...,https://www.algemeiner.com/2026/09/02/more-than-180-jewish-figures-defend-mark-ruffalo-after-hes-accused-antisemitism/,Algemeiner,Shiryn Ghermezian,2026-09-02T16:26:28,2026-09-02 17:39:41.949144,https://www.algemeiner.com/?p=778859
"Center for Combating Antisemitism to Train Haverford College on Awareness, Recognition of ‘Hatred That Mutates’",Haverford College in Pennsylvania will institute new antisemitism prevention courses at every level of the institution to fulfill the conditions...,https://www.algemeiner.com/2026/09/02/center-combating-antisemitism-train-haverford-college-awareness-recognition-hatred-that-mutates/,Algemeiner,Dion J. Pierre,2026-09-02T16:55:03,2026-09-02 17:39:41.949116,https://www.algemeiner.com/?p=778834
The Baloch Insurgency Has Become a Huge Problem for Pakistan and Iran,Balochistan is currently experiencing one of the most severe outbreaks of violence it has endured all year. In the past...,https://www.algemeiner.com/2026/09/02/baloch-insurgency-has-become-huge-problem-pakistan-iran/,Algemeiner,Manish Rai,2026-09-02T17:17:34,2026-09-02 17:39:41.949071,https://www.algemeiner.com/?p=778876
Israel Sent Humanitarian Aid to Nepal — Why Does the Media Refuse to Report It?,"Within days of the flood that came down off the Nepal-China border, IsraAID had an emergency team moving toward Rasuwa,...",https://www.algemeiner.com/2026/09/02/israel-sent-humanitarian-aid-nepal-why-does-media-refuse-report-it/,Algemeiner,Uriel Zehavi,2026-09-02T17:26:27,2026-09-02 17:39:41.949038,https://www.algemeiner.com/?p=778866
Former aide to Bernie Sanders warns of growing Jew-hatred on the left,"Joel Rubin told JNS that he “needed to speak out, because if someone like me doesn’t speak out, who will?”",https://www.jns.org/news/u-s-news/former-aide-to-bernie-sanders-warns-of-growing-jew-hatred-on-the-left,JNS,Jonathan D. Salant,2026-09-02T13:19:15,2026-09-02 17:39:39.480959,https://www.jns.org/news/u-s-news/former-aide-to-bernie-sanders-warns-of-growing-jew-hatred-on-the-left
Judge denies ex-Georgetown employee's bid for judgment against Canary Mission,"Aneesa Johnson, who was fired for hateful social media posts about Zionists and Orthodox Jews, has seven days to explain to the judge why the Jew-hatred watchdog should not be dismissed from her lawsuit.",https://www.jns.org/news/u-s-news/judge-denies-ex-georgetown-employees-bid-for-judgment-against-canary-mission,JNS,Jessica Russak-Hoffman,2026-09-02T14:02:50,2026-09-02 17:39:39.480932,https://www.jns.org/news/u-s-news/judge-denies-ex-georgetown-employees-bid-for-judgment-against-canary-mission
The difficulty of predicting a nuclear war,We are faced with the almost insoluble question of how to avoid the unthinkable.,https://www.jns.org/opinion/louis-rene-beres/the-difficulty-of-predicting-a-nuclear-war,JNS,Louis René Beres,2026-09-02T14:30:00,2026-09-02 17:39:39.480901,https://www.jns.org/opinion/louis-rene-beres/the-difficulty-of-predicting-a-nuclear-war
"‘Being effectively pushed out of all our queer spaces,’ GOP Zionist candidate for West Hollywood City Council says","“I’m particularly running in a city that has a 48% queer population in order to make sure we don’t get pushed out,” Tanya Tsikanovsky told JNS.",https://www.jns.org/news/u-s-news/being-effectively-pushed-out-of-all-our-queer-spaces-gop-zionist-candidate-for-west-hollywood-city-council-says,JNS,Aaron Bandler,2026-09-02T15:33:50,2026-09-02 17:39:39.480876,https://www.jns.org/news/u-s-news/being-effectively-pushed-out-of-all-our-queer-spaces-gop-zionist-candidate-for-west-hollywood-city-council-says
"Jewish Michigan attorney general drew ‘wrong lesson’ from biblical Esther story when she told Jews to put politics over safety, rabbis say","“The story was one of saving the Jewish people and standing up to one of the world’s largest antisemites, who was trying to use political machinations to destroy us,” Rabbi Steven Burg of Aish told JNS.",https://www.jns.org/news/u-s-news/jewish-michigan-attorney-general-drew-wrong-lesson-from-biblical-esther-story-when-she-said-told-jews-to-put-politics-over-safety-rabbis-say,JNS,Jessica Russak-Hoffman,2026-09-02T15:35:35,2026-09-02 17:39:39.480844,https://www.jns.org/news/u-s-news/jewish-michigan-attorney-general-drew-wrong-lesson-from-biblical-esther-story-when-she-said-told-jews-to-put-politics-over-safety-rabbis-say
JCC Association names Rabbi Bill Kaplan senior VP of JCC Camps of North America,"He will lead a renewed effort to strengthen camp leadership, build connections across the field, and elevate the impact of JCC Camps.",https://www.jns.org/wire/jcc-association/jcc-association-names-rabbi-bill-kaplan-senior-vp-of-jcc-camps-of-north-america,JNS,,2026-09-02T16:30:00,2026-09-02 17:39:39.480805,https://www.jns.org/wire/jcc-association/jcc-association-names-rabbi-bill-kaplan-senior-vp-of-jcc-camps-of-north-america
Barnard pauses international student work approvals amid new federal guidance,The Columbia University undergraduate college is reviewing its Curricular Practical Training protocols after federal officials warned schools they could lose authorization to enroll international students for improperly approving work programs.,https://www.jns.org/news/u-s-news/barnard-pauses-international-student-work-approvals-amid-new-federal-guidance,JNS,,2026-09-02T16:59:47,2026-09-02 17:39:39.480773,https://www.jns.org/news/u-s-news/barnard-pauses-international-student-work-approvals-amid-new-federal-guidance
Should we trust what students tell us about Israel?,A new study shows more about what young people don’t know than what they do—or why.,https://www.jns.org/opinion/column/mitchell-bard/should-we-trust-what-students-tell-us-about-israel,JNS,Mitchell Bard,2026-09-02T17:00:00,2026-09-02 17:39:39.480724,https://www.jns.org/opinion/column/mitchell-bard/should-we-trust-what-students-tell-us-about-israel
"Brussels Airlines workers threaten strike over flights to Israel, citing ethical objections","(JTA) — A Belgian union has threatened to strike against Brussels Airlines for compelling staff to work on flights to Israel, saying that anyone with “safety or conscientious objections” should be able to refuse. ACV Puls, Belgium’s largest trade union, said on Tuesday that the company was breaking previous agreements to rely on volunteers for... The post Brussels Airlines workers threaten strike over flights to Israel, citing ethical objections appeared first on The Forward .",https://forward.com/fast-forward/848075/brussels-airlines-workers-threaten-strike-over-flights-to-israel-citing-ethical-objections/,The Forward,Shira Li Bartov,2026-09-02T13:55:29,2026-09-02 17:39:22.917062,https://forward.com/?p=848075
Emil Kalin wins Mendele Prize for Yiddish Literature 2026,"דער תּּל-אָבֿיבֿער שטאָטראַט האָט די וואָך אַנאָנסירט, אַז דער 43־אָריקער ייִדישער שרײַבער עמיל קאַלין האָט זוכה געווען צו באַקומען דעם מענדעלע-פּּריז פֿאַר ייִדישער ליטעראַטור. דעם פּרײַז טיילט די שטאָט אויס יעדע פֿיר יאָר פֿאַר בעלעטריסטיק, ליטעראַטור־קריטיק אָדער אַנדערע בײַטראָגן צו דער ייִדיש־ליטעראַטור. דעם פּריז האָט מען אים געגעבן אין שײַכות מיט זײַן לעצטן ראָמאַן, „צוזאַמענבראָך“... The post Emil Kalin wins Mendele Prize for Yiddish Literature 2026 appeared first on The Forward .",https://forward.com/yiddish/848084/emil-kalin-wins-mendele-prize-for-yiddish-literature-2026/,The Forward,פֿאָרווערטס־רעדאַקציע,2026-09-02T14:33:24,2026-09-02 17:39:22.917010,https://forward.com/?p=848084
Germany has found the culprit behind a deadly antisemitic arson fire. It still hasn’t learned its lesson.,"The only way out of the Jewish old-age home at Reichenbachstrasse 27 in Munich ran through a four-story wooden stairwell. On the evening of Feb. 13, 1970, someone soaked that stairwell with gasoline and set it on fire. It became a chimney. Flames and smoke raced upward, cutting off the residents above. Firefighters rescued many... The post Germany has found the culprit behind a deadly antisemitic arson fire. It still hasn&#8217;t learned its lesson. appeared first on The Forward .",https://forward.com/opinion/848105/german-antisemitism-arson-attack-1970-afd-neo-nazi/,The Forward,A.J. Goldmann,2026-09-02T16:42:18,2026-09-02 17:39:22.916950,https://forward.com/?p=848105
"Brussels Airlines workers threaten strike over flights to Israel, citing ethical objections","A Belgian union said that mandatory staffing was “particularly serious in the context of the ongoing war and the genocide in Gaza.” -- The post Brussels Airlines workers threaten strike over flights to Israel, citing ethical objections appeared first on Jewish Telegraphic Agency .",https://www.jta.org/2026/09/02/global/brussels-airlines-workers-threaten-strike-over-flights-to-israel-citing-ethical-objections,JTA,Shira Li Bartov,2026-09-02T13:42:31,2026-09-02 17:39:20.396076,https://www.jta.org/?p=1907355
Markey projected to win Massachusetts Democratic primary in a landslide,"The 80-year-old progressive and Israel critic is expected to roundly defeat his younger, more moderate opponent. -- The post Markey projected to win Massachusetts Democratic primary in a landslide appeared first on Jewish Telegraphic Agency .",https://www.jta.org/2026/09/02/default/markey-projected-to-win-massachusetts-democratic-primary-in-a-landslide-2,JTA,Derek Caney,2026-09-02T15:54:20,2026-09-02 17:39:20.396025,https://www.jta.org/?p=1907310
Your Daily Phil: 10 years boosting day schools; 30 years fighting Israeli poverty,The post Your Daily Phil: 10 years boosting day schools; 30 years fighting Israeli poverty appeared first on eJewishPhilanthropy .,https://ejewishphilanthropy.com/your-daily-phil-10-years-boosting-day-schools-30-years-fighting-israeli-poverty/,eJewish Philanthropy,EJP,2026-09-02T14:47:46,2026-09-02 17:39:17.620711,https://ejewishphilanthropy.com/?p=179615
"Russia secretly helping Iran develop supersonic cruise missiles, report says","Iran has supplied Russia with Shahed drones used in Ukraine, while Moscow has shared battlefield experience and intelligence with Tehran. One analyst said Iranian strike packages now 'strongly resemble' Russia's approach",https://www.haaretz.com/middle-east-news/iran/2026-09-02/ty-article/russia-secretly-helping-iran-develop-supersonic-cruise-missiles-report-says/000001a0-60de-d822-a3b8-72dffafb0000,Haaretz,Haaretz,2026-09-02T08:38:16,2026-09-02 13:18:50.041386,https://www.haaretz.com/middle-east-news/iran/2026-09-02/ty-article/russia-secretly-helping-iran-develop-supersonic-cruise-missiles-report-says/000001a0-60de-d822-a3b8-72dffafb0000
IDF dismisses commander over praying with settlers at West Bank outpost,The army said the commander violated orders requiring troops to separate settlers and Palestinians and avoid conduct that could be seen as supporting illegal activity. Other soldiers involved will not face disciplinary action,https://www.haaretz.com/israel-news/israel-security/2026-09-02/ty-article/.premium/idf-dismisses-commander-over-praying-with-settlers-at-west-bank-outpost/000001a0-6103-d8bc-a7b8-e9cfa2c80000,Haaretz,Matan Golan,2026-09-02T09:10:13,2026-09-02 13:18:50.041357,https://www.haaretz.com/israel-news/israel-security/2026-09-02/ty-article/.premium/idf-dismisses-commander-over-praying-with-settlers-at-west-bank-outpost/000001a0-6103-d8bc-a7b8-e9cfa2c80000
"Expanding the Abraham Accords is possible, but first, one man must leave",Benjamin Netanyahu's far-right government has become the main obstacle to expanding President Trump's flagship foreign policy initiative. The upcoming Israeli election could change that,https://www.haaretz.com/opinion/2026-09-02/ty-article-opinion/.premium/expanding-the-abraham-accords-is-possible-but-first-one-man-must-leave/000001a0-615e-d822-a3b8-735fab820000,Haaretz,Hamza Azhar Salam,2026-09-02T09:28:42,2026-09-02 13:18:50.041328,https://www.haaretz.com/opinion/2026-09-02/ty-article-opinion/.premium/expanding-the-abraham-accords-is-possible-but-first-one-man-must-leave/000001a0-615e-d822-a3b8-735fab820000
"Israeli tourist charged $3,000 for a 10-minute Paris cab ride. Visa wouldn't refund her",An Israeli tourist who took a taxi in Paris says she was charged 250 times the 10.5 euros shown on the payment terminal. She sued her credit card company after it refused to refund her,https://www.haaretz.com/israel-news/2026-09-02/ty-article/.premium/israeli-tourist-charged-3-000-for-paris-cab-ride-visa-wouldnt-refund-her/000001a0-5ca1-dbca-a7ea-ffeb481e0000,Haaretz,Efrat Neuman,2026-09-02T09:28:44,2026-09-02 13:18:50.041301,https://www.haaretz.com/israel-news/2026-09-02/ty-article/.premium/israeli-tourist-charged-3-000-for-paris-cab-ride-visa-wouldnt-refund-her/000001a0-5ca1-dbca-a7ea-ffeb481e0000
Israel's desalination crisis enters third day as two plants partially restart,"Households are told not to worry as Soreq Bet and Palmachim come online, but restoring the two plants in southern Israel isn't close",https://www.haaretz.com/israel-news/2026-09-02/ty-article/.premium/israels-desalination-crisis-enters-third-day-as-two-plants-partially-restart/000001a0-6138-d44f-a5b2-f7b88f1b0000,Haaretz,Idan Binyamin,2026-09-02T09:30:42,2026-09-02 13:18:50.041272,https://www.haaretz.com/israel-news/2026-09-02/ty-article/.premium/israels-desalination-crisis-enters-third-day-as-two-plants-partially-restart/000001a0-6138-d44f-a5b2-f7b88f1b0000
Israel's top judge: public officials 'sowing seeds' of violence against courts,"The Supreme Court President said public figures portray the judiciary as working against the public interest and emphasized that moderating inflammatory discourse is crucial during the current election campaign, when tensions are running high",https://www.haaretz.com/israel-news/israel-crime/2026-09-02/ty-article/.premium/israels-top-judge-warns-public-rhetoric-is-fueling-attacks-on-courts/000001a0-6147-d4a9-a1fe-7d57a41b0000,Haaretz,Chen Maanit,2026-09-02T10:31:14,2026-09-02 13:18:50.041245,https://www.haaretz.com/israel-news/israel-crime/2026-09-02/ty-article/.premium/israels-top-judge-warns-public-rhetoric-is-fueling-attacks-on-courts/000001a0-6147-d4a9-a1fe-7d57a41b0000
'Sara Netanyahu did us a favor': Will smearing October 7 hero Yair Golan backfire?,The Netanyahus are working overtime to demonize the center-left Democrats and delegitimize them alongside the Arab parties. But the latest conspiracy casts them as a sane alternative to an unhinged camp. Political consequences may follow,https://www.haaretz.com/israel-news/elections/2026-09-02/ty-article/.premium/sara-netanyahu-did-us-a-favor-will-smearing-an-october-7-hero-backfire/000001a0-614d-d43a-affe-7fdfeb5a0000,Haaretz,Ravit Hecht,2026-09-02T10:54:19,2026-09-02 13:18:50.041215,https://www.haaretz.com/israel-news/elections/2026-09-02/ty-article/.premium/sara-netanyahu-did-us-a-favor-will-smearing-an-october-7-hero-backfire/000001a0-614d-d43a-affe-7fdfeb5a0000
"U.S. senator calls Ben-Gvir 'piece of shit,' urges U.S. ban after emaciated-prisoner video","The since-deleted video by the far-right national security minister shows overweight Palestinian prisoners entering an Israeli jail and emerging emaciated and in tears, drawing accusations that it invokes concentration camp imagery",https://www.haaretz.com/israel-news/israel-politics/2026-09-02/ty-article/.premium/piece-of-shit-u-s-senator-urges-ben-gvir-ban-after-emaciated-prisoner-video/000001a0-6186-d43a-affe-7fd645d70000,Haaretz,Haaretz,2026-09-02T11:13:03,2026-09-02 13:18:50.041182,https://www.haaretz.com/israel-news/israel-politics/2026-09-02/ty-article/.premium/piece-of-shit-u-s-senator-urges-ben-gvir-ban-after-emaciated-prisoner-video/000001a0-6186-d43a-affe-7fd645d70000
Why is the decision on a security detail for Netanyahu's chief rival political?,"The decision on Shin Bet protection for Gadi Eisenkot rests with rival government ministers, who are not bound by the committee's recommendation. 'It will be difficult to explain why Netanyahu's family gets security and Eisenkot does not'",https://www.haaretz.com/israel-news/elections/2026-09-02/ty-article/.premium/why-is-the-decision-on-a-security-detail-for-netanyahus-chief-rival-political/000001a0-5ca1-dbe1-afba-dcb9ea340000,Haaretz,Jonathan Lis,2026-09-02T11:47:09,2026-09-02 13:18:50.041133,https://www.haaretz.com/israel-news/elections/2026-09-02/ty-article/.premium/why-is-the-decision-on-a-security-detail-for-netanyahus-chief-rival-political/000001a0-5ca1-dbe1-afba-dcb9ea340000
"Ahead of the elections, Israel speeds West Bank land seizures through archaeology","The Civil Administration's Staff Officer for Archaeology, once a small unit and now the recipient of vast government funding, is being used to seize land, including in Area B, and push out Palestinians",https://www.haaretz.com/israel-news/elections/2026-09-02/ty-article/.premium/ahead-of-the-election-israel-speeds-west-bank-land-seizures-through-archaeology/000001a0-6169-d44f-a5b2-f7f906460000,Haaretz,Noa Shpigel,2026-09-02T12:18:01,2026-09-02 13:18:50.041102,https://www.haaretz.com/israel-news/elections/2026-09-02/ty-article/.premium/ahead-of-the-election-israel-speeds-west-bank-land-seizures-through-archaeology/000001a0-6169-d44f-a5b2-f7f906460000
"Trump aides, fearing midterm losses, push to keep Iran war 'quiet' for now","Vice President JD Vance and Secretary of State Marco Rubio are among those pushing to ease the conflict until November, as analysts warn Trump's economic offensive will have limited impact without Chinese cooperation",https://www.haaretz.com/us-news/2026-09-02/ty-article/trump-aides-fearing-midterm-losses-push-to-keep-iran-war-quiet-for-now/000001a0-61a0-d9b7-abaf-e3f6b7850000,Haaretz,Reuters,2026-09-02T12:18:23,2026-09-02 13:18:50.041073,https://www.haaretz.com/us-news/2026-09-02/ty-article/trump-aides-fearing-midterm-losses-push-to-keep-iran-war-quiet-for-now/000001a0-61a0-d9b7-abaf-e3f6b7850000
Delinquent chic: Settlement body sues fashion brand tying it to West Bank violence,"The Settlement Division is seeking 1 million shekels from Comme il Faut over an AI-generated campaign depicting soldiers, settlers and police amid scenes of violence. Founder Sybil Goldfainer calls it 'a classic silencing lawsuit'",https://www.haaretz.com/life/2026-09-02/ty-article/.premium/delinquent-chic-settlement-body-sues-fashion-brand-tying-it-to-west-bank-violence/000001a0-60c2-dccc-adf5-78c6d8110000,Haaretz,Ofir Hovav,2026-09-02T12:24:19,2026-09-02 13:18:50.041043,https://www.haaretz.com/life/2026-09-02/ty-article/.premium/delinquent-chic-settlement-body-sues-fashion-brand-tying-it-to-west-bank-violence/000001a0-60c2-dccc-adf5-78c6d8110000
Israeli Defense Minister Katz refuses to say there was no betrayal from within on Oct. 7: 'I only comment on what I know',"Katz refused to rule out an 'internal betrayal' in Hamas' October 7 attack, days after Sara Netanyahu suggested Democrats leader Yair Golan had advance knowledge of the assault. Prime Minister Benjamin Netanyahu has denied the conspiracy claim",https://www.haaretz.com/israel-news/israel-security/2026-09-02/ty-article/israeli-defense-minister-refuses-to-say-there-was-no-betrayal-on-oct-7/000001a0-61a8-defa-a1fc-e1af284b0000,Haaretz,Haaretz,2026-09-02T12:42:14,2026-09-02 13:18:50.041011,https://www.haaretz.com/israel-news/israel-security/2026-09-02/ty-article/israeli-defense-minister-refuses-to-say-there-was-no-betrayal-on-oct-7/000001a0-61a8-defa-a1fc-e1af284b0000
The West Bank is seething. But Palestinians say an uprising is not imminent,"Israeli officials warn that a deadly settler attack could ignite the territory, but Fatah figures describe a society focused on survival rather than revolt",https://www.haaretz.com/west-bank/2026-09-02/ty-article-magazine/.premium/the-west-bank-is-seething-but-palestinians-say-an-uprising-is-not-imminent/000001a0-6114-d8bc-a7b8-e9dcd3e00000,Haaretz,Jack Khoury,2026-09-02T13:01:22,2026-09-02 13:18:50.040972,https://www.haaretz.com/west-bank/2026-09-02/ty-article-magazine/.premium/the-west-bank-is-seething-but-palestinians-say-an-uprising-is-not-imminent/000001a0-6114-d8bc-a7b8-e9dcd3e00000
Water supply to southern Israel farms restored after desalination shutdowns,Several major desalination plants resumed operations after heavy rainfall caused shutdowns due to high levels of sediment in seawater.,https://www.jns.org/news/israel-news/water-supplies-to-southern-israel-agriculture-restored-after-desalination-shutdowns,JNS,Pesach Benson/TPS-IL,2026-09-02T08:36:55,2026-09-02 13:18:43.311259,https://www.jns.org/news/israel-news/water-supplies-to-southern-israel-agriculture-restored-after-desalination-shutdowns
Israel vows 'response' to Judea and Samaria measures weighed by UK,"""Gone are the days that one can act against Israel without it responding,” said Israeli Foreign Minister Gideon Sa'ar.",https://www.jns.org/news/israel-news/israel-vows-response-to-measures-weighed-by-uk,JNS,,2026-09-02T08:41:26,2026-09-02 13:18:43.311230,https://www.jns.org/news/israel-news/israel-vows-response-to-measures-weighed-by-uk
Can economic warfare bring down Iran’s regime?,"“The Quad” is a dynamic weekly panel show hosted by Fleur Hassan-Nahoum, Israel’s innovation envoy and former deputy mayor of Jerusalem. The series brings together a powerhouse lineup of bold, insightful women to tackle the most pressing stories from Israel, the Middle East and the Jewish world. With Fleur at the helm, “The Quad” features regular co-hosts, including Shoshana Keats-Jaskel, founder of Chochmat Nashim; journalist and human-rights activist Emily Schrader and other leading voices shaping conversation and change. Through sharp analysis, diverse perspectives and unapologetic commentary, “The Quad” confronts the complex political, cultural and social challenges facing Israel and the Jewish people. Each episode cuts through noise and narrative spin to deliver insight and debate, and to empower female perspectives on issues that define our time. Bold, informed and refreshingly authentic, “The Quad” redefines how Israel and the Middle East are discussed, one conversation at a time. See more at: @JNS_TV and subscribe to our YouTube channel.",https://www.jns.org/jns-tv/the-quad/can-economic-warfare-bring-down-irans-regime,JNS,Fleur Hassan-Nahoum,2026-09-02T08:54:45,2026-09-02 13:18:43.311194,https://www.jns.org/jns-tv/the-quad/can-economic-warfare-bring-down-irans-regime
What Netanyahu has systematically accomplished for Israel and its citizens,"Over three decades, he dismantled Oslo, transformed the economy, fostered free trade, boosted high-tech, fought terrorism and built geopolitical ties, all in an effort to elevate the Jewish state.",https://www.jns.org/opinion/mendi-glik/what-netanyahu-has-systematically-accomplished-for-israel-and-its-citizens,JNS,Mendi Glik,2026-09-02T09:30:00,2026-09-02 13:18:43.311078,https://www.jns.org/opinion/mendi-glik/what-netanyahu-has-systematically-accomplished-for-israel-and-its-citizens
Kehilath Jeshurun invites all to its Musical Selichot program,"The Sept. 5 program will blend traditional chazzanut and nusach with contemporary Jewish and Israeli music, live musicians and communal song.",https://www.jns.org/wire/congregation-kehilath-jeshurun/kehilath-jeshurun-invites-all-to-its-musical-selichot-program,JNS,,2026-09-02T09:39:30,2026-09-02 13:18:43.311047,https://www.jns.org/wire/congregation-kehilath-jeshurun/kehilath-jeshurun-invites-all-to-its-musical-selichot-program
"Palestinian textbooks continue to glorify terror, promote violence, Israeli watchdog says",Lessons use “martyrs” to teach math and a slingshot aimed at Israeli soldiers to illustrate Newton’s law of gravity.,https://www.jns.org/news/israel-news/palestinian-textbooks-continue-to-glorify-terror-promote-violence-israeli-watchdog-says,JNS,David Israel/TPS-IL,2026-09-02T10:52:41,2026-09-02 13:18:43.311014,https://www.jns.org/news/israel-news/palestinian-textbooks-continue-to-glorify-terror-promote-violence-israeli-watchdog-says
Gain-of-function antisemitism,"Today, the oldest hatred is a virulent disease.",https://www.jns.org/opinion/alan-newman/gain-of-function-antisemitism,JNS,Alan Newman,2026-09-02T11:15:00,2026-09-02 13:18:43.310983,https://www.jns.org/opinion/alan-newman/gain-of-function-antisemitism
Netanyahu: Religious Zionist and Zehut parties 'demonstrated national responsibility' by uniting,"""Not a single vote in the right-wing bloc must be wasted!” said the Israeli premier.",https://www.jns.org/news/israel-news/netanyahu-religious-zionist-and-zehut-parties-demonstrated-national-responsibility-by-uniting,JNS,David Isaac,2026-09-02T12:43:03,2026-09-02 13:18:43.310953,https://www.jns.org/news/israel-news/netanyahu-religious-zionist-and-zehut-parties-demonstrated-national-responsibility-by-uniting
"Sen. Markey, a progressive critic of Israel, projected to win Massachusetts Democratic primary in a landslide","(JTA) — Massachusetts progressive Sen. Ed Markey, a sharp critic of Israel, is projected to beat the more moderate Rep. Seth Moulton by a wide margin on Tuesday, securing the Democratic nomination for the upcoming U.S. Senate race. The Associated Press called the race just a half hour after polls closed, at 8:31pm, when Markey... The post Sen. Markey, a progressive critic of Israel, projected to win Massachusetts Democratic primary in a landslide appeared first on The Forward .",https://forward.com/fast-forward/847982/sen-markey-a-progressive-critic-of-israel-projected-to-win-massachusetts-democratic-primary-in-a-landslide/,The Forward,Sharon Udasin,2026-09-02T08:29:47,2026-09-02 13:18:36.674283,https://forward.com/?p=847982
What would a far-right win in Germany’s east mean for Jews?,"(JTA) — Germany’s far right is heading to a historic win in the eastern federal state of Saxony-Anhalt, with plans of overhauling society to foster national pride and reject the country’s “guilt complex” over the Holocaust. The Alternative for Germany (AfD) party is predicted to win an election on Sept. 6. It seeks an absolute... The post What would a far-right win in Germany&#8217;s east mean for Jews? appeared first on The Forward .",https://forward.com/fast-forward/847916/what-would-a-far-right-win-in-germanys-east-mean-for-jews/,The Forward,Shira Li Bartov,2026-09-02T09:34:53,2026-09-02 13:18:36.674232,https://forward.com/?p=847916
"Spain’s prime minister blames Israel, Russia for disinformation around Ceuta border crisis","(JTA) — MADRID — Spanish Prime Minister Pedro Sánchez said on Monday that Israel and Russia spread disinformation about Spain’s migration policy after a rush of migrants arrived in Ceuta, a Spanish exclave in North Africa. Over 72,000 migrants crossed into Ceuta between July 30 and July 31, with at least 100 people dying in... The post Spain’s prime minister blames Israel, Russia for disinformation around Ceuta border crisis appeared first on The Forward .",https://forward.com/fast-forward/847910/spains-prime-minister-blames-israel-russia-for-disinformation-around-ceuta-border-crisis/,The Forward,Shira Li Bartov,2026-09-02T09:43:36,2026-09-02 13:18:36.674180,https://forward.com/?p=847910
Vance meets with Temple Israel rabbi on Michigan visit,"(JTA) — Vice President JD Vance recently met with representatives of Temple Israel in Michigan to offer “his support in the wake of the attack on our community,” clergy from the synagogue told the Jewish Telegraphic Agency. Vance’s Monday meeting with representatives of the suburban Detroit synagogue that had been attacked by a terrorist in... The post Vance meets with Temple Israel rabbi on Michigan visit appeared first on The Forward .",https://forward.com/fast-forward/847964/vance-meets-with-temple-israel-rabbi-on-michigan-visit/,The Forward,Andrew Lapin,2026-09-02T09:46:35,2026-09-02 13:18:36.674101,https://forward.com/?p=847964
‘Israel is politics’: Was a woman kicked out of a salon for supporting Israel or being Israeli-American?,"An Israeli-American woman who was denied service at a Northern Virginia eyebrow salon is now taking legal action against the business. The Brandeis Center for Human Rights Under Law is filing a civil rights complaint on behalf of Jessica Walton, who was at Karimi Brows in Alexandria, Virginia, on Aug. 6 when Fatana Karimi, the... The post ‘Israel is politics’: Was a woman kicked out of a salon for supporting Israel or being Israeli-American? appeared first on The Forward .",https://forward.com/news/848015/karimi-brows-virginia-fatana-israeli-american-brandeis-center/,The Forward,Sage Lattman,2026-09-02T11:00:48,2026-09-02 13:18:36.674050,https://forward.com/?p=848015
Haiti saved Jewish lives then. Our silence is not an option now.,"In the late 1930s, as Nazi Germany intensified its persecution of Jewish people and the warning signs of a far darker future became increasingly clear, Jewish families searched desperately for countries willing to receive them. While many nations turned their backs, Haiti did not. It issued life-saving visas and offered them safe haven. Nearly 90... The post Haiti saved Jewish lives then. Our silence is not an option now. appeared first on The Forward .",https://forward.com/opinion/848057/haiti-world-war-2-saved-jewish-lives/,The Forward,Henryka Manès,2026-09-02T13:12:13,2026-09-02 13:18:36.673987,https://forward.com/?p=848057
Prizmah CEO marks 10 years of boosting America’s Jewish day school system,"Ten years ago, when Paul Bernstein began as the founding CEO of Prizmah: Center for Jewish Day Schools, the philanthropic dollars funneled into Jewish day schools amounted to a trickle. The majority of funding came from a single donor, The Avi Chai Foundation, which was sunsetting its grantmaking in 2019. With many day schools still... Read More The post Prizmah CEO marks 10 years of boosting America’s Jewish day school system appeared first on eJewishPhilanthropy .",https://ejewishphilanthropy.com/prizmah-ceo-marks-10-years-of-boosting-americas-jewish-day-school-system/,eJewish Philanthropy,Jay Deitcher,2026-09-02T11:29:44,2026-09-02 13:18:31.788258,https://ejewishphilanthropy.com/?p=179568
"After 30 years, Latet’s founder warns persistent poverty is an ‘existential threat’ for Israel","Gilles Darmon arrived in Israel from France in 1995 with almost nothing but chutzpah. A year later he founded Latet, recruiting the poverty-fighting nonprofit’s first volunteer on the street. With an immigrants eye for those on the margins of society, Darmon set out to take on poverty in Israel. He built the organization slowly, from... Read More The post After 30 years, Latet&#8217;s founder warns persistent poverty is an ‘existential threat’ for Israel appeared first on eJewishPhilanthropy .",https://ejewishphilanthropy.com/after-30-years-latets-founder-warns-persistent-poverty-is-an-existential-threat-for-israel/,eJewish Philanthropy,Justin Hayet,2026-09-02T11:54:07,2026-09-02 13:18:31.788206,https://ejewishphilanthropy.com/?p=179569
The remake: Bringing the federation model into the 21st century,"Recent Jewish federation campaigns demonstrate that collective giving remains powerful, particularly when urgency and common purpose are clear. The 2024 annual campaigns raised roughly $1.1 billion, according to Jewish Federations of North America — an increase of 7.3% over the previous year. The following year’s campaigns saw a 15.4% increase. While episodic fundraising strength can... Read More The post The remake: Bringing the federation model into the 21st century appeared first on eJewishPhilanthropy .",https://ejewishphilanthropy.com/the-remake-bringing-the-federation-model-into-the-21st-century/,eJewish Philanthropy,Steven Windmueller,2026-09-02T12:11:15,2026-09-02 13:18:31.788129,https://ejewishphilanthropy.com/?p=179562
When all else fails: Filling a gaping hole in our communal security strategy,"As the executive director of a New York City synagogue, the assault at Central Synagogue a few weeks ago on Shabbat was a shocking, but not unexpected, nightmare-come-true. To be sure, this was a partial security success. Central Synagogues on-site security team detained the attacker within minutes. While he still managed to assault a congregant... Read More The post When all else fails: Filling a gaping hole in our communal security strategy appeared first on eJewishPhilanthropy .",https://ejewishphilanthropy.com/when-all-else-fails-filling-a-gaping-hole-in-our-communal-security-strategy/,eJewish Philanthropy,Jeffrey Cahn,2026-09-02T13:00:00,2026-09-02 13:18:31.788066,https://ejewishphilanthropy.com/?p=179595
"IDF: Hezbollah launched explosive drones at troops in southern Lebanon, prompting strikes","The IDF said it intercepted two explosive drones launched by Hezbollah at troops in southern Lebanon, before striking the group's infrastructure in Nabatieh. No injuries were reported",https://www.haaretz.com/israel-news/israel-security/2026-09-02/ty-article/idf-hezbollah-launches-explosive-drones-at-troops-in-southern-lebanon/000001a0-60e2-ddc5-adbd-e3fb3e5d0000,Haaretz,Yaniv Kubovich,2026-09-02T06:58:03,2026-09-02 08:28:27.299293,https://www.haaretz.com/israel-news/israel-security/2026-09-02/ty-article/idf-hezbollah-launches-explosive-drones-at-troops-in-southern-lebanon/000001a0-60e2-ddc5-adbd-e3fb3e5d0000
Netanyahu after wife's conspiracy claims: No 'internal betrayal' on October 7,"Netanyahu's remarks came after his wife sparked fierce backlash for casting doubt on rival Yair Golan's efforts to rescue people fleeing the Nova massacre. The PM, however, doubled down, saying 'they didn't wake me,' referring to security chiefs",https://www.haaretz.com/israel-news/israel-politics/2026-09-02/ty-article/.premium/netanyahu-after-wifes-conspiracy-claims-no-internal-betrayal-on-october-7/000001a0-60f0-d234-aff2-70f942180000,Haaretz,Bar Peleg,2026-09-02T07:25:10,2026-09-02 08:28:27.299272,https://www.haaretz.com/israel-news/israel-politics/2026-09-02/ty-article/.premium/netanyahu-after-wifes-conspiracy-claims-no-internal-betrayal-on-october-7/000001a0-60f0-d234-aff2-70f942180000
"Sometimes, the path to peace runs through victory","Today, it seems hard to fathom that Japan was an unyielding adversary of the West; it surrendered on Sept. 2, 1945, when World War II officially came to an end.",https://www.jns.org/opinion/shimon-refaeli/sometimes-the-path-to-peace-runs-through-victory,JNS,Shimon Refaeli,2026-09-02T03:30:00,2026-09-02 08:28:20.497031,https://www.jns.org/opinion/shimon-refaeli/sometimes-the-path-to-peace-runs-through-victory
Merz says Israel 'wouldn't exist' without German aid,"The assertion by the chancellor, a supporter of the Jewish State, contrasts with Jerusalem's rejection of such narratives.",https://www.jns.org/news/world/merz-says-israel-wouldnt-exist-without-german-aid,JNS,Canaan Lidor,2026-09-02T04:07:00,2026-09-02 08:28:20.497016,https://www.jns.org/news/world/merz-says-israel-wouldnt-exist-without-german-aid
"Netanyahu, Congo president agree to strengthen economic, security ties","“It is a great friendship,” the Israeli premier told the visiting African leader.",https://www.jns.org/news/israel-news/netanyahu-congo-president-agree-to-strengthen-economic-security-ties,JNS,JNS Staff,2026-09-02T05:01:02,2026-09-02 08:28:20.497001,https://www.jns.org/news/israel-news/netanyahu-congo-president-agree-to-strengthen-economic-security-ties
How the IDF clears Hezbollah’s explosive-rigged terrain in Southern Lebanon,"Military source says combat in the sector is saturated with booby traps, describes nightly procedure of observation, tank fire and drone scans before every building entry.",https://www.jns.org/analysis/how-the-idf-clears-hezbollahs-explosive-rigged-terrain-in-southern-lebanon,JNS,Yaakov Lappin,2026-09-02T05:09:41,2026-09-02 08:28:20.496986,https://www.jns.org/analysis/how-the-idf-clears-hezbollahs-explosive-rigged-terrain-in-southern-lebanon
"INS Drakon, sixth sub in Israel's fleet, sets sail from Germany","""INS Drakon, together with the three Dakar-class submarines ... will form a major part of the future of the submarine flotilla, the Israeli Navy, and the IDF,"" said Vice Adm. Eyal Harel.",https://www.jns.org/news/israel-news/ins-drakon-sixth-sub-in-israels-fleet-sets-sail-from-germany,JNS,JNS Staff,2026-09-02T05:18:41,2026-09-02 08:28:20.496969,https://www.jns.org/news/israel-news/ins-drakon-sixth-sub-in-israels-fleet-sets-sail-from-germany
Finland and the Israel paradox,Political distance versus strategic need.,https://www.jns.org/opinion/dov-maimon/finland-and-the-israel-paradox,JNS,Dov Maimon,2026-09-02T06:00:00,2026-09-02 08:28:20.496953,https://www.jns.org/opinion/dov-maimon/finland-and-the-israel-paradox
Tali Dee gets married wearing her mother’s wedding dress,The 20-year-old bride lost her mother and two sisters in a deadly Palestinian terror attack in the Jordan Valley three years ago.,https://www.jns.org/news/israel-news/tali-dee-gets-married-wearing-her-mothers-wedding-dress,JNS,Etgar Lefkovits,2026-09-02T06:01:53,2026-09-02 08:28:20.496940,https://www.jns.org/news/israel-news/tali-dee-gets-married-wearing-her-mothers-wedding-dress
Rahm Emanuel donation for Palestinian doctors triggers fury from Israeli lawmaker,"""I won’t let this happen!!!"" tweeted Knesset Member Limor Son Har-Melech.",https://www.jns.org/news/israel-news/rahm-emanuel-donation-for-palestinian-doctors-triggers-fury-from-israeli-lawmaker,JNS,David Isaac,2026-09-02T06:08:40,2026-09-02 08:28:20.496915,https://www.jns.org/news/israel-news/rahm-emanuel-donation-for-palestinian-doctors-triggers-fury-from-israeli-lawmaker
US forces hit IRGC targets across Iran,"CENTCOM said it destroyed air-defense sites, radar installations, maritime assets, communications centers and mine-laying capabilities.",https://www.jns.org/news/u-s-news/us-forces-hit-irgc-targets-across-iran,JNS,JNS Staff,2026-09-02T06:27:50,2026-09-02 08:28:20.496900,https://www.jns.org/news/u-s-news/us-forces-hit-irgc-targets-across-iran
IDF strikes Hezbollah after terror proxy launches drones at troops,Israeli Prime Minister Benjamin Netanyahu met American officials to discuss progress in the U.S.-brokered talks between Israel and Lebanon.,https://www.jns.org/news/israel-news/idf-strikes-hezbollah-after-terror-proxy-launches-drones-at-troops,JNS,,2026-09-02T07:02:22,2026-09-02 08:28:20.496885,https://www.jns.org/news/israel-news/idf-strikes-hezbollah-after-terror-proxy-launches-drones-at-troops
IAEA: Syrian site hit by Israel in 2017 ‘consistent with a nuclear reactor’,"Assad’s regime “failed to report nuclear material, facilities and activities,” according to the nuclear watchdog.",https://www.jns.org/news/israel-news/iaea-syrian-site-found-to-be-consistent-with-a-nuclear-reactor,JNS,JNS Staff,2026-09-02T08:01:21,2026-09-02 08:28:20.496867,https://www.jns.org/news/israel-news/iaea-syrian-site-found-to-be-consistent-with-a-nuclear-reactor
Israeli FM hosts Diaspora delegation to combat surging Jew-hatred,"Gideon Sa'ar met in Jerusalem with J50 Forum leaders, warning that obsessive government rhetoric is fueling attacks on worldwide communities.",https://www.jns.org/news/israel-news/israeli-fm-hosts-diaspora-delegation-to-combat-surging-jew-hatred,JNS,JNS Staff,2026-09-02T08:21:12,2026-09-02 08:28:20.496845,https://www.jns.org/news/israel-news/israeli-fm-hosts-diaspora-delegation-to-combat-surging-jew-hatred
Assassinating Reinhard Heydrich Was the Bravest Act of World War II,"Operation Anthropoid, the destruction of Lidice, and why Jan Kubiš and Jozef Gabčík belong among the greatest heroes of the Second World War The post Assassinating Reinhard Heydrich Was the Bravest Act of World War II appeared first on Jewish Journal .",https://jewishjournal.com/commentary/opinion/391737/assassinating-reinhard-heydrich-was-the-bravest-act-world-war-ii/,Jewish Journal,Rabbi Shmuley Boteach,2026-09-02T07:01:43,2026-09-02 08:28:18.076153,https://jewishjournal.com/?p=391737
Why I Write,"The column went from being about a neighborhood to being all over the map. Now, I can’t attend any event, watch any movie, read any essay, discover any story, hear any conversation, see any news item without thinking, “this might be a column.” The post Why I Write appeared first on Jewish Journal .",https://jewishjournal.com/commentary/columnist/editors-note/391741/why-i-write/,Jewish Journal,David Suissa,2026-09-02T07:06:43,2026-09-02 08:28:18.076128,https://jewishjournal.com/?p=391741
What Will Life Ask of Us This New Year?,A High Holy Day Reflection The post What Will Life Ask of Us This New Year? appeared first on Jewish Journal .,https://jewishjournal.com/judaism/391744/what-will-life-ask-of-us-this-new-year/,Jewish Journal,Rabbi Cheryl Peretz,2026-09-02T07:14:13,2026-09-02 08:28:18.076106,https://jewishjournal.com/?p=391744
Old-Guard Dems Pushing Back,"While it’s indisputable that younger and progressive voters are driving the party away from its historic support for Israel, the old-guard Zionist Democrats have made it clear that they will not surrender without a fight. The post Old-Guard Dems Pushing Back appeared first on Jewish Journal .",https://jewishjournal.com/commentary/columnist/391746/old-guard-dems-pushing-back/,Jewish Journal,Dan Schnur,2026-09-02T07:20:21,2026-09-02 08:28:18.076089,https://jewishjournal.com/?p=391746
A Summit to Remember,"Our shared stories of hatred, humiliation, oppression and slavery obligate us to show up for one another. The post A Summit to Remember appeared first on Jewish Journal .",https://jewishjournal.com/commentary/columnist/391749/a-summit-to-remember/,Jewish Journal,Rabbi Yoshi Zweiback,2026-09-02T07:27:32,2026-09-02 08:28:18.076067,https://jewishjournal.com/?p=391749
Judaism as a Covenant for the Ages,"Given the realities of our current time, we are more in need than ever of the depth, wisdom, and joy that Jewish tradition offers. The post Judaism as a Covenant for the Ages appeared first on Jewish Journal .",https://jewishjournal.com/commentary/columnist/391753/judaism-as-a-covenant-for-the-ages/,Jewish Journal,Roberta Rosenthal Kwall,2026-09-02T07:33:28,2026-09-02 08:28:18.076047,https://jewishjournal.com/?p=391753
A New Borscht Belt?,"If renewed exclusion teaches us only to become more protective of Jewish work, we will have learned the wrong lesson from the original Borscht Belt. The post A New Borscht Belt? appeared first on Jewish Journal .",https://jewishjournal.com/commentary/opinion/391756/a-new-borscht-belt/,Jewish Journal,Amitai Fraiman,2026-09-02T07:39:06,2026-09-02 08:28:18.076027,https://jewishjournal.com/?p=391756
Deuteronomy’s Directions for America,Moses’ speech was addressed to people standing on the threshold of a new chapter. The American story is similarly turning a new page. The post Deuteronomy’s Directions for America appeared first on Jewish Journal .,https://jewishjournal.com/judaism/391761/deuteronomys-directions-for-america/,Jewish Journal,Rabbi Dr. Stuart Halpern,2026-09-02T07:44:47,2026-09-02 08:28:18.076000,https://jewishjournal.com/?p=391761
The Jewish terrorists of today are the heirs of Levinger and Porat,,https://www.haaretz.com/opinion/2026-09-02/ty-article-opinion/.premium/the-jewish-terrorists-of-today-are-the-heirs-of-levinger-and-porat/000001a0-5e58-d4eb-affc-5f787b680000,Haaretz,Zvi Bar'el,2026-09-01T23:54:29,2026-09-02 03:16:10.101861,https://www.haaretz.com/opinion/2026-09-02/ty-article-opinion/.premium/the-jewish-terrorists-of-today-are-the-heirs-of-levinger-and-porat/000001a0-5e58-d4eb-affc-5f787b680000
Tzvi Succot smashed a Palestinian monument. Israel has been destroying Palestine for generations,,https://www.haaretz.com/opinion/2026-09-02/ty-article/.premium/an-mk-smashed-a-monument-israel-has-been-destroying-palestine-for-generations/000001a0-5de9-d9b7-abaf-ffffbadf0000,Haaretz,Tamer Nafar,2026-09-02T00:03:25,2026-09-02 03:16:10.101837,https://www.haaretz.com/opinion/2026-09-02/ty-article/.premium/an-mk-smashed-a-monument-israel-has-been-destroying-palestine-for-generations/000001a0-5de9-d9b7-abaf-ffffbadf0000
IDF says interceptors launched in north after drone 'likely crossed from Lebanon into Israeli territory',,https://www.haaretz.com/israel-news/israel-security/2026-09-02/ty-article-live/iran-attacks-american-base-in-jordan-after-u-s-hits-iranian-targets-in-hormuz/000001a0-5fe5-d43a-affe-5ff7ddab0000,Haaretz,Haaretz,2026-09-02T02:29:08,2026-09-02 03:16:10.101809,https://www.haaretz.com/israel-news/israel-security/2026-09-02/ty-article-live/iran-attacks-american-base-in-jordan-after-u-s-hits-iranian-targets-in-hormuz/000001a0-5fe5-d43a-affe-5ff7ddab0000
"Arrest of top official in heart of Gaza could yield vital intel, but won't end Hamas rule","The area under Hamas control is crowded, which may explain the reliance on militias and while the organization's commanders are anonymous - the group is far from collapse ▪ Meanwhile, rabbis and politicians have condemned the punishment meted out to male soldiers who harmed operational activity by refusing to sit next to a woman",https://www.haaretz.com/israel-news/israel-security/2026-09-02/ty-article/.premium/arrest-of-top-official-in-gaza-could-yield-vital-intel-but-wont-end-hamas-rule/000001a0-5e92-d4eb-affc-5fbaaeaa0000,Haaretz,Amos Harel,2026-09-02T02:58:56,2026-09-02 03:16:10.101770,https://www.haaretz.com/israel-news/israel-security/2026-09-02/ty-article/.premium/arrest-of-top-official-in-gaza-could-yield-vital-intel-but-wont-end-hamas-rule/000001a0-5e92-d4eb-affc-5fbaaeaa0000
"Queen Esther would want Jews to save humanity at their own expense, said Michigan’s attorney general. Would she?","Queen Esther has been name-checked not once, but twice in the last week by sitting politicians in New York and Michigan in addresses to Jewish constituents. The first reference passed largely without notice. The second caused a national Jewish uproar. Promising better protections for the Jews of New York, Governor Kathy Hochul said Friday night... The post Queen Esther would want Jews to save humanity at their own expense, said Michigan’s attorney general. Would she? appeared first on The Forward .",https://forward.com/news/847967/dana-nessel-queen-esther-comparison-michigan/,The Forward,Louis Keene,2026-09-02T00:33:16,2026-09-02 03:15:56.610743,https://forward.com/?p=847967
"Markey, a progressive critic of Israel, wins Massachusetts Democratic primary","'We need to end the war in Iran, and stop the bombing in Gaza,' the 80-year-old incumbent told his supporters. -- The post Markey, a progressive critic of Israel, wins Massachusetts Democratic primary appeared first on Jewish Telegraphic Agency .",https://www.jta.org/2026/09/01/politics/markey-projected-to-win-massachusetts-democratic-primary-in-a-landslide,JTA,Sharon Udasin,2026-09-02T00:45:29,2026-09-02 03:15:54.030049,https://www.jta.org/?p=1907314
"Daily Cartoon, September 2, 2026",,https://www.haaretz.com/opinion/daily-cartoon/2026-09-02/ty-article-opinion/daily-cartoon-sept/000001a0-5ef0-d4eb-affc-5ff835ff0000,Haaretz,La Familia,2026-09-01T22:01:46,2026-09-01 23:50:28.674677,https://www.haaretz.com/opinion/daily-cartoon/2026-09-02/ty-article-opinion/daily-cartoon-sept/000001a0-5ef0-d4eb-affc-5ff835ff0000
Israel's war in Gaza exposes the very human problem behind dangerous AI,"AI researchers worry about models that evade the rules and values humans set for them, but humanity has done the same for centuries – and Israel's sanitized language for killing Palestinians and destroying Gaza shows how easily moral rules can be cast aside",https://www.haaretz.com/opinion/2026-09-02/ty-article-opinion/.premium/israels-war-in-gaza-exposes-the-very-human-problem-behind-dangerous-ai/000001a0-5e37-d4eb-affc-5f3f83620000,Haaretz,Hagai El-Ad,2026-09-01T22:22:15,2026-09-01 23:50:28.674653,https://www.haaretz.com/opinion/2026-09-02/ty-article-opinion/.premium/israels-war-in-gaza-exposes-the-very-human-problem-behind-dangerous-ai/000001a0-5e37-d4eb-affc-5f3f83620000
Bringing the day: This Arab-Jewish partnership offers Israel hope,,https://www.haaretz.com/opinion/editorial/2026-09-02/ty-article-opinion/bringing-the-day-this-arab-jewish-partnership-offers-israel-hope/000001a0-5eec-d822-a3b8-5eff57060000,Haaretz,Haaretz Editorial,2026-09-01T22:39:03,2026-09-01 23:50:28.674614,https://www.haaretz.com/opinion/editorial/2026-09-02/ty-article-opinion/bringing-the-day-this-arab-jewish-partnership-offers-israel-hope/000001a0-5eec-d822-a3b8-5eff57060000
U.S. launches new strikes on Iran as Tehran hits back in widening conflict,"U.S. military says it launched new strikes on IRGC targets in Iran as Trump threatens more attacks if Tehran retaliates; Iranian media report multiple attacks, including at wedding and civilian airport",https://www.haaretz.com/middle-east-news/2026-09-02/ty-article/u-s-launches-new-strikes-on-iran-as-tehran-hits-back-in-widening-conflict/000001a0-5f34-d43a-affe-5ff6f32e0000,Haaretz,Reuters,2026-09-01T23:10:30,2026-09-01 23:50:28.674579,https://www.haaretz.com/middle-east-news/2026-09-02/ty-article/u-s-launches-new-strikes-on-iran-as-tehran-hits-back-in-widening-conflict/000001a0-5f34-d43a-affe-5ff6f32e0000
"Belgian Airline Workers Threaten Strike Over Mandatory Tel Aviv Flights, Citing Security and ‘Ethical’ Concerns",Belgian airline workers have filed a formal strike notice over Brussels Airlines’ decision to resume flights to Tel Aviv while...,https://www.algemeiner.com/2026/09/01/belgian-airline-workers-threaten-strike-over-mandatory-tel-aviv-flights-citing-security-and-ethical-concerns/,Algemeiner,Ailin Vilches Arguello,2026-09-01T22:05:43,2026-09-01 23:50:23.781982,https://www.algemeiner.com/?p=778847
"J.D. Vance Addresses Republican Jewish Coalition Amid Tense Relations With Jewish Community, Draws Mixed Reviews","As he lays the groundwork for his expected 2028 presidential campaign, Vice President J.D. Vance delivered an address at a...",https://www.algemeiner.com/2026/09/01/j-d-vance-addresses-republican-jewish-coalition-amid-tense-relations-with-jewish-community-draws-mixed-reviews/,Algemeiner,Corey Walker,2026-09-01T22:05:50,2026-09-01 23:50:23.781944,https://www.algemeiner.com/?p=778839
Iran’s Nuclear Debate Erupts Into Political Storm as Top Officials Question Cost of Enrichment,"Iran’s nuclear program has erupted into an unexpected political storm, after President Masoud Pezeshkian’s son and a key adviser openly...",https://www.algemeiner.com/2026/09/01/irans-nuclear-debate-erupts-into-political-storm-as-top-officials-question-cost-of-enrichment/,Algemeiner,Ailin Vilches Arguello,2026-09-01T22:05:59,2026-09-01 23:50:23.781893,https://www.algemeiner.com/?p=778840
"Tovah Feldshuh on Israel’s Critics, Her Career and ‘Tovah,’ a New Documentary","Feldshuh said the documentary has provided an opportunity to look back on a career she has never been particularly interested in viewing as finished. The post Tovah Feldshuh on Israel’s Critics, Her Career and ‘Tovah,’ a New Documentary appeared first on Jewish Journal .",https://jewishjournal.com/culture/arts/film/391734/tovah-feldshuh-on-israels-critics-her-career-and-tovah-a-new-documentary/,Jewish Journal,Ryan Torok,2026-09-01T22:13:24,2026-09-01 23:50:19.085421,https://jewishjournal.com/?p=391734
Vance meets with Temple Israel rabbi on Michigan visit,"Meanwhile, several of the state's Jewish leaders signed a petition pledging to vote for Democratic Senate candidate Abdul El-Sayed's GOP opponent. -- The post Vance meets with Temple Israel rabbi on Michigan visit appeared first on Jewish Telegraphic Agency .",https://www.jta.org/2026/09/01/politics/vance-meets-with-temple-israel-rabbi-on-michigan-visit,JTA,Andrew Lapin,2026-09-01T23:21:43,2026-09-01 23:50:12.303441,https://www.jta.org/?p=1907289
Jewish leader slams Bruce Blakeman for ‘Islamophobia’ after post of Hochul in a hijab,"Plus, a Kandinsky painting that was returned to Jewish heirs is being auctioned. -- The post Jewish leader slams Bruce Blakeman for &#8216;Islamophobia&#8217; after post of Hochul in a hijab appeared first on Jewish Telegraphic Agency .",https://www.jta.org/2026/09/01/ny/jewish-leader-slams-bruce-blakeman-for-islamophobia-after-post-of-hochul-in-a-hijab,JTA,New York Jewish Week Staff,2026-09-01T23:35:41,2026-09-01 23:50:12.303393,https://www.jta.org/?p=1907296
Updated: Where to buy Rosh Hashanah foods across Bay Area,"Food coverage is supported by a generous donation from Susan and Moses Libitzky. The High Holidays arrive before the start of fall this year, with Rosh Hashanah beginning at sundown [&#8230;]",https://jweekly.com/2026/09/01/where-to-buy-rosh-hashanah-foods-including-round-challah-across-bay-area/,J. Weekly,Rahel Knight,2026-09-01T21:55:36,2026-09-01 23:50:07.712167,https://jweekly.com/?p=310170
California bill to classify Jews as an ethnic group heads to Newsom,"California is on track to become the first state to classify “Jewish” as an ethnic identity for the purpose of collecting demographic data, after lawmakers gave final approval to SB [&#8230;]",https://jweekly.com/2026/09/01/california-bill-to-classify-jews-as-an-ethnic-group-heads-to-newsom/,J. Weekly,Asaf Elia-Shalev,2026-09-01T22:36:16,2026-09-01 23:50:07.712125,https://jweekly.com/?p=310578
Brad Lander dismisses New York protesters who cursed him as a 'Zionist',"Footage of protesters cursing the presumptive congressman at a Manhattan rally against Hindu nationalism went viral. 'I won't stop joining rallies against hate ... because of a couple of loud numbskulls,' Lander said",https://www.haaretz.com/us-news/2026-09-01/ty-article/.premium/brad-lander-dismisses-new-york-protesters-who-cursed-him-as-a-zionist/000001a0-5ce0-d822-a3b8-5eff73a20000,Haaretz,Ben Kroll,2026-09-01T18:15:37,2026-09-01 21:37:46.675809,https://www.haaretz.com/us-news/2026-09-01/ty-article/.premium/brad-lander-dismisses-new-york-protesters-who-cursed-him-as-a-zionist/000001a0-5ce0-d822-a3b8-5eff73a20000
"Iran fires drones and missiles in response to US strikes, Iranian semi-official media says","Explosions were heard across southern Iran's coast and in the Strait of Hormuz amid the renewed strikes, and the U.S. embassies in Jordan, Bahrain, Qatar and Israel issued security alerts, warning of 'unforeseen escalation' in the Middle East",https://www.haaretz.com/middle-east-news/iran/2026-09-01/ty-article/u-s-military-says-it-hit-iranian-targets-citing-attempted-attacks-on-its-forces/000001a0-5de0-d822-a3b8-5fff29410000,Haaretz,Haaretz,2026-09-01T18:24:08,2026-09-01 21:37:46.675780,https://www.haaretz.com/middle-east-news/iran/2026-09-01/ty-article/u-s-military-says-it-hit-iranian-targets-citing-attempted-attacks-on-its-forces/000001a0-5de0-d822-a3b8-5fff29410000
The Israelization of East Jerusalem schools is narrowing gaps – but not inequality,The shift to the Israeli curriculum can narrow gaps and open opportunities for Palestinian students. But deeper integration also exposes the contradiction of a city where hundreds of thousands live under Israeli rule without citizenship,https://www.haaretz.com/israel-news/israel-politics/2026-09-01/ty-article/.premium/israelization-of-east-jerusalem-schools-is-narrowing-gaps-but-not-inequality/000001a0-5c8a-dbca-a7ea-ffeaae8d0000,Haaretz,Nir Hasson,2026-09-01T18:42:57,2026-09-01 21:37:46.675749,https://www.haaretz.com/israel-news/israel-politics/2026-09-01/ty-article/.premium/israelization-of-east-jerusalem-schools-is-narrowing-gaps-but-not-inequality/000001a0-5c8a-dbca-a7ea-ffeaae8d0000
Petah Tikva or Petah Tiqwa? Israel allocates 250k shekels to standardize spelling,"In a bid to help confused drivers decipher road signs, a government committee will cooperate with the Academy for the Hebrew Language to unify different spellings and transliterations of all Israeli localities",https://www.haaretz.com/israel-news/2026-09-01/ty-article/.premium/petah-tikva-or-petah-tiqwa-israel-allocates-250k-shekels-to-decide/000001a0-5d14-d4eb-affc-5d3c0f5a0000,Haaretz,Jonathan Lis,2026-09-01T18:58:57,2026-09-01 21:37:46.675715,https://www.haaretz.com/israel-news/2026-09-01/ty-article/.premium/petah-tikva-or-petah-tiqwa-israel-allocates-250k-shekels-to-decide/000001a0-5d14-d4eb-affc-5d3c0f5a0000
Brussels Airlines' Israel flights face strike threat from major Belgian union,"Belgium's largest trade union threatened action against the country's flag carrier over mandatory crew assignments on its Ben-Gurion route, citing safety and ethical concerns about flying to a 'war zone'",https://www.haaretz.com/world-news/europe/2026-09-01/ty-article/.premium/brussels-airlines-israel-flights-at-risk-over-mandatory-crew-scheduling/000001a0-5e4d-d43a-affe-5fdf41fa0000,Haaretz,Ben Kroll,2026-09-01T19:05:05,2026-09-01 21:37:46.675686,https://www.haaretz.com/world-news/europe/2026-09-01/ty-article/.premium/brussels-airlines-israel-flights-at-risk-over-mandatory-crew-scheduling/000001a0-5e4d-d43a-affe-5fdf41fa0000
'Israel is playing with absolute fire': An interview with New Yorker editor David Remnick,"Longtime editor of the New Yorker David Remnick on settler violence, the possibility of an Israeli January 6, what can and can't change after Netanyahu, how parts of the American left mirror the Ben-Gvir camp and why he recommends you listen to Joe Rogen",https://www.haaretz.com/israel-news/2026-09-01/ty-article-magazine/.premium/israel-is-playing-with-fire-an-interview-with-new-yorker-editor-david-remnick/000001a0-56ae-d692-a5e3-f6fe464a0000,Haaretz,Joshua Leifer,2026-09-01T20:05:36,2026-09-01 21:37:46.675657,https://www.haaretz.com/israel-news/2026-09-01/ty-article-magazine/.premium/israel-is-playing-with-fire-an-interview-with-new-yorker-editor-david-remnick/000001a0-56ae-d692-a5e3-f6fe464a0000
"Staving off crisis, Israeli banks reach agreement to keep working with Palestinian counterparts through 2026",Bank of Israel warns that the next government must solve the long-term Palestinian banking crisis or risk financial isolation,https://www.haaretz.com/israel-news/business/economy-finance/2026-09-01/ty-article/bank-of-israel-next-government-must-solve-palestinian-banking-crisis/000001a0-5e95-d9b7-abaf-fef7abc20000,Haaretz,Reuters,2026-09-01T20:45:11,2026-09-01 21:37:46.675623,https://www.haaretz.com/israel-news/business/economy-finance/2026-09-01/ty-article/bank-of-israel-next-government-must-solve-palestinian-banking-crisis/000001a0-5e95-d9b7-abaf-fef7abc20000
"On the Lebanese border, Metula's school opens its gates after three years of war","After many of its students evacuated and studied in temporary schools elsewhere, Metula's children are returning to a town still rebuilding from the war with Hezbollah",https://www.haaretz.com/israel-news/2026-09-02/ty-article/.premium/on-the-lebanese-border-metulas-school-opens-its-gates-after-three-years-of-war/000001a0-5e29-d44f-a5b2-feb930c90000,Haaretz,Adi Hashmonai,2026-09-01T21:28:46,2026-09-01 21:37:46.675587,https://www.haaretz.com/israel-news/2026-09-02/ty-article/.premium/on-the-lebanese-border-metulas-school-opens-its-gates-after-three-years-of-war/000001a0-5e29-d44f-a5b2-feb930c90000
"Hochul, Mamdani accuse Trump admin of endangering American lives by withholding federal counterterror funding","“If you don’t release the counterterrorism funding, you’re betraying every family that lost someone on 9/11,” the New York governor said. “You’re betraying every police officer and firefighter who puts their lives on the line every single day.”",https://www.jns.org/news/u-s-news/hochul-mamdani-accuse-trump-admin-of-endangering-american-lives-by-withholding-federal-counterterror-funding,JNS,Rikki Zagelbaum,2026-09-01T19:03:59,2026-09-01 21:37:39.323770,https://www.jns.org/news/u-s-news/hochul-mamdani-accuse-trump-admin-of-endangering-american-lives-by-withholding-federal-counterterror-funding
"Justice Dept seizes $560,000 in Hamas-linked cryptocurrency","“This is a message to Hamas: We will stop your fundraising for terror,” stated Jeanine Ferris Pirro, U.S. attorney for the District of Columbia.",https://www.jns.org/news/u-s-news/justice-dept-seizes-560-000-in-hamas-linked-cryptocurrency,JNS,,2026-09-01T19:08:13,2026-09-01 21:37:39.323736,https://www.jns.org/news/u-s-news/justice-dept-seizes-560-000-in-hamas-linked-cryptocurrency
The McCarran-Walter Act and the questions it raised,The issues of subversion and the limits of the law remain as salient today as in 1952.,https://www.jns.org/opinion/jonathan-s-greenwald/the-mccarran-walter-act-and-the-questions-it-raised,JNS,Jonathan S. Greenwald,2026-09-01T19:45:00,2026-09-01 21:37:39.323705,https://www.jns.org/opinion/jonathan-s-greenwald/the-mccarran-walter-act-and-the-questions-it-raised
"House passes stopgap spending bill, averting pre-election shutdown","“Responsible governance means putting the well-being and stability of the nation first, and this legislation does just that,” stated Rep. Tom Cole, chair of the House Appropriations Committee.",https://www.jns.org/news/u-s-news/house-passes-stopgap-spending-bill-averting-pre-election-shutdown,JNS,,2026-09-01T19:55:27,2026-09-01 21:37:39.323679,https://www.jns.org/news/u-s-news/house-passes-stopgap-spending-bill-averting-pre-election-shutdown
"Mamdani talks Islamophobia, 9/11, religious names on ‘Ebro, Laura & Rosenberg Show’","“I will be there at the event as I was last year to commemorate those who were stolen from us,” the mayor said, of the upcoming Sept. 11 commemoration.",https://www.jns.org/news/u-s-news/mamdani-talks-islamophobia-9-11-religious-names-on-ebro-laura-rosenberg-show,JNS,Rebecca Szlechter,2026-09-01T20:48:56,2026-09-01 21:37:39.323644,https://www.jns.org/news/u-s-news/mamdani-talks-islamophobia-9-11-religious-names-on-ebro-laura-rosenberg-show
Bay Area coffee shop closes indefinitely amid lawsuits alleging discrimination against Jewish customers,"“These lawsuits represent the ongoing efforts of Zionist organizations and the federal government to use the courts as a tool to repress free speech and public political commitments to Palestine,” Jerusalem Coffee House in Oakland, Calif., stated.",https://www.jns.org/news/u-s-news/bay-area-coffee-shop-closes-indefinitely-amid-lawsuits-alleging-discrimination-against-jewish-customers,JNS,,2026-09-01T20:56:56,2026-09-01 21:37:39.323605,https://www.jns.org/news/u-s-news/bay-area-coffee-shop-closes-indefinitely-amid-lawsuits-alleging-discrimination-against-jewish-customers
The shrinking Jewish middle,Conservative Judaism is declining precisely when it ought to be growing.,https://www.jns.org/opinion/steve-rosenberg/the-shrinking-jewish-middle,JNS,Steve Rosenberg,2026-09-01T21:00:54,2026-09-01 21:37:39.323563,https://www.jns.org/opinion/steve-rosenberg/the-shrinking-jewish-middle
"If elected, Bruce Blakeman will protect Jews forcefully, GOP NY gubernatorial hopeful challenging Hochul tells JNS","""I wouldn't let Zohran Mamdani get away with the virulent antisemitic comments he's made,"" he said. ""I would tell him to stop and if he didn't, I would take action, which the governor has the power to do.""",https://www.jns.org/news/u-s-news/if-elected-bruce-blakeman-will-protect-jews-forcefully-gop-ny-gubernatorial-hopeful-challenging-hochul-tells-jns,JNS,Debra Nussbaum Cohen,2026-09-01T21:12:33,2026-09-01 21:37:39.323529,https://www.jns.org/news/u-s-news/if-elected-bruce-blakeman-will-protect-jews-forcefully-gop-ny-gubernatorial-hopeful-challenging-hochul-tells-jns
She was elected the first Jewish president of the Catholic Biblical Association. Then came the hate.,"When Amy-Jill Levine was elected president of the Catholic Biblical Association earlier this month, she faced vicious backlash. Those who opposed her election couldn’t exactly point to a lack of qualifications. Levine has written dozens of books on the New Testament, taught a New Testament course at the prestigious Pontifical Biblical Institute in Rome, served... The post She was elected the first Jewish president of the Catholic Biblical Association. Then came the hate. appeared first on The Forward .",https://forward.com/news/847928/catholic-biblical-association-amy-jill-levine-jewish/,The Forward,Hannah Feuer,2026-09-01T20:33:15,2026-09-01 21:37:32.680590,https://forward.com/?p=847928
"Vance courts Jewish Republicans, stays silent on Carlson","(JTA) — LAS VEGAS – Vice President JD Vance emphasized the importance of the American-Israel relationship, pinned rising antisemitism on immigration, and sidestepped a question about podcasters like Tucker Carlson, [&#8230;]",https://jweekly.com/2026/09/01/vance-courts-jewish-republicans-but-leaves-tucker-carlson-ties-unanswered/,J. Weekly,Joseph Strauss,2026-09-01T18:17:37,2026-09-01 21:37:25.401938,https://jweekly.com/?p=310568
"Events: Round challah bake, new Magnes exhibit, Ron Dermer talk","So much happens in our community every day that it can be hard to sift through all of the events. We’re highlighting a few here, in every corner of the [&#8230;]",https://jweekly.com/2026/09/01/upcoming-events-round-challah-bake-new-magnes-exhibit-ron-dermer-talk/,J. Weekly,Rahel Knight,2026-09-01T20:39:00,2026-09-01 21:37:25.401900,https://jweekly.com/?p=310571
Updated: Free or low-cost High Holiday services in the Bay Area,Welcome to our annual list of free and low-cost High Holiday services open to the public. All services listed here cost $100 or less. (Many accept donations or offer sliding [&#8230;],https://jweekly.com/2026/09/01/free-or-low-cost-rosh-hashanah-and-yom-kippur-services-around-the-bay-area/,J. Weekly,Rahel Knight,2026-09-01T21:20:29,2026-09-01 21:37:25.401855,https://jweekly.com/?p=310102
"U.K. to unveil 'comprehensive' measures against Israeli settlements in coming weeks, Miliband says","The British foreign secretary said his country would not 'acquiesce in the destruction of the two-state solution.' Israel's foreign minister, Gideon Sa'ar, said Israel was prepared to retaliate against such measures",https://www.haaretz.com/israel-news/israel-security/2026-09-01/ty-article/miliband-u-k-to-unveil-comprehensive-measures-against-israeli-settlements/000001a0-5d5d-d4eb-affc-5d7dd0990000,Haaretz,Liza Rozovsky,2026-09-01T14:48:32,2026-09-01 18:12:19.185540,https://www.haaretz.com/israel-news/israel-security/2026-09-01/ty-article/miliband-u-k-to-unveil-comprehensive-measures-against-israeli-settlements/000001a0-5d5d-d4eb-affc-5d7dd0990000
Iran says it 'will reciprocate' if U.S. honors June deal as tensions rise,"President Masoud Pezeshkian said Tehran would respond if Washington returned to its commitments under the interim agreement, as oil prices rose following renewed U.S.-Iran strikes and attacks on two tankers in the Strait of Hormuz",https://www.haaretz.com/middle-east-news/iran/2026-09-01/ty-article/iran-says-it-will-reciprocate-if-u-s-honors-june-deal-as-tensions-rise/000001a0-5cf3-d9b7-abaf-fef75f0c0000,Haaretz,Reuters,2026-09-01T16:38:20,2026-09-01 18:12:19.185510,https://www.haaretz.com/middle-east-news/iran/2026-09-01/ty-article/iran-says-it-will-reciprocate-if-u-s-honors-june-deal-as-tensions-rise/000001a0-5cf3-d9b7-abaf-fef75f0c0000
Israel establishes two settlements deep in Palestinian areas of West Bank,"Netanyahu ministers attended a groundbreaking for a new settlement in the southern West Bank, while settler leader Yossi Dagan hailed another in the north as a 'restoration of justice' and an 'absolute victory'",https://www.haaretz.com/west-bank/2026-09-01/ty-article/.premium/israel-establishes-two-settlements-deep-in-palestinian-areas-of-west-bank/000001a0-5c31-d0e6-a7f4-7fb9334a0000,Haaretz,Matan Golan,2026-09-01T16:41:52,2026-09-01 18:12:19.185480,https://www.haaretz.com/west-bank/2026-09-01/ty-article/.premium/israel-establishes-two-settlements-deep-in-palestinian-areas-of-west-bank/000001a0-5c31-d0e6-a7f4-7fb9334a0000
A Jewish cop joining an Islamist party might just save us all,"Israelis are now watching a new paradigm form, in which a cop with all the Zionist bona fides – not some peacenik leftist – can openly talk about moving forward with Arabs as partners, and translate that message into action",https://www.haaretz.com/israel-news/haaretz-today/2026-09-01/ty-article/.highlight/a-jewish-cop-joining-an-islamist-party-might-just-save-us-all/000001a0-5ccd-d4eb-affc-5dfd42090000,Haaretz,Linda Dayan,2026-09-01T16:47:19,2026-09-01 18:12:19.185450,https://www.haaretz.com/israel-news/haaretz-today/2026-09-01/ty-article/.highlight/a-jewish-cop-joining-an-islamist-party-might-just-save-us-all/000001a0-5ccd-d4eb-affc-5dfd42090000
Are Arabs turning away from the Palestinian cause? A concert incident ignites debate,A viral video of Lebanese singer Elissa tossing aside a kaffiyeh has sparked an uproar across the Arab world – and a broader debate over changing attitudes toward Palestinians,https://www.haaretz.com/middle-east-news/2026-09-01/ty-article-magazine/.premium/are-arabs-turning-away-from-the-palestinian-cause-a-concert-ignites-debate/000001a0-572d-d085-a3fd-7feff1d90000,Haaretz,Sheren Falah Saab,2026-09-01T17:04:19,2026-09-01 18:12:19.185415,https://www.haaretz.com/middle-east-news/2026-09-01/ty-article-magazine/.premium/are-arabs-turning-away-from-the-palestinian-cause-a-concert-ignites-debate/000001a0-572d-d085-a3fd-7feff1d90000
Arab-led party alliance slams United Arab List for new 'Zionist' member,"The Joint List, a political alliance of Arab-led partues accused its rival's party leader of choosing a 'Zionist' partner over cooperation with Arab parties, as some Joint List members warn the attack could hurt future coordination",https://www.haaretz.com/israel-news/elections/2026-09-01/ty-article/.premium/arab-led-party-alliance-slams-united-arab-list-for-new-zionist-member/000001a0-5d04-d163-a3a3-5f17e2b40000,Haaretz,Jack Khoury,2026-09-01T17:17:00,2026-09-01 18:12:19.185380,https://www.haaretz.com/israel-news/elections/2026-09-01/ty-article/.premium/arab-led-party-alliance-slams-united-arab-list-for-new-zionist-member/000001a0-5d04-d163-a3a3-5f17e2b40000
Smotrich allys with fringe ex-lawmaker as Netanyahu bids to consolidate his bloc,"Moshe Feiglin received the No. 2 spot on the far-right Religious Zionism slate. Ahead of the merger, the party had been hovering around the electoral threshold, with Itamar Ben-Gvir vowing to run independently",https://www.haaretz.com/israel-news/elections/2026-09-01/ty-article/.premium/smotrich-allys-with-fringe-ex-lawmaker-as-netanyahu-bids-to-consolidate-his-bloc/000001a0-5d92-d18d-afae-5d93c9a10000,Haaretz,Michael Hauser Tov,2026-09-01T17:24:56,2026-09-01 18:12:19.185349,https://www.haaretz.com/israel-news/elections/2026-09-01/ty-article/.premium/smotrich-allys-with-fringe-ex-lawmaker-as-netanyahu-bids-to-consolidate-his-bloc/000001a0-5d92-d18d-afae-5d93c9a10000
Five of Israel's six desalination plants shut as algae hits Mediterranean coast,"The shutdown has cut about 80 percent of Israel's desalinated water supply, as experts examine whether algae linked to sewage from Gaza and the Nile Delta contributed to the disruption",https://www.haaretz.com/israel-news/2026-09-01/ty-article/.premium/five-of-israels-six-desalination-plants-shut-as-algae-hits-mediterranean-coast/000001a0-5d8d-dcca-ade6-5fff0c630000,Haaretz,Zafrir Rinat,2026-09-01T17:31:50,2026-09-01 18:12:19.185318,https://www.haaretz.com/israel-news/2026-09-01/ty-article/.premium/five-of-israels-six-desalination-plants-shut-as-algae-hits-mediterranean-coast/000001a0-5d8d-dcca-ade6-5fff0c630000
Israel denies entry to Palestinian teachers in Jerusalem Christian institutions,The churches operating the schools say that entry permits for faculty were not extended 'suddenly and without prior notice.' The teachers eventually received their permits but still missed the first day of the school year,https://www.haaretz.com/israel-news/2026-09-01/ty-article/.premium/israel-denies-entry-to-palestinian-teachers-in-jerusalem-christian-schools/000001a0-5d49-dbca-a7ea-ff6b88620000,Haaretz,Nir Hasson,2026-09-01T17:38:53,2026-09-01 18:12:19.185283,https://www.haaretz.com/israel-news/2026-09-01/ty-article/.premium/israel-denies-entry-to-palestinian-teachers-in-jerusalem-christian-schools/000001a0-5d49-dbca-a7ea-ff6b88620000
"Once Again, Palestinian Authority Refuses to Condemn Terrorist Attacks Against Civilians","Last week, a 16-year-old Palestinian attempted to murder an Israeli who stopped at a Palestinian shop to make a purchase...",https://www.algemeiner.com/2026/09/01/once-again-palestinian-authority-refuses-condemn-terrorist-attacks-against-civilians/,Algemeiner,Ephraim D. Tepler and Itamar Marcus,2026-09-01T15:26:12,2026-09-01 18:12:14.442708,https://www.algemeiner.com/?p=778778
The New York Times’ Islamic Republic of Economics,"A recent New York Times column suggests that if the United States gives Iran control over the Strait of Hormuz, with...",https://www.algemeiner.com/2026/09/01/new-york-times-islamic-republic-economics/,Algemeiner,Omri Tubi,2026-09-01T15:49:38,2026-09-01 18:12:14.442680,https://www.algemeiner.com/?p=778779
To the Jewish College Freshmen — and the Mothers Watching the News,"As another class of Jewish students arrives on campus this fall, I will not pretend nothing has changed, but I...",https://www.algemeiner.com/2026/09/01/to-jewish-college-freshmen-and-mothers-watching-news/,Algemeiner,Danielle Sobkin,2026-09-01T15:53:48,2026-09-01 18:12:14.442652,https://www.algemeiner.com/?p=778767
The Iraqi Disarmament Scam: How Baghdad Launders Iran’s Proxy Empire,"As the Sept. 30 deadline for the withdrawal of US-led coalition forces from Iraq approaches, a dangerous illusion takes hold....",https://www.algemeiner.com/2026/09/01/the-iraqi-disarmament-scam-how-baghdad-launders-irans-proxy-empire/,Algemeiner,Amine Ayoub,2026-09-01T15:56:28,2026-09-01 18:12:14.442624,https://www.algemeiner.com/?p=778769
Israel Captures Head of Hamas’ Internal Security Service in Gaza Raid,"An Israeli-backed raid to detain a top Hamas terrorist in Gaza City was uncovered during the operation on Tuesday, prompting airstrikes to cover the force&#8217;s...",https://www.algemeiner.com/2026/09/01/israel-captures-head-hamas-internal-security-service-gaza-raid/,Algemeiner,Reuters and Algemeiner Staff,2026-09-01T16:08:21,2026-09-01 18:12:14.442596,https://www.algemeiner.com/?p=778819
Iran Defiant as Bessent Says US Likely to Announce Bank Sanctions This Week,"US Treasury Secretary Scott Bessent said on Tuesday that Washington was likely to announce bank sanctions against Iran this week, stepping up an attempt to &#8220;economically...",https://www.algemeiner.com/2026/09/01/iran-defiant-bessent-says-us-likely-announce-bank-sanctions-this-week/,Algemeiner,Reuters and Algemeiner Staff,2026-09-01T16:17:33,2026-09-01 18:12:14.442565,https://www.algemeiner.com/?p=778822
Deni Avdija Explains Why He Couldn’t Compete in FIBA World Cup Qualifiers for Team Israel,Israeli NBA player and Portland Trail Blazers forward Deni Avdija explained early Monday morning on Instagram why he could not...,https://www.algemeiner.com/2026/09/01/deni-avdija-explains-why-he-couldnt-compete-fiba-world-cup-qualifiers-team-israel/,Algemeiner,Shiryn Ghermezian,2026-09-01T16:48:48,2026-09-01 18:12:14.442534,https://www.algemeiner.com/?p=778706
Israeli-Ukrainian Dancer Adele Zaikman Becomes Newest Professional on ‘Dancing With the Stars’ Season 35,The premiere season of &#8220;Dancing with the Stars: The Next Pro&#8221; concluded on Monday night and Israeli-Ukrainian professional dancer Adele...,https://www.algemeiner.com/2026/09/01/israeli-ukrainian-dancer-adele-zaikman-becomes-newest-professional-dancing-stars-season-35/,Algemeiner,Shiryn Ghermezian,2026-09-01T16:52:23,2026-09-01 18:12:14.442502,https://www.algemeiner.com/?p=778797
Gal Gadot Explains Why She Wouldn’t Do a Third ‘Wonder Woman’ Movie,"Israeli actress Gal Gadot shared in a recent interview why she would not star in a third &#8220;Wonder Woman&#8221; movie,...",https://www.algemeiner.com/2026/09/01/gal-gadot-explains-why-wouldnt-do-third-wonder-woman-movie/,Algemeiner,Shiryn Ghermezian,2026-09-01T17:06:18,2026-09-01 18:12:14.442470,https://www.algemeiner.com/?p=778788
California Legislature Passes Bill to Become First US State to Recognize Jewish Identity as an Ethnicity,California&#8217;s legislature on Monday put the state on the verge of becoming the first in US history to recognize Jewish...,https://www.algemeiner.com/2026/09/01/california-legislature-passes-bill-become-first-us-state-recognize-jewish-identity-ethnicity/,Algemeiner,Dion J. Pierre,2026-09-01T17:38:58,2026-09-01 18:12:14.442434,https://www.algemeiner.com/?p=778793
32-year-old bank exec killed in Times Square stabbing reportedly just celebrated second wedding anniversary,"“We have no reason to believe this incident was an act of terrorism,” the NYPD commissioner said. “This was an extraordinarily dangerous situation unfolding in the heart of Times Square, the crossroads of the world.”",https://www.jns.org/news/u-s-news/32-year-old-bank-exec-killed-in-times-square-stabbing-reportedly-just-celebrated-second-wedding-anniversary,JNS,Rebecca Szlechter,2026-09-01T15:44:40,2026-09-01 18:12:12.145984,https://www.jns.org/news/u-s-news/32-year-old-bank-exec-killed-in-times-square-stabbing-reportedly-just-celebrated-second-wedding-anniversary
The far-left and far-right agree on the Jews,"They despise each other on almost everything, but on Israel and the Jews, they are beginning to sound disturbingly alike.",https://www.jns.org/opinion/chaskel-bennett/the-far-left-and-far-right-agree-on-the-jews,JNS,Chaskel Bennett,2026-09-01T16:00:00,2026-09-01 18:12:12.145948,https://www.jns.org/opinion/chaskel-bennett/the-far-left-and-far-right-agree-on-the-jews
"University of California system ‘figured out’ response to Jew-hatred after ‘real slowness,’ Jewish regent says","“I think they allowed it to go on too long—the protests, everything,” Jonathan (“Jay”) Sures, one of 26 regents of the public school system, told JNS.",https://www.jns.org/news/u-s-news/university-of-california-system-figured-out-response-to-jew-hatred-after-real-slowness-jewish-regent-says,JNS,Aaron Bandler,2026-09-01T16:21:28,2026-09-01 18:12:12.145912,https://www.jns.org/news/u-s-news/university-of-california-system-figured-out-response-to-jew-hatred-after-real-slowness-jewish-regent-says
Don’t reward your abuser,Can you imagine any other minority group being told that their outrage is “pretext”?,https://www.jns.org/opinion/william-choslovsky/dont-reward-your-abuser,JNS,William Choslovsky,2026-09-01T18:00:00,2026-09-01 18:12:12.145870,https://www.jns.org/opinion/william-choslovsky/dont-reward-your-abuser
Northeast Philadelphia says goodbye to its last Jewish deli,"(JTA) — PHILADELPHIA — After running the family deli for several decades, Steve Stein says his 83-year-old legs were telling him it was time to call it quits. But it wasn’t only that. The neighborhood has totally changed since his dad, Mike, first took over the business more than 60 years ago. Back then Northeast... The post Northeast Philadelphia says goodbye to its last Jewish deli appeared first on The Forward .",https://forward.com/fast-forward/847889/northeast-philadelphia-says-goodbye-to-its-last-jewish-deli/,The Forward,Jon Marks,2026-09-01T16:26:26,2026-09-01 18:12:05.716697,https://forward.com/?p=847889
Northeast Philadelphia says goodbye to its last Jewish deli,The close of Steve Stein’s Famous Deli and Restaurant marks an end of an era. -- The post Northeast Philadelphia says goodbye to its last Jewish deli appeared first on Jewish Telegraphic Agency .,https://www.jta.org/2026/09/01/united-states/northeast-philadelphia-says-goodbye-to-its-last-jewish-deli,JTA,Jon Marks,2026-09-01T14:42:04,2026-09-01 18:12:03.044368,https://www.jta.org/?p=1907243
"Spain’s prime minister blames Israel, Russia for disinformation around Ceuta border crisis","Sánchez said the governments were motivated by Spain’s criticism of ""the genocide in Gaza and Putin’s invasion of Ukraine."" -- The post Spain’s prime minister blames Israel, Russia for disinformation around Ceuta border crisis appeared first on Jewish Telegraphic Agency .",https://www.jta.org/2026/09/01/global/spains-prime-minister-blames-israel-russia-for-disinformation-around-ceuta-border-crisis,JTA,Shira Li Bartov,2026-09-01T16:52:07,2026-09-01 18:12:03.044329,https://www.jta.org/?p=1907200
What would a far-right win in Germany’s east mean for Jews?,"The Alternative for Germany party has proposed defunding ""anti-German art"" and teaching children less about the Nazi past. -- The post What would a far-right win in Germany’s east mean for Jews? appeared first on Jewish Telegraphic Agency .",https://www.jta.org/2026/09/01/global/what-would-a-far-right-win-in-germanys-east-mean-for-jews,JTA,Shira Li Bartov,2026-09-01T17:09:29,2026-09-01 18:12:03.044278,https://www.jta.org/?p=1907262
Christian lawmakers want Trump to fast-track Jewish Canadians,"This story was originally published in the Forward. Eitan Israelov, 34, was noshing on bagels and coffee at a co-working space in downtown Tulsa when he met the city’s mayor, [&#8230;]",https://jweekly.com/2026/09/01/christian-lawmakers-want-trump-to-fast-track-jewish-canadians-to-the-u-s-tulsa-says-its-ready/,J. Weekly,Benyamin Cohen,2026-09-01T17:58:19,2026-09-01 18:11:58.172189,https://jweekly.com/?p=310561
There's no point warning Israel's pyromaniac government about the West Bank blaze,,https://www.haaretz.com/opinion/editorial/2026-09-01/ty-article-opinion/theres-no-point-warning-israels-pyromaniac-govt-about-the-west-bank-blaze/000001a0-594d-dd12-afac-d97f1a070000,Haaretz,Haaretz Editorial,2026-08-31T21:26:19,2026-09-01 14:34:48.996347,https://www.haaretz.com/opinion/editorial/2026-09-01/ty-article-opinion/theres-no-point-warning-israels-pyromaniac-govt-about-the-west-bank-blaze/000001a0-594d-dd12-afac-d97f1a070000
JD Vance seeks to assuage Republican Jews worried about his views toward Israel,"Speaking to the Republican Jewish Coalition, the vice president said he would repair the damage from a series of inflammatory remarks about Israel in recent months: 'You will very much always be on the team so long as I have any say in it'",https://www.haaretz.com/us-news/2026-09-01/ty-article/.premium/jd-vance-seeks-to-assuage-republican-jews-worried-about-his-views-toward-israel/000001a0-5c15-d64c-a9a3-7c1f15780000,Haaretz,Arno Rosenfeld,2026-09-01T09:16:35,2026-09-01 14:34:48.996303,https://www.haaretz.com/us-news/2026-09-01/ty-article/.premium/jd-vance-seeks-to-assuage-republican-jews-worried-about-his-views-toward-israel/000001a0-5c15-d64c-a9a3-7c1f15780000
From Kadesh to Troy: What ancient wars can teach Israelis about war and peace,"Opened days before this year's war with Iran, the Bible Lands Museum's journey through ancient battles asks a question Israel keeps failing to answer: when exactly is 'as soon as the war is over'?",https://www.haaretz.com/life/2026-09-01/ty-article-magazine/.premium/from-kadesh-to-troy-what-ancient-wars-can-teach-israelis-about-war-and-peace/000001a0-574d-d822-a3b8-575fa3e60000,Haaretz,Moshe Gilad,2026-09-01T10:12:36,2026-09-01 14:34:48.996277,https://www.haaretz.com/life/2026-09-01/ty-article-magazine/.premium/from-kadesh-to-troy-what-ancient-wars-can-teach-israelis-about-war-and-peace/000001a0-574d-d822-a3b8-575fa3e60000
Yair Golan to sue Sara Netanyahu for hinting at conspiracy he knew about October 7 on pro-PM channel,The Democrats leader threatened to sue the prime minister's wife for 2.5 million shekels unless she retracts claims suggesting he knew in advance of Hamas' attack,https://www.haaretz.com/israel-news/israel-politics/2026-09-01/ty-article/.premium/yair-golan-to-sue-sara-netanyahu-for-touting-conspiracy-he-knew-about-october-7/000001a0-5c45-d64c-a9a3-7c4f37f50000,Haaretz,Noa Shpigel,2026-09-01T10:35:46,2026-09-01 14:34:48.996256,https://www.haaretz.com/israel-news/israel-politics/2026-09-01/ty-article/.premium/yair-golan-to-sue-sara-netanyahu-for-touting-conspiracy-he-knew-about-october-7/000001a0-5c45-d64c-a9a3-7c4f37f50000
Diaspora Jews must understand: Israelis are living in a bubble of denial,"Most Israelis simply don't see what we, Jews in the diaspora, see every day. The result is a growing disconnect between Jews inside and outside the country ahead of the October 27 election",https://www.haaretz.com/opinion/2026-09-01/ty-article-opinion/.premium/diaspora-jews-must-understand-israelis-are-living-in-a-bubble-of-denial/000001a0-5c8b-d64c-a9a3-7c8fa4670000,Haaretz,Corinne Mellul,2026-09-01T10:56:05,2026-09-01 14:34:48.996235,https://www.haaretz.com/opinion/2026-09-01/ty-article-opinion/.premium/diaspora-jews-must-understand-israelis-are-living-in-a-bubble-of-denial/000001a0-5c8b-d64c-a9a3-7c8fa4670000
"Committee recommends security detail for Eisenkot, decision up to Netanyahu",The decision will now go to a ministerial committee headed by Prime Minister Benjamin Netanyahu that will decide whether Yashar leader Eisenkot will receive a Shin Bet protection detail. Democrats party leader Yair Golan will not receive a security detail,https://www.haaretz.com/israel-news/israel-politics/2026-09-01/ty-article/.premium/committee-recommends-security-detail-for-eisenkot-decision-up-to-netanyahu/000001a0-57c4-d871-afff-ffddca510000,Haaretz,Jonathan Lis,2026-09-01T11:54:07,2026-09-01 14:34:48.996213,https://www.haaretz.com/israel-news/israel-politics/2026-09-01/ty-article/.premium/committee-recommends-security-detail-for-eisenkot-decision-up-to-netanyahu/000001a0-57c4-d871-afff-ffddca510000
'We're running on fumes': Can Israel keep bankrolling an endless war?,"Rising tax revenues, a surging stock market and booming AI and defense industries kept Israel's economy stable through its longest and costliest war. But with debt soaring and growth weak, its economic buffers are wearing thin",https://www.haaretz.com/israel-news/2026-09-01/ty-article-magazine/.premium/were-running-on-fumes-can-israel-keep-bankrolling-an-endless-war/000001a0-5c3f-d64c-a9a3-7c3f00ef0000,Haaretz,Sami Peretz,2026-09-01T12:21:54,2026-09-01 14:34:48.996190,https://www.haaretz.com/israel-news/2026-09-01/ty-article-magazine/.premium/were-running-on-fumes-can-israel-keep-bankrolling-an-endless-war/000001a0-5c3f-d64c-a9a3-7c3f00ef0000
Israeli officials fear a naval blockade – and a depleted Navy may not withstand it,"A naval blockade of Israel was not considered a tangible threat until before the war in Gaza. Amid the rising tensions with Turkey, which has one of the strongest fleets in the region, the IDF now believes such a scenario may come about",https://www.haaretz.com/israel-news/israel-security/2026-09-01/ty-article/.premium/israel-fears-a-naval-blockade-and-a-depleted-navy-may-not-withstand-it/000001a0-5c1c-d64c-a9a3-7c1ec7390000,Haaretz,Yaniv Kubovich,2026-09-01T12:23:05,2026-09-01 14:34:48.996167,https://www.haaretz.com/israel-news/israel-security/2026-09-01/ty-article/.premium/israel-fears-a-naval-blockade-and-a-depleted-navy-may-not-withstand-it/000001a0-5c1c-d64c-a9a3-7c1ec7390000
"Knesset slates mess: These are the big questions still baffling Netanyahu, Eisenkot blocs","Frontrunner Gadi Eisenkot's bloc is taking heart from the infighting consuming Netanyahu's camp, where rivalries could squander votes and thwart efforts to forge alliances. Mewnwhile, key figures such as Minister Ben-Gvir resist mergers while holding out for last-minute concessions",https://www.haaretz.com/israel-news/elections/2026-09-01/ty-article-magazine/.premium/knesset-slates-mess-these-are-the-questions-baffling-netanyahu-eisenkot-blocs/000001a0-5c29-d8bc-a7b8-fced8e340000,Haaretz,Michael Hauser Tov,2026-09-01T12:53:42,2026-09-01 14:34:48.996137,https://www.haaretz.com/israel-news/elections/2026-09-01/ty-article-magazine/.premium/knesset-slates-mess-these-are-the-questions-baffling-netanyahu-eisenkot-blocs/000001a0-5c29-d8bc-a7b8-fced8e340000
IDF chief of staff's wife is a director at Tomer Food. Its largest client is the Defense Ministry,"Orna Zamir, wife of IDF Chief of Staff Eyal Zamir, joined the board of the small importer in May; her husband has yet to sign a conflict-of-interest arrangement covering the company, whose shares were recently suspended over accounting concerns",https://www.haaretz.com/israel-news/2026-09-01/ty-article-magazine/.premium/the-idf-chief-of-staffs-wife-is-a-director-at-a-top-defense-ministry-supplier/000001a0-5c9c-d822-a3b8-5edfc3e40000,Haaretz,Omer Tamari Leon,2026-09-01T13:18:57,2026-09-01 14:34:48.996112,https://www.haaretz.com/israel-news/2026-09-01/ty-article-magazine/.premium/the-idf-chief-of-staffs-wife-is-a-director-at-a-top-defense-ministry-supplier/000001a0-5c9c-d822-a3b8-5edfc3e40000
12 Israeli prison guards charged in 2023 death of Palestinian security prisoner,"Prosecutors say the guards punched, kicked and beat Tair Abu Asab and eight other prisoners with batons after their shift commander told them to enter the cell to 'show the prisoners there is no cease-fire'",https://www.haaretz.com/israel-news/israel-security/2026-09-01/ty-article/.premium/12-israeli-prison-guards-charged-over-death-of-palestinian-security-prisoner/000001a0-5d22-d46a-a9ff-7fbf302d0000,Haaretz,Josh Breiner,2026-09-01T14:07:00,2026-09-01 14:34:48.996081,https://www.haaretz.com/israel-news/israel-security/2026-09-01/ty-article/.premium/12-israeli-prison-guards-charged-over-death-of-palestinian-security-prisoner/000001a0-5d22-d46a-a9ff-7fbf302d0000
Jewish group opens circumcision training program in Brussels,"The new program teaches mohels medical and sanitary techniques, amid a crackdown in Belgium on the Jewish ritual.",https://www.jns.org/news/world/jewish-group-opens-circumcision-training-program-in-brussels,JNS,Canaan Lidor,2026-09-01T09:15:32,2026-09-01 14:34:41.719128,https://www.jns.org/news/world/jewish-group-opens-circumcision-training-program-in-brussels
"Beyond 1979: Tehran, Jerusalem and the battle for a New Middle East",A post-Islamic Republic Iran could remain powerful while behaving very differently.,https://www.jns.org/opinion/elkham-sataki/beyond-1979-tehran-jerusalem-and-the-battle-for-a-new-middle-east,JNS,Elkham Sataki,2026-09-01T10:00:00,2026-09-01 14:34:41.719109,https://www.jns.org/opinion/elkham-sataki/beyond-1979-tehran-jerusalem-and-the-battle-for-a-new-middle-east
Durban at 25: Seeds of hate,"A look back at the infamous U.N. conference on racism, anti-Zionism and antisemitism and what it means for antisemitism today.",https://www.jns.org/jns-tv/durban-at-25-seeds-of-hate-a-u-n-racism-conference-anti-zionism-and-antisemitism,JNS,,2026-09-01T10:57:32,2026-09-01 14:34:41.719090,https://www.jns.org/jns-tv/durban-at-25-seeds-of-hate-a-u-n-racism-conference-anti-zionism-and-antisemitism
Katz: Top Hamas terrorist captured in Gaza,Local Palestinian reports said that a local Gazan militia backed by Israel apprehended the individual while coming under fire.,https://www.jns.org/news/israel-news/katz-top-hamas-terrorist-captured-in-gaza,JNS,JNS Staff,2026-09-01T12:04:45,2026-09-01 14:34:41.719070,https://www.jns.org/news/israel-news/katz-top-hamas-terrorist-captured-in-gaza
Hundreds remember victims of Manchester synagogue attack,A rabbi who fought off the jihadist on Yom Kippur 2025 said the community felt safer right after the attack than it does now.,https://www.jns.org/news/world/hundreds-remember-victims-of-manchester-synagogue-attack,JNS,JNS Staff,2026-09-01T12:36:14,2026-09-01 14:34:41.719051,https://www.jns.org/news/world/hundreds-remember-victims-of-manchester-synagogue-attack
"EXCLUSIVE: After Jerusalem Press Club closes, former CEO plans to launch press hub in Tel Aviv on Israeli Election Day","“It’s not about improving Israel’s image. It’s not about fighting back the media war,” Talia Dekel-Fleissig told JNS. “It’s about making sure that the public understands what’s actually going on.”",https://www.jns.org/news/israel-news/exclusive-after-jerusalem-press-club-closes-its-former-ceo-plans-to-launch-new-press-hub-in-tel-aviv-on-israeli-election-day,JNS,Jessica Russak-Hoffman,2026-09-01T12:54:49,2026-09-01 14:34:41.719030,https://www.jns.org/news/israel-news/exclusive-after-jerusalem-press-club-closes-its-former-ceo-plans-to-launch-new-press-hub-in-tel-aviv-on-israeli-election-day
Yael Foundation backs parent-led revival of Jewish school in Brazil,"“This is far more than the rescue of one school. It is the protection of a Jewish community’s future,” said CEO Chaya Yosovich.",https://www.jns.org/wire/Yael-Foundation/yael-foundation-backs-parent-led-revival-of-jewish-school-in-brazil,JNS,,2026-09-01T13:00:00,2026-09-01 14:34:41.719003,https://www.jns.org/wire/Yael-Foundation/yael-foundation-backs-parent-led-revival-of-jewish-school-in-brazil
The dire drive for the Diaspora,"A minority of visible and audible people insist not only on distancing themselves from any identification with Zionism, but on denouncing and disavowing the very idea of a Jewish state.",https://www.jns.org/opinion/column/yisrael-medad/the-dire-drive-for-the-diaspora,JNS,Yisrael Medad,2026-09-01T13:15:00,2026-09-01 14:34:41.718963,https://www.jns.org/opinion/column/yisrael-medad/the-dire-drive-for-the-diaspora
Christian lawmakers want Trump to fast-track Jewish Canadians to the U.S. Tulsa says it’s ready.,"Eitan Israelov, 34, was noshing on bagels and coffee at a co-working space in downtown Tulsa when he met the city’s mayor, Monroe Nichols. Israelov and his family — wife, Nicole, 31, and their two children, Liam, 10, and Melody, 8 — were among nearly 50 Canadian Jews who traveled to Oklahoma in February, part... The post Christian lawmakers want Trump to fast-track Jewish Canadians to the U.S. Tulsa says it&#8217;s ready. appeared first on The Forward .",https://forward.com/news/847721/jewish-canadians-tulsa-immigration-trump-antisemitism/,The Forward,Benyamin Cohen,2026-09-01T08:40:54,2026-09-01 14:34:34.380395,https://forward.com/?p=847721
"Vance courts Jewish Republicans, but leaves Tucker Carlson ties unanswered","(JTA) — LAS VEGAS – Vice President JD Vance emphasized the importance of the American-Israel relationship, pinned rising antisemitism on immigration, and sidestepped a question about podcasters like Tucker Carlson, during a highly-anticipated, closed-doors appearance at the Republican Jewish Coalition’s annual summit on Monday. Vance’s appearance came at a moment when a number of Jewish... The post Vance courts Jewish Republicans, but leaves Tucker Carlson ties unanswered appeared first on The Forward .",https://forward.com/fast-forward/847811/vance-courts-jewish-republicans-but-leaves-tucker-carlson-ties-unanswered/,The Forward,Joseph Strauss,2026-09-01T09:38:54,2026-09-01 14:34:34.380354,https://forward.com/?p=847811
Dara Horn’s bitter syllabus for solving antisemitism,"The Final Solution to the Jewish Question: A Love Story for the Living By Dara Horn Simon &#38; Schuster, 384 pages, $30 A few days after I started reading Dara Horn’s new book, I was called a “kike” for the first time to my face. It was a sunny afternoon and I was wearing my... The post Dara Horn’s bitter syllabus for solving antisemitism appeared first on The Forward .",https://forward.com/culture/books/847643/the-final-solution-jewish-question-dara-horn-review/,The Forward,PJ Grisar,2026-09-01T10:00:29,2026-09-01 14:34:34.380319,https://forward.com/?p=847643
‘Jews.com’ is posted on billboards across NYC — meet the Messianic Jewish preacher putting them up,"Billboards have been popping up around New York City, with a simple, if cryptic, message: Jews.com. There are several across from the Barclay’s Center in downtown Brooklyn. There’s one on the Upper East Side. Another looms over a highway. If you visit the site, however, you won’t find information about Judaism, at least not as... The post &#8216;Jews.com&#8217; is posted on billboards across NYC — meet the Messianic Jewish preacher putting them up appeared first on The Forward .",https://forward.com/culture/847751/billboard-messianic-jewish-christian-conversion-kirt-schneider/,The Forward,Mira Fox,2026-09-01T10:00:55,2026-09-01 14:34:34.380287,https://forward.com/?p=847751
"Massachusetts progressive Markey, a longtime Israel critic, expected to rout centrist challenger","(JTA) — Massachusetts incumbent and Israel critic Sen. Ed Markey, 80, is expected to handily fend off the more moderate 47-year-old Rep. Seth Moulton on Tuesday, in the state’s Democratic Senate primary. Although polls project that Markey, a progressive stalwart, will retain his seat, this race began as a neck-and-neck battle between the old and... The post Massachusetts progressive Markey, a longtime Israel critic, expected to rout centrist challenger appeared first on The Forward .",https://forward.com/fast-forward/847820/massachusetts-progressive-markey-a-longtime-israel-critic-expected-to-rout-centrist-challenger/,The Forward,Sharon Udasin,2026-09-01T10:18:51,2026-09-01 14:34:34.380249,https://forward.com/?p=847820
"California lawmakers pass bills to address antisemitism, deem ‘Jewish’ an ethnicity, and protect religious observance","(JTA) — California is poised to become the first state to deem “Jewish” an ethnic and racial identity, after lawmakers gave final approval to the groundbreaking legislation on Monday. The SB 1387 bill, which would expand the definition of ethnicity “to include Jewish identity” in demographic data collection, will now head to the governor’s desk.... The post California lawmakers pass bills to address antisemitism, deem &#8216;Jewish&#8217; an ethnicity, and protect religious observance appeared first on The Forward .",https://forward.com/fast-forward/847829/california-lawmakers-pass-bills-to-address-antisemitism-deem-jewish-an-ethnicity-and-protect-religious-observance/,The Forward,Sharon Udasin,2026-09-01T10:57:44,2026-09-01 14:34:34.380211,https://forward.com/?p=847829
"For graphic novelist Joann Sfar, drawing after Oct. 7 was a way to put stones on Jewish graves","For many Jews, the morning of Oct. 7 remains seared into memory. In Joann Sfar’s case, it was also the day of his birthday party, which included “as many Muslims as Jews,” he told me. Amidst tragedy, Sfar felt a profound gratitude for life, which seemed especially precious. It was a day of fear and... The post For graphic novelist Joann Sfar, drawing after Oct. 7 was a way to put stones on Jewish graves appeared first on The Forward .",https://forward.com/culture/books/840947/graphic-novelist-october-7-to-life-joann-sfar/,The Forward,Sarah Diaz,2026-09-01T13:00:18,2026-09-01 14:34:34.380164,https://forward.com/?p=840947
"Vance courts Jewish Republicans, but leaves Tucker Carlson ties unanswered","One RJC leader called it a “progress day for JD Vance and the Jewish community.” -- The post Vance courts Jewish Republicans, but leaves Tucker Carlson ties unanswered appeared first on Jewish Telegraphic Agency .",https://www.jta.org/2026/09/01/politics/vance-courts-jewish-republicans-but-leaves-tucker-carlson-ties-unanswered,JTA,Joseph Strauss,2026-09-01T09:16:57,2026-09-01 14:34:31.597561,https://www.jta.org/?p=1907203
"Massachusetts progressive Markey, a longtime Israel critic, expected to rout centrist challenger","The Democratic senate primary pits an 80-year-old incumbent against a politician 33 years his junior. -- The post Massachusetts progressive Markey, a longtime Israel critic, expected to rout centrist challenger appeared first on Jewish Telegraphic Agency .",https://www.jta.org/2026/09/01/politics/massachusetts-progressive-markey-a-longtime-israel-critic-expected-to-rout-centrist-challenger,JTA,Sharon Udasin,2026-09-01T10:12:40,2026-09-01 14:34:31.597533,https://www.jta.org/?p=1907216
"California lawmakers pass bills to address antisemitism, deem ‘Jewish’ an ethnicity and protect religious observance","Gov. Gavin Newsom, a Democrat, has until Sept. 30 to sign bills into laws or veto them. -- The post California lawmakers pass bills to address antisemitism, deem ‘Jewish’ an ethnicity and protect religious observance appeared first on Jewish Telegraphic Agency .",https://www.jta.org/2026/09/01/politics/california-lawmakers-pass-bills-to-address-antisemitism-deem-jewish-an-ethnicity-and-protect-religious-observance,JTA,Sharon Udasin,2026-09-01T10:52:30,2026-09-01 14:34:31.597502,https://www.jta.org/?p=1907223
The Forward names Julie Moos as new editor,"A version of this piece first ran as part of the New York Jewish Week’s daily newsletter, rounding up the... -- The post The Forward names Julie Moos as new editor appeared first on Jewish Telegraphic Agency .",https://www.jta.org/2026/09/01/ny/the-forward-names-julie-moos-as-new-editor,JTA,New York Jewish Week Staff,2026-09-01T13:10:34,2026-09-01 14:34:31.597464,https://www.jta.org/?p=1907224
"Excitement, anxiety as Israeli kids head back to school","Millions of Israeli parents breathed a collective sigh of relief this morning: School is back in session. While in the United States, different states, counties and districts start their school year on different dates, in Israel (and most of the rest of the world), all children return to school on Sept. 1 —the one exception... Read More The post Excitement, anxiety as Israeli kids head back to school appeared first on eJewishPhilanthropy .",https://ejewishphilanthropy.com/excitement-anxiety-as-israeli-kids-head-back-to-school/,eJewish Philanthropy,Judah Ari Gross,2026-09-01T12:04:31,2026-09-01 14:34:29.083347,https://ejewishphilanthropy.com/?p=179530
An Israeli nonprofit sent a cold email to a bank’s general inbox. It responded with $1.7 million.,"It started with a cold email to a general inbox for Israel’s largest bank — a shot in the philanthropic dark. But it worked. Some six months after Nir Amitay clicked “send” on his email requesting support for his network of therapeutic farms in southern Israel, Bank Hapoalim announced that it was donating NIS 5... Read More The post An Israeli nonprofit sent a cold email to a bank’s general inbox. It responded with $1.7 million. appeared first on eJewishPhilanthropy .",https://ejewishphilanthropy.com/an-israeli-nonprofit-sent-a-cold-email-to-a-banks-general-inbox-it-responded-with-1-7-million/,eJewish Philanthropy,Justin Hayet,2026-09-01T12:04:46,2026-09-01 14:34:29.083308,https://ejewishphilanthropy.com/?p=179531
"Your Daily Phil: Excitement, anxiety as Israeli kids head back to school","The post Your Daily Phil: Excitement, anxiety as Israeli kids head back to school appeared first on eJewishPhilanthropy .",https://ejewishphilanthropy.com/your-daily-phil-excitement-anxiety-as-israeli-kids-head-back-to-school/,eJewish Philanthropy,EJP,2026-09-01T13:42:43,2026-09-01 14:34:29.083256,https://ejewishphilanthropy.com/?p=179541
Israel isn't debating a Palestinian state. It's preparing for expulsion,"Gadi Eisenkot's position on Palestinian statehood is beside the point. Across Gaza, the West Bank and Israel itself, the machinery for making Palestinian life impossible is already operating, laying the groundwork for mass expulsion",https://www.haaretz.com/opinion/2026-09-01/ty-article/.premium/israel-isnt-debating-a-palestinian-state-its-preparing-for-expulsion/000001a0-56c1-dc19-a5a4-dfdfa0fd0000,Haaretz,Amira Hass,2026-09-01T07:13:21,2026-09-01 09:14:34.726251,https://www.haaretz.com/opinion/2026-09-01/ty-article/.premium/israel-isnt-debating-a-palestinian-state-its-preparing-for-expulsion/000001a0-56c1-dc19-a5a4-dfdfa0fd0000
"2.6 million students head back to school as Israel keeps lagging in math, science","As students return to school, the Education Ministry is touting reforms in financial literacy and AI as Israel faces a shortage of qualified teachers. Students are also protesting the militarization of schools, while the curriculum expands programs aimed at strengthening Zionist identity",https://www.haaretz.com/israel-news/2026-09-01/ty-article/.premium/2-6-million-students-go-back-to-school-as-israel-lags-in-math-science/000001a0-5b8c-dba1-abbc-fbfe477c0000,Haaretz,Noa Limone,2026-09-01T07:24:59,2026-09-01 09:14:34.726221,https://www.haaretz.com/israel-news/2026-09-01/ty-article/.premium/2-6-million-students-go-back-to-school-as-israel-lags-in-math-science/000001a0-5b8c-dba1-abbc-fbfe477c0000
Who said Eastern European Jewish food was dead?,"For 81 years, this beloved Tel Aviv eatery has served the same dishes – and remains a Groyse Metsie",https://www.haaretz.com/food/2026-09-01/ty-article-magazine/.premium/who-said-eastern-european-jewish-food-was-dead/000001a0-51f5-db96-a7fb-f1f571910000,Haaretz,Rotem Maimon,2026-09-01T08:08:00,2026-09-01 09:14:34.726186,https://www.haaretz.com/food/2026-09-01/ty-article-magazine/.premium/who-said-eastern-european-jewish-food-was-dead/000001a0-51f5-db96-a7fb-f1f571910000
Israel's U.S. envoy Yechiel Leiter says government is failing to stop Jewish terrorism in West Bank,"Speaking to Haaretz at the RJC conference, the ambassador gave Israel a 'failing grade' in dealing with violence against Palestinians, but called the term 'settler violence' unfair: 'Saying ""Black crime"" – does that mean all Blacks are responsible for criminal activity?'",https://www.haaretz.com/us-news/2026-09-01/ty-article/.premium/israels-u-s-envoy-government-is-failing-to-stop-jewish-terror-in-west-bank/000001a0-5abf-d9b7-abaf-faff74990000,Haaretz,Arno Rosenfeld,2026-09-01T08:18:19,2026-09-01 09:14:34.726152,https://www.haaretz.com/us-news/2026-09-01/ty-article/.premium/israels-u-s-envoy-government-is-failing-to-stop-jewish-terror-in-west-bank/000001a0-5abf-d9b7-abaf-faff74990000
98-year-old Holocaust survivor to Jewish students: ‘Never let hatred define you’,"As students return to campuses worldwide, Nate Leipciger urges them in a letter to embrace their Jewish identity.",https://www.jns.org/feature/98-year-old-holocaust-survivor-to-jewish-students-never-let-hatred-define-you,JNS,,2026-09-01T04:00:00,2026-09-01 09:14:27.055789,https://www.jns.org/feature/98-year-old-holocaust-survivor-to-jewish-students-never-let-hatred-define-you
"Proudly Jewish, proudly South African: ‘A walk to the rugby match I won’t forget’","Picture it: A crowd buzzing with energy, wearing our kits, filing into a historic synagogue for a few focused minutes of prayer before continuing on to cheer for the Springboks.",https://www.jns.org/wire/sheri-hansen-proudly-jewish-proudly-south-african-a-walk-to-the-rughby-match-i-wont-forget,JNS,,2026-09-01T05:00:00,2026-09-01 09:14:27.055759,https://www.jns.org/wire/sheri-hansen-proudly-jewish-proudly-south-african-a-walk-to-the-rughby-match-i-wont-forget
Back to school: From national blindness to national purpose,Jewish literacy is not just a collection of references. It is the ability to locate oneself within a historical continuum.,https://www.jns.org/opinion/efrat-last/back-to-school-from-national-blindness-to-national-purpose,JNS,Efrat Last,2026-09-01T05:30:00,2026-09-01 09:14:27.055724,https://www.jns.org/opinion/efrat-last/back-to-school-from-national-blindness-to-national-purpose
"Israeli students return to classrooms as schools expand AI studies, ban phones",The new school year opens with a teacher shortage and a renewed focus on pupils' social and emotional resilience.,https://www.jns.org/news/israel-news/israeli-students-return-to-classrooms-as-schools-expand-ai-studies-ban-phones,JNS,Pesach Benson/TPS-IL,2026-09-01T06:33:53,2026-09-01 09:14:27.055697,https://www.jns.org/news/israel-news/israeli-students-return-to-classrooms-as-schools-expand-ai-studies-ban-phones
Humiliation as a tool of war,Hamas wrote a new chapter in the annals of humiliation and its horrors.,https://www.jns.org/opinion/moshe-r-manheim/humiliation-as-a-tool-of-war,JNS,Moshe R. Manheim,2026-09-01T06:45:00,2026-09-01 09:14:27.055669,https://www.jns.org/opinion/moshe-r-manheim/humiliation-as-a-tool-of-war
Israel shuts down most desalination plants due to sea turbidity,Officials said water supply to homes will continue as normal.,https://www.jns.org/israel-shuts-down-most-desalination-plants-due-to-sea-turbidity,JNS,Gil Tanenbaum/TPS-IL,2026-09-01T06:51:40,2026-09-01 09:14:27.055644,https://www.jns.org/israel-shuts-down-most-desalination-plants-due-to-sea-turbidity
"Six months on, Israel waiting in the wings as Trump's war on Iran shifts to economic pressure","The current standoff has effectively turned Carl von Clausewitz’s famous adage on its head: Politics is, for now, the continuation of war by other means.",https://www.jns.org/analysis/six-months-on-israel-waiting-in-the-wings-as-trumps-war-on-iran-shifts-to-economic-pressure,JNS,Amelie Botbol,2026-09-01T06:59:09,2026-09-01 09:14:27.055618,https://www.jns.org/analysis/six-months-on-israel-waiting-in-the-wings-as-trumps-war-on-iran-shifts-to-economic-pressure
Israeli FM accuses Turkish counterpart of ‘lies and blood libels’ against Israel,Jerusalem's top diplomat hit back after Ankara’s chief envoy called Netanyahu a criminal who takes pleasure in shedding blood and urged action to stop him.,https://www.jns.org/news/israel-news/israeli-fm-accuses-turkish-counterpart-of-lies-and-blood-libels-against-israel,JNS,Joshua Marks,2026-09-01T07:03:06,2026-09-01 09:14:27.055586,https://www.jns.org/news/israel-news/israeli-fm-accuses-turkish-counterpart-of-lies-and-blood-libels-against-israel
"Ada Yonath, the Israeli chemist who dared to dream","The Nobel laureate transformed understanding of the ribosome, advanced the fight against antibiotic resistance and demonstrated the power of persistence.",https://www.jns.org/feature/ada-yonath-the-israeli-chemist-who-dared-to-dream,JNS,Steve Linde,2026-09-01T07:08:21,2026-09-01 09:14:27.055552,https://www.jns.org/feature/ada-yonath-the-israeli-chemist-who-dared-to-dream
Israel Cancer Research Fund announces $5.35 million in new grants,"38 new grants support Israeli scientists pursuing approaches to cancer prevention, detection, diagnosis and treatment.",https://www.jns.org/wire/israel-cancer-research-fund/israel-cancer-research-fund-announces-5-35-million-in-new-grants,JNS,,2026-09-01T07:13:19,2026-09-01 09:14:27.055519,https://www.jns.org/wire/israel-cancer-research-fund/israel-cancer-research-fund-announces-5-35-million-in-new-grants
Vance makes his pitch to Jewish Republicans at closed-door Las Vegas gathering,"“Today is not primary day, but I think today was progress day for JD Vance with the Jewish community,” said Ari Fleischer, the former White House press secretary and a board member of the Republican Jewish Coalition.",https://www.jns.org/news/u-s-news/vance-makes-his-pitch-to-jewish-republicans-at-closed-door-las-vegas-gathering,JNS,Andrew Bernard,2026-09-01T07:49:33,2026-09-01 09:14:27.055486,https://www.jns.org/news/u-s-news/vance-makes-his-pitch-to-jewish-republicans-at-closed-door-las-vegas-gathering
The ‘settler violence’ story that wasn’t true,"“Judeacation” takes viewers to the heart of Judea and Samaria, where history, faith and modern Israel meet. Hosted by JNS Middle East correspondent Josh Hasten, the series dispels myths and misconceptions about life in the region the world calls the “West Bank,” but which Jews know as the cradle of their civilization. Through on-the-ground reporting and candid conversations with residents, leaders and pioneers, “Judeacation” reveals the truth about the people who live and build in the heart of the Jewish homeland—a place where ancient history and contemporary Zionism intertwine. Each episode offers a look at the realities of Israel’s heartland, countering media bias with firsthand stories of courage, community and connection to the land. Hasten explores topics ranging from security and sovereignty to faith, culture and innovation, spotlighting those shaping Israel’s future from its biblical core. As Hasten often reminds viewers, Jews are called Jews because they come from Judea. And “Judeacation” is where that story continues to unfold. See more at: @JNS_TV and subscribe to our YouTube channel.",https://www.jns.org/jns-tv/judeacation/the-settler-violence-story-that-wasnt-true,JNS,Josh Hasten,2026-09-01T08:31:28,2026-09-01 09:14:27.055446,https://www.jns.org/jns-tv/judeacation/the-settler-violence-story-that-wasnt-true
Bessent sets four conditions for US-Iran talks,"The Treasury secretary said Tehran must dismantle its nuclear program, surrender enriched uranium, end support for regional proxies and keep the Strait of Hormuz open before Washington negotiates.",https://www.jns.org/news/world/bessent-sets-four-conditions-for-us-iran-talks,JNS,JNS Staff,2026-09-01T08:43:31,2026-09-01 09:14:27.055350,https://www.jns.org/news/world/bessent-sets-four-conditions-for-us-iran-talks
Israel and Greece ink defense deal to protect against regional threats,(JTA) — Israel and Greece finalized on Monday a $3.5 billion deal providing the Hellenic Republic with a multilayered antimissile system designed to protect the European Union country against aerial attacks from nations such as Iran and Turkey. It is one of the largest defense export deals in the history of the Jewish state. The... The post Israel and Greece ink defense deal to protect against regional threats appeared first on The Forward .,https://forward.com/fast-forward/847742/israel-and-greece-ink-defense-deal-to-protect-against-regional-threats/,The Forward,Tovah Lazaroff,2026-09-01T08:42:43,2026-09-01 09:14:20.359328,https://forward.com/?p=847742
"At Jewish Republican summit, GOP casts midterms as a battle against DSA","(JTA) — LAS VEGAS – Speakers at the Republican Jewish Coalition’s annual convention at the Venetian Resort cast the upcoming midterm elections as a battle against not just the Democratic Party, but specifically its left-wing Democratic Socialists of America faction. “A Democrat majority in November is not just a political setback for our party and... The post At Jewish Republican summit, GOP casts midterms as a battle against DSA appeared first on The Forward .",https://forward.com/fast-forward/847799/at-jewish-republican-summit-gop-casts-midterms-as-a-battle-against-dsa/,The Forward,Joseph Strauss,2026-09-01T08:46:38,2026-09-01 09:14:20.359256,https://forward.com/?p=847799
Memo to Dana Nessel: Jewish safety and Jewish survival are sacrosanct,"Michigan Attorney General Dana Nessel, who is Jewish, was being honored at a gathering of the Michigan Democratic Jewish Caucus on Sunday when she reportedly urged Jewish voters, according to Jewish Insider, to put aside concerns about their safety “in exchange for the opportunity to save the rest of humanity.” “We have a moral imperative... Read More The post Memo to Dana Nessel: Jewish safety and Jewish survival are sacrosanct appeared first on eJewishPhilanthropy .",https://ejewishphilanthropy.com/memo-to-dana-nessel-jewish-safety-and-jewish-survival-are-sacrosanct/,eJewish Philanthropy,Menachem Z. Rosensaft,2026-09-01T05:35:00,2026-09-01 09:14:15.423006,https://ejewishphilanthropy.com/?p=179508
"Sara Netanyahu amplifies October 7 conspiracies, refuses to rule out 'betrayal from within'",,https://www.haaretz.com/israel-news/israel-security/2026-09-01/ty-article-live/sara-netanyahu-amplifies-october-7-conspiracies-refuses-to-rule-out-betrayal/000001a0-5aaf-d9d2-abfe-daff71e30000,Haaretz,Haaretz,2026-09-01T02:06:26,2026-09-01 03:55:59.603215,https://www.haaretz.com/israel-news/israel-security/2026-09-01/ty-article-live/sara-netanyahu-amplifies-october-7-conspiracies-refuses-to-rule-out-betrayal/000001a0-5aaf-d9d2-abfe-daff71e30000
Trump's economic war on Iran faces political threats and a hefty strategic price,Targeting an Egyptian bank as the opening enforcement step was meant to warn regional entities against acting as conduits for deals with Tehran. Yet the true difficulty lies in monitoring violations and managing the strategic price the U.S. may pay,https://www.haaretz.com/middle-east-news/2026-09-01/ty-article/.premium/trumps-economic-war-on-iran-faces-political-threats-and-a-hefty-strategic-price/000001a0-5971-d692-a5e3-fb7d8e7a0000,Haaretz,Zvi Bar'el,2026-09-01T03:00:37,2026-09-01 03:55:59.603178,https://www.haaretz.com/middle-east-news/2026-09-01/ty-article/.premium/trumps-economic-war-on-iran-faces-political-threats-and-a-hefty-strategic-price/000001a0-5971-d692-a5e3-fb7d8e7a0000
"‘Shocking’ how Jewish Californians ‘fear for their safety,’ says California GOP candidate for governor Steve Hilton","“People having to pay for extra security, for community events, for family events, it’s just completely unacceptable to me,” he told JNS.",https://www.jns.org/news/u-s-news/shocking-how-jewish-californians-fear-for-their-safety-says-california-gop-candidate-for-governor-steve-hilton,JNS,Aaron Bandler,2026-08-31T23:42:09,2026-09-01 03:55:52.536767,https://www.jns.org/news/u-s-news/shocking-how-jewish-californians-fear-for-their-safety-says-california-gop-candidate-for-governor-steve-hilton
"Ahead of Jewish High Holidays, Manischewitz seeks ‘whole new generation of gefilte fish eaters’","Jarred tzimmes, revamped matzah ball soup and a Jewish dating show are part of the 135-year-old family-owned brand’s effort to stay relevant.",https://www.jns.org/news/u-s-news/ahead-of-jewish-high-holidays-manischewitz-seeks-whole-new-generation-of-gefilte-fish-eaters,JNS,Rikki Zagelbaum,2026-08-31T23:54:47,2026-09-01 03:55:52.536734,https://www.jns.org/news/u-s-news/ahead-of-jewish-high-holidays-manischewitz-seeks-whole-new-generation-of-gefilte-fish-eaters
"Closed-door Vance talk at GOP Jewish gathering a chance to ‘define, introduce’ himself to Jews before possible 2028 run, Matt Brooks says","“There has been an exodus and a trickle of folks over the last several election cycles who have seen the warning signs about what we’re now seeing in the Democratic Party,” the Republican Jewish Coalition CEO told JNS. “Now the floodgates are open.”",https://www.jns.org/news/u-s-news/closed-door-vance-talk-at-gop-jewish-gathering-a-chance-to-define-introduce-himself-to-jews-before-possible-2028-run-matt-brooks-says,JNS,Andrew Bernard,2026-08-31T23:55:05,2026-09-01 03:55:52.536702,https://www.jns.org/news/u-s-news/closed-door-vance-talk-at-gop-jewish-gathering-a-chance-to-define-introduce-himself-to-jews-before-possible-2028-run-matt-brooks-says
Bronx walking tour animates Fordham neighborhood’s forgotten Jewish sites,"“It was almost half Jewish,” David Herszenson, a physician and tour guide, told a group on a walking tour. “The south Bronx was majority Jewish for a while.”",https://www.jns.org/news/u-s-news/bronx-walking-tour-animates-fordham-neighborhoods-forgotten-jewish-sites,JNS,Rebecca Szlechter,2026-08-31T23:55:17,2026-09-01 03:55:52.536662,https://www.jns.org/news/u-s-news/bronx-walking-tour-animates-fordham-neighborhoods-forgotten-jewish-sites
Qatar’s stooges want to delegitimize pro-Israel voices critical of Vance,"“The Daily Caller,” founded by Doha homeowner Tucker Carlson, is trying to smear JNS for highlighting the troubling connection between his Islamist allies and the veep.",https://www.jns.org/opinion/column/jonathan-s-tobin/qatars-stooges-want-to-delegitimize-pro-israel-voices-critical-of-vance,JNS,Jonathan S. Tobin,2026-09-01T01:45:00,2026-09-01 03:55:52.536623,https://www.jns.org/opinion/column/jonathan-s-tobin/qatars-stooges-want-to-delegitimize-pro-israel-voices-critical-of-vance
Israel's Syrian airstrike: Will it drive Jerusalem and Washington into a showdown?,"Israel vigorously defended its decision to attack the Abu al-Duhur Airbase, with its defense minister taking issue with criticism by the U.S. ambassador to Turkey, which he called “full of inaccuracies.”",https://www.jns.org/analysis/israels-syrian-airstrike-will-it-drive-jerusalem-and-washington-into-a-showdown,JNS,David Isaac,2026-09-01T03:06:00,2026-09-01 03:55:52.536584,https://www.jns.org/analysis/israels-syrian-airstrike-will-it-drive-jerusalem-and-washington-into-a-showdown
Michigan Rabbi Says El-Sayed’s Apology is a Non-Apology,"Michigan Rabbi Asher Lopatin recently spoke about how while he usually voted for Democrats, he will not be voting for Senate candidate Abdul El-Sayed. The post Michigan Rabbi Says El-Sayed’s Apology is a Non-Apology appeared first on Jewish Journal .",https://jewishjournal.com/community/391721/michigan-rabbi-says-el-sayeds-apology-is-a-non-apology/,Jewish Journal,Alan Zeitlin,2026-09-01T01:12:02,2026-09-01 03:55:50.176804,https://jewishjournal.com/?p=391721
Does Jewish Existence Conflict with Human Survival?,"Unlike Dana Nessel, most Jews still consider the existence of the Jewish people, and the Jewish state, to be a Jewish value. They’re proud to be Jews—and they’re equally proud of the role Jews have played in human history. The post Does Jewish Existence Conflict with Human Survival? appeared first on Jewish Journal .",https://jewishjournal.com/commentary/opinion/391725/does-jewish-existence-conflict-with-human-survival/,Jewish Journal,Rafael Medoff,2026-09-01T01:25:10,2026-09-01 03:55:50.176758,https://jewishjournal.com/?p=391725
"At Jewish Republican summit, GOP casts midterms as a battle against DSA","Speakers portrayed the small but growing socialist faction as a threat to Israel and American Jews. -- The post At Jewish Republican summit, GOP casts midterms as a battle against DSA appeared first on Jewish Telegraphic Agency .",https://www.jta.org/2026/08/31/politics/at-jewish-republican-summit-gop-casts-midterms-as-a-battle-against-dsa,JTA,Joseph Strauss,2026-09-01T02:20:51,2026-09-01 03:55:43.373300,https://www.jta.org/?p=1907178
His monumental public artwork seeks to warp space itself,"Welcome to the first installment of “Four Questions with The Contemporary Jewish Museum,” a new interview series presented in partnership with J. Although The CJM&#8217;s building remains closed, the organization [&#8230;]",https://jweekly.com/2026/08/31/ned-kahns-monumental-public-art-seeks-to-warp-space-itself/,J. Weekly,Lucy Sims,2026-08-31T23:26:24,2026-09-01 03:55:38.701983,https://jweekly.com/?p=310510
Oakland coffee shop closes ahead of antisemitism trial,Jerusalem Coffee House on Telegraph Avenue in Oakland has gone dark. The Palestinian cafe that was accused of anti-Jewish discrimination in 2024 is closed indefinitely ahead of its federal trial.&#160; [&#8230;],https://jweekly.com/2026/08/31/jerusalem-coffee-house-closes-ahead-of-federal-trial-over-antisemitism-charges/,J. Weekly,Lea Loeb,2026-08-31T23:41:52,2026-09-01 03:55:38.701934,https://jweekly.com/?p=310529
Earth's magnetic field can help archaeologists sniff out forged antiquities,Researchers devise method to determine whether ancient clay artifacts are authentic by analyzing the signal left over millennia by the ambient 'noise' of Earth's magnetic field,https://www.haaretz.com/archaeology/2026-08-31/ty-article/earths-magnetic-field-can-help-archaeologists-sniff-out-forged-antiquities/000001a0-5670-d692-a5e3-f67c5d550000,Haaretz,Ariel David,2026-08-31T19:00:25,2026-08-31 23:09:02.598454,https://www.haaretz.com/archaeology/2026-08-31/ty-article/earths-magnetic-field-can-help-archaeologists-sniff-out-forged-antiquities/000001a0-5670-d692-a5e3-f67c5d550000
"U.S., Israel, Palestine: three dramatic elections in one month",Will Trump endorse a candidate in Israel? Will American politicians continue to distance themselves from AIPAC? And how will Israeli restrictions impact the Palestinian election? These questions remind us that democracy transcends international borders,https://www.haaretz.com/opinion/2026-08-31/ty-article-opinion/.premium/u-s-israel-palestine-three-dramatic-elections-in-one-month/000001a0-592d-dd12-afac-d97f054b0000,Haaretz,Larry Garber,2026-08-31T19:16:38,2026-08-31 23:09:02.598426,https://www.haaretz.com/opinion/2026-08-31/ty-article-opinion/.premium/u-s-israel-palestine-three-dramatic-elections-in-one-month/000001a0-592d-dd12-afac-d97f054b0000
Israel's far-right leaders dodged the draft but now preach war and expulsion,"Far-right ministers Itamar Ben-Gvir and Bezalel Smotrich and lawmaker Tzvi Succot preach war and expulsion despite refusing meaningful military service themselves, while their messianic vision for the West Bank threatens to drag Israel toward catastrophe",https://www.haaretz.com/opinion/2026-08-31/ty-article-opinion/.premium/israels-far-right-leaders-dodged-the-draft-but-now-preach-war-and-expulsion/000001a0-5894-d3eb-abf5-5fdf1bb60000,Haaretz,Nehemia Shtrasler,2026-08-31T20:36:04,2026-08-31 23:09:02.598397,https://www.haaretz.com/opinion/2026-08-31/ty-article-opinion/.premium/israels-far-right-leaders-dodged-the-draft-but-now-preach-war-and-expulsion/000001a0-5894-d3eb-abf5-5fdf1bb60000
IDF names new Central Command chief amid ongoing friction over West Bank policy,"The appointment comes after Defense Minister Israel Katz fired Avi Bluth's live on television, then retracted it a day later",https://www.haaretz.com/israel-news/israel-security/2026-09-01/ty-article/.premium/idf-names-new-central-command-chief-amid-ongoing-friction-over-west-bank-policy/000001a0-5904-d7dd-ada6-ffe67f140000,Haaretz,Yaniv Kubovich,2026-08-31T21:13:47,2026-08-31 23:09:02.598366,https://www.haaretz.com/israel-news/israel-security/2026-09-01/ty-article/.premium/idf-names-new-central-command-chief-amid-ongoing-friction-over-west-bank-policy/000001a0-5904-d7dd-ada6-ffe67f140000
There's no point warning Israel's pyromaniac government about the West Bank blaze,,https://www.haaretz.com/opinion/2026-09-01/ty-article-opinion/theres-no-point-warning-israels-pyromaniac-govt-about-the-west-bank-blaze/000001a0-594d-dd12-afac-d97f1a070000,Haaretz,Haaretz Editorial,2026-08-31T21:26:19,2026-08-31 23:09:02.598338,https://www.haaretz.com/opinion/2026-09-01/ty-article-opinion/theres-no-point-warning-israels-pyromaniac-govt-about-the-west-bank-blaze/000001a0-594d-dd12-afac-d97f1a070000
"Daily Cartoon, September 1, 2026",,https://www.haaretz.com/opinion/daily-cartoon/2026-09-01/ty-article-opinion/daily-cartoon-september-1-2026/000001a0-597b-d692-a5e3-fb7fe3990000,Haaretz,Amos Biderman,2026-08-31T21:29:25,2026-08-31 23:09:02.598313,https://www.haaretz.com/opinion/daily-cartoon/2026-09-01/ty-article-opinion/daily-cartoon-september-1-2026/000001a0-597b-d692-a5e3-fb7fe3990000
Leftist Hadash party documents: 7 women accused candidate of sexual harassment,The investigation committee reported that 'the severity of the acts ranges from borderline acts that may be open to interpretation to very severe and explicit physical acts',https://www.haaretz.com/israel-news/israel-security/2026-09-01/ty-article/.premium/leftist-hadash-party-probe-7-women-accused-candidate-of-sexual-harassment/000001a0-58ac-d822-a3b8-5afff13c0000,Haaretz,Yair Foldes,2026-08-31T21:37:22,2026-08-31 23:09:02.598290,https://www.haaretz.com/israel-news/israel-security/2026-09-01/ty-article/.premium/leftist-hadash-party-probe-7-women-accused-candidate-of-sexual-harassment/000001a0-58ac-d822-a3b8-5afff13c0000
"Go for the head: If Eisenkot rejects settler terror, he must aim his barbs at Netanyahu",,https://www.haaretz.com/opinion/2026-09-01/ty-article-opinion/.premium/go-for-the-head-if-eisenkot-rejects-settler-terror-he-must-focus-on-netanyahu/000001a0-5924-d9b7-abaf-fb76cced0000,Haaretz,Aluf Benn,2026-08-31T21:48:20,2026-08-31 23:09:02.598259,https://www.haaretz.com/opinion/2026-09-01/ty-article-opinion/.premium/go-for-the-head-if-eisenkot-rejects-settler-terror-he-must-focus-on-netanyahu/000001a0-5924-d9b7-abaf-fb76cced0000
John Galliano withdraws from Met Gala show in his honor in wake of backlash,"Galliano, Dior's former creative director, was convicted in France in 2011 after an antisemitic and racist tirade in which he hurled slurs at a Jewish woman and an Asian man, declared 'I love Hitler' and said their ancestors should have been gassed",https://www.haaretz.com/israel-news/culture/leisure/2026-09-01/ty-article/.premium/john-galliano-withdraws-from-met-gala-show-in-his-honor-in-wake-of-backlash/000001a0-5925-d822-a3b8-5b7f12d40000,Haaretz,Linda Dayan,2026-08-31T21:51:12,2026-08-31 23:09:02.598223,https://www.haaretz.com/israel-news/culture/leisure/2026-09-01/ty-article/.premium/john-galliano-withdraws-from-met-gala-show-in-his-honor-in-wake-of-backlash/000001a0-5925-d822-a3b8-5b7f12d40000
"Saudi Arabia, Turkey, Pakistan Agree to Establish Secretariat Under Joint Defense Pact","Saudi Arabia, Turkey, and Pakistan agreed to establish a secretariat in Saudi Arabia under their Mecca joint defense agreement, which will initially be headed by a Pakistani secretary-general for three years, the three countries said in...",https://www.algemeiner.com/2026/08/31/saudi-arabia-turkey-pakistan-agree-establish-secretariat-joint-defense-pact/,Algemeiner,Reuters and Algemeiner Staff,2026-08-31T19:04:25,2026-08-31 23:08:57.634418,https://www.algemeiner.com/?p=778730
Trump Vows to Hit Iran Hard After First Exchanges of Fire in a Month,"US President Donald Trump on Monday promised further strikes against Iran after the first tit-for-tat attacks in a month, as a conflict that had lately settled into an...",https://www.algemeiner.com/2026/08/31/trump-vows-hit-iran-hard-first-exchanges-fire-month/,Algemeiner,Reuters and Algemeiner Staff,2026-08-31T19:10:14,2026-08-31 23:08:57.634385,https://www.algemeiner.com/?p=778733
"Israel, Greece Sign $3.5 Billion Air Defense Deal as Tensions With Turkey Continue to Rise","Israel and Greece signed a landmark $3.5 billion defense export agreement on Monday to build a multi-layered air defense network,...",https://www.algemeiner.com/2026/08/31/israel-greece-sign-3-5-billion-air-defense-deal-tensions-turkey-continue-rise/,Algemeiner,Ailin Vilches Arguello,2026-08-31T20:33:18,2026-08-31 23:08:57.634355,https://www.algemeiner.com/?p=778737
"Academics Who Supported BDS Before Oct. 7 Attack More Likely to Accuse Israel of Genocide Now, New Study Finds","The proliferation of academic speech and expressive activity which accused Israel of genocide following the Oct. 7, 2023, Hamas terrorist...",https://www.algemeiner.com/2026/08/31/academics-who-supported-bds-before-oct-7-attack-more-likely-accuse-israel-genocide-now-new-study-finds/,Algemeiner,Dion J. Pierre,2026-08-31T22:25:23,2026-08-31 23:08:57.634325,https://www.algemeiner.com/?p=778707
"El-Sayed Attempts to Mend Fences With Jewish Voters at Fundraiser, Announces Hire of Jewish Liaison","Abdul El-Sayed, the Democratic nominee for US Senate in Michigan, is making a renewed effort to repair his relationship with...",https://www.algemeiner.com/2026/08/31/el-sayed-attempts-mend-fences-jewish-voters-fundraiser-announces-hire-jewish-liaison/,Algemeiner,Corey Walker,2026-08-31T22:36:07,2026-08-31 23:08:57.634295,https://www.algemeiner.com/?p=778739
"Qatar Expands Strategic Footprint in Syria, Lebanon as Regional Ambitions Grow","Qatar is steadily expanding its influence across Syria and Lebanon, using investment, military assistance, and diplomacy to advance its regional...",https://www.algemeiner.com/2026/08/31/qatar-expands-strategic-footprint-syria-lebanon-regional-ambitions-grow/,Algemeiner,Ailin Vilches Arguello,2026-08-31T22:45:27,2026-08-31 23:08:57.634260,https://www.algemeiner.com/?p=778753
"California Legislature passes creating buffer zones around houses of worship, barring hate speech from voter guides","“Every Californian, no matter their faith, should be able to walk to their place of worship without fear of being surrounded or intimidated,” stated David Bocarsly of Jewish California.",https://www.jns.org/news/u-s-news/california-legislature-passes-creating-buffer-zones-around-houses-of-worship-barring-hate-speech-from-voter-guides,JNS,,2026-08-31T19:25:07,2026-08-31 23:08:55.303211,https://www.jns.org/news/u-s-news/california-legislature-passes-creating-buffer-zones-around-houses-of-worship-barring-hate-speech-from-voter-guides
The White House prepares a pre-election victory image for Netanyahu,"Also, polls count the Haredi parties as part of the Israeli prime minister’s bloc, but that tally may need revising.",https://www.jns.org/opinion/amit-segal/the-white-house-prepares-a-pre-election-victory-image-for-netanyahu,JNS,Amit Segal,2026-08-31T19:45:00,2026-08-31 23:08:55.303177,https://www.jns.org/opinion/amit-segal/the-white-house-prepares-a-pre-election-victory-image-for-netanyahu
"Repair the World, Hillel International to draw 800 college students in service, learning for 25th anniversary of 9/11","Volunteer projects address food security, environmental stewardship and other pressing needs, paired with Jewish learning grounded in the importance of remembrance and renewal.",https://www.jns.org/wire/repairtheworld/repair-the-world-hillel-international-to-draw-800-college-students-in-service-learning-for-25th-anniversary-of-9-11,JNS,,2026-08-31T20:00:00,2026-08-31 23:08:55.303147,https://www.jns.org/wire/repairtheworld/repair-the-world-hillel-international-to-draw-800-college-students-in-service-learning-for-25th-anniversary-of-9-11
Mid-Atlantic Media hires new editor to oversee Jewish publications,"Steve Schuster will direct three storied Jewish publications in Philadelphia, Baltimore and Washington, D.C.",https://www.jns.org/mid-atlantic-media-hires-new-editor-to-oversee-jewish-publications,JNS,,2026-08-31T21:00:16,2026-08-31 23:08:55.303110,https://www.jns.org/mid-atlantic-media-hires-new-editor-to-oversee-jewish-publications
Stanford student paper wins ruling against Trump administration’s speech-based deportation policy,"“Tomorrow, or perhaps even today, targets may include anyone in the United States who exercises their freedom of speech to simply express opinions the government does not like,” U.S. District Judge Noël Wise wrote in her ruling.",https://www.jns.org/news/u-s-news/stanford-student-paper-wins-ruling-against-trump-administrations-speech-based-deportation-policy,JNS,,2026-08-31T21:19:14,2026-08-31 23:08:55.303081,https://www.jns.org/news/u-s-news/stanford-student-paper-wins-ruling-against-trump-administrations-speech-based-deportation-policy
As the New Year approaches: Joy or dread?,A little explanation about what the “King in the Field” really means.,https://www.jns.org/opinion/column/rabbi-yossy-goldman/as-the-new-year-approaches-joy-or-dread,JNS,Rabbi Yossy Goldman,2026-08-31T21:30:00,2026-08-31 23:08:55.303035,https://www.jns.org/opinion/column/rabbi-yossy-goldman/as-the-new-year-approaches-joy-or-dread
He was a privileged Jewish kid from NYC’s Upper East Side. Donald Trump was his greatest invention.,"American Scoundrel: Roy Cohn’s Dark Journey from Joe McCarthy to Donald Trump By Kai Bird with Susan Goldmark Scribner, $32, 528 pages By the beginning of the new millennium, Roy Cohn, the red-baiting scourge of the McCarthy hearings, lived largely in the pages of U.S. history books, trotted out on occasion to illustrate how America... The post He was a privileged Jewish kid from NYC&#8217;s Upper East Side. Donald Trump was his greatest invention. appeared first on The Forward .",https://forward.com/culture/books/847697/roy-cohn-american-scoundrel-kai-bird-susan-goldmark-donald-trump/,The Forward,Ann Levin,2026-08-31T19:31:46,2026-08-31 23:08:48.525573,https://forward.com/?p=847697
Israel and Greece ink defense deal to protect against regional threats,The “Achilles Shield” agreement is one of the largest defense export agreements in the history of the Jewish state. -- The post Israel and Greece ink defense deal to protect against regional threats appeared first on Jewish Telegraphic Agency .,https://www.jta.org/2026/08/31/israel/israel-and-greece-ink-defense-deal-to-protect-against-regional-threats,JTA,Tovah Lazaroff,2026-08-31T19:06:51,2026-08-31 23:08:45.990303,https://www.jta.org/?p=1907159
Jewish Zionist politician joins Arab party Ra’am in push to defeat Netanyahu in the upcoming elections,"“Hope won out” over fear, Mansour Abbas said as he welcomed former Yesh Atid lawmaker Yoav Segalovitz to his party. -- The post Jewish Zionist politician joins Arab party Ra’am in push to defeat Netanyahu in the upcoming elections appeared first on Jewish Telegraphic Agency .",https://www.jta.org/2026/08/31/israel/jewish-zionist-politician-joins-arab-party-raam-in-push-to-defeat-netanyahu-in-the-upcoming-elections,JTA,Tomer Almagor,2026-08-31T23:02:48,2026-08-31 23:08:45.990256,https://www.jta.org/?p=1907172
"Giving as a family value: A tribute to our mom, Pearl C. Goodman","Pearl C. Goodman, our mother and a devoted philanthropist, passed away last week at the age of 97. She and our father, Dr. Stanley Goodman, were married for 73 years, and throughout their lives they shared a deep commitment to strengthening the causes and institutions that mattered to them. Philanthropy was more than a responsibility... Read More The post Giving as a family value: A tribute to our mom, Pearl C. Goodman appeared first on eJewishPhilanthropy .",https://ejewishphilanthropy.com/giving-as-a-family-value-a-tribute-to-our-mom-pearl-c-goodman/,eJewish Philanthropy,Nanette Goodman,2026-08-31T21:25:00,2026-08-31 23:08:43.734302,https://ejewishphilanthropy.com/?p=179488
Israeli curriculum to replace Palestinian program in all East Jerusalem schools,"Since East Jerusalem was annexed in 1967, Palestinians have objected to the use of the Israeli curriculum in schools – but due to pressure from both parents and the Israeli government, all new first and seventh graders will study for Israeli matriculation",https://www.haaretz.com/israel-news/israel-politics/2026-08-31/ty-article/.premium/east-jerusalem-palestinian-state-schools-to-expand-access-to-israeli-curriculum/000001a0-5714-d4a7-a1a3-d7de02820000,Haaretz,Nir Hasson,2026-08-31T12:13:56,2026-08-31 18:52:39.892037,https://www.haaretz.com/israel-news/israel-politics/2026-08-31/ty-article/.premium/east-jerusalem-palestinian-state-schools-to-expand-access-to-israeli-curriculum/000001a0-5714-d4a7-a1a3-d7de02820000
What I learned by teaching American university students about Israel,"As a new academic year begins, antisemitism remains a major reason for concern, but growing interest in courses on Israel provides some necessary hope",https://www.haaretz.com/opinion/2026-08-31/ty-article-opinion/.premium/what-i-learned-by-teaching-american-university-students-about-israel/000001a0-57b3-d3eb-abf5-57ffb6970000,Haaretz,Eran Eldar,2026-08-31T12:25:54,2026-08-31 18:52:39.892018,https://www.haaretz.com/opinion/2026-08-31/ty-article-opinion/.premium/what-i-learned-by-teaching-american-university-students-about-israel/000001a0-57b3-d3eb-abf5-57ffb6970000
"Arrests of Ethiopian, Arab Israelis, Palestinians surge during Ben-Gvir's tenure","Between January and July 2026, more Ethiopian Israeli minors were arrested than in the entirety of 2022. A senior police officer said that 'people are arrested even when there is no real need'",https://www.haaretz.com/israel-news/israel-crime/2026-08-31/ty-article/.premium/arrests-of-ethiopian-arab-israelis-palestinians-surge-during-ben-gvirs-tenure/000001a0-574f-d4eb-affc-5f7fee650000,Haaretz,Josh Breiner,2026-08-31T12:46:13,2026-08-31 18:52:39.892003,https://www.haaretz.com/israel-news/israel-crime/2026-08-31/ty-article/.premium/arrests-of-ethiopian-arab-israelis-palestinians-surge-during-ben-gvirs-tenure/000001a0-574f-d4eb-affc-5f7fee650000
U.K. Jewish establishment: Sanctions on Israeli settlements could endanger British Jews,"As the British government weighs unprecedented measures against West Bank settlements over Israel's expansion plans, U.K. Jewish leaders warn they could fuel a wider boycott of Israel, while a left-wing Jewish group says they are the minimum required",https://www.haaretz.com/world-news/europe/2026-08-31/ty-article/.premium/u-k-jewish-establishment-sanctions-on-israeli-settlements-could-endanger-jews/000001a0-576e-d3eb-abf5-577f20c30000,Haaretz,Ben Kroll,2026-08-31T12:47:32,2026-08-31 18:52:39.891987,https://www.haaretz.com/world-news/europe/2026-08-31/ty-article/.premium/u-k-jewish-establishment-sanctions-on-israeli-settlements-could-endanger-jews/000001a0-576e-d3eb-abf5-577f20c30000
Aliza Auerbach photographed a Jerusalem that no longer exists,"On the tenth anniversary of photographer Aliza Auerbach's death, a new exhibition focuses on the singular, deeply personal perspective through which she portrayed Israel's capital",https://www.haaretz.com/life/2026-08-31/ty-article-magazine/.premium/aliza-auerbach-photographed-a-jerusalem-that-no-longer-exists/000001a0-56fc-d887-a3fa-fffe014d0000,Haaretz,Naama Riba,2026-08-31T13:11:21,2026-08-31 18:52:39.891970,https://www.haaretz.com/life/2026-08-31/ty-article-magazine/.premium/aliza-auerbach-photographed-a-jerusalem-that-no-longer-exists/000001a0-56fc-d887-a3fa-fffe014d0000
Israel reports second citizen missing in devastating Nepal floods,"Israel's Foreign Ministry said the second Israeli to go missing is a woman, adding that Israel's consul in Kathmandu is in contact with her family and local authorities. More than 3,000 remain missing after floods hit Nepal-China border region",https://www.haaretz.com/israel-news/2026-08-31/ty-article/israel-reports-second-citizen-missing-in-devastating-nepal-floods/000001a0-57db-d822-a3b8-57dfd8ff0000,Haaretz,Haaretz,2026-08-31T13:29:29,2026-08-31 18:52:39.891954,https://www.haaretz.com/israel-news/2026-08-31/ty-article/israel-reports-second-citizen-missing-in-devastating-nepal-floods/000001a0-57db-d822-a3b8-57dfd8ff0000
Israel's worst war will break out on October 27,"Netanyahu will refuse to concede on election night, and the ensuing chaos could propel Israel toward civil conflict, a bloody intifada and regional war",https://www.haaretz.com/opinion/2026-08-31/ty-article-opinion/.premium/israels-worst-war-will-break-out-on-october-27/000001a0-5751-d8bc-a7b8-ffdd56c60000,Haaretz,Rogel Alpher,2026-08-31T13:32:54,2026-08-31 18:52:39.891937,https://www.haaretz.com/opinion/2026-08-31/ty-article-opinion/.premium/israels-worst-war-will-break-out-on-october-27/000001a0-5751-d8bc-a7b8-ffdd56c60000
Do Israelis care about settler violence enough to change their vote?,,https://www.haaretz.com/israel-news/podcasts/2026-08-31/ty-article-podcast/do-israelis-care-about-settler-violence-enough-to-change-their-vote/000001a0-5728-d822-a3b8-577f3edd0000,Haaretz,Haaretz Podcast,2026-08-31T13:38:09,2026-08-31 18:52:39.891921,https://www.haaretz.com/israel-news/podcasts/2026-08-31/ty-article-podcast/do-israelis-care-about-settler-violence-enough-to-change-their-vote/000001a0-5728-d822-a3b8-577f3edd0000
"Sex, apocalypse and Wile E. Coyote: An eyebrow-raising week at the cinema","Like many other film industry figures, director of the moment Pedro Almodóvar likes to talk about Israel-Palestine, just not in his movies. Will we ever see his perspective on the big screen? Meanwhile, if you're looking for a good time, 'Coyote vs. Acme' provides live-action animation genius",https://www.haaretz.com/life/film/2026-08-31/ty-article-magazine/.premium/sex-apocalypse-and-wile-e-coyote-an-eyebrow-raising-week-at-the-cinema/000001a0-51f7-dc79-a3e1-5ff770580000,Haaretz,Adrian Hennigan,2026-08-31T14:36:36,2026-08-31 18:52:39.891905,https://www.haaretz.com/life/film/2026-08-31/ty-article-magazine/.premium/sex-apocalypse-and-wile-e-coyote-an-eyebrow-raising-week-at-the-cinema/000001a0-51f7-dc79-a3e1-5ff770580000
Greece gets an 'Achilles Shield' in $3.5 billion Israeli defense deal,"The Israeli Defense Ministry called the agreement the largest defense export contract with Athens, and one of the largest of its kind with any country",https://www.haaretz.com/israel-news/israel-security/2026-08-31/ty-article/.premium/greece-gets-an-achilles-shield-in-3-5-billion-israeli-defense-deal/000001a0-57d3-d4eb-affc-5ffbbcd40000,Haaretz,Yaniv Kubovich,2026-08-31T14:44:12,2026-08-31 18:52:39.891884,https://www.haaretz.com/israel-news/israel-security/2026-08-31/ty-article/.premium/greece-gets-an-achilles-shield-in-3-5-billion-israeli-defense-deal/000001a0-57d3-d4eb-affc-5ffbbcd40000
Yair Netanyahu angers British far right by backing Argentina's claim to Falklands,"The Israeli prime minister's son asked a British far-right leader, 'Why the hell should we take your side?' citing Israel's close ties with Argentina's Javier Milei. This prompted calls for the Netanyahu government to clarify its official position",https://www.haaretz.com/israel-news/israel-politics/2026-08-31/ty-article/.premium/yair-netanyahu-angers-british-far-right-by-backing-argentinas-falklands-claim/000001a0-5851-d822-a3b8-5a5f6cc90000,Haaretz,Ben Kroll,2026-08-31T15:27:30,2026-08-31 18:52:39.891868,https://www.haaretz.com/israel-news/israel-politics/2026-08-31/ty-article/.premium/yair-netanyahu-angers-british-far-right-by-backing-argentinas-falklands-claim/000001a0-5851-d822-a3b8-5a5f6cc90000
"Netanyahu casts himself as a shunned child in election ad, his rivals pounce","'This is the most cynical shit I've ever seen in my life,' said Gadi Eisenkot's top adviser. The prime minister called for an end to political boycotts against him, despite his own attacks on Arab and left-wing parties",https://www.haaretz.com/israel-news/elections/2026-08-31/ty-article/.premium/netanyahu-casts-himself-as-a-shunned-child-in-election-ad-his-rivals-pounce/000001a0-5815-d9b7-abaf-fa772cf90000,Haaretz,Ben Kroll,2026-08-31T16:26:35,2026-08-31 18:52:39.891851,https://www.haaretz.com/israel-news/elections/2026-08-31/ty-article/.premium/netanyahu-casts-himself-as-a-shunned-child-in-election-ad-his-rivals-pounce/000001a0-5815-d9b7-abaf-fa772cf90000
"From Tel Aviv, watching Serbia mourn war criminal Mladic sends a shiver of familiarity","Thirty years from now, will Israelis solemnly bless Netanyahu or former defense chief Gallant, both facing charges at the ICC? Learn from Serbia how denial of crimes will stymie a better, more democratic future",https://www.haaretz.com/world-news/2026-08-31/ty-article-magazine/.premium/watching-serbia-mourn-war-criminal-mladic-sends-a-shiver-of-familiarity/000001a0-57f3-d3eb-abf5-57fffe970000,Haaretz,Dahlia Scheindlin,2026-08-31T16:31:48,2026-08-31 18:52:39.891820,https://www.haaretz.com/world-news/2026-08-31/ty-article-magazine/.premium/watching-serbia-mourn-war-criminal-mladic-sends-a-shiver-of-familiarity/000001a0-57f3-d3eb-abf5-57fffe970000
'We can vet all day long': Georgia's Mike Collins responds to antisemitism scandals dogging Senate campaign,"At the Republican Jewish Coalition's conference, Mike Collins sought to reassure Jewish voters after three people in his orbit – including his son-in-law – were implicated in antisemitic, white nationalist activity online",https://www.haaretz.com/us-news/2026-08-31/ty-article/.premium/rep-mike-collins-says-vetting-cant-prevent-staff-antisemitism-scandals/000001a0-5898-d4eb-affc-59b8a71e0000,Haaretz,Arno Rosenfeld,2026-08-31T16:32:35,2026-08-31 18:52:39.891802,https://www.haaretz.com/us-news/2026-08-31/ty-article/.premium/rep-mike-collins-says-vetting-cant-prevent-staff-antisemitism-scandals/000001a0-5898-d4eb-affc-59b8a71e0000
"Poll: New far-right party passes threshold, Netanyahu challengers lose two seats","This is the first poll in which Ofer Winter's Amcha Yisrael party has been surveyed, and it received four Knesset seats. Despite Likud losing one seat, the coalition bloc gained one. Parties seeking to unseat Netanyahu, however, lost two seats in total",https://www.haaretz.com/israel-news/elections/2026-08-31/ty-article/.premium/poll-new-far-right-party-passes-threshold-netanyahu-challengers-lose-two-seats/000001a0-583a-d3eb-abf5-5f7f80cd0000,Haaretz,Haaretz,2026-08-31T16:43:26,2026-08-31 18:52:39.891783,https://www.haaretz.com/israel-news/elections/2026-08-31/ty-article/.premium/poll-new-far-right-party-passes-threshold-netanyahu-challengers-lose-two-seats/000001a0-583a-d3eb-abf5-5f7f80cd0000
Trade ban on settlement goods won't hurt Britain's Jews as much as opposing it might,"Automatically rejecting a measure against unlawful activity – which the majority of Israelis do not engage in, even if they are apathetic to it – will definitely make it easier for bad-faith actors to make the conflation that every Jew supports the disenfranchisement of Palestinians",https://www.haaretz.com/israel-news/haaretz-today/2026-08-31/ty-article/.highlight/trade-ban-on-settlement-goods-wont-hurt-u-k-jews-as-much-as-opposing-it-might/000001a0-581a-d822-a3b8-5a5f67380000,Haaretz,Ori Morad,2026-08-31T18:03:23,2026-08-31 18:52:39.891765,https://www.haaretz.com/israel-news/haaretz-today/2026-08-31/ty-article/.highlight/trade-ban-on-settlement-goods-wont-hurt-u-k-jews-as-much-as-opposing-it-might/000001a0-581a-d822-a3b8-5a5f67380000
Ex-Centrist Jewish MK joins United Arab List slate for 2026 Israeli election,"Segalovitz, a former police commander and lawmaker, said the partnership aims to break down political divides between Jewish and Arab Israelis and build cooperation based on trust and a shared effort to improve the country",https://www.haaretz.com/israel-news/elections/2026-08-31/ty-article/.premium/ex-centrist-jewish-mk-joins-united-arab-list-slate-for-2026-israeli-election/000001a0-5767-d4eb-affc-5f7f20d40000,Haaretz,Jack Khoury,2026-08-31T18:11:19,2026-08-31 18:52:39.891740,https://www.haaretz.com/israel-news/elections/2026-08-31/ty-article/.premium/ex-centrist-jewish-mk-joins-united-arab-list-slate-for-2026-israeli-election/000001a0-5767-d4eb-affc-5f7f20d40000
Nobel Prize-winning Israeli chemist Ada Yonath dies at 87,"Yonath, who won the 2009 Nobel Prize in chemistry, was the first to uncover the ribosome's complete structure, despite years of skepticism from fellow scientists who dismissed her research as unrealistic",https://www.haaretz.com/israel-news/science/2026-08-31/ty-article/.premium/nobel-prize-winning-israeli-chemist-ada-yonath-dies-at-87/000001a0-58c6-d692-a5e3-fade20f00000,Haaretz,Ofer Aderet,2026-08-31T18:30:35,2026-08-31 18:52:39.891716,https://www.haaretz.com/israel-news/science/2026-08-31/ty-article/.premium/nobel-prize-winning-israeli-chemist-ada-yonath-dies-at-87/000001a0-58c6-d692-a5e3-fade20f00000
Metropolitan Museum of Art Cancels Met Gala Exhibit on John Galliano Following Backlash Over Antisemitic Comments,"The Metropolitan Museum of Art on Monday canceled its scheduled 2027 Met Gala exhibit highlighting British fashion designer John Galliano,...",https://www.algemeiner.com/2026/08/31/metropolitan-museum-art-cancels-met-gala-exhibit-john-galliano-following-backlash-antisemitic-comments/,Algemeiner,Shiryn Ghermezian,2026-08-31T14:56:27,2026-08-31 18:52:34.541009,https://www.algemeiner.com/?p=778699
Thousands of Israeli Expats Book Flights Home for High-Stakes Election,"Tens of thousands of Israelis living abroad are preparing to fly home for October&#8217;s national election, with demand already driving...",https://www.algemeiner.com/2026/08/31/thousands-israeli-expats-book-flights-home-high-stakes-election/,Algemeiner,Gabriel Ostrovsky,2026-08-31T16:50:50,2026-08-31 18:52:34.540992,https://www.algemeiner.com/?p=778712
"Murderer of 37, Including 12 Children, Is a Role Model for Palestinian Women at University","At Palestinian universities, Mahmoud Abbas&#8217; Fatah Movement has a committee for female students, called &#8220;The Sisters of Dalal Committee&#8221; named after...",https://www.algemeiner.com/2026/08/31/murderer-37-including-12-children-role-model-palestinian-women-university/,Algemeiner,Itamar Marcus,2026-08-31T17:59:24,2026-08-31 18:52:34.540976,https://www.algemeiner.com/?p=778692
E1 Explained: The Small Zoning Tender That Triggered a Global Uproar,"The E1 settlement plan has long made front-page news, with major international outlets repeatedly presenting it as Israel&#8217;s plan to divide...",https://www.algemeiner.com/2026/08/31/e1-explained-small-zoning-tender-triggered-global-uproar/,Algemeiner,Sharon Levy,2026-08-31T18:04:05,2026-08-31 18:52:34.540959,https://www.algemeiner.com/?p=778695
Israel’s Democracy Does Not Need Foreign Supervisors,"There is a peculiar phenomenon surrounding Israel that seems to intensify whenever elections approach. People thousands of miles away, many...",https://www.algemeiner.com/2026/08/31/israels-democracy-does-not-need-foreign-supervisors/,Algemeiner,Sabine Sterk,2026-08-31T18:08:39,2026-08-31 18:52:34.540942,https://www.algemeiner.com/?p=778689
"On Antisemitism, Many Democrats Mask Damaging Policies With Empty Rhetoric",This summer&#8217;s antisemitic attack in New York City&#8217;s Central Synagogue was followed by the predictable chorus of politicians condemning the...,https://www.algemeiner.com/2026/08/31/on-antisemitism-many-democrats-mask-damaging-policies-empty-rhetoric/,Algemeiner,Irit Tratt,2026-08-31T18:15:07,2026-08-31 18:52:34.540924,https://www.algemeiner.com/?p=778685
"Spanish PM Blames Russia, Israel for Disinformation in Ceuta Migrant Crisis",Spanish Prime Minister Pedro Sanchez said on Monday there were signs Russia and Israel had spread the disinformation over Spain&#8217;s migration policy that triggered last month&#8217;s rush...,https://www.algemeiner.com/2026/08/31/spanish-pm-blames-russia-israel-disinformation-ceuta-migrant-crisis/,Algemeiner,Reuters and Algemeiner Staff,2026-08-31T18:49:37,2026-08-31 18:52:34.540903,https://www.algemeiner.com/?p=778727
Iran targets Netanyahu’s son as Trump turns up pressure on regime,"“Jerusalem Minute” is your JNS weekly news briefing filmed in the JNS Media Hub in Jerusalem, the heart of where some of Israel’s biggest stories unfold. Hosted by Alex Traiman, JNS CEO and Jerusalem bureau chief, and Middle East correspondent Josh Hasten, the show delivers sharp, real-time analysis on the events shaping Israel and the Middle East. From Gaza to Lebanon to Iran’s regional aggression, U.S.-Israel diplomacy and domestic political turmoil, “Jerusalem Minute” offers an up-to-the-minute picture of what’s happening and why it matters. Bring an understanding of the history of the Middle East and insider perspectives, Traiman and Hasten unpack Israel’s most urgent developments. Each episode connects breaking news to the broader geopolitical landscape—examining how global decisions, regional tensions and media narratives impact Israel’s security and diplomacy. For anyone seeking a credible, fast-moving analysis of Israel news and Middle East affairs, “Jerusalem Minute” delivers context and clarity you won’t find anywhere else. See more at: @JNS_TV and subscribe to our YouTube channel.",https://www.jns.org/jns-tv/jlminute/iran-targets-netanyahus-son-as-trump-turns-up-pressure-on-regime,JNS,Josh Hasten,2026-08-31T12:03:52,2026-08-31 18:52:32.181295,https://www.jns.org/jns-tv/jlminute/iran-targets-netanyahus-son-as-trump-turns-up-pressure-on-regime
The extraordinary seductiveness of the left,The right often finds the left inexplicable. It shouldn’t.,https://www.jns.org/opinion/column/benjamin-kerstein/the-extraordinary-seductiveness-of-the-left,JNS,Benjamin Kerstein,2026-08-31T13:00:00,2026-08-31 18:52:32.181246,https://www.jns.org/opinion/column/benjamin-kerstein/the-extraordinary-seductiveness-of-the-left
Court again dismisses claim DC rabbi stalked anti-Israel protesters,"Rabbi Shmuel Herzfeld’s comments fell “comfortably on the protected-speech side of the line between political hyperbole and true threats,” the Washington appeals court ruled.",https://www.jns.org/news/u-s-news/court-again-dismisses-claim-dc-rabbi-stalked-anti-israel-protesters,JNS,Mike Wagenheim,2026-08-31T13:30:00,2026-08-31 18:52:32.181232,https://www.jns.org/news/u-s-news/court-again-dismisses-claim-dc-rabbi-stalked-anti-israel-protesters
"Canadians moving to Israel find Jewish future, worry about those left behind","“We’re very proud Jews. We want to live like proud Jews,” a Toronto-area father told JNS.",https://www.jns.org/news/israel-news/canadians-moving-to-israel-find-jewish-future-worry-about-those-left-behind,JNS,Jessica Russak-Hoffman,2026-08-31T13:45:00,2026-08-31 18:52:32.181215,https://www.jns.org/news/israel-news/canadians-moving-to-israel-find-jewish-future-worry-about-those-left-behind
"US federal funding rules discriminate against faith-based charities, Justice Department says","A legal opinion from the department states that federal funding restrictions ""may deter religious institutions from participating altogether in federally funded programs.""",https://www.jns.org/news/u-s-news/us-federal-funding-rules-discriminate-against-faith-based-charities-justice-department-says,JNS,,2026-08-31T14:00:00,2026-08-31 18:52:32.181200,https://www.jns.org/news/u-s-news/us-federal-funding-rules-discriminate-against-faith-based-charities-justice-department-says
"‘Correct decision’ by Met to cancel exhibit honoring British designer with history of Jew-hatred, Menin says","“From the beginning, I have told them that I strongly disagreed with this decision, and at this rising time of antisemitism, it had served as a gut punch to the Jewish community,” the speaker of the New York City Council said.",https://www.jns.org/news/u-s-news/correct-decision-by-met-to-cancel-exhibit-honoring-british-designer-with-history-of-jew-hatred-menin-says,JNS,Rikki Zagelbaum,2026-08-31T14:55:43,2026-08-31 18:52:32.181182,https://www.jns.org/news/u-s-news/correct-decision-by-met-to-cancel-exhibit-honoring-british-designer-with-history-of-jew-hatred-menin-says
"First Jordan, then Egypt: Xi Jinping’s search for a new MO in the Middle East","China has become the dominant trading partner for much of the region, remaining extraordinarily dependent on area stability without taking steps to contribute to it.",https://www.jns.org/opinion/carice-witte/first-jordan-then-egypt-xi-jinpings-search-for-a-new-mo-in-the-middle-east,JNS,Carice Witte,2026-08-31T15:15:00,2026-08-31 18:52:32.181162,https://www.jns.org/opinion/carice-witte/first-jordan-then-egypt-xi-jinpings-search-for-a-new-mo-in-the-middle-east
Sa'ar accuses Spanish PM of 'lying shamelessly' over Israel’s alleged role in Ceuta migrant crisis,The Israeli foreign minister rejected the Spanish prime minister’s claim that Israeli-linked social media accounts helped spread disinformation surrounding last month’s mass migrant influx into the North African enclave.,https://www.jns.org/news/israel-news/saar-accuses-spanish-pm-of-lying-shamelessly-over-israels-alleged-role-in-ceuta-migrant-crisis,JNS,David Isaac,2026-08-31T15:40:14,2026-08-31 18:52:32.181145,https://www.jns.org/news/israel-news/saar-accuses-spanish-pm-of-lying-shamelessly-over-israels-alleged-role-in-ceuta-migrant-crisis
Kavannah: A meditation,"This year, the 25th anniversary of 9/11 falls on the Jewish holiday of Rosh Hashanah.",https://www.jns.org/opinion/rabbi-avi-weiss/kavannah-a-meditation,JNS,Rabbi Avi Weiss,2026-08-31T16:00:00,2026-08-31 18:52:32.181126,https://www.jns.org/opinion/rabbi-avi-weiss/kavannah-a-meditation
"Attack on Lander shows extremists ‘don’t distinguish between Jews,’ Israeli envoy says","Brad Lander, the Jewish former New York City comptroller who has accused the Jewish state of “genocide,” was accosted by anti-Israel protesters recently.",https://www.jns.org/news/u-s-news/attack-on-lander-shows-extremists-dont-distinguish-between-jews-israeli-envoy-says,JNS,Rebecca Szlechter,2026-08-31T16:15:00,2026-08-31 18:52:32.181112,https://www.jns.org/news/u-s-news/attack-on-lander-shows-extremists-dont-distinguish-between-jews-israeli-envoy-says
The ‘Times’ and the BBC are ignoring an Amnesty report on Hamas,A new report on extrajudicial executions against Palestinian Arabs in Gaza doesn’t fit the narrative the two mainstream news outlets have been pushing these last three years.,https://www.jns.org/opinion/maia-zelkha/the-times-and-the-bbc-are-ignoring-an-amnesty-report-on-hamas,JNS,Maia Zelkha,2026-08-31T17:00:00,2026-08-31 18:52:32.181093,https://www.jns.org/opinion/maia-zelkha/the-times-and-the-bbc-are-ignoring-an-amnesty-report-on-hamas
El-Sayed shares donors with former GOP candidate who targeted opponent with antisemitic attacks,"Nearly two dozen donors gave more than $61,000 combined to the Michigan Democratic Senate nominee and Dan Bilzerian, who called Rep. Randy Fine a “fat Jew” during his campaign.",https://www.jns.org/news/u-s-news/el-sayed-shares-donors-with-former-gop-candidate-who-targeted-opponent-with-antisemitic-attacks,JNS,Rebecca Szlechter,2026-08-31T17:14:00,2026-08-31 18:52:32.181074,https://www.jns.org/news/u-s-news/el-sayed-shares-donors-with-former-gop-candidate-who-targeted-opponent-with-antisemitic-attacks
Justice Dept asks court to sentence Connecticut man to 15 years for attempting to join ISIS,"""In the almost seven years since the defendant was arrested and detained, there is no evidence that he has reconsidered these beliefs or deradicalized,"" per the government's sentencing memo.",https://www.jns.org/news/u-s-news/justice-dept-asks-court-to-sentence-connecticut-man-to-15-years-for-attempting-to-join-isis,JNS,,2026-08-31T18:07:23,2026-08-31 18:52:32.181049,https://www.jns.org/news/u-s-news/justice-dept-asks-court-to-sentence-connecticut-man-to-15-years-for-attempting-to-join-isis
The Jewish Agency’s Campers2Gether Program Brings Israeli Teens to Jewish Summer Camps in LA,Campers2Gether sends more than 700 Israeli teens from communities that have been impacted by the war to 34 Jewish overnight camps in North America. The post The Jewish Agency’s Campers2Gether Program Brings Israeli Teens to Jewish Summer Camps in LA appeared first on Jewish Journal .,https://jewishjournal.com/community/391716/the-jewish-agencys-campers2gether-program-brings-israeli-teens-to-jewish-summer-camps-in-la/,Jewish Journal,Kylie Ora Lobell,2026-08-31T17:52:24,2026-08-31 18:52:29.147196,https://jewishjournal.com/?p=391716
Julie Moos named as the Forward’s New Editor-in-Chief & Chief Content Officer,"The Forward today announced the appointment of Julie Moos as Editor-in-Chief &#38; Chief Content Officer. This newly created executive position merges newsroom leadership with audience strategy, positioning the nation’s premier independent Jewish news outlet to accelerate digital growth and serve audiences across platforms. The appointment was announced by Forward Publisher &#38; CEO Rachel Fishman Feddersen.... The post Julie Moos named as the Forward’s New Editor-in-Chief &#038; Chief Content Officer appeared first on The Forward .",https://forward.com/communications/847661/julie-moos-named-as-the-forwards-new-editor-in-chief-chief-content-officer/,The Forward,The Forward,2026-08-31T15:58:40,2026-08-31 18:52:24.855949,https://forward.com/?p=847661
John Galliano bows out of Met exhibition as backlash over antisemitism mounts,"(JTA) — John Galliano withdrew from a planned exhibition of his work at the Metropolitan Museum of Art in response to a rapidly escalating controversy over the museum’s decision to honor the fashion designer despite his history of antisemitic and racist remarks. Galliano said Monday that, after discussions with the Met and others involved in... The post John Galliano bows out of Met exhibition as backlash over antisemitism mounts appeared first on The Forward .",https://forward.com/fast-forward/847682/john-galliano-bows-out-of-met-exhibition-as-backlash-over-antisemitism-mounts/,The Forward,Andrew Silow-Carroll,2026-08-31T16:21:09,2026-08-31 18:52:24.855919,https://forward.com/?p=847682
Trump wants to remake Washington — Hitler tried to do the same to Berlin,“It was natural that I also followed my passion for architecture. My faith increased that after many years my dreams would become reality. I was firmly convinced that I would win fame as a builder.” &#8211;Adolf Hitler “I own buildings. I’m a builder; I know how to build. Nobody can build like I can build.”... The post Trump wants to remake Washington — Hitler tried to do the same to Berlin appeared first on The Forward .,https://forward.com/opinion/847412/trump-kennedy-center-monuments-hitler-germania/,The Forward,Terrence Petty,2026-08-31T18:03:36,2026-08-31 18:52:24.855885,https://forward.com/?p=847412
John Galliano bows out of Met exhibition as backlash over antisemitism mounts,"A decision to honor the designer despite his past antisemitic and anti-Asian remarks drew mounting opposition in recent weeks from politicians, prominent donors and Jewish leaders. -- The post John Galliano bows out of Met exhibition as backlash over antisemitism mounts appeared first on Jewish Telegraphic Agency .",https://www.jta.org/2026/08/31/culture/john-galliano-bows-out-of-met-exhibition-as-backlash-over-antisemitism-mounts,JTA,Andrew Silow-Carroll,2026-08-31T16:07:51,2026-08-31 18:52:22.209743,https://www.jta.org/?p=1907148
"U.S. Jews track Israeli election, with most hoping for government’s ouster, poll finds","As the Israeli election draws near, a new study finds that American Jews who are actively engaged with the Jewish community strongly prefer Israel’s opposition parties over its current government, by nearly 4-to-1, as a sizable minority abstains from voicing an opinion. While Diaspora Jews cannot vote in Israeli elections (nor can Israeli citizens living... Read More The post U.S. Jews track Israeli election, with most hoping for government&#8217;s ouster, poll finds appeared first on eJewishPhilanthropy .",https://ejewishphilanthropy.com/u-s-jews-track-israeli-election-with-most-hoping-for-governments-ouster-poll-finds/,eJewish Philanthropy,Judah Ari Gross,2026-08-31T12:33:38,2026-08-31 18:52:19.678928,https://ejewishphilanthropy.com/?p=179454
"The businessman urging U.S. Jews to make ‘aliyah,’ hoping it will set Israel on a better path","Gilad Ramot describes himself as an Israeli businessman — a concerned one. In a country he loves, one trend alarms him above all: what he sees as Israels drift toward illiberalism. Ramot belongs to a growing cadre of elite Israelis unsettled by that trajectory, with many launching their own initiatives to address it. Some are... Read More The post The businessman urging U.S. Jews to make ‘aliyah,’ hoping it will set Israel on a better path appeared first on eJewishPhilanthropy .",https://ejewishphilanthropy.com/the-businessman-urging-u-s-jews-to-make-aliyah-hoping-it-will-set-israel-on-a-better-path/,eJewish Philanthropy,Justin Hayet,2026-08-31T12:40:10,2026-08-31 18:52:19.678899,https://ejewishphilanthropy.com/?p=179455
"Emanuel brothers donate $550,000 to program training Palestinian doctors at Israeli hospital","Presumed 2028 Democratic presidential candidate Rahm Emanuel and his brothers, Ezekiel and Ari, are donating $550,000 to fund the training of pediatric doctors and nurses from An-Najah University Hospital in the West Bank city of Nablus at Tel Aviv Sourasky Medical Center through the medical nonprofit Rozana, the organization announced on Monday. The gift, which... Read More The post Emanuel brothers donate $550,000 to program training Palestinian doctors at Israeli hospital appeared first on eJewishPhilanthropy .",https://ejewishphilanthropy.com/emanuel-brothers-donate-550000-to-program-training-palestinian-doctors-at-israeli-hospital/,eJewish Philanthropy,Judah Ari Gross,2026-08-31T12:46:59,2026-08-31 18:52:19.678867,https://ejewishphilanthropy.com/?p=179463
"Your Daily Phil: Diaspora Jews can’t vote in Israel, but they sure are taking sides","The post Your Daily Phil: Diaspora Jews can&#8217;t vote in Israel, but they sure are taking sides appeared first on eJewishPhilanthropy .",https://ejewishphilanthropy.com/your-daily-phil-diaspora-jews-cant-vote-in-israel-but-they-sure-are-taking-sides/,eJewish Philanthropy,EJP,2026-08-31T14:22:39,2026-08-31 18:52:19.678824,https://ejewishphilanthropy.com/?p=179479
Will my kids carry on our family's Iraqi Jewish customs?,This story was originally published in the Forward. My big sister’s henna party earlier this month was fabulous. Hundreds of relatives danced to Arabic music while an Israeli-Arab singer belted [&#8230;],https://jweekly.com/2026/08/31/my-sisters-iraqi-henna-party-was-fabulous-im-scared-my-kids-wont-have-one/,J. Weekly,Simone Saidmehr,2026-08-31T17:13:53,2026-08-31 18:52:17.237126,https://jweekly.com/?p=310493
GOP Jews rail against Democrats at Vegas summit,"LAS VEGAS – Nearly 1,000 top GOP Jewish donors gathered here at the Venetian Sunday for the Republican Jewish Coalition&#8217;s annual two-day summit that was both an occasion for solidarity [&#8230;]",https://jweekly.com/2026/08/31/gop-jews-rail-against-democrats-at-vegas-confab-but-worry-about-their-own-partys-israel-drift/,J. Weekly,Arno Rosenfeld,2026-08-31T17:24:15,2026-08-31 18:52:17.237099,https://jweekly.com/?p=310499
Who wrote the Zohar?,"Tradition hails Shimon Bar Yohai as the author of 'The Book of Splendor,' the 'mystical novel' with commentary on the Torah. But he can't have been",https://www.haaretz.com/jewish/2026-08-31/ty-article-magazine/.premium/who-wrote-the-zohar/000001a0-52f0-d692-a5e3-f2fc7bde0000,Haaretz,Elon Gilad,2026-08-30T23:58:44,2026-08-31 11:24:18.891743,https://www.haaretz.com/jewish/2026-08-31/ty-article-magazine/.premium/who-wrote-the-zohar/000001a0-52f0-d692-a5e3-f2fc7bde0000
"GOP Jews rail against Democrats at Vegas confab, but worry about their own party's Israel drift","At the Republican Jewish Coalition's annual Las Vegas summit, Abdul El-Sayed and the left drew boos – but Vice President JD Vance's looming appearance underscored fears that the GOP's pro-Israel consensus may not outlast Donald Trump",https://www.haaretz.com/us-news/2026-08-31/ty-article/.premium/gop-jews-bash-democrats-at-vegas-but-worry-about-their-partys-israel-drift/000001a0-563d-d692-a5e3-f67d6ea70000,Haaretz,Arno Rosenfeld,2026-08-31T08:36:07,2026-08-31 11:24:18.891711,https://www.haaretz.com/us-news/2026-08-31/ty-article/.premium/gop-jews-bash-democrats-at-vegas-but-worry-about-their-partys-israel-drift/000001a0-563d-d692-a5e3-f67d6ea70000
"Weeks into West Bank siege, police seek warrants for settlers involved in attack","The police's action follows a top court petition by 10 Palestinian residents, which alleges that settlers repeatedly attacked the village of Qusra as the army failed to enforce a closure order. The settlers remain in the village",https://www.haaretz.com/west-bank/2026-08-31/ty-article/.premium/weeks-into-west-bank-siege-police-seek-warrants-for-settlers-involved-in-attack/000001a0-5676-dcfd-a9b9-7e76e0180000,Haaretz,Matan Golan,2026-08-31T09:00:43,2026-08-31 11:24:18.891676,https://www.haaretz.com/west-bank/2026-08-31/ty-article/.premium/weeks-into-west-bank-siege-police-seek-warrants-for-settlers-involved-in-attack/000001a0-5676-dcfd-a9b9-7e76e0180000
"For Israeli vets with PTSD, soccer is a friendly game again",Roaring crowds and exploding fireworks can make soccer matches unbearable for veterans with PTSD. A new initiative is helping them return to the game they love,https://www.haaretz.com/israel-news/israel-security/2026-08-31/ty-article-magazine/.premium/for-israeli-vets-with-ptsd-soccer-is-a-friendly-game-again/000001a0-5345-d3eb-abf5-575ff1500000,Haaretz,Yotam Koren,2026-08-31T09:06:04,2026-08-31 11:24:18.891646,https://www.haaretz.com/israel-news/israel-security/2026-08-31/ty-article-magazine/.premium/for-israeli-vets-with-ptsd-soccer-is-a-friendly-game-again/000001a0-5345-d3eb-abf5-575ff1500000
"IDF soldiers guard West Bank settler raid, shoot four Palestinians, reports say","Two minors were among the Palestinians wounded, medics said. Settlers then reportedly besieged a house and stole equipment from its yard while IDF forces operated in the area",https://www.haaretz.com/west-bank/2026-08-31/ty-article/.premium/idf-soldiers-guard-west-bank-settler-raid-shoot-four-palestinians-reports-say/000001a0-56a2-d085-a3fd-7ee2f9550000,Haaretz,Jack Khoury,2026-08-31T09:19:26,2026-08-31 11:24:18.891619,https://www.haaretz.com/west-bank/2026-08-31/ty-article/.premium/idf-soldiers-guard-west-bank-settler-raid-shoot-four-palestinians-reports-say/000001a0-56a2-d085-a3fd-7ee2f9550000
"Spain's Sanchez: Israel, Russia amplified disinformation over Ceuta migrant crisis","Sánchez said it was 'evident' that both countries had used the crisis to criticize the Spanish government, amid their disagreements with Madrid over the wars in Ukraine and the Middle East",https://www.haaretz.com/world-news/europe/2026-08-31/ty-article/spains-sanchez-israel-amplified-disinformation-over-ceuta-migrant-crisis/000001a0-56f1-d822-a3b8-56ffe0370000,Haaretz,Reuters,2026-08-31T10:12:19,2026-08-31 11:24:18.891591,https://www.haaretz.com/world-news/europe/2026-08-31/ty-article/spains-sanchez-israel-amplified-disinformation-over-ceuta-migrant-crisis/000001a0-56f1-d822-a3b8-56ffe0370000
Gefilte fish has never been hotter: This tiny Tel Aviv eatery is still a Groyse Metsie,"Ashkenazi restaurants are disappearing from Israel, but Keton has survived for 81 years by serving the same Eastern European dishes, and the memories that come with them. The place where people come to cry over a plate of jellied calf's foot",https://www.haaretz.com/food/2026-08-31/ty-article-magazine/.premium/gefilte-fish-has-never-been-hotter-this-tiny-tel-aviv-eatery-is-a-groyse-metsie/000001a0-51f5-db96-a7fb-f1f571910000,Haaretz,Rotem Maimon,2026-08-31T10:24:55,2026-08-31 11:24:18.891559,https://www.haaretz.com/food/2026-08-31/ty-article-magazine/.premium/gefilte-fish-has-never-been-hotter-this-tiny-tel-aviv-eatery-is-a-groyse-metsie/000001a0-51f5-db96-a7fb-f1f571910000
IDF: 16 male soldiers to be jailed for refusing to operate alongside female soldier,"As a result, the operation was canceled, the IDF said. Smotrich backed the troops, saying he would demand answers from the army, prompting former IDF chief Eisenkot to accuse him of calling for refusal to serve",https://www.haaretz.com/israel-news/israel-security/2026-08-31/ty-article/.premium/idf-16-male-soldiers-to-be-jailed-for-refusing-to-work-with-female-soldier/000001a0-56c0-d49c-afa0-fed378560000,Haaretz,Yaniv Kubovich,2026-08-31T10:57:21,2026-08-31 11:24:18.891521,https://www.haaretz.com/israel-news/israel-security/2026-08-31/ty-article/.premium/idf-16-male-soldiers-to-be-jailed-for-refusing-to-work-with-female-soldier/000001a0-56c0-d49c-afa0-fed378560000
Israel commemorates 129th anniversary of First Zionist Congress,"“We are here to lay the foundation stone of the house which is to shelter the Jewish nation,” Theodor Herzl said.",https://www.jns.org/news/israel-news/israel-commemorates-129th-anniversary-of-first-zionist-congress,JNS,JNS Staff,2026-08-31T02:05:00,2026-08-31 11:24:11.275353,https://www.jns.org/news/israel-news/israel-commemorates-129th-anniversary-of-first-zionist-congress
Netanyahu backs Slovenian PM in internal clash over Israel,"Janez Janša had defended blocking an E.U. condemnation of E1 plans, drawing criticism from President Nataša Pirc Musar.",https://www.jns.org/news/world/slovenian-leaders-clash-over-israel-policy,JNS,Canaan Lidor,2026-08-31T03:06:00,2026-08-31 11:24:11.275325,https://www.jns.org/news/world/slovenian-leaders-clash-over-israel-policy
"Quarter of Israelis may use AI to decide how to vote, survey finds",Seventy-one percent of respondents said they had encountered false election-related information frequently or occasionally.,https://www.jns.org/news/israel-news/quarter-of-israelis-may-use-ai-to-decide-how-to-vote-survey-finds,JNS,Pesach Benson/TPS-IL,2026-08-31T04:07:00,2026-08-31 11:24:11.275296,https://www.jns.org/news/israel-news/quarter-of-israelis-may-use-ai-to-decide-how-to-vote-survey-finds
Will gasoline be the final spark for a revolution in Iran?,Discontent with the regime existed long before the present fuel shortages.,https://www.jns.org/opinion/farid-alamdar/will-gasoline-be-the-final-spark-for-a-revolution-in-iran,JNS,Farid Alamdar,2026-08-31T04:30:00,2026-08-31 11:24:11.275270,https://www.jns.org/opinion/farid-alamdar/will-gasoline-be-the-final-spark-for-a-revolution-in-iran
"Domestic politics drive Britain's proposed ban on settlement goods, UK chief rabbi says","""I explained why I believe the UK Government’s intended sanctions will be counter-productive,” Rabbi Ephraim Mirvis said.",https://www.jns.org/news/world/domestic-politics-drive-britains-proposed-ban-on-settlement-goods-uk-chief-rabbi-says,JNS,JNS Staff,2026-08-31T05:17:50,2026-08-31 11:24:11.275246,https://www.jns.org/news/world/domestic-politics-drive-britains-proposed-ban-on-settlement-goods-uk-chief-rabbi-says
Australian documentary on cancel culture quashing Jewish artists is itself canceled,The film was also nixed by both of Australia’s national public broadcasters.,https://www.jns.org/news/antisemitism/australian-documentary-on-cancel-culture-quashing-jewish-artists-is-itself-canceled,JNS,Etgar Lefkovits,2026-08-31T05:46:28,2026-08-31 11:24:11.275217,https://www.jns.org/news/antisemitism/australian-documentary-on-cancel-culture-quashing-jewish-artists-is-itself-canceled
The Mecca pact is just a show,"Israel’s partnerships with the United States, India and the UAE are very real.",https://www.jns.org/opinion/joseph-rozen/the-mecca-pact-is-just-a-show,JNS,Joseph Rozen,2026-08-31T06:30:00,2026-08-31 11:24:11.275192,https://www.jns.org/opinion/joseph-rozen/the-mecca-pact-is-just-a-show
Suspected Palestinian poisoning of goats at Jewish farm in Binyamin raises broader concerns,"Farmers say the attacks are intended to drive them and their herd from the area, as local officials warn of a growing security threat.",https://www.jns.org/feature/suspected-palestinian-poisoning-of-goats-at-jewish-farm-in-binyamin-raises-broader-concerns,JNS,Josh Hasten,2026-08-31T07:05:46,2026-08-31 11:24:11.275167,https://www.jns.org/feature/suspected-palestinian-poisoning-of-goats-at-jewish-farm-in-binyamin-raises-broader-concerns
"Netanyahu: Defeating Iran could lead to end of Hamas, Hezbollah","The Israeli prime minister noted that while Tehran’s nuclear program was “hit hard,” the Islamic Republic has not renounced its nuclear aspirations.",https://www.jns.org/news/israel-news/netanyahu-defeating-iran-could-lead-to-end-of-hamas-hezbollah,JNS,JNS Staff,2026-08-31T08:38:56,2026-08-31 11:24:11.275139,https://www.jns.org/news/israel-news/netanyahu-defeating-iran-could-lead-to-end-of-hamas-hezbollah
"On Oct. 7, millions were saved","Had Hamas not been stopped, every Israeli Jew would have been killed.",https://www.jns.org/opinion/michael-berenhaus/on-oct-7-millions-were-saved,JNS,Michael Berenhaus,2026-08-31T09:00:00,2026-08-31 11:24:11.275109,https://www.jns.org/opinion/michael-berenhaus/on-oct-7-millions-were-saved
Some 2.6 million Israeli pupils set to start school year,The Education Ministry is introducing financial studies and expanding STEM and AI learning as post-Oct. 7 enrollment growth continues in the Gaza border region.,https://www.jns.org/news/israel-news/some-2-6-million-israeli-pupils-set-to-start-school-year,JNS,Joshua Marks,2026-08-31T09:47:38,2026-08-31 11:24:11.275085,https://www.jns.org/news/israel-news/some-2-6-million-israeli-pupils-set-to-start-school-year
Temple Sinai in Summerlin offers tuition-free religious school,"Serves students from kindergarten through 12th grade with hands-on Jewish learning focused on values, traditions, Hebrew, Israel and community.",https://www.jns.org/wire/temple-sinai-of-las-vegas/temple-sinai-in-summerlin-offers-tuition-free-religious-school,JNS,,2026-08-31T09:49:39,2026-08-31 11:24:11.275057,https://www.jns.org/wire/temple-sinai-of-las-vegas/temple-sinai-in-summerlin-offers-tuition-free-religious-school
"Israel, Greece ink $3.5 billion 'Achilles Shield' defense pact",The arms accord will see the largest-ever military export sale between Jerusalem and Athens.,https://www.jns.org/news/israel-news/israel-greece-ink-3-5-billion-achilles-shield-defense-pact,JNS,JNS Staff,2026-08-31T10:00:52,2026-08-31 11:24:11.275026,https://www.jns.org/news/israel-news/israel-greece-ink-3-5-billion-achilles-shield-defense-pact
Brandeis Center urges Ed Department to stop delaying release of documents on foreign funding sources for schools,"Karen Paikin Barall told JNS that “the American public has a right to know who is funding our universities, particularly when that funding may influence academic programs, what is taught and who is teaching it.”",https://www.jns.org/news/u-s-news/brandeis-center-urges-ed-department-to-stop-delaying-release-of-documents-on-foreign-funding-sources-for-schools,JNS,Aaron Bandler,2026-08-31T11:00:00,2026-08-31 11:24:11.274993,https://www.jns.org/news/u-s-news/brandeis-center-urges-ed-department-to-stop-delaying-release-of-documents-on-foreign-funding-sources-for-schools
"‘All of us have to bring down violence wherever we see it,’ El-Sayed says following address to Jewish Democrats","(JTA) — BIRMINGHAM – Michigan U.S. Senate candidate Abdul El-Sayed said he wished he could retract his past comments regarding a synagogue attack, speaking with the Jewish Telegraphic Agency minutes after he issued his second apology in as many days to the Jewish community in the Wolverine State. “If I had the opportunity to take... The post ‘All of us have to bring down violence wherever we see it,’ El-Sayed says following address to Jewish Democrats appeared first on The Forward .",https://forward.com/fast-forward/847601/el-sayed-address-to-jewish-democrats-michigan/,The Forward,Andrew Lapin,2026-08-31T08:30:41,2026-08-31 11:24:04.671048,https://forward.com/?p=847601
Randy Fine denounces ‘rise of Islam in America’ in address to Republican Jewish confab,"(JTA) — LAS VEGAS — Jewish far-right firebrand Randy Fine attacked Muslim politicians in the Democratic party as he addressed the Republican Jewish Coalition’s annual summit on Sunday night. There were many denouncements of democratic socialist politicians at the gathering’s gala dinner, but the Florida congressman’s criticism was the most pointed as he addressed, what... The post Randy Fine denounces &#8216;rise of Islam in America&#8217; in address to Republican Jewish confab appeared first on The Forward .",https://forward.com/fast-forward/847610/randy-fine-denounces-islam-america-republican-jewish-coalition/,The Forward,Joseph Strauss,2026-08-31T10:16:19,2026-08-31 11:24:04.670993,https://forward.com/?p=847610
Republican Mike Rogers is the Senate candidate Democrats need to save their party,"Many progressive Michiganders – especially in the Jewish community – will hold their nose and vote for Democratic Senatorial candidate Abdul El-Sayed despite his association, friendship and political partnership with antisemitic streamer Hasan Piker. Many will hold their nose because El-Sayed has called Israel a “rogue” state, refusing to recognize the Jewish State of Israel... The post Republican Mike Rogers is the Senate candidate Democrats need to save their party appeared first on The Forward .",https://forward.com/opinion/847586/democrats-need-republican-mike-rogers/,The Forward,Rabbi Asher Lopatin,2026-08-31T11:03:44,2026-08-31 11:24:04.670934,https://forward.com/?p=847586
What happened in the room where El-Sayed spoke to Jewish Michigan Dems,State Attorney General Dana Nessel assailed the Democratic Senate nominee’s views – but urged Jews to vote for him anyway. -- The post What happened in the room where El-Sayed spoke to Jewish Michigan Dems appeared first on Jewish Telegraphic Agency .,https://www.jta.org/2026/08/31/politics/all-of-us-have-to-bring-down-violence-wherever-we-see-it-el-sayed-says-following-address-to-jewish-democrats,JTA,Andrew Lapin,2026-08-31T05:28:24,2026-08-31 11:24:02.207728,https://www.jta.org/?p=1907114
Rep. Randy Fine denounces ‘rise of Islam in America’ at GOP Jewish confab,Speakers warned against DSA politicians taking over the Democratic party. -- The post Rep. Randy Fine denounces ‘rise of Islam in America’ at GOP Jewish confab appeared first on Jewish Telegraphic Agency .,https://www.jta.org/2026/08/31/politics/randy-fine-denounces-rise-of-islam-in-america-in-address-to-republican-jewish-confab,JTA,Joseph Strauss,2026-08-31T08:31:20,2026-08-31 11:24:02.207680,https://www.jta.org/?p=1907127
Israel doesn’t just need more food aid. It needs food aid infrastructure.,"In the weeks after Oct. 7, 2023, Jerusalem Food Rescuers received more than 2,300 requests for food. We could not meet them all, so we approached the Jerusalem Municipality and asked for a list of the organizations providing food assistance across the city. If we could not help a family ourselves, perhaps we could set... Read More The post Israel doesn&#8217;t just need more food aid. It needs food aid infrastructure. appeared first on eJewishPhilanthropy .",https://ejewishphilanthropy.com/israel-doesnt-just-need-more-food-aid-it-needs-food-aid-infrastructure/,eJewish Philanthropy,Daniella Seltzer,2026-08-31T06:54:00,2026-08-31 11:23:59.915697,https://ejewishphilanthropy.com/?p=179440
Philanthropy’s $328 billion blind spot,"Rosh Hashanah cards are arriving daily from every organization you have ever given to, Kol Nidre appeals are filling inboxes and families are sitting down to settle the years maaser, the tithe of their income. Its the season for reckoning — for asking not only what you owe and to whom, but what you should... Read More The post Philanthropy&#8217;s $328 billion blind spot appeared first on eJewishPhilanthropy .",https://ejewishphilanthropy.com/philanthropys-328-billion-blind-spot/,eJewish Philanthropy,Daphna Raskas,2026-08-31T09:00:00,2026-08-31 11:23:59.915642,https://ejewishphilanthropy.com/?p=179430
Who wrote the Zohar?,"Tradition hails Shimon Bar Yohai as the author of 'The Book of Splendor,' the 'mystical novel' with commentary on the Torah. But he can't have been",https://www.haaretz.com/jewish/2026-08-31/ty-article/.premium/who-wrote-the-zohar/000001a0-52f0-d692-a5e3-f2fc7bde0000,Haaretz,Elon Gilad,2026-08-30T23:58:44,2026-08-31 04:07:50.254210,https://www.haaretz.com/jewish/2026-08-31/ty-article/.premium/who-wrote-the-zohar/000001a0-52f0-d692-a5e3-f2fc7bde0000
Senior IDF officials: Growing risk of armed Palestinians organizing to return fire against violent settlers,Senior army officials expressed concern about an attack similar to the 2015 Duma arson and Palestinian acts of revenge against settler outposts. They also warn of the worsening disconnect between the army and police commanders,https://www.haaretz.com/west-bank/2026-08-31/ty-article/.premium/idf-risk-of-palestinians-firing-back-at-unrestrained-violent-settlers/000001a0-5427-da56-a3fd-f5bf35470000,Haaretz,Yaniv Kubovich,2026-08-31T01:29:38,2026-08-31 04:07:50.254180,https://www.haaretz.com/west-bank/2026-08-31/ty-article/.premium/idf-risk-of-palestinians-firing-back-at-unrestrained-violent-settlers/000001a0-5427-da56-a3fd-f5bf35470000
Netanyahu's right is turning anti-Arab incitement into election strategy,The bloc that is supposed to cleanse the cesspool of Israeli politics is submitting to Netanyahu's discourse dictates. How is it that the man who has inflicted so much damage on the country still sets the agenda for those who aspire to replace him?,https://www.haaretz.com/opinion/2026-08-31/ty-article-opinion/.premium/netanyahus-right-is-turning-anti-arab-incitement-into-election-strategy/000001a0-5438-de9b-a3f3-d57824960000,Haaretz,Noa Limone,2026-08-31T03:32:27,2026-08-31 04:07:50.254137,https://www.haaretz.com/opinion/2026-08-31/ty-article-opinion/.premium/netanyahus-right-is-turning-anti-arab-incitement-into-election-strategy/000001a0-5438-de9b-a3f3-d57824960000
JDC responds to aftermath of catastrophic flooding in Nepal,"Working through regional partners, it is providing critically needed clean water, hygiene kits, sanitary supplies and disease-outbreak prevention tools.",https://www.jns.org/wire/jdc/jdc-responds-to-aftermath-of-catastrophic-flooding-in-nepal,JNS,,2026-08-31T03:15:00,2026-08-31 04:07:43.044997,https://www.jns.org/wire/jdc/jdc-responds-to-aftermath-of-catastrophic-flooding-in-nepal
Casualties reported by Iranian state media in U.S. strike in Strait of Hormuz,"In the first attack in weeks, U.S. forces attacked Larak Island after Iran's Islamic Revolutionary Guard Corps was observed preparing to launch rockets carrying sea mines into the Strait of Hormuz, a U.S. official said",https://www.haaretz.com/middle-east-news/iran/2026-08-30/ty-article/casualties-reported-by-iranian-state-media-in-u-s-strike-in-strait-of-hormuz/000001a0-5469-de9b-a3f3-d569aa240000,Haaretz,Reuters,2026-08-30T20:52:58,2026-08-30 23:16:39.245364,https://www.haaretz.com/middle-east-news/iran/2026-08-30/ty-article/casualties-reported-by-iranian-state-media-in-u-s-strike-in-strait-of-hormuz/000001a0-5469-de9b-a3f3-d569aa240000
"Iran's IRGC vows to respond to U.S. strike, state broadcaster reported",,https://www.haaretz.com/israel-news/israel-security/2026-08-31/ty-article-live/irans-irgc-vows-to-respond-to-u-s-strike-state-broadcaster-irgc-reported/000001a0-5488-de9b-a3f3-d5e85a840000,Haaretz,Haaretz,2026-08-30T21:21:17,2026-08-30 23:16:39.245329,https://www.haaretz.com/israel-news/israel-security/2026-08-31/ty-article-live/irans-irgc-vows-to-respond-to-u-s-strike-state-broadcaster-irgc-reported/000001a0-5488-de9b-a3f3-d5e85a840000
Let our people choose: Israel must legalize same-sex marriage,"The election should be not only about the obligation to serve, but also about the right of each individual to live as he or she chooses",https://www.haaretz.com/opinion/editorial/2026-08-31/ty-article-opinion/let-our-people-choose-israel-must-legalize-same-sex-marriage/000001a0-543a-d822-a3b8-567f450a0000,Haaretz,Haaretz Editorial,2026-08-30T22:35:33,2026-08-30 23:16:39.245290,https://www.haaretz.com/opinion/editorial/2026-08-31/ty-article-opinion/let-our-people-choose-israel-must-legalize-same-sex-marriage/000001a0-543a-d822-a3b8-567f450a0000
"At 129, the Zionist Congress still calls us to action","From its earliest days, the movement brought together people who differed sharply over religion, economics, politics, culture and the best path toward Jewish national renewal.",https://www.jns.org/news/jewish-life/mark-levenson/at-129-zionist-congress-still-calls-us-to-action,JNS,Mark Levenson,2026-08-30T22:00:00,2026-08-30 23:16:31.747274,https://www.jns.org/news/jewish-life/mark-levenson/at-129-zionist-congress-still-calls-us-to-action
Firsthand from Brazil: Watching the world get Israel wrong,It is not enough to correct the record; we must also occupy the spaces where it is being written.,https://www.jns.org/opinion/nira-b-worcman/firsthand-from-brazil-watching-the-world-get-israel-wrong,JNS,Nira B. Worcman,2026-08-30T23:00:00,2026-08-30 23:16:31.747244,https://www.jns.org/opinion/nira-b-worcman/firsthand-from-brazil-watching-the-world-get-israel-wrong
"US, Iranian regime reportedly trading strikes after weeks-long lull","""It's not a decisive shift to a new phase of the war,"" Jason Brodsky, policy director at United Against Nuclear Iran, told JNS. ""Rather it is a reminder that the U.S. has the will to police the Strait of Hormuz. The Iranian retaliation was likely factored into U.S. planning.""",https://www.jns.org/news/u-s-news/us-iranian-regime-reportedly-trading-strikes-after-weeks-long-lull,JNS,JNS Staff,2026-08-30T23:01:35,2026-08-30 23:16:31.747209,https://www.jns.org/news/u-s-news/us-iranian-regime-reportedly-trading-strikes-after-weeks-long-lull
Payback Against Palestinian Terrorists,Terrorism is of such an extraordinary nature that it requires little moral justification to apply the death penalty. The post Payback Against Palestinian Terrorists appeared first on Jewish Journal .,https://jewishjournal.com/commentary/opinion/391708/payback-against-palestinian-terrorists/,Jewish Journal,Thane Rosenbaum,2026-08-30T21:51:45,2026-08-30 23:16:29.062097,https://jewishjournal.com/?p=391708
"As Nepal’s flood toll climbs, Jewish aid groups mobilize to help survivors recover","Two Jewish humanitarian groups — IsraAID and the American Jewish Joint Distribution Committee, widely known as “the Joint” — have sent emergency aid to Nepal’s border with Tibet where flash floods and landslides have killed at least 800 people and more than 3,000 are still missing. Triggered by a landslide that tore through the mountainous... The post As Nepal’s flood toll climbs, Jewish aid groups mobilize to help survivors recover appeared first on The Forward .",https://forward.com/news/847523/nepal-floods-israaid-jdc-joint-jewish/,The Forward,Benyamin Cohen,2026-08-30T21:59:16,2026-08-30 23:16:24.794817,https://forward.com/?p=847523
Netanyahu wants his far-right allies to unite. One of them is betting on a bigger prize: replacing Netanyahu himself.,"Israel’s right-wing firebrand Itamar Ben-Gvir, the minister of national security, has spent the past several days under intense pressure from Prime Minister Benjamin Netanyahu to do something he plainly does not want to do: join forces in the coming election with his far-right rival, finance minister Bezalel Smotrich. Netanyahu has good reason to be worried.... The post Netanyahu wants his far-right allies to unite. One of them is betting on a bigger prize: replacing Netanyahu himself. appeared first on The Forward .",https://forward.com/opinion/847550/ben-gvir-netanyahu-succession-israeli-right/,The Forward,Dan Perry,2026-08-30T22:16:36,2026-08-30 23:16:24.794757,https://forward.com/?p=847550
Haredi Israelis protest IDF draft outside military enlistment center,Protesters chanted 'We'll die and won't enlist' as a few hundred ultra-Orthodox Jews were conscripted into the IDF. Religious and secular Jews counter-protested in support of the conscripts,https://www.haaretz.com/israel-news/2026-08-30/ty-article/.premium/haredi-israelis-protest-idf-draft-outside-military-enlistment-center/000001a0-533d-de9b-a3f3-d37df7fa0000,Haaretz,Aaron Rabinowitz,2026-08-30T18:07:31,2026-08-30 20:40:38.603022,https://www.haaretz.com/israel-news/2026-08-30/ty-article/.premium/haredi-israelis-protest-idf-draft-outside-military-enlistment-center/000001a0-533d-de9b-a3f3-d37df7fa0000
Parents to suspend classes at Tel Aviv school over admission of migrant children,Parents say the school's admissions policy discriminates against children from the surrounding neighborhood and that migrant students were admitted without meeting requirements imposed on other applicants. The city rejected the claims,https://www.haaretz.com/israel-news/2026-08-30/ty-article/.premium/parents-to-suspend-classes-at-tel-aviv-school-over-admission-of-migrant-children/000001a0-5413-defa-a1fc-f51792990000,Haaretz,Yair Foldes,2026-08-30T19:58:28,2026-08-30 20:40:38.602990,https://www.haaretz.com/israel-news/2026-08-30/ty-article/.premium/parents-to-suspend-classes-at-tel-aviv-school-over-admission-of-migrant-children/000001a0-5413-defa-a1fc-f51792990000
Haaretz Cartoon,,https://www.haaretz.com/opinion/daily-cartoon/2026-08-30/ty-article-opinion/haaretz-cartoon/000001a0-545f-d4eb-affc-5d7ff9320001,Haaretz,Amos Biderman,2026-08-30T20:36:54,2026-08-30 20:40:38.602943,https://www.haaretz.com/opinion/daily-cartoon/2026-08-30/ty-article-opinion/haaretz-cartoon/000001a0-545f-d4eb-affc-5d7ff9320001
The Mecca Joint Defense Agreement is a looming threat to Israel and America,"The alliance between Turkey, Pakistan and Saudi Arabia is anti-Western and endangers Washington’s regional allies.",https://www.jns.org/opinion/joseph-puder/the-mecca-joint-defense-agreement-is-a-looming-threat-to-israel-and-america,JNS,Joseph Puder,2026-08-30T19:30:00,2026-08-30 20:40:31.632399,https://www.jns.org/opinion/joseph-puder/the-mecca-joint-defense-agreement-is-a-looming-threat-to-israel-and-america
"After weeks of attacks, Palestinian family evicted by order applying to nearby settlers; police say 'human error'","Two days earlier the army blockaded the same house and plot of the Jabarin family from al-Minya village. This would be explained later as a ""mistake""",https://www.haaretz.com/middle-east-news/palestinians/2026-08-30/ty-article/.premium/after-weeks-of-attacks-palestinian-family-evicted-by-order-applying-to-settlers/000001a0-52da-de9b-a3f3-d3fa36e40000,Haaretz,Amira Hass,2026-08-30T13:58:58,2026-08-30 17:58:00.357557,https://www.haaretz.com/middle-east-news/palestinians/2026-08-30/ty-article/.premium/after-weeks-of-attacks-palestinian-family-evicted-by-order-applying-to-settlers/000001a0-52da-de9b-a3f3-d3fa36e40000
"Two Israeli teens charged with spying for Iran, photographing shopping malls",The 14- and 16-year-olds allegedly received hundreds of shekels for tasks assigned over Telegram and remained in contact with the agent even after he acknowledged ties to Iran,https://www.haaretz.com/israel-news/israel-security/2026-08-30/ty-article/.premium/two-israeli-teens-charged-with-spying-for-iran/000001a0-52e3-dc19-a5a4-dfff446a0000,Haaretz,Chen Maanit,2026-08-30T15:33:59,2026-08-30 17:58:00.357527,https://www.haaretz.com/israel-news/israel-security/2026-08-30/ty-article/.premium/two-israeli-teens-charged-with-spying-for-iran/000001a0-52e3-dc19-a5a4-dfff446a0000
"Former hostage Eli Sharabi, whose family was murdered on October 7, to host memorial ceremony","The ceremony, absent an official one organized by the state, will take place on the anniversary of the massacre in Yarkon Park in Tel Aviv. Eli Sharabi: 'Time mustn't let us forget'",https://www.haaretz.com/israel-news/2026-08-30/ty-article/former-hostage-whose-family-was-murdered-on-october-7-to-host-memorial-ceremony/000001a0-5342-dcfd-a9b9-7b7689f70000,Haaretz,Bar Peleg,2026-08-30T16:38:26,2026-08-30 17:58:00.357498,https://www.haaretz.com/israel-news/2026-08-30/ty-article/former-hostage-whose-family-was-murdered-on-october-7-to-host-memorial-ceremony/000001a0-5342-dcfd-a9b9-7b7689f70000
Palestinian attacked by Israeli settlers freed after month of detention in rare release,Thabet Masalem was detained over alleged 'violent friction incidents with settlers' and placed in administrative detention until January 2027. A military judge ordered his immediate release after an appeal,https://www.haaretz.com/west-bank/2026-08-30/ty-article/.premium/palestinian-attacked-by-settlers-freed-after-month-of-detention-in-rare-release/000001a0-51f5-d276-a7a1-fff7f08a0000,Haaretz,Amira Hass,2026-08-30T17:02:39,2026-08-30 17:58:00.357468,https://www.haaretz.com/west-bank/2026-08-30/ty-article/.premium/palestinian-attacked-by-settlers-freed-after-month-of-detention-in-rare-release/000001a0-51f5-d276-a7a1-fff7f08a0000
When to say 'genocide': What leftists could learn from Germany,"Germany's left-wing parties have largely defused the political volatility of the Gaza war and Israeli-Palestinian conflict, allowing them to campaign on domestic issues such as the rising cost of living – and gain in the polls. U.S. Democrats could take note",https://www.haaretz.com/israel-news/haaretz-today/2026-08-30/ty-article/.highlight/when-to-say-genocide-what-leftists-could-learn-from-germany/000001a0-52c6-d3eb-abf5-57dfe86b0000,Haaretz,Vera Weidenbach,2026-08-30T17:39:19,2026-08-30 17:58:00.357413,https://www.haaretz.com/israel-news/haaretz-today/2026-08-30/ty-article/.highlight/when-to-say-genocide-what-leftists-could-learn-from-germany/000001a0-52c6-d3eb-abf5-57dfe86b0000
Four men plead guilty to arson attack on Jewish ambulances in London,"The four admitted damaging property while being reckless as to whether life would be endangered in the March attack, which destroyed four ambulances belonging to the Jewish Hatzola emergency service",https://www.haaretz.com/world-news/europe/2026-08-30/ty-article/four-men-plead-guilty-to-arson-attack-on-jewish-ambulances-in-london/000001a0-536b-d3eb-abf5-577f58540000,Haaretz,Haaretz,2026-08-30T17:42:53,2026-08-30 17:58:00.357366,https://www.haaretz.com/world-news/europe/2026-08-30/ty-article/four-men-plead-guilty-to-arson-attack-on-jewish-ambulances-in-london/000001a0-536b-d3eb-abf5-577f58540000
Chief Rabbi wishes God 'destroys' Israel's attorney general over memorial delay,"The spiritual leader of the Haredi Shas party slammed Baharav-Miara during his weekly sermon, criticizing her decision to postpone a memorial celebration for his father, Rabbi Ovadia Yosef. 'May He strike her as she deserves,' he said",https://www.haaretz.com/israel-news/elections/2026-08-30/ty-article/.premium/chief-rabbi-wishes-god-destroys-israels-attorney-general-over-memorial-delay/000001a0-5161-dc79-a3e1-5ff54fe00000,Haaretz,Aaron Rabinowitz,2026-08-30T08:08:25,2026-08-30 13:37:14.260227,https://www.haaretz.com/israel-news/elections/2026-08-30/ty-article/.premium/chief-rabbi-wishes-god-destroys-israels-attorney-general-over-memorial-delay/000001a0-5161-dc79-a3e1-5ff54fe00000
"Backed by the government and army, Israeli settlers gain a foothold in West Bank's Area B","The Israeli government blames the violence on a 'handful' of extremists. Yet settlers have established 30 outposts in Area B, where the Palestinian Authority oversees civilian affairs, encouraged by elected officials and unchallenged by security forces",https://www.haaretz.com/israel-news/israel-security/2026-08-30/ty-article-magazine/.premium/backed-by-govt-and-army-israeli-settlers-gain-a-foothold-in-west-banks-area-b/000001a0-43cb-d02f-a9ed-5febef0d0000,Haaretz,Matan Golan,2026-08-30T09:11:32,2026-08-30 13:37:14.260197,https://www.haaretz.com/israel-news/israel-security/2026-08-30/ty-article-magazine/.premium/backed-by-govt-and-army-israeli-settlers-gain-a-foothold-in-west-banks-area-b/000001a0-43cb-d02f-a9ed-5febef0d0000
Iran's Khamenei urges Gulf rulers in written message to confront 'real enemy',"The message was published on Telegram for Islamic Unity Week, which marks the birthday of the Prophet Muhammad. It called for Muslim unity, saying anyone who creates divisions among Muslims, 'knowingly or unknowingly,' helps Islam's enemies",https://www.haaretz.com/middle-east-news/iran/2026-08-30/ty-article/irans-khamenei-urges-gulf-rulers-in-written-message-to-confront-real-enemy/000001a0-51e9-d826-a5e4-5de930490000,Haaretz,Reuters,2026-08-30T09:20:20,2026-08-30 13:37:14.260166,https://www.haaretz.com/middle-east-news/iran/2026-08-30/ty-article/irans-khamenei-urges-gulf-rulers-in-written-message-to-confront-real-enemy/000001a0-51e9-d826-a5e4-5de930490000
"After settlers expelled West Bank Palestinians, Israel's top court asks: Who does the IDF protect?",The High Court of Justice harshly criticized Israeli security forces for not adequately protecting a Palestinian family that is being harassed by Israeli settlers. 'Why aren't we seeing people behind bars?' one judge asked,https://www.haaretz.com/west-bank/2026-08-30/ty-article/.premium/after-settlers-expelled-palestinians-top-court-asks-who-does-the-idf-protect/000001a0-5195-df55-a3b3-7d9dfcfd0000,Haaretz,Matan Golan,2026-08-30T11:48:11,2026-08-30 13:37:14.260134,https://www.haaretz.com/west-bank/2026-08-30/ty-article/.premium/after-settlers-expelled-palestinians-top-court-asks-who-does-the-idf-protect/000001a0-5195-df55-a3b3-7d9dfcfd0000
Shabbat wars move online: Why did an Israeli fashion brand halt sales on the holy day?,"Days after relaunching, Israeli fashion brand Adika suspended online sales on Shabbat and suffered an immediate backlash. But was it a business blunder, or exactly the publicity its owner wanted?",https://www.haaretz.com/jewish/2026-08-30/ty-article/.premium/why-did-an-israeli-fashion-brand-halt-sales-on-the-holy-day/000001a0-5138-df0d-adb0-d73997c50000,Haaretz,Yarden Ben Gal Hirshorn,2026-08-30T12:00:57,2026-08-30 13:37:14.260103,https://www.haaretz.com/jewish/2026-08-30/ty-article/.premium/why-did-an-israeli-fashion-brand-halt-sales-on-the-holy-day/000001a0-5138-df0d-adb0-d73997c50000
Why a planned mikveh has Tel Aviv residents worried,"Ramat Aviv Residents fear the ritual bath is the first step in changing the secular neighborhood's character. From Jerusalem to Petah Tikva, they say they have seen how the process unfolds",https://www.haaretz.com/jewish/2026-08-30/ty-article-magazine/.premium/why-a-planned-mikveh-has-tel-aviv-residents-worried/000001a0-5188-d8bc-a7a8-75daac2a0000,Haaretz,Naama Riba,2026-08-30T12:32:48,2026-08-30 13:37:14.260072,https://www.haaretz.com/jewish/2026-08-30/ty-article-magazine/.premium/why-a-planned-mikveh-has-tel-aviv-residents-worried/000001a0-5188-d8bc-a7a8-75daac2a0000
When your wedding guest list includes a shady businessman and an ex-president he allegedly bribed,Avishai Neria and ex-Mexican President Enrique Peña Nieto were photographed together at Omer Adam's wedding ■ Nieto is under investigation in Mexico for allegedly receiving bribes from Neria after a Haaretz investigation ■ What does Israeli spyware NSO have to do with it?,https://www.haaretz.com/israel-news/culture/2026-08-30/ty-article/.premium/what-was-mexicos-ex-president-doing-at-israels-biggest-pop-stars-wedding/000001a0-5246-d692-a5e3-f25e35e90000,Haaretz,Nati Tucker,2026-08-30T12:34:26,2026-08-30 13:37:14.260036,https://www.haaretz.com/israel-news/culture/2026-08-30/ty-article/.premium/what-was-mexicos-ex-president-doing-at-israels-biggest-pop-stars-wedding/000001a0-5246-d692-a5e3-f25e35e90000
NBC News crew attacked Saturday by masked Israeli settlers in the West Bank,"The incident took place in Jalud, one of several Palestinian villages near Nablus that have become flashpoints for clashes with settlers recently. 'They jumped out and beat us,' reporter Matt Bradley told NBC News, while his colleague said the attackers were carrying a gun",https://www.haaretz.com/west-bank/2026-08-30/ty-article/.premium/nbc-news-crew-attacked-saturday-by-masked-israeli-settlers-in-the-west-bank/000001a0-528e-d692-a5e3-f2de8d8e0000,Haaretz,Ben Kroll,2026-08-30T13:34:04,2026-08-30 13:37:14.259988,https://www.haaretz.com/west-bank/2026-08-30/ty-article/.premium/nbc-news-crew-attacked-saturday-by-masked-israeli-settlers-in-the-west-bank/000001a0-528e-d692-a5e3-f2de8d8e0000
Arab-Israeli parties unite after Palestinian Authority involvement—report,"The concern in the P.A. was that running separately might have led Hadash, Balad and Ta’al to each fall short of the 3.25% threshold of votes needed to enter the Knesset.",https://www.jns.org/news/israel-news/palestinian-authority-urges-arab-israeli-parties-to-unite-to-block-another-netanyahu-govt-report,JNS,JNS Staff,2026-08-30T07:57:19,2026-08-30 13:37:06.984464,https://www.jns.org/news/israel-news/palestinian-authority-urges-arab-israeli-parties-to-unite-to-block-another-netanyahu-govt-report
The loose cannon on Trump’s deck,The American ambassador to Turkey continues to be forced to walk back his anti-Israel distortions.,https://www.jns.org/opinion/daniel-winston/the-loose-cannon-on-trumps-deck,JNS,Daniel Winston,2026-08-30T08:00:00,2026-08-30 13:37:06.984432,https://www.jns.org/opinion/daniel-winston/the-loose-cannon-on-trumps-deck
Trump’s new strategy to bring down Iran’s regime,"“The Meira K Show” brings a fresh, unfiltered look at society and politics in Israel and the Middle East. With her trademark energy and candor, she tackles stories too often ignored or distorted by mainstream media—offering clarity, courage and context in real time. Whether it’s breaking news, border tensions, political drama or cultural shifts, Meira delivers the facts and emotion behind the headlines with honesty and heart. Fast-paced, fearless and fiercely authentic, “The Meira K Show” gives viewers a frontline perspective on Israel’s most pressing challenges and inspiring moments. Each episode captures the urgency of the moment while keeping it grounded in truth and humanity. If you want to stay informed, inspired and connected to the real Israel, this is the show to watch. See more at: @JNS_TV and subscribe to our YouTube channel.",https://www.jns.org/jns-tv/meira-k-show/trumps-new-strategy-to-bring-down-irans-regime,JNS,Meira K,2026-08-30T08:24:59,2026-08-30 13:37:06.984405,https://www.jns.org/jns-tv/meira-k-show/trumps-new-strategy-to-bring-down-irans-regime
CBC ends mandate to cite sources when calling 9/11 terrorism,The Canadian network updated editorial guidelines after a leaked memo on Al-Qaeda sparked backlash ahead of the attack's 25th anniversary.,https://www.jns.org/news/world/cbc-ends-mandate-to-cite-sources-when-calling-9-11-terrorism,JNS,JNS Staff,2026-08-30T08:25:28,2026-08-30 13:37:06.984336,https://www.jns.org/news/world/cbc-ends-mandate-to-cite-sources-when-calling-9-11-terrorism
The rule-of-law crisis fueling violence in Judea and Samaria,"Welcome to “Basic Law,” the JNS show hosted by Aylana Meisel, executive director of the Israel Law & Liberty Forum. This insightful series takes viewers inside the debates shaping Israel’s legal system and its role in the Middle East, tackling the nation’s most urgent constitutional and judicial questions. From the foundations of Israel’s Basic Laws to the balance between democratic governance and judicial authority, Meisel offers analysis on how legal frameworks influence everything from civil rights to national security. She examines how international law affects Israel’s position in regional conflicts and diplomacy, connecting complex legal theory to the realities of Israeli news and global affairs. In partnership with the Israel Law & Liberty Forum, “Basic Law” provides a forum for conservative and classical liberal voices to explore how law and liberty intersect in a democratic Jewish state. Each episode brings together top jurists, scholars and policymakers for candid conversations that illuminate Israel’s evolving legal landscape. The discussions are designed to inform, not persuade—offering thoughtful perspectives on judicial reform, constitutional interpretation and the rule of law in a region often defined by political and ideological tension. See more at: @JNS_TV and subscribe to our YouTube channel. The Israel Law & Liberty Forum is proud to partner with JNS to offer a platform for conservative and classical liberal legal thought from within Israel. Any opinions stated are those of the speaker and not meant to represent the positions of the forum or JNS. The forum is an organization that fosters thoughtful conversation and debate on key issues in Israeli law and democracy. The forum takes no official position regarding any specific policy issue, nor does it advance specific policies.",https://www.jns.org/jns-tv/basic-law/the-rule-of-law-crisis-fueling-violence-in-judea-and-samaria,JNS,Aylana Meisel,2026-08-30T08:31:27,2026-08-30 13:37:06.984307,https://www.jns.org/jns-tv/basic-law/the-rule-of-law-crisis-fueling-violence-in-judea-and-samaria
How Oxford became a hub of anti-Israel radicalism,"Critics say anti-Jewish hostility, pro-Hamas rhetoric and foreign funding expose the university’s intellectual decline.",https://www.jns.org/analysis/how-oxford-became-a-hub-of-anti-israel-radicalism,JNS,Canaan Lidor,2026-08-30T08:58:32,2026-08-30 13:37:06.984184,https://www.jns.org/analysis/how-oxford-became-a-hub-of-anti-israel-radicalism
Netanyahu condemns Israeli ‘rioters’ after clash with Palestinians in Samaria,"Israeli President Isaac Herzog also denounced ""the grave acts of violence in Qusra.""",https://www.jns.org/news/israel-news/netanyahu-condemns-israeli-rioters-after-clash-with-palestinians-in-samaria,JNS,JNS Staff,2026-08-30T09:20:34,2026-08-30 13:37:06.984149,https://www.jns.org/news/israel-news/netanyahu-condemns-israeli-rioters-after-clash-with-palestinians-in-samaria
US: Hezbollah not engaging because it’s taking orders from Iran,"The Lebanese government is the sole legitimate interlocutor for discussions over the country’s future, a U.S. State Department spokesperson said.",https://www.jns.org/news/u-s-news/us-hezbollah-not-talking-to-lebanese-state-because-its-taking-orders-from-iran,JNS,JNS Staff,2026-08-30T09:26:48,2026-08-30 13:37:06.984121,https://www.jns.org/news/u-s-news/us-hezbollah-not-talking-to-lebanese-state-because-its-taking-orders-from-iran
"Khamenei calls US, Israel ‘sworn enemies’ of Muslim unity","Iran's supreme leader blamed Washington and Jerusalem for regional divisions, while American officials reported control of Hormuz.",https://www.jns.org/news/world/khamenei-calls-us-israel-sworn-enemies-of-muslim-unity,JNS,JNS Staff,2026-08-30T10:03:44,2026-08-30 13:37:06.984089,https://www.jns.org/news/world/khamenei-calls-us-israel-sworn-enemies-of-muslim-unity
Ukrainian President Zelenskyy honors Sharansky in Kyiv,The Donetsk-born Israeli human rights activist received a medal from the Ukrainian leader for the second time.,https://www.jns.org/news/world/ukrainian-president-zelenskyy-honors-sharansky-in-kyiv,JNS,Canaan Lidor,2026-08-30T11:11:29,2026-08-30 13:37:06.984058,https://www.jns.org/news/world/ukrainian-president-zelenskyy-honors-sharansky-in-kyiv
"Prosecutors charge two Israelis, 14 and 16, on suspicion of spying for Tehran","The minors allegedly carried out paid assignments for an Iranian handler, including photographing strategic sites in central Israel.",https://www.jns.org/news/israel-news/prosecutors-charge-two-israelis-14-and-16-on-suspicion-of-spying-for-tehran,JNS,JNS Staff,2026-08-30T11:56:28,2026-08-30 13:37:06.984023,https://www.jns.org/news/israel-news/prosecutors-charge-two-israelis-14-and-16-on-suspicion-of-spying-for-tehran
‘I made a mistake’: Abdul El-Sayed apologizes to Michigan Jews for past comments about synagogue attack,(JTA) — LANSING — Michigan U.S. Senate candidate Abdul El-Sayed apologized for his past comments regarding the March attack on Temple Israel in suburban Detroit during a meeting with the state Democratic party’s Jewish caucus at the party convention on Saturday. The Democratic nominee told the room that his remarks following the attempted targeting of... The post &#8216;I made a mistake&#8217;: Abdul El-Sayed apologizes to Michigan Jews for past comments about synagogue attack appeared first on The Forward .,https://forward.com/fast-forward/847475/i-made-a-mistake-abdul-el-sayed-apologizes-to-michigan-jews-for-past-comments-about-synagogue-attack/,The Forward,Andrew Lapin,2026-08-30T11:33:36,2026-08-30 13:37:00.451834,https://forward.com/?p=847475
This American childhood was brought to you by Jewish toymakers,"Michael Kimmel’s new book traces how first-generation Jews created the dolls, games, comics and stories that shaped generations of children. -- The post This American childhood was brought to you by Jewish toymakers appeared first on Jewish Telegraphic Agency .",https://www.jta.org/2026/08/30/culture/this-american-childhood-was-brought-to-you-by-jewish-toymakers,JTA,Andrew Silow-Carroll,2026-08-30T10:45:00,2026-08-30 13:36:58.080556,https://www.jta.org/?p=1906906
Trump isn't seeking any escalation in the Middle East. Netanyahu may spark one in the West Bank,"In Iran, Lebanon and Gaza, Donald Trump largely sets the rules. The West Bank is an entirely different ballgame – and may be his next headache",https://www.haaretz.com/west-bank/2026-08-30/ty-article/.premium/zamir-netanyahu-rift-grows-over-settler-violence-ahead-of-election/000001a0-4f13-db96-a7fb-ffd315170000,Haaretz,Amos Harel,2026-08-30T01:15:28,2026-08-30 07:58:48.081052,https://www.haaretz.com/west-bank/2026-08-30/ty-article/.premium/zamir-netanyahu-rift-grows-over-settler-violence-ahead-of-election/000001a0-4f13-db96-a7fb-ffd315170000
Arab Israeli shot dead in Jaffa; Two other men wounded in central Israel,"Police opened a murder investigation after a man was fatally shot in Jaffa, while two others were seriously wounded. The killings come amid a wave of violent crime that has claimed 196 lives in Israel this year, according to a Haaretz tally",https://www.haaretz.com/israel-news/israel-crime/2026-08-30/ty-article/.premium/man-shot-dead-in-jaffa-another-seriously-wounded-in-separate-shooting/000001a0-4ff1-dfdc-afa6-fff3fcb40000,Haaretz,Haaretz,2026-08-30T03:29:55,2026-08-30 07:58:48.081019,https://www.haaretz.com/israel-news/israel-crime/2026-08-30/ty-article/.premium/man-shot-dead-in-jaffa-another-seriously-wounded-in-separate-shooting/000001a0-4ff1-dfdc-afa6-fff3fcb40000
"Despite misconduct allegations, Hadash keeps Knesset candidate on slate","Party officials said removing Jafar Farah could trigger an internal rupture, while a committee found alleged unacceptable conduct but said it lacked investigative powers. A senior Hadash official called the decision 'shameful and shocking'",https://www.haaretz.com/israel-news/elections/2026-08-30/ty-article/.premium/despite-misconduct-allegations-hadash-keeps-knesset-candidate-on-slate/000001a0-4f2e-d3d4-abbc-ff3eca9f0000,Haaretz,Yair Foldes,2026-08-30T07:02:18,2026-08-30 07:58:48.080987,https://www.haaretz.com/israel-news/elections/2026-08-30/ty-article/.premium/despite-misconduct-allegations-hadash-keeps-knesset-candidate-on-slate/000001a0-4f2e-d3d4-abbc-ff3eca9f0000
"Don't deprive Israelis living abroad of their basic rights, let them vote",Many Israelis who have left the country or have moved their center of life abroad have not given up on Israel and have not stopped seeing it as their home and homeland. Many of them now wish to participate in the election,https://www.haaretz.com/opinion/editorial/2026-08-30/ty-article-opinion/dont-deprive-israelis-living-abroad-of-their-basic-rights-let-them-vote/000001a0-5125-d826-a5e4-5d65a9fb0000,Haaretz,Haaretz Editorial,2026-08-30T07:14:59,2026-08-30 07:58:48.080952,https://www.haaretz.com/opinion/editorial/2026-08-30/ty-article-opinion/dont-deprive-israelis-living-abroad-of-their-basic-rights-let-them-vote/000001a0-5125-d826-a5e4-5d65a9fb0000
Israeli AI companies in biopharma R&D are not leaving Israel,"It may look like it sometimes, but these companies are actually gaining, not losing, value for Israel.",https://www.jns.org/opinion/david-adler/israeli-ai-companies-in-biopharma-r-d-are-not-leaving-israel,JNS,David Adler,2026-08-30T01:30:00,2026-08-30 07:58:41.237700,https://www.jns.org/opinion/david-adler/israeli-ai-companies-in-biopharma-r-d-are-not-leaving-israel
El-Sayed apologizes for his response to attack on Michigan synagogue,"""My comments might have been misconstrued to be justifying something I did not intend to justify,"" the Democratic Senate nominee told journalists.",https://www.jns.org/news/u-s-news/el-sayed-apologizes-for-his-response-to-attack-on-michigan-synagogue,JNS,JNS Staff,2026-08-30T02:44:13,2026-08-30 07:58:41.237668,https://www.jns.org/news/u-s-news/el-sayed-apologizes-for-his-response-to-attack-on-michigan-synagogue
"On Iran, pressure is not strategy",Weakening the Islamic Republic will not secure Iran’s political transition.,https://www.jns.org/opinion/kamyar-behrang/on-iran-pressure-is-not-strategy,JNS,Kamyar Behrang,2026-08-30T03:00:00,2026-08-30 07:58:41.237639,https://www.jns.org/opinion/kamyar-behrang/on-iran-pressure-is-not-strategy
Gal Gadot says learned to love running for role in new thriller,Production of “The Runner” was reportedly delayed at least 20 days by anti-Israel activists who disrupted filming in London.,https://www.jns.org/news/israel-news/gal-gadot-says-learned-to-love-running-for-role-in-new-thriller,JNS,JNS Staff,2026-08-30T03:56:00,2026-08-30 07:58:41.237613,https://www.jns.org/news/israel-news/gal-gadot-says-learned-to-love-running-for-role-in-new-thriller
"IDF kills Hamas terrorists in Gaza, including Oct. 7 perpetrator and another hiding in hospital","“Prior to the strikes, steps were taken to mitigate harm to civilians, including the use of precise munitions and aerial surveillance,” the army said.",https://www.jns.org/news/israel-news/idf-kills-hamas-terrorists-in-gaza-including-oct-7-perpetrator-and-another-hiding-in-hospital,JNS,JNS Staff,2026-08-30T06:29:20,2026-08-30 07:58:41.237582,https://www.jns.org/news/israel-news/idf-kills-hamas-terrorists-in-gaza-including-oct-7-perpetrator-and-another-hiding-in-hospital
"Israel slams Erdoğan after genocidal, Nazi claims",Jerusalem denounced the Turkish leader over antisemitic blood libels while slamming Ankara for backing Hamas terrorists and invading neighboring lands.,https://www.jns.org/news/antisemitism/israel-rebukes-turkish-president-over-antisemitic-incitement,JNS,JNS Staff,2026-08-30T06:44:56,2026-08-30 07:58:41.237548,https://www.jns.org/news/antisemitism/israel-rebukes-turkish-president-over-antisemitic-incitement
Yeshiva University launches new Stern-to-nursing pathway,"Now accepting applications for fall 2027, YU Direct Nursing combines the Stern College experience with a direct route to a B.S. in nursing.",https://www.jns.org/wire/yeshiva-university/yeshiva-university-launches-new-stern-to-nursing-pathway,JNS,,2026-08-30T07:27:53,2026-08-30 07:58:41.237512,https://www.jns.org/wire/yeshiva-university/yeshiva-university-launches-new-stern-to-nursing-pathway
"The woodcutter and the water carrier in the Torah portion, Nitzavim","לעילוי נשמת מײַן באָבע מנוחה וויטקא ע״ה לזרוב, לכבֿוד איר יאָרצײַט, ט״ו אלול איינער פֿון די שטאַרקסטע קעגנער מיט וועמען אַ מענטש דאַרף זיך אויסקעמפֿן איז&#8230;זיך אַליין. די סיבה איז פּשוט: די געדאַנקען און געפֿילן וואָס אַ מענטש קען צום בעסטן, זענען זײַנע אייגענע. און ווײַל דאָס זענען זײַנע פּערזענלעכע געדאַנקען און נײגונגען, איז מען... The post The woodcutter and the water carrier in the Torah portion, Nitzavim appeared first on The Forward .",https://forward.com/yiddish/847406/the-woodcutter-and-the-water-carrier-in-the-torah-portion-nitzavim/,The Forward,הרבֿ אליעזר שם טוב,2026-08-30T01:34:52,2026-08-30 07:58:34.568299,https://forward.com/?p=847406
El-Sayed apologizes to Michigan Jews for comments about synagogue attack,"'I made a mistake,' the progressive Democratic nominee for U.S. Senate in Michigan said, referring to remarks he made about a ramming attack on Temple Israel in Bloomfield, claiming it had 'hurt people,' apparently referring to the assailant's family in Lebanon, reportedly killed by the IDF",https://www.haaretz.com/us-news/2026-08-29/ty-article/.premium/el-sayed-apologizes-to-michigan-jews-for-comments-about-synagogue-attack/000001a0-4ef7-d276-a7a1-eef7e3b50000,Haaretz,Arno Rosenfeld,2026-08-29T19:41:21,2026-08-29 22:26:47.309325,https://www.haaretz.com/us-news/2026-08-29/ty-article/.premium/el-sayed-apologizes-to-michigan-jews-for-comments-about-synagogue-attack/000001a0-4ef7-d276-a7a1-eef7e3b50000
Israel's expulsion doctrine,"Israel believes it can expel the British, humiliate the Spanish and punish the entire world without retribution. Up to now, it was right. But the day is drawing near when Israel will have to open its eyes and discover that, actually, there's a world it has broken away from, as it has from it, and that it faces a new reality",https://www.haaretz.com/opinion/2026-08-29/ty-article-opinion/.premium/israels-expulsion-doctrine/000001a0-4eb4-d276-a7a1-eef759dd0000,Haaretz,Gideon Levy,2026-08-29T20:45:19,2026-08-29 22:26:47.309290,https://www.haaretz.com/opinion/2026-08-29/ty-article-opinion/.premium/israels-expulsion-doctrine/000001a0-4eb4-d276-a7a1-eef759dd0000
"Yes, the Oslo Accords led Israel to the Oct. 7 disaster","Had Arafat's forces remained in Tunis, it's almost certain that most of the security disasters that have befallen Israel since – including October 7 – would never have happened. That is the lesson of Oslo, and one Israelis must keep in mind when they cast their ballots",https://www.haaretz.com/opinion/2026-08-29/ty-article-opinion/.premium/yes-the-oslo-accords-led-israel-to-the-oct-7-disaster/000001a0-4eb4-d276-a7a1-eef768e60000,Haaretz,Israel Harel,2026-08-29T20:45:30,2026-08-29 22:26:47.309251,https://www.haaretz.com/opinion/2026-08-29/ty-article-opinion/.premium/yes-the-oslo-accords-led-israel-to-the-oct-7-disaster/000001a0-4eb4-d276-a7a1-eef768e60000
IDF says it targeted a 'Hamas military wing commander' in Gaza Strip,,https://www.haaretz.com/israel-news/israel-security/2026-08-30/ty-article-live/.premium/idf-says-it-targeted-a-hamas-military-wing-commander-in-gaza-strip/000001a0-4f54-d649-a7be-df769da60000,Haaretz,Haaretz,2026-08-29T21:04:37,2026-08-29 22:26:47.309208,https://www.haaretz.com/israel-news/israel-security/2026-08-30/ty-article-live/.premium/idf-says-it-targeted-a-hamas-military-wing-commander-in-gaza-strip/000001a0-4f54-d649-a7be-df769da60000
The dismantling of Kurdish forces in Syria requires Israel to reexamine its policy,"A Kurdish deal strengthens Syria's new government and leaves Israel with fewer levers of influence. Washington has made clear it wants a unified Syria, not the divided state Israel had hoped for",https://www.haaretz.com/middle-east-news/syria/2026-08-30/ty-article/.premium/dismantling-of-kurdish-forces-in-syria-requires-israel-to-reexamine-its-policy/000001a0-4f10-d649-a7be-df72b9bf0000,Haaretz,Zvi Bar'el,2026-08-29T21:26:02,2026-08-29 22:26:47.309172,https://www.haaretz.com/middle-east-news/syria/2026-08-30/ty-article/.premium/dismantling-of-kurdish-forces-in-syria-requires-israel-to-reexamine-its-policy/000001a0-4f10-d649-a7be-df72b9bf0000
Abdul El-Sayed apologizes for his past Temple Israel comments in meeting with state’s Jewish Dem caucus,"“I made a mistake,” the Democratic U.S. Senate nominee said about his earlier remarks on the synagogue attack. -- The post Abdul El-Sayed apologizes for his past Temple Israel comments in meeting with state’s Jewish Dem caucus appeared first on Jewish Telegraphic Agency .",https://www.jta.org/2026/08/29/politics/abdul-el-sayed-apologizes-for-his-past-temple-israel-comments-in-meeting-with-states-jewish-dem-caucus,JTA,Andrew Lapin,2026-08-29T21:32:39,2026-08-29 22:26:30.463507,https://www.jta.org/?p=1907085
Netanyahu: Settlers who raided Palestinian village 'handful of lawless rioters',"Following the violent raids throughout Saturday, Netanyahu said that the settlers' actions were 'damaging Israel's standing in the world.' An opposition MK called the prime minister's condemnation a 'deceptive ploy' and the violent settlers his 'emissaries'",https://www.haaretz.com/west-bank/2026-08-29/ty-article/.premium/netnayahu-settlers-who-raided-palestinian-village-handful-of-lawless-rioters/000001a0-4e79-db96-a7fb-fef9bfc10000,Haaretz,Matan Golan,2026-08-29T17:22:29,2026-08-29 19:15:01.017390,https://www.haaretz.com/west-bank/2026-08-29/ty-article/.premium/netnayahu-settlers-who-raided-palestinian-village-handful-of-lawless-rioters/000001a0-4e79-db96-a7fb-fef9bfc10000
Far-right wild card? Ex-IDF general makes election campaign a vendetta,"Ofer Winter's entry into politics is driven by the humiliation he felt after being passed over for promotion to major general by then-IDF Chief of Staff Gadi Eisenkot. Netanyahu may have given his blessing to Winter, but the PM remains wary of his new rival on the right",https://www.haaretz.com/israel-news/elections/2026-08-29/ty-article/.premium/far-right-wild-card-ex-idf-general-makes-election-campaign-a-vendetta/000001a0-4e50-dc79-a3e1-5ff594110000,Haaretz,Michael Hauser Tov,2026-08-29T18:41:42,2026-08-29 19:15:01.017365,https://www.haaretz.com/israel-news/elections/2026-08-29/ty-article/.premium/far-right-wild-card-ex-idf-general-makes-election-campaign-a-vendetta/000001a0-4e50-dc79-a3e1-5ff594110000
"Netanyahu's son Yair back in Israel following security threat, Shin Bet says","Netanyahu told Israel's Channel 14 on Monday that Iran had attempted to kill one of his sons, but did not identify which one. Newsmax, a right-wing U.S. network, cited an anonymous source in reporting that Yair Netanyahu was the intended target of the assassination attempt",https://www.haaretz.com/israel-news/israel-security/2026-08-29/ty-article/.premium/netanyahus-son-yair-back-in-israel-following-security-threat-shin-bet-says/000001a0-4ec6-d276-a7a1-eec72cc00000,Haaretz,Jonathan Lis,2026-08-29T19:07:54,2026-08-29 19:15:01.017332,https://www.haaretz.com/israel-news/israel-security/2026-08-29/ty-article/.premium/netanyahus-son-yair-back-in-israel-following-security-threat-shin-bet-says/000001a0-4ec6-d276-a7a1-eec72cc00000
Seven charged with vandalizing Trump resort in Scotland could face longer sentences,Prosecutors say the offenses allegedly committed by the Palestine Action members were “aggravated by reason of having a terrorist connection.”,https://www.jns.org/news/u-s-news/seven-charged-with-vandalizing-trump-resort-in-scotland-could-face-longer-sentences,JNS,JNS Staff,2026-08-29T13:44:00,2026-08-29 19:14:54.199485,https://www.jns.org/news/u-s-news/seven-charged-with-vandalizing-trump-resort-in-scotland-could-face-longer-sentences
When Palestinianism becomes a political weapon,The persecution of Israel’s honorary consul in my Florence shows how the Palestinian cause can be used to mobilize voters and punish those who stand with Israel.,https://www.jns.org/opinion/column/fiamma-nirenstein/when-palestinianism-becomes-a-political-weapon,JNS,Fiamma Nirenstein,2026-08-29T17:16:14,2026-08-29 19:14:54.199450,https://www.jns.org/opinion/column/fiamma-nirenstein/when-palestinianism-becomes-a-political-weapon
"Roger Waters, Annie Ernaux among 200 urging Venice festival to 'act for Palestine'","The Venice4Palestine group also called for a Palestinian flag to be flown throughout the festival, which will feature two Palestinian films, and for agreements with Israeli government-linked institutions to be suspended",https://www.haaretz.com/middle-east-news/palestinians/2026-08-29/ty-article/.premium/roger-waters-annie-ernaux-among-200-urging-venice-festival-act-for-palestine/000001a0-4c87-d649-a7be-dde77e6c0000,Haaretz,Haaretz,2026-08-29T12:18:00,2026-08-29 15:31:17.741739,https://www.haaretz.com/middle-east-news/palestinians/2026-08-29/ty-article/.premium/roger-waters-annie-ernaux-among-200-urging-venice-festival-act-for-palestine/000001a0-4c87-d649-a7be-dde77e6c0000
"Dozens of masked Israeli settlers wound Palestinians, attack forign journalists in West Bank – IDF didn't arrest intruders","Soldiers called to the scene in Qusra, a regional flashpoint, were filmed shielding the building where the workers had taken shelter, but did not detain or identify the masked settlers, despite an order making it a criminal offense to cover one's face in the West Bank",https://www.haaretz.com/west-bank/2026-08-29/ty-article/.premium/dozens-of-settlers-wound-palestinians-attack-foreign-journalists-in-w-bank/000001a0-4d35-d649-a7be-dd77900a0000,Haaretz,Matan Golan,2026-08-29T15:13:18,2026-08-29 15:31:17.741699,https://www.haaretz.com/west-bank/2026-08-29/ty-article/.premium/dozens-of-settlers-wound-palestinians-attack-foreign-journalists-in-w-bank/000001a0-4d35-d649-a7be-dd77900a0000
California legislature passes two ‘critically important’ bills for Jews,"AB 395 “ends a quiet but persistent form of exclusion—the choice too many Californians have faced between practicing their faith and fully participating in school and civic life,” said David Bocarsly of the Jewish California NGO.",https://www.jns.org/news/u-s-news/california-legislature-passes-two-critically-important-bills-for-jews,JNS,JNS Staff,2026-08-29T12:21:12,2026-08-29 15:31:10.940272,https://www.jns.org/news/u-s-news/california-legislature-passes-two-critically-important-bills-for-jews
Meta removes 35 accounts of Iranian-linked network targeting US users,"The posts spread content “focusing on American politics, including anti-Republican views, alongside messaging on the Israel-Palestine conflict and immigration.”",https://www.jns.org/news/u-s-news/meta-removes-35-accounts-of-iranian-linked-network-targeting-us-users,JNS,JNS Staff,2026-08-29T12:29:22,2026-08-29 15:31:10.940235,https://www.jns.org/news/u-s-news/meta-removes-35-accounts-of-iranian-linked-network-targeting-us-users
"Israeli forces slay three terrorists in Jenin area, including Hamas commander","Qais Bitawi was a family member of Noor Bitawi, commander of the Jenin terrorist network, which the IDF dismantled in “Operation Iron Wall.”",https://www.jns.org/news/israel-news/israeli-forces-slay-three-terrorists-in-jenin-area-including-a-hamas-commander,JNS,JNS Staff,2026-08-29T14:01:25,2026-08-29 15:31:10.940202,https://www.jns.org/news/israel-news/israeli-forces-slay-three-terrorists-in-jenin-area-including-a-hamas-commander
"UK, Israel trade barbs over London's possible Judea and Samaria sanctions",Dropping the UK from Kiryat Gat center would undermine 20-point plan for Gaza—British embassy,https://www.jns.org/news/israel-news/uk-israel-trade-barbs-over-londons-possible-judea-and-samaria-sanctions,JNS,JNS Staff,2026-08-29T15:19:41,2026-08-29 15:31:10.940160,https://www.jns.org/news/israel-news/uk-israel-trade-barbs-over-londons-possible-judea-and-samaria-sanctions
"Visa, Mastercard Launch Payments in Syria After U.S. Lifts Terror Designation","The Syrian president took part in the Visa test, ​making a card payment at a restaurant in Damascus. Lifting the 'last obstacle' would reconnect Syria with the global financial and economic system and boost investment, Syrian foreign minister said",https://www.haaretz.com/middle-east-news/2026-08-29/ty-article/visa-mastercard-launch-payments-in-syria-after-u-s-lifts-terror-designation/000001a0-4b9d-d649-a7be-dfffc39a0000,Haaretz,Reuters,2026-08-29T03:58:30,2026-08-29 10:52:23.695748,https://www.haaretz.com/middle-east-news/2026-08-29/ty-article/visa-mastercard-launch-payments-in-syria-after-u-s-lifts-terror-designation/000001a0-4b9d-d649-a7be-dfffc39a0000
Israel's leaders are fully embracing the role of the villain,"This is not nationalism, but a coherent ideology in its own right",https://www.haaretz.com/opinion/2026-08-29/ty-article-opinion/.highlight/israels-leaders-are-fully-embracing-the-role-of-the-villain/000001a0-4bac-dc79-a3e1-5ffd9cc30000,Haaretz,Ofri Ilany,2026-08-29T04:18:28,2026-08-29 10:52:23.695710,https://www.haaretz.com/opinion/2026-08-29/ty-article-opinion/.highlight/israels-leaders-are-fully-embracing-the-role-of-the-villain/000001a0-4bac-dc79-a3e1-5ffd9cc30000
These Israeli liberals are walking into hostile territory to change minds. Can they?,"I joined activists from the Let's Talk organization to see if it's possible to get people change their political opinions – and if so, how",https://www.haaretz.com/israel-news/elections/2026-08-29/ty-article-magazine/.highlight/theyre-walking-into-hostile-territory-to-change-israeli-minds-can-they/000001a0-436b-d268-a1fe-5b7f5a150000,Haaretz,Itay Mashiach,2026-08-29T04:59:57,2026-08-29 10:52:23.695684,https://www.haaretz.com/israel-news/elections/2026-08-29/ty-article-magazine/.highlight/theyre-walking-into-hostile-territory-to-change-israeli-minds-can-they/000001a0-436b-d268-a1fe-5b7f5a150000
'I've never seen such medical neglect': A Palestinian teen's ordeal in Israeli prison,The Israeli military detained a healthy Palestinian 16-year-old for 'throwing objects.' Now he's gone through two open-heart surgeries and the partial amputation of one of his legs – all because he was denied proper medical treatment in prison,https://www.haaretz.com/israel-news/twilight-zone/2026-08-29/ty-article-magazine/.highlight/ive-never-seen-such-medical-neglect-a-teens-ordeal-in-israeli-prison/000001a0-43f4-d2c8-a3ad-5bf64eed0000,Haaretz,Gideon Levy,2026-08-29T05:27:14,2026-08-29 10:52:23.695653,https://www.haaretz.com/israel-news/twilight-zone/2026-08-29/ty-article-magazine/.highlight/ive-never-seen-such-medical-neglect-a-teens-ordeal-in-israeli-prison/000001a0-43f4-d2c8-a3ad-5bf64eed0000
Israel weather service downgrades rare heavy summer rain forecast,"The rain is still expected to hit central Israel and the coastal plain from Saturday night, but in smaller amounts than initially forecast, after earlier warnings of unusually heavy summer rainfall, thunderstorms, lightning and hail",https://www.haaretz.com/israel-news/2026-08-29/ty-article/.premium/israel-weather-service-scales-back-rare-heavy-summer-rain-forecast/000001a0-4c6c-db96-a7fb-fcfc836d0000,Haaretz,Nir Hasson,2026-08-29T07:51:15,2026-08-29 10:52:23.695612,https://www.haaretz.com/israel-news/2026-08-29/ty-article/.premium/israel-weather-service-scales-back-rare-heavy-summer-rain-forecast/000001a0-4c6c-db96-a7fb-fcfc836d0000
Pro-Israel senators among 30 urging it to halt E1 settlement plan,"The senators said the U.S. 'must remain committed to a two-state solution,' warning that Israeli settlement construction in the E1 area of the West Bank would 'take us further away from that goal'",https://www.haaretz.com/israel-news/israel-security/2026-08-29/ty-article/.premium/pro-israel-senators-among-30-urging-it-to-halt-e1-settlement-plan/000001a0-4c72-db96-a7fb-fcf2e9220000,Haaretz,Liza Rozovsky,2026-08-29T08:35:18,2026-08-29 10:52:23.695581,https://www.haaretz.com/israel-news/israel-security/2026-08-29/ty-article/.premium/pro-israel-senators-among-30-urging-it-to-halt-e1-settlement-plan/000001a0-4c72-db96-a7fb-fcf2e9220000
Iranians increasingly sceptical amid supreme leader's prolonged absence,"With his whereabouts unclear, Iranian officials say Mojtaba Khamenei remains in control from the shadows, but his prolonged absence is fueling doubts even among the Islamic Republic's hardline supporters",https://www.haaretz.com/middle-east-news/iran/2026-08-29/ty-article/iranians-increasingly-sceptical-amid-supreme-leaders-prolonged-absence/000001a0-4bce-d649-a7be-dfee39d60000,Haaretz,Reuters,2026-08-29T09:37:55,2026-08-29 10:52:23.695550,https://www.haaretz.com/middle-east-news/iran/2026-08-29/ty-article/iranians-increasingly-sceptical-amid-supreme-leaders-prolonged-absence/000001a0-4bce-d649-a7be-dfee39d60000
Stimulating a single nerve could treat depression and fight inflammation. Is it too good to be true?,"Implants that stimulate the body's longest cranial nerve are already treating epilepsy, depression and rheumatoid arthritis. Scientists are now testing whether they can also combat cancer-related wasting, obesity and PTSD. Meanwhile, can an ice bath or an ear massage do the trick?",https://www.haaretz.com/science-and-health/2026-08-29/ty-article-magazine/nerve-stimulation-could-fight-depression-and-inflammation-too-good-to-be-true/000001a0-379b-d9fc-ada6-3f9f47730000,Haaretz,Dani Bar On,2026-08-29T09:57:11,2026-08-29 10:52:23.695510,https://www.haaretz.com/science-and-health/2026-08-29/ty-article-magazine/nerve-stimulation-could-fight-depression-and-inflammation-too-good-to-be-true/000001a0-379b-d9fc-ada6-3f9f47730000
"Haredim Again Block Bnei Brak Neighborhood, Cutting Off Secular Residents","One Writers' Complex resident said a truck driver who unloaded containers, blocking access to the neighborhood, told him he had been sent by the municipality. Another warned of a 'religious war if police fail to intervene",https://www.haaretz.com/israel-news/2026-08-29/ty-article/.premium/haredim-again-block-bnei-brak-neighborhood-cutting-off-secular-residents/000001a0-4a32-da19-affd-def71c950000,Haaretz,Yair Foldes,2026-08-28T23:06:59,2026-08-29 03:32:45.838181,https://www.haaretz.com/israel-news/2026-08-29/ty-article/.premium/haredim-again-block-bnei-brak-neighborhood-cutting-off-secular-residents/000001a0-4a32-da19-affd-def71c950000
"Israel election could swing shekel by up to 3 percent, JPMorgan estimates",The U.S. bank's analysts said the election result was ​likely to impact Israel's relations with its Western allies and the perceptions ​of international investors regarding Israel's judicial system reforms and policies in the West Bank and Gaza,https://www.haaretz.com/israel-news/2026-08-29/ty-article/israel-election-could-swing-shekel-by-up-to-3-percent-jpmorgan-estimates/000001a0-4b25-d649-a7be-df67f5c80000,Haaretz,Reuters,2026-08-29T01:49:52,2026-08-29 03:32:45.838150,https://www.haaretz.com/israel-news/2026-08-29/ty-article/israel-election-could-swing-shekel-by-up-to-3-percent-jpmorgan-estimates/000001a0-4b25-d649-a7be-df67f5c80000
IRGC Navy says it has 'full control' over Strait of Hormuz,,https://www.haaretz.com/israel-news/israel-security/2026-08-29/ty-article-live/irgc-navy-says-it-has-full-control-over-strait-of-hormuz/000001a0-4b37-d6be-afb5-5bb7b3520000,Haaretz,Haaretz,2026-08-29T02:27:22,2026-08-29 03:32:45.838106,https://www.haaretz.com/israel-news/israel-security/2026-08-29/ty-article-live/irgc-navy-says-it-has-full-control-over-strait-of-hormuz/000001a0-4b37-d6be-afb5-5bb7b3520000
Leading Famine Expert Largely Silent as Catastrophic Predictions for Gaza Fail to Materialize,"Alex de Waal, executive director of the World Peace Foundation and internationally recognized expert on famine, has remained largely silent...",https://www.algemeiner.com/2026/08/28/leading-famine-expert-largely-silent-catastrophic-predictions-gaza-fail-materialize/,Algemeiner,Corey Walker,2026-08-28T21:24:13,2026-08-29 03:32:41.434096,https://www.algemeiner.com/?p=778655
Israel-Lebanon Deal Under Strain as Hezbollah Disarmament Falls Short,"Two months after Israel and Lebanon signed a US-brokered memorandum of understanding, frustration is mounting in Jerusalem as the Lebanese...",https://www.algemeiner.com/2026/08/28/israel-lebanon-deal-under-strain-hezbollah-disarmament-falls-short/,Algemeiner,Ailin Vilches Arguello,2026-08-28T21:37:17,2026-08-29 03:32:41.434068,https://www.algemeiner.com/?p=778649
"Jewish, Israeli Humanitarian Groups Mobilize to Help Nepal After Devastating Flash Floods","As Nepal reels from deadly flash floods that have devastated communities and left a trail of destruction, Jewish and Israeli...",https://www.algemeiner.com/2026/08/28/jewish-israeli-humanitarian-groups-mobilize-help-nepal-devastating-flash-floods/,Algemeiner,Ailin Vilches Arguello,2026-08-28T21:40:32,2026-08-29 03:32:41.434034,https://www.algemeiner.com/?p=778669
El-Sayed’s antisemitism is the issue; not Hasan Piker,Democrats want their Michigan Senate candidate to disavow his podcaster pal. The problem is that most on the political left have already embraced his Jew-hatred and lies.,https://www.jns.org/opinion/column/jonathan-s-tobin/el-sayeds-antisemitism-is-the-issue-not-hasan-piker,JNS,Jonathan S. Tobin,2026-08-28T20:50:17,2026-08-29 03:32:39.220495,https://www.jns.org/opinion/column/jonathan-s-tobin/el-sayeds-antisemitism-is-the-issue-not-hasan-piker
Irishman charged in France with threatening Jewish tourists,The man allegedly told an Australian Jewish couple that he was sorry Hitler had not “finished the job.”,https://www.jns.org/news/world/irishman-charged-in-france-with-threatening-jewish-tourists,JNS,Rebecca Szlechter,2026-08-28T21:38:19,2026-08-29 03:32:39.220456,https://www.jns.org/news/world/irishman-charged-in-france-with-threatening-jewish-tourists
"L.A. Educators Visit Israel with JNF-USA, Camp Alonim’s ’Wine and Song,’ Shabbat in the Park","Notable people and events in the Jewish LA community. The post L.A. Educators Visit Israel with JNF-USA, Camp Alonim’s ’Wine and Song,’ Shabbat in the Park appeared first on Jewish Journal .",https://jewishjournal.com/events/movers-shakers/391696/l-a-educators-visit-israel-with-jnf-usa-camp-alonims-wine-and-song-shabbat-in-the-park/,Jewish Journal,Jewish Journal Staff,2026-08-28T21:53:20,2026-08-29 03:32:36.811634,https://jewishjournal.com/?p=391696
Rabbis of LA | The Making of a Social Justice Rabbi,Second of two parts The post Rabbis of LA | The Making of a Social Justice Rabbi appeared first on Jewish Journal .,https://jewishjournal.com/community/rabbis-of-la/391703/the-making-of-a-social-justice-rabbi/,Jewish Journal,Ari L. Noonan,2026-08-28T21:57:16,2026-08-29 03:32:36.811588,https://jewishjournal.com/?p=391703
These Jews are looking for a ‘runner’s chai’,"Ezra Feig begins each Friday the same way: corralling 100 Jews to go on a run in Central Park. He stands up on a park bench, towering above the crowd. They’re schmoozing and stretching, with impressive energy considering the hour. Around half wear blue shirts and shorts emblazoned with a white Star of David, interlaced... The post These Jews are looking for a &#8216;runner’s chai&#8217; appeared first on The Forward .",https://forward.com/news/847343/these-jews-are-looking-for-a-runners-chai/,The Forward,Sage Lattman,2026-08-29T01:42:36,2026-08-29 03:32:32.585755,https://forward.com/?p=847343
"Milo Yiannopoulos, right-wing troll with links to popular antisemitic figures, detained by ICE","(JTA) — Far-right provocateur Milo Yiannopoulos, a close associate of Ye, Candace Owens and other past and present promoters of antisemitic conspiracy theories, has been detained by Immigrations and Customs Enforcement officers, federal officials announced Friday. Yiannopoulos, a British citizen who himself has cheered on the Trump administration’s mass deportations, was arrested in New Orleans... The post Milo Yiannopoulos, right-wing troll with links to popular antisemitic figures, detained by ICE appeared first on The Forward .",https://forward.com/fast-forward/847436/milo-yiannopoulos-right-wing-troll-detained-by-ice/,The Forward,Joseph Strauss,2026-08-29T02:02:27,2026-08-29 03:32:32.585698,https://forward.com/?p=847436
Israel’s Ethiopian asylum seekers fight deportation efforts,"(JTA) — This story was supported by the Pulitzer Center. TEL AVIV – When Endalkew Yemani Tesma fled Ethiopia in 2005, he did not know what awaited him on the way to Israel, nor that once he arrived, he would spend nearly two decades without permanent status. He passed through Sudan, then Libya, then Sudan... The post Israel’s Ethiopian asylum seekers fight deportation efforts appeared first on The Forward .",https://forward.com/fast-forward/847157/israels-ethiopian-asylum-seekers-fight-deportation-efforts/,The Forward,Theia Chatelle,2026-08-29T02:28:44,2026-08-29 03:32:32.585648,https://forward.com/?p=847157
How the sunken 1948 Altalena arms ship became an election battleground in Israel in 2026,"(JTA) — The discovery this week of the sunken arms ship the Altalena, which almost sparked an Israeli civil war just one month after the fledgling state was created in 1948, has become a political battle ground for right-politicians seeking support in advance of the Oct. 27 elections. “There is no more mobilizing ethos on... The post How the sunken 1948 Altalena arms ship became an election battleground in Israel in 2026 appeared first on The Forward .",https://forward.com/fast-forward/847190/sunken-altalena-arms-ship-election-battleground-in-israel-in-2026/,The Forward,Deborah Danan,2026-08-29T02:37:35,2026-08-29 03:32:32.585604,https://forward.com/?p=847190
Jon Ossoff joins Democrats distancing from Hasan Piker,"(JTA) — Georgia Sen. Jon Ossoff distanced himself from left-wing streamer Hasan Piker, who has called Ossoff a “dark-horse” presidential candidate, citing Piker’s “reckless and dangerous rhetoric” about American Jews. Ossoff is facing criticism from some of his state’s local Jewish community over his votes to block certain arms sales to Israel. He has joined... The post Jon Ossoff joins Democrats distancing from Hasan Piker appeared first on The Forward .",https://forward.com/fast-forward/847226/jon-ossoff-hasan-piker/,The Forward,Joseph Strauss,2026-08-29T02:40:48,2026-08-29 03:32:32.585554,https://forward.com/?p=847226
Israeli expats push for voting rights in Oct. 27 election,"(JTA) — When Ilana Mittman, a retired social scientist with American and Israeli citizenship, began arranging a trip to Israel from her home in Baltimore, she planned to observe her late father’s Yahrzeit and cast her ballot in the national elections on Oct. 27. Checking her voter registration status online, she made a startling discovery:... The post Israeli expats push for voting rights in Oct. 27 election appeared first on The Forward .",https://forward.com/fast-forward/847277/israeli-expats-push-for-voting-rights-in-oct-27-election/,The Forward,Natasha Mozgovaya,2026-08-29T02:45:51,2026-08-29 03:32:32.585500,https://forward.com/?p=847277
"Vance, who’s drawn ire of Jewish conservatives, will speak at Republican Jewish confab","(JTA) — Vice President JD Vance, who has drawn the ire of a number of Jewish conservatives, will speak at the Republican Jewish Coalition’s annual summit in Las Vegas on Monday, the RJC confirmed. “The Republican Jewish Coalition is proud to welcome Vice President JD Vance to our National Leadership Summit in Las Vegas,” said... The post Vance, who’s drawn ire of Jewish conservatives, will speak at Republican Jewish confab appeared first on The Forward .",https://forward.com/fast-forward/847307/vance-whos-drawn-ire-of-jewish-conservatives-will-speak-at-republican-jewish-confab/,The Forward,Joseph Strauss,2026-08-29T02:49:38,2026-08-29 03:32:32.585444,https://forward.com/?p=847307
Jews.com is not what you think it is,"Plus, the contentious Maimonides Medical Center merger goes through in Brooklyn. -- The post Jews.com is not what you think it is appeared first on Jewish Telegraphic Agency .",https://www.jta.org/2026/08/28/ny/jews-com-isnt-what-you-think-it-is,JTA,New York Jewish Week Staff,2026-08-28T22:09:08,2026-08-29 03:32:30.240418,https://www.jta.org/?p=1907062
"Milo Yiannopoulos, right-wing troll with links to popular antisemitic figures, detained by ICE","Yiannopoulos “chose to overstay his welcome,” DHS officials said. -- The post Milo Yiannopoulos, right-wing troll with links to popular antisemitic figures, detained by ICE appeared first on Jewish Telegraphic Agency .",https://www.jta.org/2026/08/28/united-states/milo-yiannopoulos-right-wing-troll-with-links-to-popular-antisemitic-figures-detained-by-ice,JTA,Joseph Strauss,2026-08-29T01:27:53,2026-08-29 03:32:30.240376,https://www.jta.org/?p=1907068
Updated: Free or low-cost High Holiday services in the Bay Area,Welcome to our annual list of free and low-cost High Holiday services open to the public. All services listed here cost $100 or less. (Many accept donations or offer sliding [&#8230;],https://jweekly.com/2026/08/28/free-or-low-cost-rosh-hashanah-and-yom-kippur-services-around-the-bay-area/,J. Weekly,Rahel Knight,2026-08-28T21:09:18,2026-08-29 03:32:25.601356,https://jweekly.com/?p=310102
‘The Purple Chef’ just wants to make you smile,"Food coverage is supported by a generous donation from Susan and Moses Libitzky. His “Pomegranate Hot Honey Wings” are hardly traditional, but Chef Brian Hollander loves the smiles they bring [&#8230;]",https://jweekly.com/2026/08/28/the-purple-chef-just-wants-to-make-you-smile/,J. Weekly,Alix Wall,2026-08-28T21:28:53,2026-08-29 03:32:25.601321,https://jweekly.com/?p=310473
How to report antisemitism in California public schools,"If the experience of the past three years is any indication, the new academic year will once again bring reports from Jewish students facing hostility at school.&#160; In the aftermath [&#8230;]",https://jweekly.com/2026/08/28/how-to-file-a-complaint-about-antisemitism-in-california-public-schools/,J. Weekly,Niva Ashkenazi,2026-08-28T22:03:47,2026-08-29 03:32:25.601275,https://jweekly.com/?p=310479
One hundred Israelis living abroad petition High Court after being removed from voter roll,"Petitioners are asking to cast provisional ballots in the October election pending a court ruling. They say their residency status was revoked without notice or a hearing, leaving them off the voter roll and compromising their ability to vote",https://www.haaretz.com/israel-news/elections/2026-08-28/ty-article/.premium/100-israelis-abroad-petition-high-court-after-being-removed-from-voter-roll/000001a0-47b6-d77e-a7e9-dfff43530000,Haaretz,Ran Shimoni,2026-08-28T10:01:59,2026-08-28 21:07:53.296022,https://www.haaretz.com/israel-news/elections/2026-08-28/ty-article/.premium/100-israelis-abroad-petition-high-court-after-being-removed-from-voter-roll/000001a0-47b6-d77e-a7e9-dfff43530000
"Two months out, Netanyahu's bloc is stuck in polls. But all the rest is a mystery","From Oz to Noam and The Haredi Public to Amcha Yisrael - it's hard to make sense of all the tiny right-wing parties hoping to play kingmaker after the October 27 election. Or maybe, it's just too early",https://www.haaretz.com/israel-news/elections/2026-08-28/ty-article-magazine/.highlight/two-months-out-netanyahus-bloc-is-stuck-in-polls-but-the-rest-is-a-mystery/000001a0-4426-d2c8-a3ad-5db6741a0000,Haaretz,Dahlia Scheindlin,2026-08-28T10:16:13,2026-08-28 21:07:53.296002,https://www.haaretz.com/israel-news/elections/2026-08-28/ty-article-magazine/.highlight/two-months-out-netanyahus-bloc-is-stuck-in-polls-but-the-rest-is-a-mystery/000001a0-4426-d2c8-a3ad-5db6741a0000
Is Turkey the new Iran?,,https://www.haaretz.com/israel-news/podcasts/2026-08-28/ty-article-podcast/is-turkey-the-new-iran/000001a0-43a7-d02f-a9ed-5fef4b060000,Haaretz,Haaretz Podcast,2026-08-28T12:11:06,2026-08-28 21:07:53.295981,https://www.haaretz.com/israel-news/podcasts/2026-08-28/ty-article-podcast/is-turkey-the-new-iran/000001a0-43a7-d02f-a9ed-5fef4b060000
Haaretz hires Philissa Cramer as Senior Jewish Life Correspondent and Grace Gilson as Young Generation Correspondent,The appointments strengthen Haaretz's growing U.S. bureau and expand its reporting on American Jewish life and younger Americans' changing relationship with Israel,https://www.haaretz.com/us-news/2026-08-28/ty-article/.premium/haaretz-hires-jewish-life-young-generation-correspondents-amid-u-s-expansion/000001a0-487c-d2c5-a1b2-edffa7d50000,Haaretz,Haaretz,2026-08-28T14:40:37,2026-08-28 21:07:53.295964,https://www.haaretz.com/us-news/2026-08-28/ty-article/.premium/haaretz-hires-jewish-life-young-generation-correspondents-amid-u-s-expansion/000001a0-487c-d2c5-a1b2-edffa7d50000
Hadash rocked by misconduct allegations against candidate ahead of election,Senior Hadash officials voted to demand that Jafar Farah withdraw from the left-wing party's Knesset list after a committee found that he had acted inappropriately. The findings were not made public. Farah rejected the allegations and refused to resign,https://www.haaretz.com/israel-news/elections/2026-08-28/ty-article/.premium/hadash-rocked-by-misconduct-allegations-against-candidate-ahead-of-election/000001a0-48a1-d2c5-a1b2-edab46ee0000,Haaretz,Adi Hashmonai,2026-08-28T15:05:06,2026-08-28 21:07:53.295946,https://www.haaretz.com/israel-news/elections/2026-08-28/ty-article/.premium/hadash-rocked-by-misconduct-allegations-against-candidate-ahead-of-election/000001a0-48a1-d2c5-a1b2-edab46ee0000
"Despite Trump's eulogies, the reports of the Iran deal's death are greatly exaggerated","The U.S. president is talking about 'old' and 'new' sanctions, but Tehran has decades of experience under such regimes and now the blockaded Strait of Hormuz, leaving the memorandum of understanding a source for diplomacy",https://www.haaretz.com/middle-east-news/2026-08-28/ty-article/.premium/the-june-deal-isnt-dead-even-as-trump-and-iran-ramp-up-their-economic-war/000001a0-4845-d2c5-a1b2-edef8ff10000,Haaretz,Zvi Bar'el,2026-08-28T15:13:01,2026-08-28 21:07:53.295925,https://www.haaretz.com/middle-east-news/2026-08-28/ty-article/.premium/the-june-deal-isnt-dead-even-as-trump-and-iran-ramp-up-their-economic-war/000001a0-4845-d2c5-a1b2-edef8ff10000
Israelis revel as freed hostage Emily Damari marries social media star Danielle Amit,"'My Dani,' Damari said in her wedding vows, 'Did you ever imagine that the hostage you posted on Instagram would be your partner? Did you imagine we would stand here? Who would have thought? It wasn't written in life's most epic fairy-tales'",https://www.haaretz.com/israel-news/culture/2026-08-28/ty-article/.premium/wedding-of-the-year-israelis-revel-as-freed-hostage-emily-damari-ties-the-knot/000001a0-4901-d02f-a9ed-5d6b39d70000,Haaretz,Haaretz,2026-08-28T17:45:44,2026-08-28 21:07:53.295904,https://www.haaretz.com/israel-news/culture/2026-08-28/ty-article/.premium/wedding-of-the-year-israelis-revel-as-freed-hostage-emily-damari-ties-the-knot/000001a0-4901-d02f-a9ed-5d6b39d70000
Netanyahu said his son was target of Iranian assassination attempt. But the threat remains unclear,Israel's security agencies have declined to comment on Netanyahu's claim. A former security official said in July that an attempt on a Netanyahu family member was thwarted 'literally at the last minute',https://www.haaretz.com/israel-news/israel-politics/2026-08-28/ty-article/.premium/netanyahus-claim-that-son-was-target-of-iranian-assassination-remains-unclear/000001a0-485d-d9dc-a3af-5dfd53130000,Haaretz,Jonathan Lis,2026-08-28T18:14:25,2026-08-28 21:07:53.295880,https://www.haaretz.com/israel-news/israel-politics/2026-08-28/ty-article/.premium/netanyahus-claim-that-son-was-target-of-iranian-assassination-remains-unclear/000001a0-485d-d9dc-a3af-5dfd53130000
Is Israel really 'one step away' from total victory in Gaza?,"A cease-fire agreement was signed last October, but as of August 2026, Hamas has not been defeated. The group has yet to disarm, and Israel continues to control a significant portion of the Gaza Strip",https://www.haaretz.com/israel-news/israel-security/2026-08-28/ty-article/is-israel-really-one-step-away-from-total-victory-in-gaza/000001a0-49ba-dad6-a3b6-5bfec0cd0000,Haaretz,Jonathan Lis,2026-08-28T19:09:38,2026-08-28 21:07:53.295860,https://www.haaretz.com/israel-news/israel-security/2026-08-28/ty-article/is-israel-really-one-step-away-from-total-victory-in-gaza/000001a0-49ba-dad6-a3b6-5bfec0cd0000
Israeli judoka Gefen Primo wins Lausanne Grand Slam,"After more than two years without a title, Primo returned to the top in Lausanne. 'This is a very significant achievement,' coach Shany Hershko said, singling out his favorite bonus: hearing 'Hatikva' on Swiss soil",https://www.haaretz.com/sports/2026-08-28/ty-article/.premium/israeli-judoka-gefen-primo-wins-lausanne-grand-slam/000001a0-499d-ddad-a7fa-c9fdefc60000,Haaretz,Haaretz Sports Staff,2026-08-28T19:13:31,2026-08-28 21:07:53.295840,https://www.haaretz.com/sports/2026-08-28/ty-article/.premium/israeli-judoka-gefen-primo-wins-lausanne-grand-slam/000001a0-499d-ddad-a7fa-c9fdefc60000
IDF says three Palestinians killed in targeted strike near West Bank's Jenin,The Palestinian Red Crescent said Israeli troops delayed its medics and confiscated medical equipment. Defense Minister Katz said the Jenin refugee camp had been 'cleansed' of militants and terror infrastructure,https://www.haaretz.com/west-bank/2026-08-28/ty-article/.premium/idf-says-three-palestinians-killed-in-targeted-strike-near-west-banks-jenin/000001a0-48fe-dad6-a3b6-5afe67890000,Haaretz,Jack Khoury,2026-08-28T19:20:17,2026-08-28 21:07:53.295813,https://www.haaretz.com/west-bank/2026-08-28/ty-article/.premium/idf-says-three-palestinians-killed-in-targeted-strike-near-west-banks-jenin/000001a0-48fe-dad6-a3b6-5afe67890000
"Journalists Push a One-Sided Anti-Israel Narrative, While Discussing the Democratic Divide Over the Jewish State","Vox&#8217;s Today, Explained podcast episode &#8220;Why Some Dems Are Standing by Israel,&#8221; published on July 22, 2026, by Dustin DeSoto...",https://www.algemeiner.com/2026/08/28/journalists-push-one-sided-anti-israel-narrative-while-discussing-democratic-divide-over-jewish-state/,Algemeiner,Beatriz Gómez-González,2026-08-28T16:34:45,2026-08-28 21:07:48.317886,https://www.algemeiner.com/?p=778583
"Released Terrorists: Before Oct. 7, Israeli Prisons Were Full of ‘Normal, Regular Life’ With ‘Everything Available’","Another Palestinian libel bites the dust. For decades, the Palestinian Authority (PA) has demonized and libeled Israel, claiming that terrorist...",https://www.algemeiner.com/2026/08/28/released-terrorists-before-oct-7-israeli-prisons-full-normal-regular-life-everything-available/,Algemeiner,Itamar Marcus,2026-08-28T16:38:00,2026-08-28 21:07:48.317865,https://www.algemeiner.com/?p=778572
The New York Times Headlines That Changed the Story of the Gaza War,"Read the below headlines quickly. That is, after all, how most people encounter the news: in a notification, a search...",https://www.algemeiner.com/2026/08/28/new-york-times-headlines-changed-story-gaza-war/,Algemeiner,Rachel O'Donoghue,2026-08-28T16:48:40,2026-08-28 21:07:48.317843,https://www.algemeiner.com/?p=778576
The Double Standard Applied to Israel,"The day after Israel was reestablished as a Jewish state, the armies of Egypt, Transjordan, Syria, Lebanon, and Iraq invaded...",https://www.algemeiner.com/2026/08/28/double-standard-applied-israel/,Algemeiner,Steve Wenick,2026-08-28T17:02:41,2026-08-28 21:07:48.317824,https://www.algemeiner.com/?p=778570
Syrian President Names Former Commander of Kurdish-Led Force as Adviser,"Syrian President Ahmed al-Sharaa appointed the former commander of a now-dissolved Kurdish&#8211;led fighting force as a presidential adviser on Friday, reflecting a rapprochement between the two long-time civil war adversaries. For over...",https://www.algemeiner.com/2026/08/28/syrian-president-names-former-commander-kurdish-led-force-adviser/,Algemeiner,Reuters and Algemeiner Staff,2026-08-28T17:22:59,2026-08-28 21:07:48.317805,https://www.algemeiner.com/?p=778627
Iran Urges Countries Not to Implement New US Sanctions as Mediators Focus on Reopening Strait,"Iran condemned the United States&#8217; new economic sanctions on Friday as &#8220;state terrorism,&#8221; while its supreme leader said he was banning...",https://www.algemeiner.com/2026/08/28/iran-urges-other-nations-not-implement-new-us-sanctions-mediators-focus-reopening-strait/,Algemeiner,Reuters and Algemeiner Staff,2026-08-28T18:51:44,2026-08-28 21:07:48.317770,https://www.algemeiner.com/?p=778641
Four Men Plead Guilty to Arson Attack on Jewish Ambulances in London,"Four young British men on Friday admitted to an arson attack on community ambulances in London, the first of a...",https://www.algemeiner.com/2026/08/28/four-men-plead-guilty-arson-attack-jewish-ambulances-london/,Algemeiner,Reuters and Algemeiner Staff,2026-08-28T18:54:53,2026-08-28 21:07:48.317748,https://www.algemeiner.com/?p=778645
Award-Winning Australian Writer Claims Bondi Beach Terrorist Attack Was Not Antisemitic,Award-winning Australian novelist Richard Flanagan claimed at a festival in Sydney recently that the deadly ISIS-inspired terrorist attack on a...,https://www.algemeiner.com/2026/08/28/award-winning-australian-writer-claims-bondi-beach-terrorist-attack-was-not-antisemitic/,Algemeiner,Shiryn Ghermezian,2026-08-28T19:12:02,2026-08-28 21:07:48.317729,https://www.algemeiner.com/?p=778594
London Police Take No Further Action Against Bob Vylan Lead Singer Over ‘Death to the IDF’ Chant,London&#8217;s Metropolitan Police Service said on Thursday that authorities will take no further action against the lead singer of the...,https://www.algemeiner.com/2026/08/28/london-police-take-no-further-action-against-bob-vylan-lead-singer-death-to-idf-chant/,Algemeiner,Shiryn Ghermezian,2026-08-28T19:59:54,2026-08-28 21:07:48.317709,https://www.algemeiner.com/?p=778587
‘Jewish Motherf—kers’: IDF Reservists Debate New Yorkers Over Israel,Every year New York City&#8217;s municipal government confers hundreds of permits to activists seeking a stage on its busy streets...,https://www.algemeiner.com/2026/08/28/idf-reservists-debate-new-yorkers-israel/,Algemeiner,Dion J. Pierre,2026-08-28T20:55:55,2026-08-28 21:07:48.317681,https://www.algemeiner.com/?p=778597
Antisemitism moves from outside encampments into indoor classrooms,Hatred of Jews used to hide behind a protest sign; now it is part of the syllabus.,https://www.jns.org/wire/the-focus-project/antisemitism-moves-from-outside-encampments-into-indoor-classrooms,JNS,,2026-08-28T11:15:00,2026-08-28 21:07:45.882531,https://www.jns.org/wire/the-focus-project/antisemitism-moves-from-outside-encampments-into-indoor-classrooms
Azerbaijan is a Jewish story written in three alphabets,A unique community has survived for centuries and serves as a bridge to Israel.,https://www.jns.org/opinion/michael-freund/azerbaijan-is-a-jewish-story-written-in-three-alphabets,JNS,Michael Freund,2026-08-28T13:30:00,2026-08-28 21:07:45.882515,https://www.jns.org/opinion/michael-freund/azerbaijan-is-a-jewish-story-written-in-three-alphabets
How Judaism invented individual rights,The world keeps trying to return the gift.,https://www.jns.org/opinion/micha-danzig/how-judaism-invented-individual-rights,JNS,Micha Danzig,2026-08-28T15:00:00,2026-08-28 21:07:45.882499,https://www.jns.org/opinion/micha-danzig/how-judaism-invented-individual-rights
"‘Latest act of the greatest showman,’ expert says of new Mamdani business advisory panel","“What does he want from this?” Santiago Vidal Calvo, a Manhattan Institute analyst, told JNS. “Is this a publicity stunt?”",https://www.jns.org/news/u-s-news/latest-act-of-the-greatest-showman-expert-says-of-new-mamdani-business-advisory-panel,JNS,Debra Nussbaum Cohen,2026-08-28T15:35:00,2026-08-28 21:07:45.882485,https://www.jns.org/news/u-s-news/latest-act-of-the-greatest-showman-expert-says-of-new-mamdani-business-advisory-panel
"Meta, TikTok remove AI-generated account that released anti-Israel song","“Anyone with a laptop can now build a fake persona, grow an audience with harmless content and then weaponize that trust to spread antisemitism and anti-Israel propaganda,” Sacha Roytman of Combat Antisemitism Movement told JNS.",https://www.jns.org/news/u-s-news/meta-tiktok-remove-ai-generated-account-that-released-anti-israel-song,JNS,Aaron Bandler,2026-08-28T15:50:00,2026-08-28 21:07:45.882466,https://www.jns.org/news/u-s-news/meta-tiktok-remove-ai-generated-account-that-released-anti-israel-song
"Israel lauds Finland’s decision to end UNRWA funding, invites other nations to join, Danon says","""For years, UNRWA schools have incited violence against Israel, UNRWA employees actively participated in the Oct. 7 massacre and throughout the war, terrorists carried out attacks against Israelis from UNRWA facilities,"" the Israeli envoy told JNS.",https://www.jns.org/news/world/israel-lauds-finlands-decision-to-end-unrwa-funding-invites-other-nations-to-join-danon-says,JNS,Mike Wagenheim,2026-08-28T15:57:49,2026-08-28 21:07:45.882446,https://www.jns.org/news/world/israel-lauds-finlands-decision-to-end-unrwa-funding-invites-other-nations-to-join-danon-says
"Mamdani, Waltz meet to discuss annual UN gathering","The New York City mayor and the U.S. ambassador to the United Nations had a “productive discussion with a focus on planning ahead of the U.N. General Assembly,” City Hall told JNS.",https://www.jns.org/news/u-s-news/mamdani-waltz-meet-to-discuss-annual-un-gathering,JNS,Mike Wagenheim,2026-08-28T16:05:00,2026-08-28 21:07:45.882425,https://www.jns.org/news/u-s-news/mamdani-waltz-meet-to-discuss-annual-un-gathering
Former US defense intelligence staffer pleads guilty to trying to give classified info to ‘friendly’ foreign government,Nathan Villas Laatsch admitted to copying classified intelligence from his workspace and giving it to an undercover FBI agent whom he thought represented a foreign state.,https://www.jns.org/news/u-s-news/former-us-defense-intelligence-staffer-pleads-guilty-to-trying-to-give-classified-info-to-friendly-foreign-government,JNS,Rebecca Szlechter,2026-08-28T16:20:35,2026-08-28 21:07:45.882406,https://www.jns.org/news/u-s-news/former-us-defense-intelligence-staffer-pleads-guilty-to-trying-to-give-classified-info-to-friendly-foreign-government
"US sanctions Bank Melli official, targets UAE bank over Iran ties","“Treasury promised to sever every economic lifeline Tehran has left and finally end the threat of the Iranian regime,” Scott Bessent, U.S. treasury secretary, said.",https://www.jns.org/news/u-s-news/us-sanctions-bank-melli-official-targets-uae-bank-over-iran-ties,JNS,Mike Wagenheim,2026-08-28T17:10:36,2026-08-28 21:07:45.882386,https://www.jns.org/news/u-s-news/us-sanctions-bank-melli-official-targets-uae-bank-over-iran-ties
Justice Department appeals dismissal of Jew-hatred lawsuit against Harvard,"“Harvard certified compliance, drew billions on those certifications and broke them,"" Mark Goldfeder of the National Jewish Advocacy Center told JNS. ""The law treats that as a debt owed for money taken on a promise that wasn’t kept.”",https://www.jns.org/news/u-s-news/justice-department-appeals-dismissal-of-jew-hatred-lawsuit-against-harvard,JNS,Rikki Zagelbaum,2026-08-28T17:58:23,2026-08-28 21:07:45.882367,https://www.jns.org/news/u-s-news/justice-department-appeals-dismissal-of-jew-hatred-lawsuit-against-harvard
Shabbat dinner in a former Danish church,Bring strangers into the same room. Feed them. Give them a reason to talk.,https://www.jns.org/opinion/sharon-pardo/shabbat-dinner-in-a-former-danish-church,JNS,Sharon Pardo,2026-08-28T18:00:00,2026-08-28 21:07:45.882345,https://www.jns.org/opinion/sharon-pardo/shabbat-dinner-in-a-former-danish-church
Four men plead guilty to arson attack on Jewish ambulances in London,Four Hatzola ambulances were set on fire in the heavily-Jewish London neighborhood of Golders Green in March.,https://www.jns.org/news/world/four-men-plead-guilty-to-arson-attack-on-jewish-ambulances-in-london,JNS,Rebecca Szlechter,2026-08-28T18:31:24,2026-08-28 21:07:45.882330,https://www.jns.org/news/world/four-men-plead-guilty-to-arson-attack-on-jewish-ambulances-in-london
"Public NYC hospital system merger with Maimonides takes power away from Orthodox Jews, rabbis warn","“Administrations come and go,” Rabbi Yeruchim Silber, of Agudah, told JNS. “What’s to say a future administration or future Health & Hospitals won’t say, ‘We’ll do it differently?’”",https://www.jns.org/news/u-s-news/public-nyc-hospital-system-merger-with-maimonides-takes-power-away-from-orthodox-jews-rabbis-warn,JNS,Rikki Zagelbaum,2026-08-28T18:42:58,2026-08-28 21:07:45.882313,https://www.jns.org/news/u-s-news/public-nyc-hospital-system-merger-with-maimonides-takes-power-away-from-orthodox-jews-rabbis-warn
Trump admin revokes visa of former Iraqi finance minister after being placed on terror watchlist,"“Under President Trump and Secretary of State Marco Rubio, suspected terrorists will never be allowed to remain in the United States,” Dylan Johnson, of the U.S. State Department, said.",https://www.jns.org/news/u-s-news/trump-admin-revokes-visa-of-former-iraqi-finance-minister-after-being-placed-on-terror-watchlist,JNS,,2026-08-28T19:33:56,2026-08-28 21:07:45.882292,https://www.jns.org/news/u-s-news/trump-admin-revokes-visa-of-former-iraqi-finance-minister-after-being-placed-on-terror-watchlist
Former Iowa Jewish community center to become housing for chronically homeless,A $1 million grant will help convert the former Sioux City Jewish Community Center into 24 apartments with on-site case management and supportive services.,https://www.jns.org/news/u-s-news/former-iowa-jewish-community-center-to-become-housing-for-chronically-homeless,JNS,,2026-08-28T20:37:42,2026-08-28 21:07:45.882269,https://www.jns.org/news/u-s-news/former-iowa-jewish-community-center-to-become-housing-for-chronically-homeless
Jewish family demands action after student allegedly draws swastikas at Michigan middle school,"“A swastika is not a harmless doodle or a joke,"" the Jewish Federation of Detroit told JNS ""It is an enduring symbol of hate and can have a profound impact on Jewish students and families.”",https://www.jns.org/news/u-s-news/jewish-family-demands-action-after-student-allegedly-draws-swastikas-at-michigan-middle-school,JNS,Aaron Bandler,2026-08-28T21:00:13,2026-08-28 21:07:45.882243,https://www.jns.org/news/u-s-news/jewish-family-demands-action-after-student-allegedly-draws-swastikas-at-michigan-middle-school
My sister’s Iraqi henna party was fabulous. I’m scared my kids won’t have one.,"My big sister&#8217;s henna party earlier this month was fabulous. Hundreds of relatives danced to Arabic music while an Israeli-Arab singer belted out Iraqi classics. At the night’s peak, my grandmother brought out a bowl of thick brown henna paste (yes, the stuff you use to dye your hair) and aunties and grandmas alike placed... The post My sister’s Iraqi henna party was fabulous. I’m scared my kids won’t have one. appeared first on The Forward .",https://forward.com/forward-newsletters/looking-forward/847235/my-sisters-iraqi-henna-party-was-fabulous-im-scared-my-kids-wont-have-one/,The Forward,Simone Saidmehr,2026-08-28T06:10:00,2026-08-28 21:07:38.988809,https://forward.com/?p=847235
Jewish farmers planted an ancient seed. Now the fruit is making its American culinary debut.,"On a recent Thursday in his experimental kosher kitchen, Noah Clickstein was brining, roasting and assembling local seasonal fruits and vegetables on plates for his diners – not uncommon tasks for the head chef at Lehrhaus, a Jewish tavern and house of learning in Somerville, Massachusetts. But one of the vegetables made what Clickstein was... The post Jewish farmers planted an ancient seed. Now the fruit is making its American culinary debut. appeared first on The Forward .",https://forward.com/news/847058/jewish-farmers-planted-ancient-seed/,The Forward,Emma Breitman,2026-08-28T10:00:37,2026-08-28 21:07:38.988767,https://forward.com/?p=847058
"Six months into the Iran War, the West has a second chance","Six months ago, the war against Iran began with a display of Israeli military and intelligence prowess so spectacular that rapid political change seemed within reach. Israeli strikes decimated much of Iran&#8217;s leadership, killing Supreme Leader Ali Khamenei, senior officials and military commanders, while demonstrating extraordinary intelligence penetration and an ability to strike at the... The post Six months into the Iran War, the West has a second chance appeared first on The Forward .",https://forward.com/opinion/847172/iran-war-strait-of-hormuz-us-israel/,The Forward,Dan Perry,2026-08-28T11:06:51,2026-08-28 21:07:38.988733,https://forward.com/?p=847172
"Many Americans are moving away from congregations, but not necessarily from religion","“Emma,” a young Jewish woman who we met in 2019, didn’t belong to a synagogue. She didn’t have a Jewish partner. She didn’t observe Jewish rituals regularly. On most surveys about religion, she would not seem very engaged with Judaism. But as Emma talked about what she did in her free time, a very different... The post Many Americans are moving away from congregations, but not necessarily from religion appeared first on The Forward .",https://forward.com/news/847283/americans-moving-away-from-congregations-not-religion/,The Forward,Laura Yares,2026-08-28T17:23:26,2026-08-28 21:07:38.988701,https://forward.com/?p=847283
A little‑remembered Gilded Age millionaire helped make milk safe for American kids through his ‘retail giving’,"The 1844 edition of the widely used schoolbook written by William H. McGuffey, “Newly Revised Eclectic Fourth Reader,” includes a dialogue about the difference between “true and false philanthropy”: Mr. Fantom: I despise a narrow field. O for the reign of universal benevolence! I want to make all mankind good and happy. Mr. Goodman: Dear... The post A little‑remembered Gilded Age millionaire helped make milk safe for American kids through his ‘retail giving’ appeared first on The Forward .",https://forward.com/opinion/847319/a-little-remembered-gilded-age-millionaire-helped-make-milk-safe-for-american-kids-through-his-retail-giving/,The Forward,Leslie Lenkowsky,2026-08-28T18:37:02,2026-08-28 21:07:38.988667,https://forward.com/?p=847319
AUDIO: Scholar Ruth Wisse describes her collaboration with songwriter Leonard Cohen,"אין אַ גאָר אינטערעסאַנטן אינטערוויו אויף דער ייִדישער ראַדיאָ־פּראָגראַם „דאָס ייִדישע קול“, גיט די אָנגעזעענע ייִדישע ליטעראָטור־פֿאָרשערין רות ווײַס איבער אירע זכרונות פֿון אַ צאָל באַקאַנטע ייִדישע פֿיגורן. זי דערציילט ווי אַזוי זי האָט געזאַמלט געלט פֿאַר אַ בוך שריפֿטן פֿונעם קאַנאַדער לידער־שרײַבער און זינגער לענאַרד כּהן, מיט וועמען זי איז געבליבן גוטע פֿרײַנד ביזן... The post AUDIO: Scholar Ruth Wisse describes her collaboration with songwriter Leonard Cohen appeared first on The Forward .",https://forward.com/yiddish/847346/audio-scholar-ruth-wisse-describes-her-collaboration-with-songwriter-leonard-cohen/,The Forward,פֿאָרווערטס־רעדאַקציע,2026-08-28T19:10:30,2026-08-28 21:07:38.988620,https://forward.com/?p=847346
Jon Ossoff joins Democrats distancing from Hasan Piker,The Georgia senator weighed in amid blowback from local Jews over votes to block weapons to Israel. -- The post Jon Ossoff joins Democrats distancing from Hasan Piker appeared first on Jewish Telegraphic Agency .,https://www.jta.org/2026/08/28/politics/jon-ossoff-joins-democrats-distancing-from-hasan-piker,JTA,Joseph Strauss,2026-08-28T12:55:09,2026-08-28 21:07:36.474333,https://www.jta.org/?p=1906995
Ratko Mladić committed genocide. His death reminds me why I reject the charge against Israel.,A law professor sees a fundamental difference between the crimes of the Bosnian Serb general and Israel’s war on Hamas. -- The post Ratko Mladić committed genocide. His death reminds me why I reject the charge against Israel. appeared first on Jewish Telegraphic Agency .,https://www.jta.org/2026/08/28/ideas/ratko-mladic-committed-genocide-his-death-reminds-me-why-i-reject-the-charge-against-israel,JTA,Menachem Z. Rosensaft,2026-08-28T14:57:25,2026-08-28 21:07:36.474310,https://www.jta.org/?p=1907029
Israeli expats push for voting rights in Oct. 27 election,A group of Israeli citizens are challenging their removal from the voting registry without their knowledge. -- The post Israeli expats push for voting rights in Oct. 27 election appeared first on Jewish Telegraphic Agency .,https://www.jta.org/2026/08/28/israel/israeli-expats-push-for-voting-rights-in-oct-27-election,JTA,Natasha Mozgovaya,2026-08-28T15:37:01,2026-08-28 21:07:36.474281,https://www.jta.org/?p=1906993
"Vance, who’s drawn ire of Jewish conservatives, will speak at Republican Jewish confab","The VP has alienated some Jewish Republicans over his comments about Israel and silence on Tucker Carlson. -- The post Vance, who’s drawn ire of Jewish conservatives, will speak at Republican Jewish confab appeared first on Jewish Telegraphic Agency .",https://www.jta.org/2026/08/28/politics/vance-whos-drawn-ire-of-jewish-conservatives-will-speak-at-republican-jewish-confab,JTA,Joseph Strauss,2026-08-28T17:43:29,2026-08-28 21:07:36.474248,https://www.jta.org/?p=1907051
Some pro-Israel college students also believe Israel is guilty of genocide,This story was originally published in the Forward. Click here to get the Forward&#8217;s free email newsletters delivered to your inbox. A quarter of college students who view Israel favorably [&#8230;],https://jweekly.com/2026/08/28/some-pro-israel-college-students-also-believe-israel-is-guilty-of-genocide/,J. Weekly,Hannah Feuer,2026-08-28T19:17:29,2026-08-28 21:07:31.288237,https://jweekly.com/?p=310461
"OPINION | Jews are moving away from synagogues, but not from religion itself","“Emma,” a young Jewish woman who we met in 2019, didn’t belong to a synagogue. She didn’t have a Jewish partner. She didn’t observe Jewish rituals regularly. On most surveys [&#8230;]",https://jweekly.com/2026/08/28/many-jews-are-moving-away-from-synagogues-but-not-necessarily-from-religion/,J. Weekly,Laura Yares and Sharon Avni,2026-08-28T19:38:45,2026-08-28 21:07:31.288208,https://jweekly.com/?p=310465
