title,description,link,source,author,published,scraped_at,guid
Report: Trump declines Saudi crown prince's call for U.S. strikes on Houthis,"U.S. officials told Axios they will not take direct military action against ⁠Yemen's Iran-backed rebels at this time, though CNN reported that the U.S. is ramping up military support for Saudi Arabia in its fight against the Houthis",https://www.haaretz.com/us-news/2026-09-11/ty-article/trump-declines-saudi-request-for-u-s-strikes-on-houthis-axios-reports/000001a0-8eaf-dfa9-ada3-ceef93440000,Haaretz,Reuters,2026-09-11T04:21:50,2026-09-11 08:40:00.010417,https://www.haaretz.com/us-news/2026-09-11/ty-article/trump-declines-saudi-request-for-u-s-strikes-on-houthis-axios-reports/000001a0-8eaf-dfa9-ada3-ceef93440000
"'In Berlin, I was a specialist doctor. In Israel, I considered waiting tables'","This week at Ben-Gurion Airport: A Berlin love story moves to Tel Aviv in wartime, while an Israeli family heads to Romania in search of bears",https://www.haaretz.com/israel-news/holylandings/2026-09-11/ty-article-magazine/.highlight/in-berlin-i-was-a-specialist-doctor-in-israel-i-considered-waiting-tables/000001a0-8ede-dfa9-ada3-ceded0510000,Haaretz,Mae Palty,2026-09-11T05:27:03,2026-09-11 08:40:00.010381,https://www.haaretz.com/israel-news/holylandings/2026-09-11/ty-article-magazine/.highlight/in-berlin-i-was-a-specialist-doctor-in-israel-i-considered-waiting-tables/000001a0-8ede-dfa9-ada3-ceded0510000
"Europe's far right is on the rise, so why is Israel's stuck?","Germany's AfD and its peers are close to taking power in many countries, while in Israel, Otzmah Yehudit and other hard-right causes are treading water",https://www.haaretz.com/israel-news/2026-09-11/ty-article/.premium/europes-far-right-is-on-the-rise-so-why-is-israels-stuck/000001a0-8b64-d9dc-a9a9-8be625c20000,Haaretz,David Rosenberg,2026-09-11T05:29:13,2026-09-11 08:40:00.010353,https://www.haaretz.com/israel-news/2026-09-11/ty-article/.premium/europes-far-right-is-on-the-rise-so-why-is-israels-stuck/000001a0-8b64-d9dc-a9a9-8be625c20000
Rabbi indicted for racist incitement over claims Arab doctors harm IDF soldiers,"Meir David Shmueli allegedly told a Jerusalem synagogue audience that 'Arab men and women murder in hospitals more than Hamas,' and claimed Arab doctors 'want to kill soldiers'",https://www.haaretz.com/israel-news/israel-crime/2026-09-11/ty-article/.premium/rabbi-indicted-for-racist-incitement-over-claims-arab-doctors-harm-idf-soldiers/000001a0-8c6b-d5d9-a5f7-8cefbc5c0000,Haaretz,Josh Breiner,2026-09-11T05:52:03,2026-09-11 08:40:00.010325,https://www.haaretz.com/israel-news/israel-crime/2026-09-11/ty-article/.premium/rabbi-indicted-for-racist-incitement-over-claims-arab-doctors-harm-idf-soldiers/000001a0-8c6b-d5d9-a5f7-8cefbc5c0000
Countdown to election day: A road trip through a country deciding its future,Haaretz visits the cities and towns that could play a pivotal role in deciding the election on October 27,https://www.haaretz.com/israel-news/elections/2026-09-11/ty-article-timeline/.premium/countdown-to-election-day-a-road-trip-through-a-country-deciding-its-future/000001a0-8bde-d9dc-a9a9-8bde35d50000,Haaretz,Judy Maltz,2026-09-11T08:04:28,2026-09-11 08:40:00.010290,https://www.haaretz.com/israel-news/elections/2026-09-11/ty-article-timeline/.premium/countdown-to-election-day-a-road-trip-through-a-country-deciding-its-future/000001a0-8bde-d9dc-a9a9-8bde35d50000
‘The most crucial election in Israel’s history’? Just asking …,"Gadi Eisenkot makes no secret of his plan to form a minority government with Arab parties abstaining, but he could end up helping crown another prime minister.",https://www.jns.org/opinion/amit-segal/the-most-crucial-election-in-israels-history-just-asking,JNS,Amit Segal,2026-09-11T03:30:00,2026-09-11 08:39:52.931311,https://www.jns.org/opinion/amit-segal/the-most-crucial-election-in-israels-history-just-asking
UK boycott may have limited economic impact,"Israeli exports of goods and services total about $159 billion, of which about $250 million comes from Judea, Samaria, eastern Jerusalem and the Golan Heights.",https://www.jns.org/analysis/uk-boycott-may-have-limited-economic-impact,JNS,Pesach Benson and Omer Novoselsky/TPS-IL,2026-09-11T04:07:00,2026-09-11 08:39:52.931282,https://www.jns.org/analysis/uk-boycott-may-have-limited-economic-impact
Courage and commemoration: 9/11 coincides with Rosh Hashanah,Remembrance in the Jewish tradition is a powerful call to action.,https://www.jns.org/wire/the-focus-project/moral-courage-and-commemoration-9-11-coincides-with-rosh-hashanah,JNS,,2026-09-11T04:30:00,2026-09-11 08:39:52.931255,https://www.jns.org/wire/the-focus-project/moral-courage-and-commemoration-9-11-coincides-with-rosh-hashanah
"In DC on Sept. 11, fighting another jihad",Attacks on minorities around the world are part of a single campaign of conquest and domination.,https://www.jns.org/opinion/charles-jacobs/in-dc-on-sept-11-fighting-another-jihad,JNS,Charles Jacobs,2026-09-11T05:00:00,2026-09-11 08:39:52.931227,https://www.jns.org/opinion/charles-jacobs/in-dc-on-sept-11-fighting-another-jihad
More Americans say their sympathies lie with Palestinians than with Israelis—Quinnipiac poll,Almost half of registered voters say U.S. is too supportive of Israel.,https://www.jns.org/news/u-s-news/more-americans-say-their-sympathies-lie-with-palestinians-than-with-israelis-quinnipiac-poll,JNS,JNS Staff,2026-09-11T05:10:09,2026-09-11 08:39:52.931202,https://www.jns.org/news/u-s-news/more-americans-say-their-sympathies-lie-with-palestinians-than-with-israelis-quinnipiac-poll
From 9/11 to Oct. 7: The West still refuses to understand,"Twenty-five years after the deadliest terror attack in American history, the ideology that drives Islamist terrorism remains dangerously misunderstood.",https://www.jns.org/opinion/fiamma-nirenstein/9-11-the-west-still-refuses-to-understand,JNS,Fiamma Nirenstein,2026-09-11T05:15:00,2026-09-11 08:39:52.931175,https://www.jns.org/opinion/fiamma-nirenstein/9-11-the-west-still-refuses-to-understand
"Herzog: On 9/11, Israel stands with America, its 'greatest ally and friend'","""We salute the families of those who lost loved ones, and we continue to bear witness to their sacrifice,"" said the Israeli president.",https://www.jns.org/news/israel-news/herzog-on-9-11-israel-stands-with-america-its-greatest-ally-and-friend,JNS,JNS Staff,2026-09-11T05:22:47,2026-09-11 08:39:52.931139,https://www.jns.org/news/israel-news/herzog-on-9-11-israel-stands-with-america-its-greatest-ally-and-friend
"Lebanon: IDF destroys Hezbollah tunnel network, consolidating security zone","“The State of Israel will continue to defend the northern communities from within Lebanon, and any attempt to harm our citizens and our forces will be met with force,"" Netanyahu and Katz said.",https://www.jns.org/news/israel-news/idf-destroys-major-hezbollah-tunnel-network-achieves-control-over-key-area,JNS,JNS Staff,2026-09-11T05:44:24,2026-09-11 08:39:52.931111,https://www.jns.org/news/israel-news/idf-destroys-major-hezbollah-tunnel-network-achieves-control-over-key-area
"In Rosh Hashanah message, Herzog calls for Jewish unity, pride",The Israeli president released his New Year’s greeting to Jewish communities around the world in eight languages.,https://www.jns.org/news/israel-news/in-rosh-hashanah-message-herzog-calls-for-jewish-unity-pride,JNS,JNS Staff,2026-09-11T05:52:04,2026-09-11 08:39:52.931078,https://www.jns.org/news/israel-news/in-rosh-hashanah-message-herzog-calls-for-jewish-unity-pride
"From half-marathon to battlefield injury, Israeli farmer refuses to slow down","After 450 days of reserve duty and a shattered kneecap, Tuvia Eden is back farming—and plans to return to his IDF unit.",https://www.jns.org/feature/from-half-marathon-to-battlefield-injury-israeli-farmer-refuses-to-slow-down,JNS,Etgar Lefkovits,2026-09-11T05:53:17,2026-09-11 08:39:52.931049,https://www.jns.org/feature/from-half-marathon-to-battlefield-injury-israeli-farmer-refuses-to-slow-down
Three incidents of Jew-hatred vandalism in Southern California city on Labor Day weekend,"“An act intended to make members of our Jewish community feel unsafe is an attack on the values we share as a community,” stated Jeannette Sánchez-Palacios, the mayor of Ventura.",https://www.jns.org/news/antisemitism/three-incidents-of-jew-hatred-vandalism-in-southern-california-city-on-labor-day-weekend,JNS,Aaron Bandler,2026-09-11T06:02:24,2026-09-11 08:39:52.931002,https://www.jns.org/news/antisemitism/three-incidents-of-jew-hatred-vandalism-in-southern-california-city-on-labor-day-weekend
"Israel’s Declaration of Independence: A secular sacred text, not a legal weapon","We have an existential, need for a fixed point of consensus capable of holding us together.",https://www.jns.org/opinion/yedidia-stern/israels-declaration-of-independence-a-secular-sacred-text-not-a-legal-weapon,JNS,Yedidia Stern,2026-09-11T06:35:00,2026-09-11 08:39:52.930965,https://www.jns.org/opinion/yedidia-stern/israels-declaration-of-independence-a-secular-sacred-text-not-a-legal-weapon
Democratic congresswoman: Netanyahu’s policies are making Israel less safe,"In July, Rep. Madeleine Dean supported an amendment to cut off aid to the Jewish state.",https://www.jns.org/news/u-s-news/democratic-congresswoman-netanyahus-policies-are-making-israel-less-safe,JNS,Jonathan D. Salant,2026-09-11T06:59:53,2026-09-11 08:39:52.930926,https://www.jns.org/news/u-s-news/democratic-congresswoman-netanyahus-policies-are-making-israel-less-safe
"In Israel, women can choose when to have children. But can they choose not to?","From AOC's egg-freezing videos to a Tel Aviv grandmother's birthday advice, an Israeli mother and daughter weigh the pressure to freeze, preserve and reproduce",https://www.haaretz.com/science-and-health/2026-09-11/ty-article-magazine/in-israel-women-can-choose-when-to-have-children-but-can-they-choose-not-to/000001a0-6151-d4eb-affc-7979ba980000,Haaretz,Orly Halperin,2026-09-10T23:51:56,2026-09-11 03:24:11.563506,https://www.haaretz.com/science-and-health/2026-09-11/ty-article-magazine/in-israel-women-can-choose-when-to-have-children-but-can-they-choose-not-to/000001a0-6151-d4eb-affc-7979ba980000
IDF destroys underground Hezbollah complex at Lebanon's Ali al-Taher,,https://www.haaretz.com/israel-news/israel-security/2026-09-11/ty-article-live/idf-destroys-underground-hezbollah-complex-at-lebanons-ali-al-taher/000001a0-8e39-d219-a3ed-bffbe2ea0000,Haaretz,Haaretz,2026-09-11T02:28:31,2026-09-11 03:24:11.563473,https://www.haaretz.com/israel-news/israel-security/2026-09-11/ty-article-live/idf-destroys-underground-hezbollah-complex-at-lebanons-ali-al-taher/000001a0-8e39-d219-a3ed-bffbe2ea0000
"In Netanyahu's war without end, every front is open and more volatile than ever","On the eve of Rosh Hashanah, Israel's longest war is nowhere near its end ■ The Houthis add their own threat to maritime traffic ■ IDF prepares for a sensitive period that could be influenced by politics ■ What troubles West Bank Palestinians most?",https://www.haaretz.com/israel-news/israel-security/2026-09-11/ty-article/.premium/in-netanyahus-war-without-end-every-front-is-open-and-more-volatile-than-ever/000001a0-8d4b-d9a4-a3a7-9f7bc9020000,Haaretz,Amos Harel,2026-09-11T03:00:37,2026-09-11 03:24:11.563437,https://www.haaretz.com/israel-news/israel-security/2026-09-11/ty-article/.premium/in-netanyahus-war-without-end-every-front-is-open-and-more-volatile-than-ever/000001a0-8d4b-d9a4-a3a7-9f7bc9020000
"More than just a warning call: In Netanyahu's Israel, failure follows failure on every front",The full dire picture is revealed as Yoav Kisch celebrates the catastrophic collapse of Israeli education and Gideon Sa'ar gloats over the complete collapse of the country's relations with Europe,https://www.haaretz.com/israel-news/israel-politics/2026-09-11/ty-article/.premium/more-than-just-a-warning-call-in-netanyahus-israel-failure-follows-failure/000001a0-8cda-dfad-a1aa-beda71160000,Haaretz,Yossi Verter,2026-09-11T03:01:03,2026-09-11 03:24:11.563389,https://www.haaretz.com/israel-news/israel-politics/2026-09-11/ty-article/.premium/more-than-just-a-warning-call-in-netanyahus-israel-failure-follows-failure/000001a0-8cda-dfad-a1aa-beda71160000
Between two anniversaries,America at 250; Sept. 11 at 25. Who have we become in the interim?,https://www.jns.org/opinion/jonathan-s-greenwald/between-two-anniversaries,JNS,Jonathan S. Greenwald,2026-09-11T00:00:00,2026-09-11 03:24:04.241411,https://www.jns.org/opinion/jonathan-s-greenwald/between-two-anniversaries
"After losing both legs in Gaza, Elisha Medan turns to politics",The IDF reservist was injured while evacuating wounded soldiers in Beit Hanoun in November 2023.,https://www.jns.org/news/israel-news/after-losing-both-legs-in-gaza-elisha-medan-turns-to-politics,JNS,David Israel/TPS-IL,2026-09-11T02:29:19,2026-09-11 03:24:04.241383,https://www.jns.org/news/israel-news/after-losing-both-legs-in-gaza-elisha-medan-turns-to-politics
"25 years after 9/11, memory and resolve endure at Jerusalem memorial","Families, first responders and officials gather in Jerusalem to honor the victims and reaffirm the U.S.-Israel bond.",https://www.jns.org/news/israel-news/25-years-after-9-11-memory-and-resolve-endure-at-jerusalem-memorial,JNS,Sharon Altshul,2026-09-11T02:30:16,2026-09-11 03:24:04.241349,https://www.jns.org/news/israel-news/25-years-after-9-11-memory-and-resolve-endure-at-jerusalem-memorial
The Slow “I Do”: Why Portugal Is Becoming the Destination Wedding Couples Are Choosing Over Tuscany,[&#8230;] The post The Slow &#8220;I Do&#8221;: Why Portugal Is Becoming the Destination Wedding Couples Are Choosing Over Tuscany appeared first on Jewish Journal .,https://jewishjournal.com/posts/392138/portugal-destination-weddings/,Jewish Journal,Delia duPlessis,2026-09-11T01:04:14,2026-09-11 03:24:01.889252,https://jewishjournal.com/?p=392138
"S.F. rabbi faces antisemitic rant in post office line, but strangers back him up",A routine trip to the post office turned into a heated encounter for a San Francisco rabbi when another customer verbally attacked him and made comments about “Jewish power.” When [&#8230;],https://jweekly.com/2026/09/10/s-f-rabbi-faces-antisemitic-rant-in-post-office-line-but-strangers-back-him-up/,J. Weekly,Lea Loeb,2026-09-11T00:26:15,2026-09-11 03:23:50.630344,https://jweekly.com/?p=310921
I went into France's prehistoric caves. The world hasn't looked the same since,"I expected ancient paintings. Instead, I found myself weeping in total darkness. A journey through seven caves became a search for what our ancestors knew about being human, and what we've forgotten",https://www.haaretz.com/archaeology/2026-09-11/ty-article-magazine/i-went-into-frances-prehistoric-caves-the-world-hasnt-looked-the-same-since/000001a0-7597-dfbf-a5f7-7f9739060000,Haaretz,Yana Pevzner,2026-09-10T22:55:32,2026-09-10 23:47:15.104853,https://www.haaretz.com/archaeology/2026-09-11/ty-article-magazine/i-went-into-frances-prehistoric-caves-the-world-hasnt-looked-the-same-since/000001a0-7597-dfbf-a5f7-7f9739060000
Netanyahu says IDF destroyed strategic Hezbollah stronghold in southern Lebanon,An IDF statement said that underground infrastructure containing many Iranian-made weapons was destroyed,https://www.haaretz.com/israel-news/israel-security/2026-09-11/ty-article/.premium/netanyahu-says-idf-destroyed-strategic-hezbollah-stronghold-in-southern-lebanon/000001a0-8ce2-d219-a3ed-bdfa02b70000,Haaretz,Yaniv Kubovich,2026-09-10T22:57:40,2026-09-10 23:47:15.104821,https://www.haaretz.com/israel-news/israel-security/2026-09-11/ty-article/.premium/netanyahu-says-idf-destroyed-strategic-hezbollah-stronghold-in-southern-lebanon/000001a0-8ce2-d219-a3ed-bdfa02b70000
"Daily Cartoon, September 11, 2026",,https://www.haaretz.com/opinion/daily-cartoon/2026-09-11/ty-article-opinion/daily-cartoon-september-11-2026/000001a0-8d8f-d2cb-a9b6-adcf132d0000,Haaretz,Amos Biderman,2026-09-10T23:04:28,2026-09-10 23:47:15.104786,https://www.haaretz.com/opinion/daily-cartoon/2026-09-11/ty-article-opinion/daily-cartoon-september-11-2026/000001a0-8d8f-d2cb-a9b6-adcf132d0000
"Houthis Advance Along Yemeni Coast, Threaten Saudi Oil Exports in the Red Sea","The Iran-backed Houthis seized control of Yemen&#8217;s port city of Mocha on Thursday and advanced down the Red Sea coast to strategic islands, military sources said, hours...",https://www.algemeiner.com/2026/09/10/houthis-advance-yemeni-coast-threaten-saudi-oil-exports-red-sea/,Algemeiner,Reuters and Algemeiner Staff,2026-09-10T21:20:22,2026-09-10 23:47:10.621931,https://www.algemeiner.com/?p=779447
Israel Says It Destroyed Hezbollah Underground Complex at Lebanon’s Ali Al-Taher,"The Israeli military destroyed Hezbollah underground infrastructure at the Ali al&#8211;Taher ridge in southern Lebanon, Prime Minister Benjamin Netanyahu and Defense Minister Israel Katz said on Thursday, adding that the...",https://www.algemeiner.com/2026/09/10/israel-says-destroyed-hezbollah-underground-complex-lebanons-ali-al-taher/,Algemeiner,Reuters and Algemeiner Staff,2026-09-10T21:20:32,2026-09-10 23:47:10.621886,https://www.algemeiner.com/?p=779445
"Facing Rising Antisemitism, Spain’s Jews Bring Jewish Life to the Public",Spain&#8217;s Jewish community is turning to social media ahead of Rosh Hashanah to introduce the country&#8217;s wider public to Jewish...,https://www.algemeiner.com/2026/09/10/facing-rising-antisemitism-spains-jews-bring-jewish-life-public/,Algemeiner,Ailin Vilches Arguello,2026-09-10T21:35:44,2026-09-10 23:47:10.621841,https://www.algemeiner.com/?p=779408
EXCLUSIVE: German general honored for helping restore identities of fallen Jewish soldiers,"“He is one of the righteous gentiles of the world,” Operation Benjamin co-founder Shalom Lamm told JNS about Dirk Backen, who helped bring the remains of a Jewish American soldier home and works to identify German Jewish soldiers mistakenly buried beneath crosses.",https://www.jns.org/news/world/exclusive-german-general-honored-for-helping-restore-identities-of-fallen-jewish-soldiers,JNS,Jessica Russak-Hoffman,2026-09-10T21:32:18,2026-09-10 23:47:08.159037,https://www.jns.org/news/world/exclusive-german-general-honored-for-helping-restore-identities-of-fallen-jewish-soldiers
"MDA emergency vehicles were dispatched 1,911,412 times in 5786","The organization’s 101 emergency center also received more than 2 million calls, while MDA collected nearly 282,000 blood units.",https://www.jns.org/wire/magen-david-adom/mda-emergency-vehicles-were-dispatched-1-911-412-times-in-5786,JNS,,2026-09-10T21:39:44,2026-09-10 23:47:08.159002,https://www.jns.org/wire/magen-david-adom/mda-emergency-vehicles-were-dispatched-1-911-412-times-in-5786
"US sanctions against individuals, businesses supporting Hezbollah, Kata’ib Hezbollah","“Whether they finance terror, launder money or help Iran evade sanctions, we will find them,"" Scott Bessent, the U.S. treasury secretary, stated.",https://www.jns.org/news/u-s-news/us-sanctions-against-individuals-businesses-supporting-hezbollah-kataib-hezbollah,JNS,,2026-09-10T21:40:51,2026-09-10 23:47:08.158971,https://www.jns.org/news/u-s-news/us-sanctions-against-individuals-businesses-supporting-hezbollah-kataib-hezbollah
"In Vancouver, Boy George performs 'We Will Dance Again' for first time in public","""I went to the Nova exhibit,"" the British musical artist told the audience about his inspiration for the song. ""So it was like walking into my world.""",https://www.jns.org/news/culture-and-society/in-vancouver-boy-george-performs-we-will-dance-again-for-first-time-in-public,JNS,Jessica Russak-Hoffman,2026-09-10T22:00:00,2026-09-10 23:47:08.158937,https://www.jns.org/news/culture-and-society/in-vancouver-boy-george-performs-we-will-dance-again-for-first-time-in-public
California Education Dept says LA district erred when it said teacher’s lack of intent means she didn’t discriminate against Jews,"The “decision sends an unmistakable message to school boards across California,” Emet Legal Services told JNS. “You cannot turn a blind eye to classroom bias or defend it under the shield of ‘good intentions.’”",https://www.jns.org/news/u-s-news/california-education-dept-says-la-district-erred-when-it-said-teachers-lack-of-intent-means-she-didnt-discriminate-against-jews,JNS,Aaron Bandler,2026-09-10T22:33:04,2026-09-10 23:47:08.158891,https://www.jns.org/news/u-s-news/california-education-dept-says-la-district-erred-when-it-said-teachers-lack-of-intent-means-she-didnt-discriminate-against-jews
Lower Manhattan Jews expect challenges when area shuts down for 9/11 memorial on eve of Rosh Hashanah,"""It may be a little harder to get our brisket order from the butcher with the street closures,"" Rabbi Nissi Eber, co-director of the Chabad in Manhattan's financial district, told JNS.",https://www.jns.org/news/u-s-news/lower-manhattan-jews-expect-challenges-when-area-shuts-for-9-11-commemoration-on-eve-of-rosh-hashanah,JNS,Debra Nussbaum Cohen,2026-09-10T23:05:17,2026-09-10 23:47:08.158850,https://www.jns.org/news/u-s-news/lower-manhattan-jews-expect-challenges-when-area-shuts-for-9-11-commemoration-on-eve-of-rosh-hashanah
BREAKING: Judge shields Maryland synagogue from gun restrictions in time for High Holidays,"""We now have the ability to ensure the protection of our institution as we go into this critical time,"" Rabbi J. Menashe Shapiro told JNS.",https://www.jns.org/news/u-s-news/breaking-judge-shields-maryland-synagogue-from-gun-restrictions-in-time-for-high-holidays,JNS,Jessica Russak-Hoffman,2026-09-10T23:11:01,2026-09-10 23:47:08.158803,https://www.jns.org/news/u-s-news/breaking-judge-shields-maryland-synagogue-from-gun-restrictions-in-time-for-high-holidays
The Genocide Lie: When a Libel Becomes a Label,"The problem with labels is that they stick. That may be salutary with a group like the Nazis, but to nonchalantly slap that label on Israel and its supporters is criminal. The post The Genocide Lie: When a Libel Becomes a Label appeared first on Jewish Journal .",https://jewishjournal.com/commentary/columnist/editors-note/392121/the-genocide-lie-when-a-libel-becomes-a-label/,Jewish Journal,David Suissa,2026-09-10T22:02:37,2026-09-10 23:47:05.795139,https://jewishjournal.com/?p=392121
Avinu Malkeinu — A New Poem,Know before whom you stand. They are goldmines. They are every possibility. The post Avinu Malkeinu — A New Poem appeared first on Jewish Journal .,https://jewishjournal.com/judaism/391935/avinu-malkeinu-a-new-poem/,Jewish Journal,Rick Lupert,2026-09-10T23:00:37,2026-09-10 23:47:05.795093,https://jewishjournal.com/?p=391935
Documentary alleging Israel committed wanton killing in Gaza gets standing ovation in Venice,The Israeli army says the film misrepresents conventional proportionality considerations in war time. -- The post Documentary alleging Israel committed wanton killing in Gaza gets standing ovation in Venice appeared first on Jewish Telegraphic Agency .,https://www.jta.org/2026/09/10/israel/documentary-alleging-israel-committed-wanton-killing-in-gaza-gets-standing-ovation-in-venice,JTA,Deborah Danan,2026-09-10T21:30:34,2026-09-10 23:46:59.110022,https://www.jta.org/?p=1907961
Jewish groups to protest against antisemitism outside United Nations,"Plus, Julie Menin reflects on recent efforts to combat antisemitism. -- The post Jewish groups to protest against antisemitism outside United Nations appeared first on Jewish Telegraphic Agency .",https://www.jta.org/2026/09/10/ny/jewish-groups-to-protest-against-antisemitism-outside-united-nations,JTA,New York Jewish Week Staff,2026-09-10T22:06:01,2026-09-10 23:46:59.109952,https://www.jta.org/?p=1907969
OPINION | Celebrate the Birthday of the World by committing to climate action,"We celebrate Rosh Hashanah as the Birthday of the World, making it a powerful time for every one of us to commit to repairing and renewing our relationship with the [&#8230;]",https://jweekly.com/2026/09/10/celebrate-the-birthday-of-the-world-by-committing-to-climate-action/,J. Weekly,Diane Fisher and Rabbi Yonatan Neril,2026-09-10T21:00:00,2026-09-10 23:46:54.356515,https://jweekly.com/?p=310912
Oakland playwright’s ‘Birthright’ pries open fractures among American Jews,"“Birthright,” a play by Tony Award winner Jonathan Spector of Oakland, charts the lives of six Birthright Israel participants across 18 years as the friends explore what brings them together [&#8230;]",https://jweekly.com/2026/09/10/oakland-playwrights-birthright-pries-open-fractures-among-american-jews/,J. Weekly,Esther D. Kustanowitz,2026-09-10T21:40:46,2026-09-10 23:46:54.356472,https://jweekly.com/?p=310902
Israel's opposition answered the U.K.'s West Bank sanctions with a shrug,The Israeli politicians who see themselves as an alternative to Netanyahu's extremist government have no interest in Palestinians in the West Bank or in Gaza - and they are helping to steer the Israeli ship further from the world | Analysis,https://www.haaretz.com/israel-news/2026-09-10/ty-article-magazine/.premium/israels-opposition-answered-the-u-k-s-west-bank-sanctions-with-a-shrug/000001a0-8b0e-ded9-adad-afef7f5d0000,Haaretz,Hagar Shezaf,2026-09-10T18:47:35,2026-09-10 21:27:30.587701,https://www.haaretz.com/israel-news/2026-09-10/ty-article-magazine/.premium/israels-opposition-answered-the-u-k-s-west-bank-sanctions-with-a-shrug/000001a0-8b0e-ded9-adad-afef7f5d0000
"Centrist Eisenkot, left-wing Democrats to sign surplus vote deal as opposition bloc settles","The former IDF chief's Yashar party says the agreements reflect lessons from past election campaigns. Bennett's Together will sign with Lieberman, while Likud and far-right Religious Zionism are expected to reach a deal",https://www.haaretz.com/israel-news/elections/2026-09-10/ty-article/.premium/centrist-eisenkot-left-wing-democrats-to-sign-surplus-vote-deal-as-bloc-settles/000001a0-8c14-d5d9-a5f7-8c9634200000,Haaretz,Noa Shpigel,2026-09-10T18:53:08,2026-09-10 21:27:30.587677,https://www.haaretz.com/israel-news/elections/2026-09-10/ty-article/.premium/centrist-eisenkot-left-wing-democrats-to-sign-surplus-vote-deal-as-bloc-settles/000001a0-8c14-d5d9-a5f7-8c9634200000
American rabbis confront a fraught question this High Holy Day season: How to talk about Israel,"Is the purpose of the sermon to bring people together or to challenge them? For some rabbis, politics is verboten; others say talking about Israel is unavoidable – even if it risks upsetting their congregants",https://www.haaretz.com/us-news/2026-09-10/ty-article-magazine/.premium/u-s-rabbis-face-a-challenge-this-high-holy-day-season-how-to-talk-about-israel/000001a0-8c44-dfa9-ada3-ce46a6db0000,Haaretz,Philissa Cramer,2026-09-10T20:14:57,2026-09-10 21:27:30.587654,https://www.haaretz.com/us-news/2026-09-10/ty-article-magazine/.premium/u-s-rabbis-face-a-challenge-this-high-holy-day-season-how-to-talk-about-israel/000001a0-8c44-dfa9-ada3-ce46a6db0000
"Voters should vote, not play electoral fantasy league","Israeli's are busy trying to build an ideal slate of candidates at home, forming unions and dissolutions, writing platforms and crafting talking points. In this cacophony of resolute knowledge, it seems the only action missing is actually voting",https://www.haaretz.com/opinion/2026-09-10/ty-article-opinion/.premium/voters-should-vote-not-play-electoral-fantasy-league/000001a0-8c94-dfa9-ada3-ced6eafe0000,Haaretz,Carolina Landsmann,2026-09-10T20:38:53,2026-09-10 21:27:30.587625,https://www.haaretz.com/opinion/2026-09-10/ty-article-opinion/.premium/voters-should-vote-not-play-electoral-fantasy-league/000001a0-8c94-dfa9-ada3-ced6eafe0000
"This Rosh Hashanah, Israel is at rock bottom. Ousting Netanyahu may give us hope",,https://www.haaretz.com/opinion/editorial/2026-09-11/ty-article-opinion/this-rosh-hashanah-israel-is-at-rock-bottom-ousting-netanyahu-may-give-us-hope/000001a0-8cc3-d9a4-a3a7-9ff32de20000,Haaretz,Haaretz Editorial,2026-09-10T21:03:28,2026-09-10 21:27:30.587593,https://www.haaretz.com/opinion/editorial/2026-09-11/ty-article-opinion/this-rosh-hashanah-israel-is-at-rock-bottom-ousting-netanyahu-may-give-us-hope/000001a0-8cc3-d9a4-a3a7-9ff32de20000
Rosh Hashanah 2026: New Years and Signs,Rosh Hashanah is the most multifaceted of our festivals. The Torah itself doesn&#8217;t call it a New Year or Chag...,https://www.algemeiner.com/2026/09/10/rosh-hashanah-2026-new-years-and-signs/,Algemeiner,Jeremy Rosen,2026-09-10T19:04:31,2026-09-10 21:27:25.191277,https://www.algemeiner.com/?p=779384
The Voices of Australian Jews Were Heard,"The room has gone silent. After months of testimony, the public hearings at the Royal Commission into Antisemitism and Social...",https://www.algemeiner.com/2026/09/10/the-voices-of-australian-jews-were-heard/,Algemeiner,Justin Amler,2026-09-10T19:12:54,2026-09-10 21:27:25.191257,https://www.algemeiner.com/?p=779382
When Antisemitism Becomes Normal to People Who Don’t Think They’re Antisemitic,"I have been posting self-defense videos online for years. Sometimes an Israeli flag is visible behind me. For a long time, the...",https://www.algemeiner.com/2026/09/10/when-antisemitism-becomes-normal-to-people-who-dont-think-theyre-antisemitic/,Algemeiner,Tsahi Shemesh,2026-09-10T19:17:52,2026-09-10 21:27:25.191236,https://www.algemeiner.com/?p=779378
Sánchez’s Scapegoat: How Spain Uses Israel to Mask Its Border Crisis,"When tens of thousands of unauthorized migrants crossed into the Spanish enclave of Ceuta in late July 2026, Prime Minister...",https://www.algemeiner.com/2026/09/10/sanchezs-scapegoat-how-spain-uses-israel-to-mask-its-border-crisis/,Algemeiner,Amine Ayoub,2026-09-10T19:21:29,2026-09-10 21:27:25.191213,https://www.algemeiner.com/?p=779391
Jewish Groups Issue ‘Jewish Student Bill of Rights’ Ahead of New Academic Year,A torrent of antisemitic abuse in K-12 education across the US and Canada has inspired a new initiative to sway...,https://www.algemeiner.com/2026/09/10/jewish-groups-issue-jewish-student-bill-rights-ahead-new-academic-year/,Algemeiner,Dion J. Pierre,2026-09-10T20:04:27,2026-09-10 21:27:25.191191,https://www.algemeiner.com/?p=779363
"Over 5,000 Public Figures Across Entertainment, Academia Reject Accusation of Israel Committing ‘Genocide’","More than 5,000 leaders and public figures across entertainment, academia, politics, and several other fields signed an open letter on...",https://www.algemeiner.com/2026/09/10/over-5000-public-figures-across-entertainment-academia-reject-accusation-israel-committing-genocide/,Algemeiner,Shiryn Ghermezian,2026-09-10T20:11:00,2026-09-10 21:27:25.191168,https://www.algemeiner.com/?p=779312
Israel Names New Diplomatic Envoy to Turkey as Bilateral Tensions Continue to Escalate,"Israel&#8217;s new top diplomatic envoy to Turkey, Joel Lion, presented his credentials to the Turkish Foreign Ministry in Ankara on...",https://www.algemeiner.com/2026/09/10/israel-names-new-diplomatic-envoy-turkey-bilateral-tensions-continue-escalate/,Algemeiner,Ailin Vilches Arguello,2026-09-10T20:54:06,2026-09-10 21:27:25.191144,https://www.algemeiner.com/?p=779433
US Lawmaker Urges Trump Administration to Take Stand Against British Sanctions on Israeli Settlements,US Rep. Claudia Tenney (R-NY) has called on the Trump administration to more forcefully stand against new British restrictions targeting...,https://www.algemeiner.com/2026/09/10/us-lawmaker-urges-trump-administration-take-stand-against-british-sanctions-israeli-settlements/,Algemeiner,Corey Walker,2026-09-10T21:26:25,2026-09-10 21:27:25.191105,https://www.algemeiner.com/?p=779411
Manhattan district attorney announces hate crime charges against alleged Central Synagogue attacker,"“He didn’t say a word,” Serena Smulansky told JNS, of the defendant. “I was on the row behind him, and he looked like he might fall asleep.”",https://www.jns.org/news/u-s-news/manhattan-district-attorney-announces-hate-crime-charges-against-alleged-central-synagogue-attacker,JNS,Rikki Zagelbaum,2026-09-10T19:45:01,2026-09-10 21:27:22.831728,https://www.jns.org/news/u-s-news/manhattan-district-attorney-announces-hate-crime-charges-against-alleged-central-synagogue-attacker
Virginia congressional candidate reposts content promoting Nazi ideology on social media,"Shelly Arnoldi, who has previously faced criticism over antisemitic rhetoric, recently shared videos featuring Adolf Hitler, defending Nazi book burnings and promoting claims by Holocaust denier Nick Fuentes.",https://www.jns.org/news/u-s-news/virginia-congressional-candidate-reposts-content-promoting-nazi-ideology-on-social-media,JNS,Mike Wagenheim,2026-09-10T19:55:58,2026-09-10 21:27:22.831704,https://www.jns.org/news/u-s-news/virginia-congressional-candidate-reposts-content-promoting-nazi-ideology-on-social-media
"DEI seeped into the faculties of education, corrupting basic Western values","If they are to thrive, they need to take a long, hard look at themselves. They need to think about their role in the academy and what criteria they use to judge knowledge.",https://www.jns.org/opinion/joe-mintz/dei-seeped-into-the-faculties-of-education-corrupting-basic-western-values,JNS,Joe Mintz,2026-09-10T20:00:00,2026-09-10 21:27:22.831681,https://www.jns.org/opinion/joe-mintz/dei-seeped-into-the-faculties-of-education-corrupting-basic-western-values
Chicago police seek suspect in antisemitic assault on Red Line train,"A 32-year-old man was allegedly pepper-sprayed and punched in the face while the suspect made antisemitic statements, according to police.",https://www.jns.org/news/u-s-news/chicago-police-seek-suspect-in-antisemitic-assault-on-red-line-train,JNS,Jessica Russak-Hoffman,2026-09-10T20:16:04,2026-09-10 21:27:22.831659,https://www.jns.org/news/u-s-news/chicago-police-seek-suspect-in-antisemitic-assault-on-red-line-train
"‘I see them experiencing Jewish joy,’ says professor at Old Dominion U","Amy Milligan, director of the ODU Hillel, runs an Am Yisrael Chai Café for students to gather and gab about campus life, something perhaps more significant post-Oct. 7.",https://www.jns.org/i-see-them-experiencing-jewish-joy-says-professor-at-old-dominion-u,JNS,Bill Motchan,2026-09-10T20:45:00,2026-09-10 21:27:22.831637,https://www.jns.org/i-see-them-experiencing-jewish-joy-says-professor-at-old-dominion-u
Plane bearing ‘Brown 4 Israel’ banner circles Rhode Island university’s opening ceremony,"Maria Friedman, executive director of the Rhode Island Coalition for Israel, told JNS the goal of the banner was to “make sure Jewish students feel like they’re not alone.”",https://www.jns.org/news/u-s-news/plane-bearing-brown-4-israel-banner-circles-rhode-island-universitys-opening-ceremony,JNS,Izzy Salant,2026-09-10T20:56:37,2026-09-10 21:27:22.831612,https://www.jns.org/news/u-s-news/plane-bearing-brown-4-israel-banner-circles-rhode-island-universitys-opening-ceremony
9/11: Our emergency number,Who’s been calling it lately?,https://www.jns.org/opinion/phyllis-chesler/9-11-our-emergency-number,JNS,Phyllis Chesler,2026-09-10T21:00:00,2026-09-10 21:27:22.831586,https://www.jns.org/opinion/phyllis-chesler/9-11-our-emergency-number
A referendum on Netanyahu or his opponents?,"“Think Twice” with Jonathan Tobin and guest Ruthie Blum, Ep. 237",https://www.jns.org/jns-tv/think-twice/a-referendum-on-netanyahu-or-his-opponents,JNS,Jonathan S. Tobin,2026-09-10T21:15:00,2026-09-10 21:27:22.831563,https://www.jns.org/jns-tv/think-twice/a-referendum-on-netanyahu-or-his-opponents
Hosting Hillel Fuld,[&#8230;] The post Hosting Hillel Fuld appeared first on Jewish Journal .,https://jewishjournal.com/community/chosen-links/392114/hosting-hillel-fuld/,Jewish Journal,Boaz Hepner,2026-09-10T19:34:10,2026-09-10 21:27:20.405753,https://jewishjournal.com/?p=392114
"With Jewish New Yorkers on edge, Julie Menin says new protections will help keep them safe over High Holidays","As Jewish New Yorkers prepare for the High Holidays amid continued worries about rising antisemitism, City Council Speaker Julie Menin says her historic role as the chamber’s first Jewish leader has become even more important than she expected when elected in January. In an exclusive interview with the Forward earlier this week, Menin pointed to... The post With Jewish New Yorkers on edge, Julie Menin says new protections will help keep them safe over High Holidays appeared first on The Forward .",https://forward.com/news/849659/julie-menin-mamdani-high-holidays/,The Forward,Jacob Kornbluh,2026-09-10T19:32:13,2026-09-10 21:27:16.120528,https://forward.com/?p=849659
"After 9/11, Jewish volunteers kept watch over the dead. 25 years later, the grief remains.","In the aftermath of 9/11, New Yorkers found countless ways to help. They lined up in record numbers to donate blood, delivered meals and medical supplies to first responders, and opened their homes to strangers with nowhere else to go. And then there were the people who sat with the dead. Starting on Sept. 20,... The post After 9/11, Jewish volunteers kept watch over the dead. 25 years later, the grief remains. appeared first on The Forward .",https://forward.com/news/849698/shmira-9-11-ohab-zedek-stern-college/,The Forward,Hannah Feuer,2026-09-10T20:41:25,2026-09-10 21:27:16.120479,https://forward.com/?p=849698
A case pitting Indiana Jews against an abortion ban heads back to court,The state seeks to overturn a court ruling that its abortion ban violates Jewish religious freedom. -- The post A case pitting Indiana Jews against an abortion ban heads back to court appeared first on Jewish Telegraphic Agency .,https://www.jta.org/2026/09/10/united-states/a-case-pitting-indiana-jews-against-an-abortion-ban-heads-back-to-court,JTA,Andrew Lapin,2026-09-10T19:53:18,2026-09-10 21:27:13.543137,https://www.jta.org/?p=1907944
A guide to High Holiday services in New York,"We have what you need, ranging from traditional synagogue services and family-friendly programs to musical events, meals and more. -- The post A guide to High Holiday services in New York appeared first on Jewish Telegraphic Agency .",https://www.jta.org/2026/09/10/ny/a-guide-to-high-holiday-services-in-new-york,JTA,New York Jewish Week Staff,2026-09-10T21:07:40,2026-09-10 21:27:13.543090,https://www.jta.org/?p=1907964
ARCHIVES | How our newsroom pivoted from Rosh Hashanah to 9/11,"Janet Silver Ghent couldn’t get into her office. It was a problem. The senior editor for the Jewish Bulletin, now known as J., was eager to reach work that September [&#8230;]",https://jweekly.com/2026/09/10/25-years-later-how-our-newsroom-pivoted-from-rosh-hashanah-to-9-11/,J. Weekly,Maya Mirsky,2026-09-10T19:04:35,2026-09-10 21:27:08.653468,https://jweekly.com/?p=310888
TORAH | The humility of Moses is missing in today’s leaders,The Torah column is supported by a generous donation from Eve Gordon-Ramek in memory of Kenneth Gordon. Rosh HashanahFirst day: Genesis 21:1-34Second day: Genesis 22:1-24 With our nation’s midterm elections [&#8230;],https://jweekly.com/2026/09/10/the-humility-of-moses-is-an-essential-quality-missing-in-todays-leaders/,J. Weekly,Rabbi Niles Elliot Goldstein,2026-09-10T20:44:54,2026-09-10 21:27:08.653431,https://jweekly.com/?p=310899
"Police unlawfully used Tel Aviv city cameras to follow suspect in drug case, court says","The ruling found no legal basis for police to randomly monitor passersby through municipal cameras, echoing broader concerns over the lack of regulation governing public surveillance in Israel",https://www.haaretz.com/israel-news/israel-crime/2026-09-10/ty-article/.premium/police-unlawfully-used-tel-aviv-city-cameras-to-follow-suspect-court-says/000001a0-8aee-d9a4-a3a7-9ffe8dab0000,Haaretz,Yair Foldes,2026-09-10T14:56:49,2026-09-10 18:11:03.493931,https://www.haaretz.com/israel-news/israel-crime/2026-09-10/ty-article/.premium/police-unlawfully-used-tel-aviv-city-cameras-to-follow-suspect-court-says/000001a0-8aee-d9a4-a3a7-9ffe8dab0000
"Devastated on October 7, did Kibbutz Be'eri lose faith in the left?",Kibbutz Be'eri was ground zero for the Hamas massacre on Israel's Gaza border. The attack shook up the beliefs of many on this kibbutz in the viability of peace. But that doesn't mean the right-wing bloc can count on their votes,https://www.haaretz.com/israel-news/elections/2026-09-10/ty-article-magazine/.premium/devastated-on-october-7-did-kibbutz-beeri-lose-faith-in-the-left/000001a0-8600-dc67-a5f1-bedfdf060000,Haaretz,Judy Maltz,2026-09-10T15:11:48,2026-09-10 18:11:03.493906,https://www.haaretz.com/israel-news/elections/2026-09-10/ty-article-magazine/.premium/devastated-on-october-7-did-kibbutz-beeri-lose-faith-in-the-left/000001a0-8600-dc67-a5f1-bedfdf060000
Why this historian thinks 'We're in a very dangerous moment' for American Jews,"In his new book, James Loeffler traces a century of U.S. battles over antisemitism and free speech. He tells Haaretz how American Jews are caught between Tucker Carlson and Hasan Piker and why Trump's 'smothering embrace' offers little protection",https://www.haaretz.com/life/books/2026-09-10/ty-article-magazine/.premium/why-this-historian-thinks-were-in-a-very-dangerous-moment-for-american-jews/000001a0-804c-d825-afb5-d47cd7670000,Haaretz,Esther Solomon,2026-09-10T15:49:10,2026-09-10 18:11:03.493879,https://www.haaretz.com/life/books/2026-09-10/ty-article-magazine/.premium/why-this-historian-thinks-were-in-a-very-dangerous-moment-for-american-jews/000001a0-804c-d825-afb5-d47cd7670000
Confessions of an Israeli army drone operator,"A decade of serving in the IDF broke Nir. As soldiers around him succumbed to 'ethical burnout,' he began questioning what he was being asked to do. Returning to duty on October 7, he saw an army out of control",https://www.haaretz.com/israel-news/israel-security/2026-09-10/ty-article-magazine/.premium/confessions-of-an-israeli-army-drone-operator/000001a0-8a3f-d5d9-a5f7-8abf30920000,Haaretz,Yaniv Kubovich,2026-09-10T15:57:17,2026-09-10 18:11:03.493852,https://www.haaretz.com/israel-news/israel-security/2026-09-10/ty-article-magazine/.premium/confessions-of-an-israeli-army-drone-operator/000001a0-8a3f-d5d9-a5f7-8abf30920000
Netanyahu's Terrible Tuesday left him almost unscathed in election polls – for now,"The Tuesday trifecta – sanctions, weird party slate and the Haaretz Oct. 7 bombshell – could have more impact later. Meanwhile, the Zionist opposition could stand a better chance if it gets over its racist phobia of a coalition with Arabs",https://www.haaretz.com/israel-news/israel-politics/2026-09-10/ty-article-magazine/.premium/netanyahus-terrible-tuesday-left-him-almost-unscathed-in-polls-for-now/000001a0-8b16-d9dc-a9a9-8bd696670000,Haaretz,Dahlia Scheindlin,2026-09-10T15:58:33,2026-09-10 18:11:03.493825,https://www.haaretz.com/israel-news/israel-politics/2026-09-10/ty-article-magazine/.premium/netanyahus-terrible-tuesday-left-him-almost-unscathed-in-polls-for-now/000001a0-8b16-d9dc-a9a9-8bd696670000
Palestinian teen accused of car theft released; judge says he may have been coerced,An Israeli juvenile court released the teen on bail after injuries found on his body appeared to support his claim of coercion. Haaretz previously reported that car theft gangs recruit poor Palestinian teens to drive stolen vehicles to the West Bank,https://www.haaretz.com/israel-news/israel-crime/2026-09-10/ty-article/.premium/palestinian-teen-accused-of-car-theft-released-judge-says-may-have-been-coerced/000001a0-8b98-d9ce-abe2-bbbac4870000,Haaretz,Ran Shimoni,2026-09-10T16:19:03,2026-09-10 18:11:03.493790,https://www.haaretz.com/israel-news/israel-crime/2026-09-10/ty-article/.premium/palestinian-teen-accused-of-car-theft-released-judge-says-may-have-been-coerced/000001a0-8b98-d9ce-abe2-bbbac4870000
The targets: Gay men and protesters. The Israeli cyber firm quietly arming autocrats,"An investigation reveals how CyberGlobes software uses social media data to track and map protesters, regime critics, political activists and LGBTQ people. CyberGlobes: 'The report is distorted and misleading. The company operates lawfully'",https://www.haaretz.com/israel-news/security-aviation/2026-09-10/ty-article-magazine/.premium/targeted-gays-and-protesters-the-israeli-cyber-firm-quietly-arming-autocrats/000001a0-8bb2-d219-a3ed-bffa9bb70000,Haaretz,Omer Benjakob,2026-09-10T16:23:38,2026-09-10 18:11:03.493762,https://www.haaretz.com/israel-news/security-aviation/2026-09-10/ty-article-magazine/.premium/targeted-gays-and-protesters-the-israeli-cyber-firm-quietly-arming-autocrats/000001a0-8bb2-d219-a3ed-bffa9bb70000
Tel Aviv deputy mayor spreads Shas campaign materials in municipal-run group,"Since late August and ahead of Israel's elections in October, a weekly Shabbat pamphlet sent to group members has been distributed with the ultra-Orthodox party's logo. Israeli law prohibits the political use of municipal assets and public funds",https://www.haaretz.com/israel-news/elections/2026-09-10/ty-article/.premium/tel-aviv-deputy-mayor-spreads-shas-campaign-materials-in-municipal-run-group/000001a0-8bb1-dfad-a1aa-bffbdfdf0000,Haaretz,Yair Foldes,2026-09-10T17:05:48,2026-09-10 18:11:03.493734,https://www.haaretz.com/israel-news/elections/2026-09-10/ty-article/.premium/tel-aviv-deputy-mayor-spreads-shas-campaign-materials-in-municipal-run-group/000001a0-8bb1-dfad-a1aa-bffbdfdf0000
How this Israeli city challenges Jewish supremacy,"It is easy to feel cynical or desperate about the future this place holds for its people. But spending time with Palestinians in Haifa, I felt, as an Israeli Jew, a glimmer of quiet, ordinary hope",https://www.haaretz.com/israel-news/haaretz-today/2026-09-10/ty-article/.highlight/how-this-israeli-city-challenges-jewish-supremacy/000001a0-8c4b-dfa9-ada3-ce4b99030000,Haaretz,David Issacharoff,2026-09-10T17:23:12,2026-09-10 18:11:03.493706,https://www.haaretz.com/israel-news/haaretz-today/2026-09-10/ty-article/.highlight/how-this-israeli-city-challenges-jewish-supremacy/000001a0-8c4b-dfa9-ada3-ce4b99030000
Leading U.S. Jewish groups launch fund to channel new federal tax credit to Jewish schools,"Starting in 2027, Americans can redirect up to $1,700 of their federal taxes through The Opportunity Fund to individual Jewish schools, which will use the money for scholarships",https://www.haaretz.com/us-news/2026-09-10/ty-article/.premium/u-s-jewish-groups-launch-fund-to-channel-federal-tax-credit-to-jewish-schools/000001a0-8c69-d9a4-a3a7-9f7becfc0000,Haaretz,Philissa Cramer,2026-09-10T18:08:19,2026-09-10 18:11:03.493673,https://www.haaretz.com/us-news/2026-09-10/ty-article/.premium/u-s-jewish-groups-launch-fund-to-channel-federal-tax-credit-to-jewish-schools/000001a0-8c69-d9a4-a3a7-9f7becfc0000
"From the Editor: As Jews Enter the New Year, the 25th Anniversary of 9/11 Offers an Important Reminder",You are far more likely to die from an Islamist terror attack in the foreseeable future than a war with...,https://www.algemeiner.com/2026/09/10/from-editor-jews-enter-new-year-25th-anniversary-9-11-offers-important-reminder/,Algemeiner,Aaron Kliegman,2026-09-10T17:48:34,2026-09-10 18:10:57.716954,https://www.algemeiner.com/?p=779404
To celebrities who just don't get it: Enough!,"In chatter about a proposed entertainment business merger, Hollywood’s court Jews weigh in on the side of antisemitism.",https://www.jns.org/opinion/micha-danzig/to-celebrities-who-just-dont-get-it-enough,JNS,Micha Danzig,2026-09-10T15:00:00,2026-09-10 18:10:55.362518,https://www.jns.org/opinion/micha-danzig/to-celebrities-who-just-dont-get-it-enough
"School denied faith-based opt-out request from classroom instruction, Washington state father says","Kate Anderson, senior counsel and director of the ADF Center for Parental Rights, said parents ""have the fundamental right to direct their children's religious upbringing and education, even at school.""",https://www.jns.org/news/u-s-news/school-denied-faith-based-opt-out-request-from-classroom-instruction-washington-state-father-says,JNS,Jessica Russak-Hoffman,2026-09-10T15:20:00,2026-09-10 18:10:55.362493,https://www.jns.org/news/u-s-news/school-denied-faith-based-opt-out-request-from-classroom-instruction-washington-state-father-says
Justice Department moves to drop case against journalist who exposed Kanye West Jew-hatred remarks,"""Prosecutors were right to drop their appeal of the Wiretap Act counts, but they're wrong to continue to pursue other charges to punish a journalist who exposed antisemitism,"" stated Seth Stern, chief of advocacy at the Freedom of the Press Foundation.",https://www.jns.org/news/u-s-news/justice-department-moves-to-drop-case-against-journalist-who-exposed-kanye-west-jew-hatred-remarks,JNS,Jessica Russak-Hoffman,2026-09-10T15:54:49,2026-09-10 18:10:55.362466,https://www.jns.org/news/u-s-news/justice-department-moves-to-drop-case-against-journalist-who-exposed-kanye-west-jew-hatred-remarks
Sotheby’s selling one of ‘most significant’ manuscripts by renowned Jewish medieval artist Joel ben Simeon,"""I am so excited to share these treasures with the public, as they have not been seen in 100 years,"" Sharon Liberman Mintz, international Sotheby’s senior Judaica specialist, told JNS.",https://www.jns.org/news/u-s-news/sothebys-selling-one-of-most-significant-manuscripts-by-renowned-jewish-medieval-artist-joel-ben-simeon,JNS,Menachem Wecker,2026-09-10T15:57:01,2026-09-10 18:10:55.362436,https://www.jns.org/news/u-s-news/sothebys-selling-one-of-most-significant-manuscripts-by-renowned-jewish-medieval-artist-joel-ben-simeon
A case for optimism this New Year,Goodness and kindness will prevail when leaders step up and take a stand against hatred.,https://www.jns.org/opinion/yehuda-kaploun/a-case-for-optimism-this-new-year,JNS,Rabbi Yehuda Kaploun,2026-09-10T16:15:00,2026-09-10 18:10:55.362404,https://www.jns.org/opinion/yehuda-kaploun/a-case-for-optimism-this-new-year
The ethnic cleansers of Whitehall,Britain’s “as-a-Jew” foreign secretary is a disgrace to his people.,https://www.jns.org/opinion/column/melanie-phillips/the-ethnic-cleansers-of-whitehall,JNS,Melanie Phillips,2026-09-10T17:00:00,2026-09-10 18:10:55.362374,https://www.jns.org/opinion/column/melanie-phillips/the-ethnic-cleansers-of-whitehall
"Print Issue: Confronting Personal Tragedy: A Rosh Hashanah Reflection | September 11, 2026","These are among the themes of Rosh Hashanah: Who will live and who will die? Who will suffer and who will prosper? And if I may add a couple of questions of my own: Who will be grateful and who will be ungrateful? Who will complain and who will create? The post Print Issue: Confronting Personal Tragedy: A Rosh Hashanah Reflection | September 11, 2026 appeared first on Jewish Journal .",https://jewishjournal.com/print-issue/392099/print-issue-confronting-personal-tragedy-a-rosh-hashanah-reflection-september-11-2026/,Jewish Journal,Jewish Journal Staff,2026-09-10T15:55:10,2026-09-10 18:10:53.075644,https://jewishjournal.com/?p=392099
Rosh Hashanah is Like Time and Isaac When Both Come to Life,[&#8230;] The post Rosh Hashanah is Like Time and Isaac When Both Come to Life appeared first on Jewish Journal .,https://jewishjournal.com/spiritual/poetry/392103/rosh-hashanah-is-like-time-and-isaac-when-both-come-to-life/,Jewish Journal,Gershon Hepner,2026-09-10T17:35:00,2026-09-10 18:10:53.075602,https://jewishjournal.com/?p=392103
The Chapter Ahead,[&#8230;] The post The Chapter Ahead appeared first on Jewish Journal .,https://jewishjournal.com/commentary/blogs/392059/the-chapter-ahead/,Jewish Journal,Rabbi Zach Shapiro,2026-09-10T17:38:26,2026-09-10 18:10:53.075565,https://jewishjournal.com/?p=392059
A Bisl Rosh Hashana ~ Not Your Typical New Year,Rosh Hashana is reserved for soulful transformation: Resolving to be something different in the Jewish new year. The post A Bisl Rosh Hashana ~ Not Your Typical New Year appeared first on Jewish Journal .,https://jewishjournal.com/judaism/a-bisl-torah/392109/rosh-hashana-not-your-typical-new-year/,Jewish Journal,Rabbi Nicole Guzik,2026-09-10T17:53:08,2026-09-10 18:10:53.075534,https://jewishjournal.com/?p=392109
"‘You would have thought Jews were being targeted, but no, Mom — It was America.’","Dear Mom, The anniversary of 9/11 falls on Rosh Hashanah this year. It’s hard to believe it’s been 25 years since you’ve been gone when you are constantly on my mind. Even though you’re buried next to Dad in Florida, I don’t need to visit your grave on the anniversary of your death; I talk... The post &#8216;You would have thought Jews were being targeted, but no, Mom — It was America.&#8217; appeared first on The Forward .",https://forward.com/culture/849536/memories-of-9-11-and-my-mother-on-rosh-hashanah/,The Forward,Jackie Roth,2026-09-10T16:00:03,2026-09-10 18:10:48.851330,https://forward.com/?p=849536
A Jewish audience applauded when this speaker called for Muslims to leave America. Here’s a better response.,"A video from the Jewish American Summit in Los Angeles shows a speaker using wildly inflammatory, dehumanizing language to describe Muslims — as the Jewish American audience members stay silent, or applaud. “I don’t want Muslims in America,” the activist Mosab Hassan Yousef said at the sold-out event last Sunday. “Get the f— out of... The post A Jewish audience applauded when this speaker called for Muslims to leave America. Here’s a better response. appeared first on The Forward .",https://forward.com/opinion/849359/yousef-jewish-american-summit-newground/,The Forward,Aziza Hasan and Andrea Hodos,2026-09-10T16:58:52,2026-09-10 18:10:48.851278,https://forward.com/?p=849359
Don’t just thank your rabbis. Ask what you’ve asked of them.,"Leaders of a center for rabbinic innovation reflect on the sacred work that happens on Rosh Hashanah, and far beyond the pulpit. -- The post Don&#8217;t just thank your rabbis. Ask what you’ve asked of them. appeared first on Jewish Telegraphic Agency .",https://www.jta.org/2026/09/10/ideas/dont-just-thank-your-rabbis-ask-what-youve-asked-of-them,JTA,Faith Leener,2026-09-10T15:00:00,2026-09-10 18:10:46.243760,https://www.jta.org/?p=1907683
A new tool in Lithuania helps people read letters from Jewish ancestors,"(JTA) — VILNIUS, Lithuania — At a family reunion in California in 2013, Felicita Trueblood discovered a portal to the past: a binder full of letters from her great-grandfather, a [&#8230;]",https://jweekly.com/2026/09/10/how-a-new-tool-in-lithuania-helps-people-read-letters-from-their-jewish-ancestors/,J. Weekly,Shira Li Bartov,2026-09-10T16:40:38,2026-09-10 18:10:41.303490,https://jweekly.com/?p=310867
The Jewish world before Sept. 11 — and the world it became,"(JTA) — On Sept. 10, 2001, the Jewish Telegraphic Agency reported that New York’s Central Synagogue was reopening. The Reform synagogue had been closed for three years after a devastating [&#8230;]",https://jweekly.com/2026/09/10/the-jewish-world-before-sept-11-and-the-world-it-became/,J. Weekly,Andrew Silow-Carroll,2026-09-10T16:53:19,2026-09-10 18:10:41.303449,https://jweekly.com/?p=310874
Haaretz response to Netanyahu's lawsuit threat: 'Won't hesitate to expose the truth in court',"Netanyahu instructed his lawyers to file a libel suit following revelations that the UAE president warned him Hamas was planning a major attack. Haaretz: An 'in-depth, well-sourced journalistic investigation into a matter of utmost public interest'",https://www.haaretz.com/israel-news/israel-security/2026-09-10/ty-article/.premium/haaretz-response-to-netanyahu-threat-wont-hesitate-to-expose-truth-in-court/000001a0-8aeb-d219-a3ed-bffb04b70000,Haaretz,Haaretz,2026-09-10T11:30:23,2026-09-10 14:53:39.820586,https://www.haaretz.com/israel-news/israel-security/2026-09-10/ty-article/.premium/haaretz-response-to-netanyahu-threat-wont-hesitate-to-expose-truth-in-court/000001a0-8aeb-d219-a3ed-bffb04b70000
"Report: Israeli strike kills four Palestinians, including two children, in Gaza","Israel says its latest strikes targeted Hamas weapons facilities, while Palestinian residents report a broader wave of attacks on homes. At least six houses have been struck across Gaza over the past two days",https://www.haaretz.com/gaza/2026-09-10/ty-article/palestinian-reports-israeli-strike-kills-four-including-two-children-in-gaza/000001a0-8a9f-d532-a9ba-8e9fec920000,Haaretz,Haaretz,2026-09-10T11:36:54,2026-09-10 14:53:39.820556,https://www.haaretz.com/gaza/2026-09-10/ty-article/palestinian-reports-israeli-strike-kills-four-including-two-children-in-gaza/000001a0-8a9f-d532-a9ba-8e9fec920000
Charlie Kirk held the young U.S. right together. The fight over Israel is tearing it apart,"Tucker Carlson, Candace Owens and Nick Fuentes are vying to fill the vacuum left by Kirk's assassination and reshape his movement's views on Israel and antisemitism",https://www.haaretz.com/us-news/2026-09-10/ty-article-magazine/.premium/with-charlie-kirk-gone-a-battle-over-israel-is-fracturing-his-movement/000001a0-875b-d9a4-a3a7-9f7b8c2c0000,Haaretz,Grace Gilson,2026-09-10T11:48:40,2026-09-10 14:53:39.820527,https://www.haaretz.com/us-news/2026-09-10/ty-article-magazine/.premium/with-charlie-kirk-gone-a-battle-over-israel-is-fracturing-his-movement/000001a0-875b-d9a4-a3a7-9f7b8c2c0000
"Iran used oil-for-goods deals with China to bypass sanctions, sources say","Iran has long relied on China as its main oil customer. An investigation reveals how Tehran has turned oil revenues into Chinese goods, including millions of dollars' worth of air-defense equipment, while evading international scrutiny",https://www.haaretz.com/middle-east-news/iran/2026-09-10/ty-article/iran-used-oil-for-goods-deals-with-china-to-bypass-sanctions-sources-say/000001a0-8a5c-d9dc-a9a9-8ade0f160000,Haaretz,Reuters,2026-09-10T12:02:30,2026-09-10 14:53:39.820498,https://www.haaretz.com/middle-east-news/iran/2026-09-10/ty-article/iran-used-oil-for-goods-deals-with-china-to-bypass-sanctions-sources-say/000001a0-8a5c-d9dc-a9a9-8ade0f160000
Will Gantz's political downfall imperil the path to unseating Netanyahu?,"Opposition figures say Gantz's stubborn decision to run in the upcoming election, despite his party polling below the electoral threshold, could put precious votes to waste",https://www.haaretz.com/israel-news/elections/2026-09-10/ty-article/.premium/will-gantzs-fall-from-grace-imperil-the-path-to-unseating-netanyahu/000001a0-8a38-d9dc-a9a9-8afe67f50000,Haaretz,Noa Shpigel,2026-09-10T12:39:28,2026-09-10 14:53:39.820467,https://www.haaretz.com/israel-news/elections/2026-09-10/ty-article/.premium/will-gantzs-fall-from-grace-imperil-the-path-to-unseating-netanyahu/000001a0-8a38-d9dc-a9a9-8afe67f50000
They run a Jerusalem cultural hub. Then a former Palestinian resident came back,"Years after squatting in an abandoned building, HaMiffal's directors turned it into a cultural hub open to all. Still, they admit: We can't fight the status quo",https://www.haaretz.com/life/2026-09-10/ty-article-magazine/.premium/they-run-a-jerusalem-cultural-hub-then-a-former-palestinian-resident-came-back/000001a0-769d-d6c0-a1a9-7efdd61c0000,Haaretz,Talia Banon Tsur,2026-09-10T12:39:30,2026-09-10 14:53:39.820438,https://www.haaretz.com/life/2026-09-10/ty-article-magazine/.premium/they-run-a-jerusalem-cultural-hub-then-a-former-palestinian-resident-came-back/000001a0-769d-d6c0-a1a9-7efdd61c0000
King vs. George: Jerusalem deputy mayor urges renaming main street over U.K. sanctions,"A vocal advocate of Jewish settlement in the West Bank, Deputy Mayor Arieh King accused Britain of undermining Israeli sovereignty and demanded to rename the name of the city's prominent King George Street, named after",https://www.haaretz.com/israel-news/israel-politics/2026-09-10/ty-article/.premium/king-vs-george-jerusalem-deputy-mayor-wants-street-renamed-over-u-k-sanctions/000001a0-8b1c-d9dc-a9a9-8bde4f400000,Haaretz,Ben Kroll,2026-09-10T12:55:18,2026-09-10 14:53:39.820409,https://www.haaretz.com/israel-news/israel-politics/2026-09-10/ty-article/.premium/king-vs-george-jerusalem-deputy-mayor-wants-street-renamed-over-u-k-sanctions/000001a0-8b1c-d9dc-a9a9-8bde4f400000
What American rabbis should say about Israel at this year's High Holy Days,"As millions of American Jews attend their synagogues in the coming weeks, they need to hear from their communal and religious leaders brave words of truth about what the Netanyahu government has done to Israel",https://www.haaretz.com/opinion/2026-09-10/ty-article-opinion/.premium/what-american-rabbis-should-say-about-israel-at-this-years-high-holy-days/000001a0-8b5b-d532-a9ba-8f5f78fa0000,Haaretz,Jo-Ann Mort,2026-09-10T13:10:37,2026-09-10 14:53:39.820378,https://www.haaretz.com/opinion/2026-09-10/ty-article-opinion/.premium/what-american-rabbis-should-say-about-israel-at-this-years-high-holy-days/000001a0-8b5b-d532-a9ba-8f5f78fa0000
Iran-backed Houthis close in on Red Sea gateway in new threat to shipping,"Yemeni government sources said the Yemeni rebel group has seized control of Mokha, a port city that had long hosted government-aligned forces. The latest fighting could disrupt global supply chains and risks reigniting a full-scale conflict",https://www.haaretz.com/middle-east-news/2026-09-10/ty-article/.premium/iran-backed-houthis-close-in-on-bab-el-mandeb-strait-in-new-threat-to-shipping/000001a0-8b3a-d532-a9ba-8f3e07270000,Haaretz,Reuters,2026-09-10T14:24:48,2026-09-10 14:53:39.820342,https://www.haaretz.com/middle-east-news/2026-09-10/ty-article/.premium/iran-backed-houthis-close-in-on-bab-el-mandeb-strait-in-new-threat-to-shipping/000001a0-8b3a-d532-a9ba-8f3e07270000
"Performing arts college subject of federal probe for alleged retaliation against Jewish student who reported being harassed, civil rights groups say","Sarah Golabek-Goldman, of the Brandeis Center, told JNS that “no student should have an experience like the Jewish student in this case, where she reported the harassment and then she was treated like the harassers.”",https://www.jns.org/news/u-s-news/performing-arts-college-subject-of-federal-probe-for-alleged-retaliation-against-jewish-student-who-reported-being-harassed-civil-rights-groups-say,JNS,Aaron Bandler,2026-09-10T11:00:00,2026-09-10 14:53:32.990606,https://www.jns.org/news/u-s-news/performing-arts-college-subject-of-federal-probe-for-alleged-retaliation-against-jewish-student-who-reported-being-harassed-civil-rights-groups-say
"US Education Dept probing Jew-hatred complaint against Southern California school district, civil rights groups say","Joel Taubman, of the Brandeis Center, told JNS that the Etiwanda School District “let a family see that reports wouldn't go anywhere, and then incidents happened again and again and again.”",https://www.jns.org/news/u-s-news/us-education-dept-probing-jew-hatred-complaint-against-southern-california-school-district-civil-rights-groups-say,JNS,Aaron Bandler,2026-09-10T11:00:00,2026-09-10 14:53:32.990572,https://www.jns.org/news/u-s-news/us-education-dept-probing-jew-hatred-complaint-against-southern-california-school-district-civil-rights-groups-say
"In Cyprus, Herzog voices hope for Lebanon to join regional talks","The Israeli president met with his Cypriot counterpart, Nikos Christodoulides, discussing expanded bilateral security ties and broader Middle East stability.",https://www.jns.org/news/israel-news/in-cyprus-herzog-voices-hope-for-lebanon-to-join-regional-talks,JNS,JNS Staff,2026-09-10T11:13:25,2026-09-10 14:53:32.990539,https://www.jns.org/news/israel-news/in-cyprus-herzog-voices-hope-for-lebanon-to-join-regional-talks
Jewish musicians to perform at the United Hatzalah event celebrating 20 years of unity,"Ishay Ribo, Avraham Fried, Yaakov Shwekey, Zusha and Yair Elaytzur to perform together at Jerusalem’s Sultan’s Pool on Wednesday, Sep. 30.",https://www.jns.org/wire/united-hatzalah/jewish-musicians-to-perform-at-the-united-hatzalah-event-celebrating-20-years-of-unity,JNS,,2026-09-10T11:21:52,2026-09-10 14:53:32.990511,https://www.jns.org/wire/united-hatzalah/jewish-musicians-to-perform-at-the-united-hatzalah-event-celebrating-20-years-of-unity
Israel taps new point man for strained Turkey relations,Joel Lion presented his credentials in Ankara as a temporary chargé d'affaires amid a low point in bilateral ties.,https://www.jns.org/news/world/israel-taps-new-point-man-for-strained-turkey-relations,JNS,Canaan Lidor,2026-09-10T11:37:22,2026-09-10 14:53:32.990480,https://www.jns.org/news/world/israel-taps-new-point-man-for-strained-turkey-relations
The cruel awakening of 9/11,"A quarter-century on, the jihadis haven’t given up.",https://www.jns.org/opinion/clifford-d-may/the-cruel-awakening-of-9-11,JNS,Clifford D. May,2026-09-10T11:45:00,2026-09-10 14:53:32.990451,https://www.jns.org/opinion/clifford-d-may/the-cruel-awakening-of-9-11
Katz: Any Iranian attack will bring blows Tehran ‘has not yet suffered’,The Israeli defense minister vowed unprecedented strikes on key energy facilities after warning that the Islamic Republic faced dire ruin over new aggression.,https://www.jns.org/news/israel-news/katz-any-iranian-attack-will-bring-blows-tehran-has-not-yet-suffered,JNS,JNS Staff,2026-09-10T11:46:18,2026-09-10 14:53:32.990427,https://www.jns.org/news/israel-news/katz-any-iranian-attack-will-bring-blows-tehran-has-not-yet-suffered
Religious liberty group pens brief to Supreme Court backing Orthodox Jew suing for right to host prayer in his home,"""Religious freedom is an empty promise when Americans can’t get their day in court,"" Joseph Davis, senior counsel at Becket, told JNS. ""That is what happened to Daniel Grand.""",https://www.jns.org/news/u-s-news/religious-liberty-group-pens-brief-to-supreme-court-backing-orthodox-jew-suing-for-right-to-host-prayer-in-his-home,JNS,Jessica Russak-Hoffman,2026-09-10T13:00:00,2026-09-10 14:53:32.990397,https://www.jns.org/news/u-s-news/religious-liberty-group-pens-brief-to-supreme-court-backing-orthodox-jew-suing-for-right-to-host-prayer-in-his-home
"Former Michigan GOP congressman holds slim lead over El-Sayed, poll suggests",The Republican Jewish Coalition has called Dr. Abdul El-Sayed “the most antisemitic U.S. Senate candidate in America.”,https://www.jns.org/news/u-s-news/former-michigan-gop-congressman-holds-slim-lead-over-el-sayed-poll-suggests,JNS,,2026-09-10T13:15:00,2026-09-10 14:53:32.990363,https://www.jns.org/news/u-s-news/former-michigan-gop-congressman-holds-slim-lead-over-el-sayed-poll-suggests
J Street to spend $3 million against congressional candidates it calls ‘AIPAC-backed MAGA extremists’,"The group, which has said it thinks the Jewish state committed “genocide,” is targeting Reps. Mike Collins, Max Miller, Derrick Van Orden, Ryan Mackenzie and Mariannette Miller-Meeks.",https://www.jns.org/news/u-s-news/j-street-to-spend-3-million-against-congressional-candidates-it-calls-aipac-backed-maga-extremists,JNS,Mike Wagenheim,2026-09-10T13:30:00,2026-09-10 14:53:32.990331,https://www.jns.org/news/u-s-news/j-street-to-spend-3-million-against-congressional-candidates-it-calls-aipac-backed-maga-extremists
Toronto mayor skips mayoral debate on Jew-hatred,"""Hundreds of Torontonians came together for an important conversation about antisemitism, public safety and the future of our city. Mayor Chow chose not to be there,"" said Toronto mayoral candidate Brad Bradford.",https://www.jns.org/news/world/toronto-mayor-skips-mayoral-debate-on-jew-hatred,JNS,Jessica Russak-Hoffman,2026-09-10T13:45:00,2026-09-10 14:53:32.990297,https://www.jns.org/news/world/toronto-mayor-skips-mayoral-debate-on-jew-hatred
"Colorado school district settles with ADL, agrees to policy reforms to address Jew-hatred","“The pain of the last several years of targeted antisemitic harassment will now give way to meaningful, district-wide changes,” stated James Pasch, of the Anti-Defamation League.",https://www.jns.org/news/u-s-news/colorado-school-district-settles-with-adl-agrees-to-policy-reforms-to-address-jew-hatred,JNS,Aaron Bandler,2026-09-10T14:00:00,2026-09-10 14:53:32.990267,https://www.jns.org/news/u-s-news/colorado-school-district-settles-with-adl-agrees-to-policy-reforms-to-address-jew-hatred
Chicago rabbinical court pioneers hybrid model for Jewish divorce,"Rabbi Levi Mostofsky told JNS that the Chicago Rabbinical Council pushes for the Jewish divorce document to be issued and ""then to go through mediation.""",https://www.jns.org/news/u-s-news/chicago-rabbinical-court-pioneers-hybrid-model-for-jewish-divorce,JNS,Jessica Russak-Hoffman,2026-09-10T14:15:00,2026-09-10 14:53:32.990229,https://www.jns.org/news/u-s-news/chicago-rabbinical-court-pioneers-hybrid-model-for-jewish-divorce
Kosher.com shares Rosh Hashanah recipes rooted in Jewish tradition,Recipes include traditional holiday foods alongside dishes influenced by Jewish cuisines from around the world.,https://www.jns.org/wire/kosher-com/kosher-com-shares-rosh-hashanah-recipes-rooted-in-jewish-tradition,JNS,,2026-09-10T14:50:55,2026-09-10 14:53:32.990173,https://www.jns.org/wire/kosher-com/kosher-com-shares-rosh-hashanah-recipes-rooted-in-jewish-tradition
Attacks on Mamdani test Jewish efforts to confront Islamophobia as 9/11 anniversary nears,"The image was vintage AI slopcraft: New York Mayor Zohran Mamdani in his trademark black suit, holding a sealed cardboard package labeled 9/11 MEMORIAL. “Honey,” the cartoon Mamdani calls, “where’s my box cutter?” The cartoon, shared Sunday on social media by the Orthodox Jewish comedy account Heimish Humor and referencing the weapon used in the... The post Attacks on Mamdani test Jewish efforts to confront Islamophobia as 9/11 anniversary nears appeared first on The Forward .",https://forward.com/news/849506/mamdani-911-attacks-islamophobia-jewish/,The Forward,Louis Keene,2026-09-10T10:48:33,2026-09-10 14:53:26.206042,https://forward.com/?p=849506
Pro-Israel Providence Mayor Brett Smiley loses to DSA pro-Palestinian challenger,"(JTA) — The pro-Israel mayor of Providence, Rhode Island, lost his reelection campaign Wednesday to a progressive pro-Palestinian challenger in the latest demonstration of how Israel politics are seeping into local U.S. elections. Incumbent Brett Smiley, who converted to Judaism in 2024 while in office, was bested by state Sen. David Morales in the Democratic... The post Pro-Israel Providence Mayor Brett Smiley loses to DSA pro-Palestinian challenger appeared first on The Forward .",https://forward.com/fast-forward/849548/pro-israel-providence-mayor-brett-smiley-loses-to-progressive-challenger/,The Forward,Andrew Lapin,2026-09-10T11:17:24,2026-09-10 14:53:26.205993,https://forward.com/?p=849548
Trump: ‘The war will be over very shortly after the election’,"(JTA) — President Donald Trump heckled the leaders of Iran at the first-ever Republican midterm convention on Wednesday, while promoting the idea of renaming the Strait of Hormuz after himself. “The war will be over very shortly after the election,” Trump said in a 100-minute address. “They’re hanging out for dear life, hoping that we... The post Trump: &#8216;The war will be over very shortly after the election&#8217; appeared first on The Forward .",https://forward.com/fast-forward/849542/trump-the-war-will-be-over-very-shortly-after-the-election/,The Forward,Sharon Udasin,2026-09-10T12:52:16,2026-09-10 14:53:26.205938,https://forward.com/?p=849542
How a new tool in Lithuania helps people read letters from their Jewish ancestors,"(JTA) — VILNIUS, Lithuania — At a family reunion in California in 2013, Felicita Trueblood discovered a portal to the past: a binder full of letters from her great-grandfather, a rabbi in Ukraine, from before World War II. As exciting as the discovery was, the letters were illegible to her — until now, thanks to... The post How a new tool in Lithuania helps people read letters from their Jewish ancestors appeared first on The Forward .",https://forward.com/fast-forward/849527/how-a-new-tool-in-lithuania-helps-people-read-letters-from-their-jewish-ancestors/,The Forward,Shira Li Bartov,2026-09-10T12:54:09,2026-09-10 14:53:26.205888,https://forward.com/?p=849527
Nobody can tell me how many animals die for a shtreimel,"I&#8217;m a wildlife ecologist who has spent the better part of a half-century studying, among other topics, what makes mammal populations resilient and what pushes them toward collapse. Most of this work has been on the raccoon, one of North America&#8217;s most common furbearers. So, I found myself wondering how many animals go into the... The post Nobody can tell me how many animals die for a shtreimel appeared first on The Forward .",https://forward.com/opinion/849383/how-many-animals-die-for-a-shtreimel-hasidic-fur-hat-wildlife/,The Forward,Sam Zeveloff,2026-09-10T14:00:21,2026-09-10 14:53:26.205837,https://forward.com/?p=849383
How Warsaw became the center of Yiddish culture,"אױפֿן שװעל פֿונעם צװאַנציקסטן יאָרהונדערט האָט װאַרשע געהאַט די גרעסטע צאָל ייִדישע תּושבֿים אין אײראָפּע, בערך אַ פֿערטל מיליאָן נפֿשות. אָבער די דאָזיקע באַפֿעלקערונג איז באַשטאַנען פֿון דרײַ פֿאַרשײדענע סאָציאַלע און קולטורעלע גרופּעס: אַסימילירטע פּױלישע ייִדן, חסידים און ליטװאַקעס. צװישן זיך האָבן זײ גערעדט ייִדיש, פּױליש, רוסיש און אַ ביסל דײַטש. יאָאַנאַ נאַלעװאַיקאָ־קוליקאָװ (היסטאָרישער אינסטיטוט... The post How Warsaw became the center of Yiddish culture appeared first on The Forward .",https://forward.com/yiddish/849602/how-warsaw-became-the-center-of-yiddish-culture/,The Forward,מיכאל קרוטיקאָװ,2026-09-10T14:05:55,2026-09-10 14:53:26.205784,https://forward.com/?p=849602
Pro-Israel Providence Mayor Brett Smiley loses to progressive challenger,"The winner, democratic socialist David Morales, supports a divestment measure that will be on the ballot in November. -- The post Pro-Israel Providence Mayor Brett Smiley loses to progressive challenger appeared first on Jewish Telegraphic Agency .",https://www.jta.org/2026/09/10/politics/pro-israel-providence-mayor-brett-smiley-loses-to-progressive-challenger,JTA,Andrew Lapin,2026-09-10T11:09:33,2026-09-10 14:53:23.744079,https://www.jta.org/?p=1907911
"Trump taunts Tehran, wants Strait of Hormuz renamed after himself","“The war will be over very shortly after the election,” the president said at the midterm Republican convention. -- The post Trump taunts Tehran, wants Strait of Hormuz renamed after himself appeared first on Jewish Telegraphic Agency .",https://www.jta.org/2026/09/10/politics/trump-taunts-tehran-wants-strait-of-hormuz-renamed-after-himself,JTA,Sharon Udasin,2026-09-10T11:10:04,2026-09-10 14:53:23.744035,https://www.jta.org/?p=1907886
Your Daily Phil: Two rabbis reflect on how 9/11 shaped them,The post Your Daily Phil: Two rabbis reflect on how 9/11 shaped them appeared first on eJewishPhilanthropy .,https://ejewishphilanthropy.com/your-daily-phil-two-rabbis-reflect-on-how-9-11-shaped-them/,eJewish Philanthropy,EJP,2026-09-10T14:23:16,2026-09-10 14:53:21.576920,https://ejewishphilanthropy.com/?p=179929
Dozens of U.K. Jews protest sanctions on West Bank settlements as community split over measures,"Chief Rabbi Ephraim Mirvis condemned the measures as political posturing, while prominent progressive and Masorti rabbis backed them, saying criticism of settlements must not be conflated with an attack on Jews",https://www.haaretz.com/world-news/europe/2026-09-10/ty-article/.premium/u-k-jews-protest-britains-west-bank-sanctions-as-community-split-over-measures/000001a0-89f6-d9dc-a9a9-89f6dfc80000,Haaretz,Felix Pope,2026-09-10T07:27:50,2026-09-10 10:47:37.982096,https://www.haaretz.com/world-news/europe/2026-09-10/ty-article/.premium/u-k-jews-protest-britains-west-bank-sanctions-as-community-split-over-measures/000001a0-89f6-d9dc-a9a9-89f6dfc80000
Report: U.S. aircraft damaged after Iranian strike on Jordan air base,"No U.S. deaths have been reported in the strikes on Jordan, according to CBS News",https://www.haaretz.com/middle-east-news/iran/2026-09-10/ty-article/report-u-s-aircraft-damaged-after-iranian-strike-on-jordan-air-base/000001a0-8a11-d9a4-a3a7-9f73517b0000,Haaretz,Reuters,2026-09-10T08:27:37,2026-09-10 10:47:37.982065,https://www.haaretz.com/middle-east-news/iran/2026-09-10/ty-article/report-u-s-aircraft-damaged-after-iranian-strike-on-jordan-air-base/000001a0-8a11-d9a4-a3a7-9f73517b0000
'It's a real struggle against neo-Nazis': Behind the far-right's political rise in Germany,,https://www.haaretz.com/israel-news/podcasts/2026-09-10/ty-article-podcast/behind-the-the-far-rights-political-rise-in-germany/000001a0-8a69-d865-abbd-dbf9869e0000,Haaretz,Haaretz Podcast,2026-09-10T08:41:03,2026-09-10 10:47:37.982040,https://www.haaretz.com/israel-news/podcasts/2026-09-10/ty-article-podcast/behind-the-the-far-rights-political-rise-in-germany/000001a0-8a69-d865-abbd-dbf9869e0000
Yair Golan sues Sara Netanyahu for pushing Oct. 7 conspiracy theory,"The prime minister's wife invoked the 'betrayal from within' conspiracy theory, popular among Netanyahu supporters, which alleges that Golan and other senior figures knew in advance of the impending attack, in a televised interview in late August",https://www.haaretz.com/israel-news/israel-politics/2026-09-10/ty-article/.premium/yair-golan-sues-sara-netanyahu-for-pushing-oct-7-conspiracy-theory/000001a0-8a88-d9a4-a3a7-9ffad5a90000,Haaretz,Noa Shpigel,2026-09-10T09:06:37,2026-09-10 10:47:37.982012,https://www.haaretz.com/israel-news/israel-politics/2026-09-10/ty-article/.premium/yair-golan-sues-sara-netanyahu-for-pushing-oct-7-conspiracy-theory/000001a0-8a88-d9a4-a3a7-9ffad5a90000
The Trojan horse of Palestinian poetry: The politics Israelis missed in Taha Muhammad Ali,"A new documentary reexamines Palestinian poet Taha Muhammad Ali and the radical politics embedded in his work. Meanwhile, Noa Kirel channels Tarantino in a blood-soaked new music video, and, despite everything, Eyal Golan is still No. 1",https://www.haaretz.com/life/2026-09-10/ty-article-magazine/.premium/palestinian-poetrys-trojan-horse-what-israelis-missed-in-taha-muhammad-ali/000001a0-866d-d865-abbd-d7fd12d90000,Haaretz,Avshalom Halutz,2026-09-10T09:10:55,2026-09-10 10:47:37.981981,https://www.haaretz.com/life/2026-09-10/ty-article-magazine/.premium/palestinian-poetrys-trojan-horse-what-israelis-missed-in-taha-muhammad-ali/000001a0-866d-d865-abbd-d7fd12d90000
Rothschild out of control: What happened to Tel Aviv's most exclusive boulevard?,"Tel Aviv's upscale boulevard became a weekend magnet for teens in tzitzit, who blend nightlife with religious ritual in a scene that unsettles the wealthy locals",https://www.haaretz.com/life/2026-09-10/ty-article-magazine/.premium/rothschild-out-of-control-what-happened-to-tel-avivs-most-exclusive-boulevard/000001a0-85a0-d290-a9e3-dfa71e250000,Haaretz,Liron Amir,2026-09-10T09:17:22,2026-09-10 10:47:37.981949,https://www.haaretz.com/life/2026-09-10/ty-article-magazine/.premium/rothschild-out-of-control-what-happened-to-tel-avivs-most-exclusive-boulevard/000001a0-85a0-d290-a9e3-dfa71e250000
Israeli FM invited key Qatargate suspect Srulik Einhorn to Slovenia embassy ceremony,Israel Einhorn is also a suspect in BibiLeaks and faces an active arrest warrant. He attended a ceremony at the Israeli Embassy in Washington in December together with Knesset Speaker Amir Ohana,https://www.haaretz.com/israel-news/israel-politics/2026-09-10/ty-article/.premium/israeli-fm-invited-key-qatargate-suspect-to-slovenia-embassy-ceremony/000001a0-8a56-d9dc-a9a9-8ad6a4e20000,Haaretz,Bar Peleg,2026-09-10T09:18:57,2026-09-10 10:47:37.981921,https://www.haaretz.com/israel-news/israel-politics/2026-09-10/ty-article/.premium/israeli-fm-invited-key-qatargate-suspect-to-slovenia-embassy-ceremony/000001a0-8a56-d9dc-a9a9-8ad6a4e20000
Israel finally has an official wine map. Why the West Bank's inclusion isn't necessarily bad,"Creation of the first official guidelines that delineate local winemaking regions was long overdue. While this will improve the transparency of the industry, it could also spark some problematic diplomatic and economic repercussions",https://www.haaretz.com/life/2026-09-10/ty-article-magazine/.premium/israel-finally-has-an-official-wine-map-why-the-west-banks-inclusion-isnt-necessarily-bad/000001a0-8a70-d865-abbd-dbf02c330000,Haaretz,Mor Daniel,2026-09-10T09:46:20,2026-09-10 10:47:37.981891,https://www.haaretz.com/life/2026-09-10/ty-article-magazine/.premium/israel-finally-has-an-official-wine-map-why-the-west-banks-inclusion-isnt-necessarily-bad/000001a0-8a70-d865-abbd-dbf02c330000
Saudi-Houthi escalation threatens to draw Iran and the U.S. back into war,"Iran could expand its attacks if its foothold in Yemen comes under threat. Saudi Arabia must weigh a response against the risk of drawing in Iran, the U.S. and other allies and turning Yemen into a new regional flashpoint",https://www.haaretz.com/middle-east-news/2026-09-10/ty-article/.premium/saudi-houthi-escalation-threatens-to-draw-iran-and-the-u-s-back-into-war/000001a0-89bc-d9a4-a3a7-9ffe6a680000,Haaretz,Zvi Bar'el,2026-09-10T10:01:31,2026-09-10 10:47:37.981858,https://www.haaretz.com/middle-east-news/2026-09-10/ty-article/.premium/saudi-houthi-escalation-threatens-to-draw-iran-and-the-u-s-back-into-war/000001a0-89bc-d9a4-a3a7-9ffe6a680000
What made a Jewish lawmaker enter a political partnership with an Arab Israeli? | On the line with Yuval Segalovitz,Haaretz speaks with the former Yesh Atid lawmaker and current United Arab List Knesset candidate,https://www.haaretz.com/israel-news/israel-politics/2026-09-10/ty-article-magazine/.premium/what-made-a-jewish-lawmaker-enter-a-political-partnership-with-an-arab-israeli/000001a0-8a7d-d865-abbd-dbfdef9e0002,Haaretz,Nir Gontarz,2026-09-10T10:17:11,2026-09-10 10:47:37.981820,https://www.haaretz.com/israel-news/israel-politics/2026-09-10/ty-article-magazine/.premium/what-made-a-jewish-lawmaker-enter-a-political-partnership-with-an-arab-israeli/000001a0-8a7d-d865-abbd-dbfdef9e0002
How a multicultural Turkish city became Muslim,"The dispossession of Jews, Armenians, Yazidis and others continues.",https://www.jns.org/opinion/uzay-bulut/how-a-multicultural-turkish-city-became-muslim,JNS,Uzay Bulut,2026-09-10T06:30:00,2026-09-10 10:47:31.214974,https://www.jns.org/opinion/uzay-bulut/how-a-multicultural-turkish-city-became-muslim
Trump: Iran war will end ‘immediately after the election’,White House advisers reportedly cautioned that fighting could continue past Inauguration Day.,https://www.jns.org/news/u-s-news/trump-iran-war-will-end-immediately-after-the-election,JNS,JNS Staff,2026-09-10T06:33:28,2026-09-10 10:47:31.214950,https://www.jns.org/news/u-s-news/trump-iran-war-will-end-immediately-after-the-election
Israeli lawyer accused of aiding effort to prosecute IDF reservist in Britain,"“Attorney Pomeranz acted knowingly to bring about my arrest, my prosecution, and even my imprisonment ... for reporting for service the day after the Oct. 7 massacre,” soldier A. said.",https://www.jns.org/news/israel-news/israeli-lawyer-accused-of-aiding-effort-to-prosecute-idf-reservist-in-britain,JNS,David Isaac,2026-09-10T06:58:26,2026-09-10 10:47:31.214924,https://www.jns.org/news/israel-news/israeli-lawyer-accused-of-aiding-effort-to-prosecute-idf-reservist-in-britain
"Israel, Greece, Cyprus united against Turkish-led Islamic extremism, Israeli minister tells Christian lawmakers",Israel's Diaspora affairs and combating antisemitism minister has long viewed Ankara as a regional threat due to its open support for Hamas and other jihadist forces.,https://www.jns.org/news/israel-news/israel-greece-cyprus-united-against-turkish-led-islamic-extremisim-israeli-minister-tells-christian-lawmakers,JNS,Etgar Lefkovits,2026-09-10T07:14:14,2026-09-10 10:47:31.214891,https://www.jns.org/news/israel-news/israel-greece-cyprus-united-against-turkish-led-islamic-extremisim-israeli-minister-tells-christian-lawmakers
IDF rejects Guterres's criticism of Lebanon campaign,The Israeli military pushed back against charges from the U.N. chief regarding strikes targeting Hezbollah strongholds north of the border.,https://www.jns.org/news/israel-news/idf-rejects-guterres-criticism-of-lebanon-campaign,JNS,JNS Staff,2026-09-10T07:33:43,2026-09-10 10:47:31.214862,https://www.jns.org/news/israel-news/idf-rejects-guterres-criticism-of-lebanon-campaign
Jewish Federation of Broward County in South Florida provides High Holiday resources,"Ahead of the High Holidays, the Federation has published a High Holiday Services Guide and expanded its security offerings.",https://www.jns.org/wire/jewish-federation-of-broward-county/jewish-federation-of-broward-county-in-south-florida-provides-high-holiday-resources,JNS,,2026-09-10T07:34:00,2026-09-10 10:47:31.214835,https://www.jns.org/wire/jewish-federation-of-broward-county/jewish-federation-of-broward-county-in-south-florida-provides-high-holiday-resources
"John Malkovich cancels Tel Aviv show, citing false quote",A PR firm hired by the Israeli promoter drafted and attributed to the U.S. actor comments he neither made nor approved.,https://www.jns.org/news/israel-news/john-malkovich-cancels-tel-aviv-show-after-false-quote,JNS,JNS Staff,2026-09-10T08:31:34,2026-09-10 10:47:31.214803,https://www.jns.org/news/israel-news/john-malkovich-cancels-tel-aviv-show-after-false-quote
Israeli MK hails killing of Hamas terrorist tied to her husband’s murder,"""Let every terrorist who has murdered Jews know: Even if he is released, even if he flees, and even if many years pass, the long arm of the people of Israel will reach him,"" wrote Limor Son Har-Melech.",https://www.jns.org/news/israel-news/israeli-mk-hails-killing-of-hamas-terrorist-tied-to-her-husbands-murder,JNS,JNS Staff,2026-09-10T08:59:56,2026-09-10 10:47:31.214777,https://www.jns.org/news/israel-news/israeli-mk-hails-killing-of-hamas-terrorist-tied-to-her-husbands-murder
'We have friends in Europe': Israel inaugurates embassy in Slovenia,PM Janez Janša attended the Ljubljana ceremony after reversing his predecessor’s sanctions and blocking an E.U. condemnation of the Jewish state.,https://www.jns.org/news/israel-news/amid-european-isolation-push-israel-inaugurates-embassy-in-slovenia,JNS,Canaan Lidor,2026-09-10T09:23:56,2026-09-10 10:47:31.214745,https://www.jns.org/news/israel-news/amid-european-isolation-push-israel-inaugurates-embassy-in-slovenia
"Al-Sharaa is unifying Syria, but is he uniting Syrians?",The Kurds are moving toward Damascus while parts of the Druze community are moving away from it.,https://www.jns.org/opinion/eyal-dror/al-sharaa-is-unifying-syria-but-is-he-uniting-syrians,JNS,Eyal Dror,2026-09-10T10:00:00,2026-09-10 10:47:31.214713,https://www.jns.org/opinion/eyal-dror/al-sharaa-is-unifying-syria-but-is-he-uniting-syrians
UK-Israel crisis deepens as Britain imposes new sanctions,"“Israel Undiplomatic” brings sharp insight and spirited debate to the stories shaping Israel and the Middle East. Hosted by JNS senior contributing editor Ruthie Blum and former ambassador Mark Regev, both former advisers to the Prime Minister’s Office, the show goes beyond talking points to tackle Israel’s toughest political, diplomatic and security dilemmas head-on. From Gaza ceasefire negotiations to U.S.-Israel relations and from Iran’s nuclear ambitions to the war on terror, Blum and Regev dissect the week’s headlines with authority, candor and a touch of humor. What sets “Israel Undiplomatic” apart is the dynamic between its hosts: Two seasoned insiders often agree on the goals but clash on the details. Their conversations reveal how even shared worldviews can lead to different conclusions about policy, diplomacy and the future of Israel. Whether analyzing the latest Middle East peace proposals, exposing Western double standards or weighing the political fallout of Israel’s military actions, “Israel Undiplomatic” delivers smart, unscripted dialogue that cuts through spin and gets to the truth. Because in politics, as in life, the devil is always in the details. See more at: @JNS_TV and subscribe to our YouTube channel.",https://www.jns.org/jns-tv/israel-undiplomatic/uk-israel-crisis-deepens-as-britain-imposes-new-sanctions,JNS,Mark Regev,2026-09-10T10:17:08,2026-09-10 10:47:31.214679,https://www.jns.org/jns-tv/israel-undiplomatic/uk-israel-crisis-deepens-as-britain-imposes-new-sanctions
"Dating, DMs & Lie Detectors ft. Zach Margs","[&#8230;] The post Dating, DMs & Lie Detectors ft. Zach Margs appeared first on Jewish Journal .",https://jewishjournal.com/podcasts/schmuckboys/392067/dating-dms-lie-detectors-ft-zach-margs/,Jewish Journal,Schmuckboys Marla &#38; Libby,2026-09-10T07:01:16,2026-09-10 10:47:28.877797,https://jewishjournal.com/uncategorized/392067/dating-dms-lie-detectors-ft-zach-margs/
Table for Five: Rosh Hashanah,God Remembers The post Table for Five: Rosh Hashanah appeared first on Jewish Journal .,https://jewishjournal.com/judaism/392069/rosh-hashanah-2/,Jewish Journal,Salvador Litvak,2026-09-10T09:13:27,2026-09-10 10:47:28.877768,https://jewishjournal.com/?p=392069
Political Activists Are Erasing September 11 in K-12 Education,"Islamist terrorism remains a threat to the United States, the West, and the Jewish people. We cannot allow the history of September 11 to be twisted into an indictment of the society that was attacked. The post Political Activists Are Erasing September 11 in K-12 Education appeared first on Jewish Journal .",https://jewishjournal.com/commentary/opinion/392072/political-activists-are-erasing-september-11-in-k-12-education/,Jewish Journal,David Bernstein,2026-09-10T09:16:30,2026-09-10 10:47:28.877741,https://jewishjournal.com/?p=392072
The Shofar Blower,"Through poetic reflections, Torah wisdom and personal stories, Salem explores the shofar as a tool for mindfulness, healing, surrender and inner transformation. The post The Shofar Blower appeared first on Jewish Journal .",https://jewishjournal.com/community/392075/the-shofar-blower/,Jewish Journal,Ayala Or-El,2026-09-10T09:19:53,2026-09-10 10:47:28.877704,https://jewishjournal.com/?p=392075
More Than Just a Meal: Bringing People Together at OBKLA,"OBKLA has welcomed more than 80,000 volunteers, including students, synagogue and church groups, corporate organizations, top leadership teams from companies such as Netflix and Amazon and, of course, celebrities. The post More Than Just a Meal: Bringing People Together at OBKLA appeared first on Jewish Journal .",https://jewishjournal.com/community/392078/more-than-just-a-meal-bringing-people-together-at-obkla/,Jewish Journal,Ayala Or-El,2026-09-10T09:25:17,2026-09-10 10:47:28.877670,https://jewishjournal.com/?p=392078
9/11 Didn’t Make America Immune to Strategic Surprise,"Assume the next surprise attack is only a matter of time, and use that time to make it harder to carry out and less catastrophic when it comes. The post 9/11 Didn&#8217;t Make America Immune to Strategic Surprise appeared first on Jewish Journal .",https://jewishjournal.com/commentary/opinion/392083/9-11-didnt-make-america-immune-to-strategic-surprise/,Jewish Journal,Or Horvitz,2026-09-10T09:29:01,2026-09-10 10:47:28.877633,https://jewishjournal.com/?p=392083
"At 6:29 A.M., to Honor Nova, the Music Stopped at Burning Man","The project was organized by the Nova Tribe Community Association, the nonprofit created after Oct. 7, by producers of the Nova festival to support survivors and bereaved families and commemorate those murdered. The post At 6:29 A.M., to Honor Nova, the Music Stopped at Burning Man appeared first on Jewish Journal .",https://jewishjournal.com/culture/arts/music/392086/at-629-a-m-to-honor-nova-the-music-stopped-at-burning-man/,Jewish Journal,Brian Fishbach,2026-09-10T09:32:34,2026-09-10 10:47:28.877595,https://jewishjournal.com/?p=392086
"Exiled from Zamosc, Survival in the Far-Off Lands","Daniela Gerson’s ""The Wanderers"" is all that you can ask for from a book. Meticulously researched, exquisitely told, it is an adventure story spanning more than 80 years, even a love story. The post Exiled from Zamosc, Survival in the Far-Off Lands appeared first on Jewish Journal .",https://jewishjournal.com/culture/arts/books/392089/exiled-from-zamosc-survival-in-the-far-off-lands/,Jewish Journal,Michael Berenbaum,2026-09-10T09:35:25,2026-09-10 10:47:28.877554,https://jewishjournal.com/?p=392089
"Happy Birthday, Judea Pearl","One thing I am sure of: Judea is inarguably a proud Jew, a steadfast member of this multimillennial Jewish Peoplehood. The other is that I love the man, plain and simple. The post Happy Birthday, Judea Pearl appeared first on Jewish Journal .",https://jewishjournal.com/commentary/opinion/392092/happy-birthday-judea-pearl/,Jewish Journal,Peter Himmelman,2026-09-10T09:40:06,2026-09-10 10:47:28.877504,https://jewishjournal.com/?p=392092
L’Shana Tova: In the Spirit of the Jewish New Year,[&#8230;] The post L’Shana Tova: In the Spirit of the Jewish New Year appeared first on Jewish Journal .,https://jewishjournal.com/culture/food/392095/lshana-tova-in-the-spirit-of-the-jewish-new-year/,Jewish Journal,Ayala Or-El,2026-09-10T09:44:44,2026-09-10 10:47:28.877460,https://jewishjournal.com/?p=392095
Argentine court orders return of Nazi-looted painting to Jewish collector’s heir,"(JTA) — BUENOS AIRES – A Dutch journalist hunting for art treasures belonging to an Amsterdam Jewish art dealer spent years trying to get answers from Patricia Kadgien, the daughter of the Nazi financier who had made off with some of them, with no luck. So last year he went to her house in Mar... The post Argentine court orders return of Nazi-looted painting to Jewish collector’s heir appeared first on The Forward .",https://forward.com/fast-forward/849449/argentine-court-orders-return-of-nazi-looted-painting-to-jewish-collectors-heir/,The Forward,Juan Melamed,2026-09-10T08:44:26,2026-09-10 10:47:24.677402,https://forward.com/?p=849449
How a new tool in Lithuania helps people read letters from their Jewish ancestors,"Sergii Gurbych, who developed a tool to read handwritten Yiddish and Hebrew texts, said he wanted to “know more about the world where my grandfather lived.” -- The post How a new tool in Lithuania helps people read letters from their Jewish ancestors appeared first on Jewish Telegraphic Agency .",https://www.jta.org/2026/09/10/global/how-a-new-tool-in-lithuania-helps-people-read-letters-from-their-jewish-ancestors,JTA,Shira Li Bartov,2026-09-10T10:46:47,2026-09-10 10:47:22.184739,https://www.jta.org/?p=1907895
I am a proud 9/11 rabbi,"On the morning of my first day of classes in my third year of rabbinical school, two Boeing 767s struck the Twin Towers. I had just come back from my year in Israel, where I lived through the terror of the Second Intifada. Now an even larger global event would come to define not just... Read More The post I am a proud 9/11 rabbi appeared first on eJewishPhilanthropy .",https://ejewishphilanthropy.com/i-am-a-proud-9-11-rabbi/,eJewish Philanthropy,Rabbi Alex Lazarus-Klein,2026-09-10T08:19:00,2026-09-10 10:47:19.873129,https://ejewishphilanthropy.com/?p=179909
Robert Kraft donates $10M to name new Brandeis Hillel center,"New England Patriots owner Robert Kraft has donated $10 million to Brandeis University to name a new 28,000-square-foot facility for Jewish life, expected to open in spring 2028, the school announced on Wednesday. The donation is the cornerstone gift of a long-term $25 million fundraising campaign — a partnership between Brandeis and Hillel announced last... Read More The post Robert Kraft donates $10M to name new Brandeis Hillel center appeared first on eJewishPhilanthropy .",https://ejewishphilanthropy.com/robert-kraft-donates-10m-to-name-new-brandeis-hillel-center/,eJewish Philanthropy,Nira Dayanim,2026-09-10T10:16:18,2026-09-10 10:47:19.873066,https://ejewishphilanthropy.com/?p=179915
Footsteps marks 10 years of High Holy Days microgrants supporting formerly Orthodox Jews,"For many practicing Jews, the accumulation of holidays from Rosh Hashanah to Simchat Torah can be a heavy load, emotionally and physically. But for those thinking of leaving the Orthodox community, the High Holy Days can be the last straw before taking the leap of faith toward a new life. And after leaving, the holidays... Read More The post Footsteps marks 10 years of High Holy Days microgrants supporting formerly Orthodox Jews appeared first on eJewishPhilanthropy .",https://ejewishphilanthropy.com/footsteps-marks-10-years-of-high-holy-days-microgrants-supporting-formerly-orthodox-jews/,eJewish Philanthropy,Jay Deitcher,2026-09-10T10:23:58,2026-09-10 10:47:19.873005,https://ejewishphilanthropy.com/?p=179916
Report: Multiple U.S. aircraft damaged in overnight strikes on Jordan air base,,https://www.haaretz.com/israel-news/israel-security/2026-09-10/ty-article-live/multiple-u-s-aircraft-damaged-in-overnight-strikes-on-jordan-air-base-cbs-says/000001a0-8913-d219-a3ed-bddb34d70000,Haaretz,Haaretz,2026-09-10T02:19:44,2026-09-10 05:41:18.868886,https://www.haaretz.com/israel-news/israel-security/2026-09-10/ty-article-live/multiple-u-s-aircraft-damaged-in-overnight-strikes-on-jordan-air-base-cbs-says/000001a0-8913-d219-a3ed-bddb34d70000
UAE leader's pre-October 7 warning to Netanyahu makes a state inquiry even more vital,The UAE's refusal to deny the Haaretz exposé may reflect growing frustration with Netanyahu and again raises difficult questions about responsibility for October 7,https://www.haaretz.com/israel-news/israel-security/2026-09-10/ty-article/.premium/uaes-pre-october-7-warning-to-netanyahu-makes-state-inquiry-even-more-vital/000001a0-879d-d219-a3ed-bfdfdbb00000,Haaretz,Amos Harel,2026-09-10T03:01:43,2026-09-10 05:41:18.868852,https://www.haaretz.com/israel-news/israel-security/2026-09-10/ty-article/.premium/uaes-pre-october-7-warning-to-netanyahu-makes-state-inquiry-even-more-vital/000001a0-879d-d219-a3ed-bfdfdbb00000
"Pedro Sánchez is not Spain, and Benjamin Netanyahu is not Israel",Disagreements between governmental leaders are becoming confrontations between countries.,https://www.jns.org/opinion/sharon-pardo/pedro-sanchez-is-not-spain-and-benjamin-netanyahu-is-not-israel,JNS,Sharon Pardo,2026-09-10T03:00:00,2026-09-10 05:41:11.944308,https://www.jns.org/opinion/sharon-pardo/pedro-sanchez-is-not-spain-and-benjamin-netanyahu-is-not-israel
"Temple Mount activists challenge Rosh Hashanah restrictions, demand Jewish prayer","Petition urges government to open Judaism’s holiest site on the first day of the holiday, which falls on Shabbat this year, and allow the shofar to be sounded there.",https://www.jns.org/news/israel-news/temple-mount-activists-challenge-rosh-hashanah-restrictions-demand-jewish-prayer,JNS,Josh Hasten,2026-09-10T04:37:00,2026-09-10 05:41:11.944281,https://www.jns.org/news/israel-news/temple-mount-activists-challenge-rosh-hashanah-restrictions-demand-jewish-prayer
"At first Physical AI conference, Israel bets robotics is the next frontier",The inaugural event is framed around the theme of transforming Startup Nation into an “Edge-Up Nation.”,https://www.jns.org/feature/at-first-physical-ai-conference-israel-bets-robotics-is-the-next-frontier,JNS,James Spiro,2026-09-10T04:47:00,2026-09-10 05:41:11.944244,https://www.jns.org/feature/at-first-physical-ai-conference-israel-bets-robotics-is-the-next-frontier
"Israel absorbed over 20,000 new immigrants in past year","The trend of Jewish immigration from Western countries is expected to “continue and strengthen,” said Aliyah and Integration Minister Ofir Sofer.",https://www.jns.org/news/israel-news/israel-absorbed-over-20-000-new-immigrants-in-past-year,JNS,JNS Staff,2026-09-10T04:57:19,2026-09-10 05:41:11.944212,https://www.jns.org/news/israel-news/israel-absorbed-over-20-000-new-immigrants-in-past-year
Israel Police to deploy thousands of officers nationwide for High Holidays,"Border Police units and volunteers completed sweeping security preparations at sacred sites, busy roadways and parks before Rosh Hashanah began.",https://www.jns.org/news/israel-news/israel-police-to-deploy-thousands-of-officers-nationwide-for-high-holidays,JNS,JNS Staff,2026-09-10T04:59:00,2026-09-10 05:41:11.944181,https://www.jns.org/news/israel-news/israel-police-to-deploy-thousands-of-officers-nationwide-for-high-holidays
Renovations completed at Cave of the Patriarchs,The work will allow more worshippers to pray at the site during the High Holidays.,https://www.jns.org/news/israel-news/renovations-completed-at-cave-of-the-patriarchs,JNS,Pesach Benson/TPS-IL,2026-09-10T05:12:13,2026-09-10 05:41:11.944151,https://www.jns.org/news/israel-news/renovations-completed-at-cave-of-the-patriarchs
"'We will defeat Iran,' Netanyahu vows from Hermon peak","""We will not allow any terrorist army to establish itself on our border. We are committed to defeating the terrorist regime in Iran,"" the prime minister said.",https://www.jns.org/news/israel-news/we-will-defeat-iran-netanyahu-vows-from-hermon-peak,JNS,JNS Staff,2026-09-10T05:28:54,2026-09-10 05:41:11.944119,https://www.jns.org/news/israel-news/we-will-defeat-iran-netanyahu-vows-from-hermon-peak
Confronting Personal Tragedy: A Rosh Hashanah Reflection,[&#8230;] The post Confronting Personal Tragedy: A Rosh Hashanah Reflection appeared first on Jewish Journal .,https://jewishjournal.com/cover_story/392054/confronting-personal-tragedy-a-rosh-hashanah-reflection/,Jewish Journal,Dennis Prager,2026-09-10T01:36:34,2026-09-10 05:41:09.452071,https://jewishjournal.com/?p=392054
A personal board of directors for the soul: Why everyone needs spiritual mentors,"More than 98% of Fortune 500 companies incorporate mentoring into their businesses, and over 160 million Americans have sought therapy to help navigate lifes challenges. But how many people seek out spiritual mentorship? Though I have no data to point to, based on countless conversations, even with some of my most religiously committed friends, my... Read More The post A personal board of directors for the soul: Why everyone needs spiritual mentors appeared first on eJewishPhilanthropy .",https://ejewishphilanthropy.com/a-personal-board-of-directors-for-the-soul-why-everyone-needs-spiritual-mentors/,eJewish Philanthropy,Rabbi Josh Joseph,2026-09-10T04:00:00,2026-09-10 05:41:00.427734,https://ejewishphilanthropy.com/?p=179893
"Daily Cartoon, September 10, 2026",,https://www.haaretz.com/opinion/daily-cartoon/2026-09-10/ty-article-opinion/daily-cartoon-september-10-2026/000001a0-888b-d9dc-a9a9-88cfd7070000,Haaretz,La Familia,2026-09-09T23:44:04,2026-09-10 00:53:13.705453,https://www.haaretz.com/opinion/daily-cartoon/2026-09-10/ty-article-opinion/daily-cartoon-september-10-2026/000001a0-888b-d9dc-a9a9-88cfd7070000
Still Committed to Plan A,"What I learned most from the people who told us their stories is that the Australian Jewish community is in a state of shock but is resilient, going about its day-to-day life in the way Jews have practiced for generations in the face of hatred. The post Still Committed to Plan A appeared first on Jewish Journal .",https://jewishjournal.com/community/392030/still-committed-to-plan-a/,Jewish Journal,Stephen Smith,2026-09-10T00:05:49,2026-09-10 00:53:04.178573,https://jewishjournal.com/?p=392030
At the Threshold of 5787: Eight Tests of Resilience,A Rosh Hashanah Reflection The post At the Threshold of 5787: Eight Tests of Resilience appeared first on Jewish Journal .,https://jewishjournal.com/commentary/opinion/392033/at-the-threshold-of-5787-eight-tests-of-resilience/,Jewish Journal,Steven Windmueller,2026-09-10T00:11:13,2026-09-10 00:53:04.178541,https://jewishjournal.com/?p=392033
The Apology I Never Got and Will Never Send,I find myself constantly creating scenarios in my head where someone who used to be my best friend reaches out and apologizes for everything. The post The Apology I Never Got and Will Never Send appeared first on Jewish Journal .,https://jewishjournal.com/commentary/opinion/392037/the-apology-i-never-got-and-will-never-send/,Jewish Journal,Leorah Emrani,2026-09-10T00:16:21,2026-09-10 00:53:04.178519,https://jewishjournal.com/?p=392037
Two Dolls,[&#8230;] The post Two Dolls appeared first on Jewish Journal .,https://jewishjournal.com/commentary/opinion/392040/two-dolls/,Jewish Journal,David Mamet,2026-09-10T00:26:29,2026-09-10 00:53:04.178491,https://jewishjournal.com/?p=392040
Rosner’s Domain | A Rough Balance Sheet of the Past Year,"A blessing looks forward. An assessment looks back. This week, we asked Israelis to look back. The post Rosner&#8217;s Domain | A Rough Balance Sheet of the Past Year appeared first on Jewish Journal .",https://jewishjournal.com/rosnersdomain/392043/a-rough-balance-sheet-of-the-past-year/,Jewish Journal,Shmuel Rosner,2026-09-10T00:32:00,2026-09-10 00:53:04.178471,https://jewishjournal.com/?p=392043
Beware: the Durban Delirium Trumped the Essential Lessons of 9/11,"This ideological pogrom eerily mapped out the antizionism mania that has now hit America’s shores, using the noble fights against racism, colonialism and oppression for ignoble ends. The post Beware: the Durban Delirium Trumped the Essential Lessons of 9/11 appeared first on Jewish Journal .",https://jewishjournal.com/commentary/opinion/392048/beware-the-durban-delirium-trumped-the-essential-lessons-of-9-11/,Jewish Journal,Gil Troy,2026-09-10T00:36:18,2026-09-10 00:53:04.178441,https://jewishjournal.com/?p=392048
Sweet Devotion: An Apple Cake Recipe,I’m telling you that there’s something special about this apple cake and the way that it just melts in your mouth. The post Sweet Devotion: An Apple Cake Recipe appeared first on Jewish Journal .,https://jewishjournal.com/culture/food/392051/sweet-devotion-an-apple-cake-recipe/,Jewish Journal,Sharon Gomperts and Rachel Emquies Sheff,2026-09-10T00:39:58,2026-09-10 00:53:04.178401,https://jewishjournal.com/?p=392051
"In first opinion polls since election slates closed, pro-Netanyahu bloc tied with opposition","Polls by Kan 11 and Channel 13 found that Netanyahu's bloc and the Eisenkot bloc are tied, while Channel 12 gave Eisenkot a five-seat advantage. All three found that the opposition lacks a majority without Arab parties",https://www.haaretz.com/israel-news/elections/2026-09-09/ty-article/in-first-polls-since-slates-closed-pro-netanyahu-bloc-tied-with-opposition/000001a0-879e-da65-a1bb-afffb9c90000,Haaretz,Haaretz,2026-09-09T20:41:13,2026-09-09 22:59:56.520070,https://www.haaretz.com/israel-news/elections/2026-09-09/ty-article/in-first-polls-since-slates-closed-pro-netanyahu-bloc-tied-with-opposition/000001a0-879e-da65-a1bb-afffb9c90000
Netanyahu packed his slate with loyalists. Eisenkot's is full of potential defectors,"Netanyahu's candidates won't win him any new voters, but will guarantee him the staunchest loyalists in Knesset. Eisenkot, currently the only one who might unseat the prime minister, has formed an especially worrying slate",https://www.haaretz.com/opinion/2026-09-10/ty-article-opinion/.premium/against-netanyahus-loyalists-eisenkots-slate-is-full-of-potential-defectors/000001a0-8751-d9a4-a3a7-9f7399ca0000,Haaretz,Uri Misgav,2026-09-09T21:04:04,2026-09-09 22:59:56.520050,https://www.haaretz.com/opinion/2026-09-10/ty-article-opinion/.premium/against-netanyahus-loyalists-eisenkots-slate-is-full-of-potential-defectors/000001a0-8751-d9a4-a3a7-9f7399ca0000
It's so easy when you know the rules: Britain is playing the same old sanctions game,,https://www.haaretz.com/opinion/2026-09-10/ty-article-opinion/.premium/easy-when-you-know-the-rules-britain-is-playing-the-same-old-sanctions-game/000001a0-874f-d219-a3ed-bfdfd50b0000,Haaretz,Gideon Levy,2026-09-09T21:05:43,2026-09-09 22:59:56.520030,https://www.haaretz.com/opinion/2026-09-10/ty-article-opinion/.premium/easy-when-you-know-the-rules-britain-is-playing-the-same-old-sanctions-game/000001a0-874f-d219-a3ed-bfdfd50b0000
"If a society's education is a reflection of its future, then Israel's is bleak","Tuesday's PISA results show a sharp decline in the performance of Israeli students – a final, dismal report card for Education Minister Yoav Kisch",https://www.haaretz.com/opinion/editorial/2026-09-10/ty-article-opinion/if-a-societys-education-is-a-reflection-of-its-future-then-israels-is-bleak/000001a0-87ce-d865-abbd-d7feee590000,Haaretz,Haaretz Editorial,2026-09-09T21:13:45,2026-09-09 22:59:56.520009,https://www.haaretz.com/opinion/editorial/2026-09-10/ty-article-opinion/if-a-societys-education-is-a-reflection-of-its-future-then-israels-is-bleak/000001a0-87ce-d865-abbd-d7feee590000
"Israel's best film award goes to 'Tell Me Everything,' chosen to represent country at the Oscars","Moshe Rosenthal's film received the most nominations in Ophir Awards history, winning 10 awards. Best Actor winner Ehab Salami, who depicts a Palestinian Uber driver in Berlin in 'Where To,' said: 'Let the sun rise, and enough with the wars. Enough'",https://www.haaretz.com/life/2026-09-10/ty-article/.premium/israels-best-film-award-for-2026-goes-to-tell-me-everything/000001a0-87cd-d532-a9ba-87cd254c0000,Haaretz,Nirit Anderman,2026-09-09T21:13:58,2026-09-09 22:59:56.519971,https://www.haaretz.com/life/2026-09-10/ty-article/.premium/israels-best-film-award-for-2026-goes-to-tell-me-everything/000001a0-87cd-d532-a9ba-87cd254c0000
Trump's refusal to back Israeli settlements helped pave way for British boycott,"With Washington staying silent and steering clear of intervention, London has rallied a string of countries for a broad push against the settlements - even if much of it remains declarative",https://www.haaretz.com/israel-news/israel-security/2026-09-10/ty-article/.premium/trumps-refusal-to-back-israeli-settlements-helped-pave-way-for-british-boycott/000001a0-879f-d9dc-a9a9-87df68500000,Haaretz,Liza Rozovsky,2026-09-09T22:06:43,2026-09-09 22:59:56.519943,https://www.haaretz.com/israel-news/israel-security/2026-09-10/ty-article/.premium/trumps-refusal-to-back-israeli-settlements-helped-pave-way-for-british-boycott/000001a0-879f-d9dc-a9a9-87df68500000
"Rubio Issues Mild Response to UK Sanctions on Israeli Settlements, Affirms US Won’t Join","US Secretary of State Marco Rubio stopped short on Tuesday of forcefully condemning Britain&#8217;s sweeping new sanctions targeting Israeli settlements,...",https://www.algemeiner.com/2026/09/09/rubio-issues-mild-response-uk-sanctions-israeli-settlements-affirms-us-wont-join/,Algemeiner,Corey Walker,2026-09-09T20:40:00,2026-09-09 22:59:51.987608,https://www.algemeiner.com/?p=779333
University of Washington Hits Pause on New Protest Polices Over Campus Outcry,The University of Washington is halting the enactment of new policies on expression and peaceful assembly which would restrict unauthorized...,https://www.algemeiner.com/2026/09/09/university-washington-hits-pause-new-protests-polices-campus-outcry/,Algemeiner,Dion J. Pierre,2026-09-09T21:44:07,2026-09-09 22:59:51.987588,https://www.algemeiner.com/?p=779340
Slovenia Bucks Europe’s Anti-Israel Trend as Jewish State Opens First Embassy in Ljubljana,"Israel has opened its first embassy in Slovenia, deepening ties with the Alpine EU member as a growing number of...",https://www.algemeiner.com/2026/09/09/slovenia-bucks-europes-anti-israel-trend-jewish-state-opens-first-embassy-ljubljana/,Algemeiner,Ailin Vilches Arguello,2026-09-09T21:54:42,2026-09-09 22:59:51.987564,https://www.algemeiner.com/?p=779367
Anti-dem socialists rally in Manhattan draws about 300,"“We’re here to ensure that another 9/11 never happens again, and we’re not afraid to address that the reason 9/11 happened was because of radical Islamic terrorism,” Jayne Zirkle of Lawfare Project told JNS.",https://www.jns.org/news/u-s-news/anti-dem-socialists-rally-in-manhattan-draws-about-300,JNS,Rebecca Szlechter,2026-09-09T20:51:54,2026-09-09 22:59:49.542796,https://www.jns.org/news/u-s-news/anti-dem-socialists-rally-in-manhattan-draws-about-300
Jewish groups release ‘Bill of Rights’ to protect K-12 students from antisemitism,"The document calls on schools to address Jew-hatred, protect Jewish students’ identities and ensure accurate instruction on Israel and the Holocaust.",https://www.jns.org/news/u-s-news/jewish-groups-release-bill-of-rights-to-protect-k-12-students-from-antisemitism,JNS,,2026-09-09T20:54:44,2026-09-09 22:59:49.542775,https://www.jns.org/news/u-s-news/jewish-groups-release-bill-of-rights-to-protect-k-12-students-from-antisemitism
"More than 5,000 leaders, public figures sign letter rejecting ‘genocide’ accusation against Israel","“It’s an hour of crisis,” Deborah Lipstadt, former U.S. special envoy to monitor and combat antisemitism, told JNS. ""I think it’s a time when you have to try every avenue.”",https://www.jns.org/news/u-s-news/more-than-5-000-leaders-public-figures-sign-letter-rejecting-genocide-accusation-against-israel,JNS,Izzy Salant,2026-09-09T21:37:48,2026-09-09 22:59:49.542752,https://www.jns.org/news/u-s-news/more-than-5-000-leaders-public-figures-sign-letter-rejecting-genocide-accusation-against-israel
Britain’s attempt to isolate Israel illustrates its irrelevance,"The United Kingdom is mollifying the Corbynite antisemites that are Labor’s base, as well as showing that NATO and the “special relationship” with the United States are obsolete.",https://www.jns.org/opinion/column/jonathan-s-tobin/britains-attempt-to-isolate-israel-illustrates-its-irrelevance,JNS,Jonathan S. Tobin,2026-09-09T22:30:00,2026-09-09 22:59:49.542725,https://www.jns.org/opinion/column/jonathan-s-tobin/britains-attempt-to-isolate-israel-illustrates-its-irrelevance
The Definitive Look at Israel’s Wartime Decision-Makers,"As Israel stands on the cusp of an election and the U.S. enacts economic sanctions against Iran after military strikes failed to achieve a definitive victory, a newly released book serves as a must-read to understand the current moment. The post The Definitive Look at Israel&#8217;s Wartime Decision-Makers appeared first on Jewish Journal .",https://jewishjournal.com/culture/arts/books/392024/the-definitive-look-at-israels-wartime-decision-makers/,Jewish Journal,Rabbi Dr. Stuart Halpern,2026-09-09T22:01:17,2026-09-09 22:59:47.030444,https://jewishjournal.com/?p=392024
Jewish Parents Can’t Ignore What’s Being Taught in Schools,There is an important distinction between education and advocacy. We should insist that Jewish and Israeli voices are not silenced. The post Jewish Parents Can’t Ignore What’s Being Taught in Schools appeared first on Jewish Journal .,https://jewishjournal.com/commentary/opinion/392027/jewish-parents-cant-ignore-whats-being-taught-in-schools/,Jewish Journal,Shirin Yadegar,2026-09-09T22:05:05,2026-09-09 22:59:47.030410,https://jewishjournal.com/?p=392027
"Meet Gadi Eisenkot, the political novice who plays hardball — and who may unseat Benjamin Netanyahu","A year after he founded his Yashar! party, it is consistently leading in the polls. -- The post Meet Gadi Eisenkot, the political novice who plays hardball &#8212; and who may unseat Benjamin Netanyahu appeared first on Jewish Telegraphic Agency .",https://www.jta.org/2026/09/09/israel/meet-gadi-eisenkot-the-novice-who-plays-hardball-and-who-may-unseat-benjamin-netanyahu,JTA,Eliav Breuer,2026-09-09T20:21:33,2026-09-09 22:59:40.252735,https://www.jta.org/?p=1907852
Argentine court orders return of Nazi-looted painting to Jewish collector’s heir,"“Portrait of a Lady,” discovered on a Mar del Plata real estate listing, will be restituted to Marei von Saher, sole heir of Dutch Jewish art dealer Jacques Goudstikker. -- The post Argentine court orders return of Nazi-looted painting to Jewish collector’s heir appeared first on Jewish Telegraphic Agency .",https://www.jta.org/2026/09/09/global/argentine-court-orders-return-of-nazi-looted-painting-to-jewish-collectors-heir,JTA,Juan Melamed,2026-09-09T20:33:48,2026-09-09 22:59:40.252710,https://www.jta.org/?p=1907864
"NY police to beef up security for Jewish New Year, 9/11 anniversary","Mamdani said that Jewish New Yorkers' ""safety during these sacred days is of the utmost importance to our administration."" -- The post NY police to beef up security for Jewish New Year, 9/11 anniversary appeared first on Jewish Telegraphic Agency .",https://www.jta.org/2026/09/09/ny/ny-police-to-beef-up-security-for-jewish-new-year-9-11-anniversary,JTA,Joseph Strauss,2026-09-09T21:40:51,2026-09-09 22:59:40.252679,https://www.jta.org/?p=1907859
"UWS stabber sent antisemitic texts before attack, prosecutors say","Plus, Carnegie Deli is making its comeback next week. -- The post UWS stabber sent antisemitic texts before attack, prosecutors say appeared first on Jewish Telegraphic Agency .",https://www.jta.org/2026/09/09/ny/uws-stabber-sent-antisemitic-texts-before-attack-prosecutors-say,JTA,New York Jewish Week Staff,2026-09-09T22:00:57,2026-09-09 22:59:40.252648,https://www.jta.org/?p=1907875
"OU, JFNA and Prizmah launch national fund to facilitate tax breaks for day school tuition","A consortium of Jewish groups is launching a national fund to allow American taxpayers to take full advantage of a $1,700 tax rebate that will reduce private school tuition costs, the organizations announced on Wednesday. As part of President Donald Trump’s One Big Beautiful Bill Act, signed into law last July, Americans will be eligible... Read More The post OU, JFNA and Prizmah launch national fund to facilitate tax breaks for day school tuition appeared first on eJewishPhilanthropy .",https://ejewishphilanthropy.com/ou-jfna-and-prizmah-launch-national-fund-to-facilitate-tax-breaks-for-day-school-tuition/,eJewish Philanthropy,Jay Deitcher,2026-09-09T21:09:26,2026-09-09 22:59:37.801698,https://ejewishphilanthropy.com/?p=179889
OPINION | Newsom should back the rules that restored order to campus,"On Aug. 30, nine masked pro-Palestinian protesters entered a Cal Poly San Luis Obispo classroom where two wounded Israeli veterans were scheduled to speak. They chanted and held signs accusing [&#8230;]",https://jweekly.com/2026/09/09/newsom-should-stand-up-for-rules-that-restored-order-to-our-campuses/,J. Weekly,Tammi Rossman-Benjamin,2026-09-09T22:16:28,2026-09-09 22:59:35.353457,https://jweekly.com/?p=310852
Magnes displays secret portraits of 20th-century American icons,"For 25 years, Nancy Lee Katz worked on a secret project. The New York photographer wrote hundreds of letters by hand and sent them to cultural figures she admired: Supreme [&#8230;]",https://jweekly.com/2026/09/09/hidden-for-decades-a-photographers-tribute-to-her-idols-opens-at-magnes/,J. Weekly,Niva Ashkenazi,2026-09-09T22:20:44,2026-09-09 22:59:35.353427,https://jweekly.com/?p=310849
The U.K.'s sanctions on settlements matter. So do their limits,"After decades in which European governments denounced Israeli settlements while trading with the businesses that sustain them, an import ban establishes a meaningful principle. But it also preserves a distinction that has become impossible to defend",https://www.haaretz.com/israel-news/haaretz-today/2026-09-09/ty-article/.highlight/the-u-k-s-sanctions-on-settlements-matter-so-do-their-limits/000001a0-8740-d865-abbd-d7f0ed330000,Haaretz,Nagham Zbeedat,2026-09-09T17:59:10,2026-09-09 20:33:47.747785,https://www.haaretz.com/israel-news/haaretz-today/2026-09-09/ty-article/.highlight/the-u-k-s-sanctions-on-settlements-matter-so-do-their-limits/000001a0-8740-d865-abbd-d7f0ed330000
Earliest known drug use and its consequences discovered in Indonesia,"Hunter-gatherers on one of the country's giant islands were sucking whole betel nuts as much as 25,000 years ago, a new study finds. It did bad things",https://www.haaretz.com/archaeology/2026-09-09/ty-article-magazine/earliest-known-drug-use-and-its-consequences-discovered-in-indonesia/000001a0-86b7-d865-abbd-d7b7b7030000,Haaretz,Ruth Schuster,2026-09-09T18:02:35,2026-09-09 20:33:47.747755,https://www.haaretz.com/archaeology/2026-09-09/ty-article-magazine/earliest-known-drug-use-and-its-consequences-discovered-in-indonesia/000001a0-86b7-d865-abbd-d7b7b7030000
U.S. Jewish umbrella group condemns import ban on goods from Israeli settlements,"'Economic discrimination against Israelis will not bring Israelis and Palestinians closer to peace,' said a statement from the heads of a Jewish American umbrella group, urging the U.K., France and Canada to reverse recent measures",https://www.haaretz.com/jewish/2026-09-09/ty-article/.premium/u-s-jewish-umbrella-group-condemns-import-ban-on-goods-from-israeli-settlements/000001a0-8746-d219-a3ed-bfdeb58d0000,Haaretz,Haaretz,2026-09-09T18:12:38,2026-09-09 20:33:47.747727,https://www.haaretz.com/jewish/2026-09-09/ty-article/.premium/u-s-jewish-umbrella-group-condemns-import-ban-on-goods-from-israeli-settlements/000001a0-8746-d219-a3ed-bfdeb58d0000
Bones and tools found in bat cave in China reveal Denisovan culture for the first time,"Remains of Denisovans are found with their tools and food scraps, revealing the lifestyle of this enigmatic ancient human species",https://www.haaretz.com/archaeology/2026-09-09/ty-article-magazine/denisovan-culture-revealed-in-bat-cave-in-china/000001a0-80d8-d4e3-ada1-e6dd68f40000,Haaretz,Ruth Schuster,2026-09-09T18:35:46,2026-09-09 20:33:47.747696,https://www.haaretz.com/archaeology/2026-09-09/ty-article-magazine/denisovan-culture-revealed-in-bat-cave-in-china/000001a0-80d8-d4e3-ada1-e6dd68f40000
Trump: Iran war will end 'immediately' after the U.S. midterm election,,https://www.haaretz.com/us-news/2026-09-09/ty-article/.premium/trump-iran-war-will-end-immediately-after-the-u-s-midterm-election/000001a0-8776-d219-a3ed-bffe39d40000,Haaretz,Reuters,2026-09-09T18:43:00,2026-09-09 20:33:47.747666,https://www.haaretz.com/us-news/2026-09-09/ty-article/.premium/trump-iran-war-will-end-immediately-after-the-u-s-midterm-election/000001a0-8776-d219-a3ed-bffe39d40000
John Malkovich cancels Israel performance over quotes falsely attributed to him,"The actor was set to perform in Tel Aviv in April, but canceled after discovering a press release attributed quotes to him that he did not say, including that he felt 'strong closeness and solidarity' with Israel",https://www.haaretz.com/life/2026-09-09/ty-article/.premium/john-malkovich-cancels-israel-performance-over-quotes-falsely-attributed-to-him/000001a0-8719-d463-adf7-f79d79300000,Haaretz,Haaretz,2026-09-09T18:56:30,2026-09-09 20:33:47.747637,https://www.haaretz.com/life/2026-09-09/ty-article/.premium/john-malkovich-cancels-israel-performance-over-quotes-falsely-attributed-to-him/000001a0-8719-d463-adf7-f79d79300000
Eisenkot's Knesset party slate leaves Israel's anti-Netanyahu bloc concerned,"Yashar's slate features individuals from all backgrounds and walks of life, but with unclear political positions. 'The liberal camp needs leadership whose stance can be known in advance,' an opposition source says",https://www.haaretz.com/israel-news/elections/2026-09-09/ty-article/.premium/eisenkots-knesset-party-slate-leaves-israels-anti-netanyahu-bloc-concerned/000001a0-8759-dd51-a1b6-af59191d0000,Haaretz,Noa Shpigel,2026-09-09T19:19:50,2026-09-09 20:33:47.747604,https://www.haaretz.com/israel-news/elections/2026-09-09/ty-article/.premium/eisenkots-knesset-party-slate-leaves-israels-anti-netanyahu-bloc-concerned/000001a0-8759-dd51-a1b6-af59191d0000
What it's like raising kids in a village constantly attacked by violent settlers,"The Palestinian community of Al-Mughayyir has endured years of violence, intimidation and isolation. We continue to wake up every morning, send our children to school and dream of a better future – but urgent help is needed",https://www.haaretz.com/opinion/2026-09-09/ty-article-opinion/.premium/what-its-like-raising-kids-in-a-village-constantly-attacked-by-violent-settlers/000001a0-87b9-d9dc-a9a9-87ffda670000,Haaretz,Haroon Bishara,2026-09-09T20:07:26,2026-09-09 20:33:47.747568,https://www.haaretz.com/opinion/2026-09-09/ty-article-opinion/.premium/what-its-like-raising-kids-in-a-village-constantly-attacked-by-violent-settlers/000001a0-87b9-d9dc-a9a9-87ffda670000
"Britain’s ‘Reset’ Is an Admission, Not a Policy","David Lammy’s successor at the Foreign Office, Ed Miliband, announced what he called a “comprehensive reset” of Britain’s relationship with...",https://www.algemeiner.com/2026/09/09/britains-reset-is-an-admission-not-a-policy/,Algemeiner,Micha Danzig,2026-09-09T18:00:03,2026-09-09 20:33:42.783189,https://www.algemeiner.com/?p=779294
"A Rosh Hashanah Guide for the Perplexed, 2026","Rosh Hashanah, the Jewish New Year of 5787, will be launched at a timeof severe social polarization – underscoring personal accountability...",https://www.algemeiner.com/2026/09/09/a-rosh-hashanah-guide-for-the-perplexed-2026/,Algemeiner,Yoram Ettinger,2026-09-09T18:00:51,2026-09-09 20:33:42.783157,https://www.algemeiner.com/?p=779176
Turkey Set to Boost Diyanet Budget by Over 30% as Religious Agency Expands Influence Abroad,"Turkey&#8217;s government is expected to allocate almost $5 billion to its controversial Religious Affairs Directorate (Diyanet) next year, marking a...",https://www.algemeiner.com/2026/09/09/turkey-set-boost-diyanet-budget-over-30-percent-religious-agency-expands-influence-abroad/,Algemeiner,Ailin Vilches Arguello,2026-09-09T20:10:22,2026-09-09 20:33:42.783109,https://www.algemeiner.com/?p=779336
Iran and US Hit Tankers in Biggest Wave of Attacks on Shipping Since War Began,Iran said on Wednesday it had attacked 10 ships near the Strait of Hormuz after the US sank five Iranian oil...,https://www.algemeiner.com/2026/09/09/iran-us-hit-tankers-biggest-wave-attacks-shipping-since-war-began/,Algemeiner,Reuters and Algemeiner Staff,2026-09-09T20:21:06,2026-09-09 20:33:42.783079,https://www.algemeiner.com/?p=779345
Pakistan Warns Iran to Rein in Houthis as Riyadh Strikes Back,Pakistan has delivered a Saudi warning to Iran to rein in its Yemeni Houthi allies after they stepped up attacks on the...,https://www.algemeiner.com/2026/09/09/pakistan-warns-iran-rein-in-houthis-riyadh-strikes-back/,Algemeiner,Reuters and Algemeiner Staff,2026-09-09T20:29:00,2026-09-09 20:33:42.783046,https://www.algemeiner.com/?p=779348
Jewish DePaul student calls 300-day sentence for attacker a “tough pill to swallow”,"Max Long, who was assaulted alongside fellow Jewish student Michael Kaminsky in November 2024, told JNS that the attack and its aftermath have kept him from fully returning to campus.",https://www.jns.org/news/u-s-news/jewish-depaul-student-calls-300-day-sentence-for-attacker-a-tough-pill-to-swallow,JNS,Aaron Bandler,2026-09-09T18:14:49,2026-09-09 20:33:40.459328,https://www.jns.org/news/u-s-news/jewish-depaul-student-calls-300-day-sentence-for-attacker-a-tough-pill-to-swallow
Does anyone care about Palestinian jobs?,The governments banning products from Judea and Samaria are harming those they claim to help.,https://www.jns.org/opinion/duvi-honig/does-anyone-care-about-palestinian-jobs,JNS,Duvi Honig,2026-09-09T18:30:00,2026-09-09 20:33:40.459297,https://www.jns.org/opinion/duvi-honig/does-anyone-care-about-palestinian-jobs
"'Far from over,' UK Jewish leaders say of plans to ban trade with Judea and Samaria",Steve Winston of the National Jewish Assembly told JNS that potential legislation must now face proper parliamentary and legal scrutiny.,https://www.jns.org/news/world/far-from-over-uk-jewish-leaders-say-of-plans-to-ban-trade-with-judea-and-samaria,JNS,Jessica Russak-Hoffman,2026-09-09T18:46:00,2026-09-09 20:33:40.459272,https://www.jns.org/news/world/far-from-over-uk-jewish-leaders-say-of-plans-to-ban-trade-with-judea-and-samaria
"‘Complete fiction,’ Blinken says of ‘Haaretz’ report on Oct. 7 hostage offer","“For the record, this is false,” the former U.S. secretary of state wrote in response to a social media post about the article.",https://www.jns.org/news/u-s-news/complete-fiction-blinken-says-of-haaretz-report-on-oct-7-hostage-offer,JNS,Andrew Bernard,2026-09-09T19:02:53,2026-09-09 20:33:40.459243,https://www.jns.org/news/u-s-news/complete-fiction-blinken-says-of-haaretz-report-on-oct-7-hostage-offer
Israeli envoy launches UN task force to fight Jew-hatred including ‘right here within the walls’,Danny Danon told JNS that it’s a “team effort” to help bridge the gap between governments saying that they will protect Jews and actually acting to do so.,https://www.jns.org/news/world/israeli-envoy-launches-un-task-force-to-fight-jew-hatred-including-right-here-within-the-walls,JNS,Rebecca Szlechter,2026-09-09T19:20:25,2026-09-09 20:33:40.459212,https://www.jns.org/news/world/israeli-envoy-launches-un-task-force-to-fight-jew-hatred-including-right-here-within-the-walls
"University of Chicago tops FIRE free-speech ranking, NYU comes in last","Sean Stevens, author of the report, told JNS that the “Israeli-Palestinian conflict” has been the most difficult subject in the report for “three years running.”",https://www.jns.org/news/u-s-news/university-of-chicago-tops-fire-free-speech-ranking-nyu-comes-in-last,JNS,Rikki Zagelbaum,2026-09-09T19:44:44,2026-09-09 20:33:40.459170,https://www.jns.org/news/u-s-news/university-of-chicago-tops-fire-free-speech-ranking-nyu-comes-in-last
Sanctioning Israel rewards the new antisemitism,European politicians are once again turning hostility toward Israel into an easy source of political support—with Jews paying the price.,https://www.jns.org/opinion/column/fiamma-nirenstein/sanctioning-israel-rewards-the-new-antisemitism,JNS,Fiamma Nirenstein,2026-09-09T19:54:04,2026-09-09 20:33:40.459115,https://www.jns.org/opinion/column/fiamma-nirenstein/sanctioning-israel-rewards-the-new-antisemitism
"Police presence during High Holidays to be ‘higher this year’ than in previous years, Tisch says","The New York City Police Department said there are no specific credible threats to Jewish institutions but will increase deployments at synagogues, yeshivas and other sites citywide.",https://www.jns.org/news/u-s-news/police-presence-during-high-holidays-to-be-higher-this-year-than-in-previous-years-tisch-says,JNS,Rikki Zagelbaum,2026-09-09T19:57:33,2026-09-09 20:33:40.459086,https://www.jns.org/news/u-s-news/police-presence-during-high-holidays-to-be-higher-this-year-than-in-previous-years-tisch-says
Where did the post-9/11 war on terror go wrong?,"Given its hyperactive start, some observers probably predicted that by Sept. 11, 2026, the terrorist threat would be reduced to a few minor disturbances.",https://www.jns.org/opinion/joel-m-margolis/where-did-the-post-9-11-war-on-terror-go-wrong,JNS,Joel M. Margolis,2026-09-09T20:00:00,2026-09-09 20:33:40.459053,https://www.jns.org/opinion/joel-m-margolis/where-did-the-post-9-11-war-on-terror-go-wrong
“Non-negotiables” unveiled by progressive Jewish leaders as they push El-Sayed to stop throwing flames,"“We want to be part of the democratic process. We want to be safe. We want to work for a better America, and to be partners in all of that, we need to have our non-negotiables met,” Rabbi Michael Starr told JNS.",https://www.jns.org/news/u-s-news/non-negotiables-unveiled-by-progressive-jewish-leaders-as-they-push-el-sayed-to-stop-throwing-flames,JNS,Mike Wagenheim,2026-09-09T20:27:46,2026-09-09 20:33:40.459019,https://www.jns.org/news/u-s-news/non-negotiables-unveiled-by-progressive-jewish-leaders-as-they-push-el-sayed-to-stop-throwing-flames
For Whom the Siren Tolls,How best to handle the sirens this Sept. 11? The post For Whom the Siren Tolls appeared first on Jewish Journal .,https://jewishjournal.com/commentary/391987/for-whom-the-siren-tolls/,Jewish Journal,Michael Antonoff,2026-09-09T19:50:31,2026-09-09 20:33:37.960222,https://jewishjournal.com/?p=391987
"Inward, Upward, Outward","Every new year confronts us with a seminal question: What in our lives is worth repeating, and what needs to change? The post Inward, Upward, Outward appeared first on Jewish Journal .",https://jewishjournal.com/judaism/391990/inward-upward-outward/,Jewish Journal,Selwyn Gerber,2026-09-09T19:55:25,2026-09-09 20:33:37.960195,https://jewishjournal.com/?p=391990
The Universalism that Makes Room for Difference,"Judaism insists that there is something precious about belonging to a particular people, observing a particular tradition, and living within a particular covenant. But precisely because it does not require every human being to join that covenant, it can make room for difference. The post The Universalism that Makes Room for Difference appeared first on Jewish Journal .",https://jewishjournal.com/judaism/391995/the-universalism-that-makes-room-for-difference/,Jewish Journal,Rabbi David Wolpe,2026-09-09T19:59:12,2026-09-09 20:33:37.960163,https://jewishjournal.com/?p=391995
How Do People Change?,When does the Jewish calendar ask us to study human transformation? Rosh Hashanah — what we might call “the beginning of transformation.” The post How Do People Change? appeared first on Jewish Journal .,https://jewishjournal.com/judaism/392001/how-do-people-change/,Jewish Journal,Rabbi Mordecai Finley,2026-09-09T20:04:17,2026-09-09 20:33:37.960105,https://jewishjournal.com/?p=392001
Elevate Your Tzedakah on the High Holy Days,"While we may never fully know the spiritual outcome of our High Holiday prayers or the impact of our repentance, the tangible power of tzedakah is undeniable. Every dollar contributed leaves an imprint. The post Elevate Your Tzedakah on the High Holy Days appeared first on Jewish Journal .",https://jewishjournal.com/judaism/392005/elevate-your-tzedakah-on-the-high-holy-days/,Jewish Journal,Rabbi Aaron Lerner,2026-09-09T20:07:44,2026-09-09 20:33:37.960068,https://jewishjournal.com/?p=392005
The Case for Optimism,"If we change our focus, we can see the world differently, and do what Jews do well – make the world better. The post The Case for Optimism appeared first on Jewish Journal .",https://jewishjournal.com/commentary/opinion/392008/the-case-for-optimism/,Jewish Journal,Marcus J Freed,2026-09-09T20:11:23,2026-09-09 20:33:37.960022,https://jewishjournal.com/?p=392008
We’re losing control of AI. Is Judaism the key to keeping it from killing us?,"Editor&#8217;s note: This article was originally published on July 1, 2026. In light of recent events, we have updated it. AI researchers are sounding the alarm about their creation. This week, a researcher at Anthropic, the company behind Claude, quit. Jacob Coxon posted in a thread on X that he believes the company is &#8220;gambling... The post We&#8217;re losing control of AI. Is Judaism the key to keeping it from killing us? appeared first on The Forward .",https://forward.com/culture/835118/ai-alignment-rsi-talmud-torah-judaism-halakha/,The Forward,Mira Fox,2026-09-09T16:43:54,2026-09-09 20:33:33.651882,https://forward.com/?p=835118
Germany takes a step back to its Nazi past — and Donald Trump is cheering them on,"What a role reversal. Since the start of his second term as president, Donald Trump has looked like he’s been following the playbook of Adolf Hitler and other despots. But now Germany is becoming like Trump’s America. The Sunday election results in Saxony-Anhalt state were a victory not just for the Alternative for Germany, known... The post Germany takes a step back to its Nazi past — and Donald Trump is cheering them on appeared first on The Forward .",https://forward.com/opinion/849413/trump-afd-maga-make-germany-great-again-saxony-anhalt/,The Forward,Terrence Petty,2026-09-09T17:53:29,2026-09-09 20:33:33.651831,https://forward.com/?p=849413
"Meet Gadi Eizenkot, the novice who plays hardball — and who may unseat Benjamin Netanyahu","A year after he founded his Yashar! party, it is consistently leading in the polls. -- The post Meet Gadi Eizenkot, the novice who plays hardball &#8212; and who may unseat Benjamin Netanyahu appeared first on Jewish Telegraphic Agency .",https://www.jta.org/2026/09/09/israel/meet-gadi-eizenkot-the-novice-who-plays-hardball-and-who-may-unseat-benjamin-netanyahu,JTA,Eliav Breuer,2026-09-09T20:21:33,2026-09-09 20:33:31.259171,https://www.jta.org/?p=1907852
He photographed the defining image of 9/11 – and Jewish history for 50 years,"This story was originally published in the Forward. Click here to get the Forward&#8217;s free email newsletters delivered to your inbox. Robert Cumins stood on his ninth-floor balcony in Verona, [&#8230;]",https://jweekly.com/2026/09/09/he-photographed-the-defining-image-of-9-11-and-jewish-history-for-50-years/,J. Weekly,Benyamin Cohen,2026-09-09T17:43:56,2026-09-09 20:33:26.545029,https://jweekly.com/?p=310820
Poll: Two-thirds of U.S. Jewish voters will favor Dems in November,"(JTA) — Two-thirds of Jewish voters plan to vote for Democrats in the coming midterms, according to a poll published Wednesday, in a sign that roiling tensions in the party [&#8230;]",https://jweekly.com/2026/09/09/poll-shows-two-thirds-of-u-s-jewish-voters-will-favor-democrats-in-november/,J. Weekly,Ron Kampeas,2026-09-09T17:50:38,2026-09-09 20:33:26.544994,https://jweekly.com/?p=310829
He spent 19 years on death row. His conversion to Judaism helped him endure,"This story was originally published by CalMatters. Sign up for their newsletters. Johnny Morales struggled to find sleep. He dozed off for a few moments, but officers came to his [&#8230;]",https://jweekly.com/2026/09/09/he-spent-19-years-on-death-row-his-conversion-to-judaism-helped-him-endure/,J. Weekly,Joe Garcia,2026-09-09T18:02:29,2026-09-09 20:33:26.544951,https://jweekly.com/?p=310832
"After two years of secrecy, Covenant reveals its cruise missile","Two years after being founded in secrecy, U.S.-based Covenant, which has major operations in Israel, has gone public with $250 million in funding. Its missiles are designed as a low-cost alternative to weapons such as the U.S. Tomahawk",https://www.haaretz.com/israel-news/israel-security/2026-09-09/ty-article/.premium/after-two-years-of-secrecy-covenant-reveals-its-cruise-missile/000001a0-85a0-dcc5-a3b9-dfe947810000,Haaretz,Sagi Cohen,2026-09-09T11:19:12,2026-09-09 17:38:07.667192,https://www.haaretz.com/israel-news/israel-security/2026-09-09/ty-article/.premium/after-two-years-of-secrecy-covenant-reveals-its-cruise-missile/000001a0-85a0-dcc5-a3b9-dfe947810000
"British sanctions on settlements: a stunt for Burnham, a gift to Ben-Gvir","While banning couscous from Israeli settlements at Tesco may mostly be for domestic consumption, the impact it will have on Israeli politics must be understood ahead of the October 27 election",https://www.haaretz.com/opinion/2026-09-09/ty-article-opinion/.premium/british-sanctions-on-settlements-a-stunt-for-burnham-a-gift-to-ben-gvir/000001a0-8684-d9dc-a9a9-86c6d0e00000,Haaretz,Sara Yael Hirschhorn,2026-09-09T14:28:57,2026-09-09 17:38:07.667154,https://www.haaretz.com/opinion/2026-09-09/ty-article-opinion/.premium/british-sanctions-on-settlements-a-stunt-for-burnham-a-gift-to-ben-gvir/000001a0-8684-d9dc-a9a9-86c6d0e00000
"Scope of U.K. settlement trade ban will depend on next Israeli government, senior British source says","Britain's measures against Israeli settlements may include exemptions, while their scope will depend on Israel's actions, a senior U.K. official said. Britain can no longer sell offensive weapons to Israel after ruling the occupation illegal, he said",https://www.haaretz.com/world-news/europe/2026-09-09/ty-article/.premium/uk-settlement-ban-scope-depends-on-next-israeli-govts-actions-source-says/000001a0-8614-dd7e-abb2-9f3d2f1c0000,Haaretz,Liza Rozovsky,2026-09-09T14:37:47,2026-09-09 17:38:07.667126,https://www.haaretz.com/world-news/europe/2026-09-09/ty-article/.premium/uk-settlement-ban-scope-depends-on-next-israeli-govts-actions-source-says/000001a0-8614-dd7e-abb2-9f3d2f1c0000
"Whose 'betrayal'? Netanyahu projects his flaws on others, and Israeli voters must act accordingly","It wasn't the security chiefs who brought October 7 on us but Benjamin Netanyahu, who didn't alert them about what he knew and committed Israel's worst criminal negligence ever",https://www.haaretz.com/opinion/2026-09-09/ty-article-opinion/.premium/whose-betrayal-netanyahu-projects-his-flaws-on-others/000001a0-85e7-d3bd-adf3-95e73d040000,Haaretz,Ehud Barak,2026-09-09T14:41:44,2026-09-09 17:38:07.667095,https://www.haaretz.com/opinion/2026-09-09/ty-article-opinion/.premium/whose-betrayal-netanyahu-projects-his-flaws-on-others/000001a0-85e7-d3bd-adf3-95e73d040000
What went wrong with the $6 billion Anthropic-Decart deal?,Industry sources have questioned Anthropic's proposed $6 billion acquisition of Israeli startup Decart. Sources close to the company said that the deal fell apart over plans to move most operations and staff abroad,https://www.haaretz.com/israel-news/2026-09-09/ty-article/.premium/what-went-wrong-with-the-6-billion-anthropic-decart-deal/000001a0-8532-d6f4-a3fc-b7762ca30000,Haaretz,Sagi Cohen,2026-09-09T15:20:39,2026-09-09 17:38:07.667067,https://www.haaretz.com/israel-news/2026-09-09/ty-article/.premium/what-went-wrong-with-the-6-billion-anthropic-decart-deal/000001a0-8532-d6f4-a3fc-b7762ca30000
Report: Surge in construction at suspected Iranian nuclear site Pickaxe Mountain,"President Trump threatened last week that he 'may hit Pickaxe very soon.' However, experts doubt whether the U.S. has the capabilities to penetrate the underground facility",https://www.haaretz.com/middle-east-news/2026-09-09/ty-article/.premium/report-surge-in-construction-at-suspected-iranian-nuclear-site-pickaxe-mountain/000001a0-863c-d9a4-a3a7-9f7efdf20000,Haaretz,Haaretz,2026-09-09T15:33:11,2026-09-09 17:38:07.667039,https://www.haaretz.com/middle-east-news/2026-09-09/ty-article/.premium/report-surge-in-construction-at-suspected-iranian-nuclear-site-pickaxe-mountain/000001a0-863c-d9a4-a3a7-9f7efdf20000
"Visiting a mountain peak in south Syria, Netanyahu vows no 'terror army' on Israel's border","'We will not allow any terror army to establish itself on our border,' the prime minister said on Mount Hermon's summit in southern Syria. On Iran, Netanyahu said Israel was ""very close"" to defeating the regime",https://www.haaretz.com/middle-east-news/syria/2026-09-09/ty-article/.premium/in-southern-syria-netanyahu-vows-to-prevent-terror-army-on-israels-border/000001a0-86c2-d532-a9ba-86cef9730000,Haaretz,Yaniv Kubovich,2026-09-09T15:56:54,2026-09-09 17:38:07.667011,https://www.haaretz.com/middle-east-news/syria/2026-09-09/ty-article/.premium/in-southern-syria-netanyahu-vows-to-prevent-terror-army-on-israels-border/000001a0-86c2-d532-a9ba-86cef9730000
"Ben-Gvir's party petitions to ban Arab Israeli party, citing support for terror","In the petition filed by attorney Ze'ev Wolf, who was convicted of murdering a Palestinian, it was claimed that the United Arab List denies Israel's existence as a Jewish and democratic state",https://www.haaretz.com/israel-news/elections/2026-09-09/ty-article/.premium/ben-gvirs-party-petitions-to-ban-arab-israeli-party-citing-support-for-terror/000001a0-869f-dccd-abfb-ae9ff5a40000,Haaretz,Jonathan Lis,2026-09-09T17:02:55,2026-09-09 17:38:07.666974,https://www.haaretz.com/israel-news/elections/2026-09-09/ty-article/.premium/ben-gvirs-party-petitions-to-ban-arab-israeli-party-citing-support-for-terror/000001a0-869f-dccd-abfb-ae9ff5a40000
"Can Socialism Win Without Palestine? - In LA, mayoral candidate Nithya Raman needs DSA’s muscle. Will the group come out in force?",,https://jewishcurrents.org/can-socialism-win-without-palestine,Jewish Currents,Will Alden,2026-09-08T21:19:00,2026-09-09 17:38:05.142305,https://jewishcurrents.org/can-socialism-win-without-palestine
"This Is My Father - ""Was this fear of 'the danger' meant to distract them from the pain eating at their souls?""",,https://jewishcurrents.org/this-is-my-father,Jewish Currents,Sami Michael,2026-09-09T13:00:00,2026-09-09 17:38:05.142264,https://jewishcurrents.org/this-is-my-father
"What if the Palestinians Don’t Want Two States, Mr. Miliband?",Britain&#8217;s Foreign Secretary Edward Miliband told the House of Commons on Tuesday that securing a two-state solution to the Israeli-Palestinian...,https://www.algemeiner.com/2026/09/09/what-if-palestinians-dont-want-two-states-mr-miliband/,Algemeiner,Jonathan Sacerdoti,2026-09-09T16:42:25,2026-09-09 17:38:02.941586,https://www.algemeiner.com/?p=779313
"Ahead of Rosh Hashanah, Israel’s Population Surges Past 10.3 Million","Israel&#8217;s population has climbed to more than 10.3 million people ahead of Rosh Hashanah, according to new figures released by...",https://www.algemeiner.com/2026/09/09/ahead-of-rosh-hashanah-israels-population-surges-past-10-3-million/,Algemeiner,Gabriel Ostrovsky,2026-09-09T16:48:37,2026-09-09 17:38:02.941559,https://www.algemeiner.com/?p=779321
"Acts Pull Out of Portuguese Comedy Festival Over Jerry Seinfeld’s Inclusion, Support for Israel",Several acts have withdrawn their participation in an upcoming comedy festival in Portugal headlined by Jerry Seinfeld because of the...,https://www.algemeiner.com/2026/09/09/acts-pull-out-portuguese-comedy-festival-jerry-seinfelds-inclusion-support-israel/,Algemeiner,Shiryn Ghermezian,2026-09-09T17:11:04,2026-09-09 17:38:02.941531,https://www.algemeiner.com/?p=779308
How Israel Used Its Failures in the 2006 War to Effectively Fight Hezbollah After Oct. 7,"In the last three years, Israel has routed Iran’s Axis of Resistance. The Israeli Defense Forces (IDF) killed much of...",https://www.algemeiner.com/2026/09/09/how-israel-used-its-failures-2006-war-effectively-fight-hezbollah-oct-7/,Algemeiner,Anthony Celso,2026-09-09T17:21:16,2026-09-09 17:38:02.941498,https://www.algemeiner.com/?p=779304
Approaching Three Years Since 10/7/23: Antisemitism on Campus Now,"Recently, on a layover back from Israel, I walked the streets of Königsbach, Germany, the town where my grandfather grew...",https://www.algemeiner.com/2026/09/09/approaching-three-years-since-10-7-23-antisemitism-on-campus-now/,Algemeiner,Jon Falk,2026-09-09T17:22:58,2026-09-09 17:38:02.941459,https://www.algemeiner.com/?p=779292
Zionism won. Debate over.,"Instead of flagellating ourselves, let us bask in the glory of our accomplishments.",https://www.jns.org/opinion/column/mitchell-bard/zionism-won-debate-over,JNS,Mitchell Bard,2026-09-09T13:00:00,2026-09-09 17:38:00.689033,https://www.jns.org/opinion/column/mitchell-bard/zionism-won-debate-over
Macklemore did it twice,"There will be a statement about love and dignity, the tour will roll into Philadelphia, and by November, this will be a footnote.",https://www.jns.org/opinion/joseph-milstein/macklemore-did-it-twice,JNS,Joseph Milstein,2026-09-09T15:00:00,2026-09-09 17:38:00.689002,https://www.jns.org/opinion/joseph-milstein/macklemore-did-it-twice
New Hampshire Dems with AIPAC backing easily win primaries against far-left candidates,"“I think that the progressive insurgency, which was based on younger voters, didn’t materialize,” Andrew Smith, director of the University of New Hampshire Survey Center, told JNS.",https://www.jns.org/news/u-s-news/new-hampshire-dems-with-aipac-backing-easily-win-primaries-against-far-left-candidates,JNS,Jonathan D. Salant,2026-09-09T15:08:33,2026-09-09 17:38:00.688975,https://www.jns.org/news/u-s-news/new-hampshire-dems-with-aipac-backing-easily-win-primaries-against-far-left-candidates
"Even as Democrats nominate anti-Israel candidates, poll suggests 67% of Jewish voters plan to cast ballots for Dems in November","“Democracy, the cost-of-living and a deep hostility toward Donald Trump are driving the Jewish vote,” said Jim Gerstein, principal at GBAO Strategies, which conducted the poll.",https://www.jns.org/news/u-s-news/even-as-democrats-nominate-anti-israel-candidates-poll-suggests-67-of-jewish-voters-plan-to-cast-ballots-for-dems-in-november,JNS,Jonathan D. Salant,2026-09-09T15:34:39,2026-09-09 17:38:00.688943,https://www.jns.org/news/u-s-news/even-as-democrats-nominate-anti-israel-candidates-poll-suggests-67-of-jewish-voters-plan-to-cast-ballots-for-dems-in-november
"Stefanik, Gottheimer announced bipartisan congressional caucus to tackle Jew-hatred on campus","“Since Oct. 7, Jewish students on too many campuses have been harassed, intimidated and made to feel like strangers in their own school,” Rep. Josh Gottheimer stated.",https://www.jns.org/news/u-s-news/stefanik-gottheimer-announced-bipartisan-congressional-caucus-to-tackle-jew-hatred-on-campus,JNS,JNS Staff,2026-09-09T16:18:35,2026-09-09 17:38:00.688907,https://www.jns.org/news/u-s-news/stefanik-gottheimer-announced-bipartisan-congressional-caucus-to-tackle-jew-hatred-on-campus
"After AfD wins Saxony-Anhalt, every possible government fails Jewish voters","Turnout hit a record 77.8%, in part due to a protest vote against Berlin.",https://www.jns.org/opinion/brian-mcdonald/after-afd-won-saxony-anhalt-every-possible-government-fails-jewish-voters,JNS,Brian McDonald,2026-09-09T17:00:00,2026-09-09 17:38:00.688861,https://www.jns.org/opinion/brian-mcdonald/after-afd-won-saxony-anhalt-every-possible-government-fails-jewish-voters
Poll shows two-thirds of U.S. Jewish voters will favor Democrats in November,"(JTA) — Two-thirds of Jewish voters plan to vote for Democrats in the coming midterms, according to a poll published Wednesday, in a sign that roiling tensions in the party over Israel have barely budged its status as the political home favored by a substantial majority of Jews. The poll by the Jewish Voters Research... The post Poll shows two-thirds of U.S. Jewish voters will favor Democrats in November appeared first on The Forward .",https://forward.com/fast-forward/849293/poll-shows-two-thirds-of-u-s-jewish-voters-will-favor-democrats-in-november/,The Forward,Ron Kampeas,2026-09-09T14:41:45,2026-09-09 17:37:53.981698,https://forward.com/?p=849293
The measles outbreak and the skepticism about vaccines,"אַ פּאַציִענט מײַנער אין מײַן קליניק האָט מיר געװיזן אַ בילד פֿון אַ פּלימעניק מיט אַ מאָדנעם אױסשיט. „קען דאָס זײַן מאָזלען?“ האָט ער געפֿרעגט, אומבאַרויִקט. מיט פֿינף יאָר צוריק, מיט צװײ יאָר צוריק, װאָלט איך אים געזאָגט אַז דאָס איז שיִער נישט אוממעגלעך. הײַנט אָבער לײענט מען קאָשמאַרן װעגן קינדער װאָס שטאַרבן אַװעק פֿון... The post The measles outbreak and the skepticism about vaccines appeared first on The Forward .",https://forward.com/yiddish/849287/the-measles-outbreak-and-the-skepticism-about-vaccines/,The Forward,שלום בערגער,2026-09-09T15:18:59,2026-09-09 17:37:53.981648,https://forward.com/?p=849287
"For Orthodox women, or those who find men in yoga studios ‘gross,’ a refuge in Brooklyn","It’s Friday morning in Hasidic Crown Heights, just two blocks away from the Chabad-Lubavitch World Headquarters, and we are doing cat-cows. In cat pose, I hunch my back and pull my chin to my chest, letting gravity pull my ponytail to the ground. In cow, I pull my shoulders back, look up, and scan the... The post For Orthodox women, or those who find men in yoga studios &#8216;gross,&#8217; a refuge in Brooklyn appeared first on The Forward .",https://forward.com/culture/848606/orthodox-yoga-studio-vessel-women-only-hasidic-brooklyn/,The Forward,Lauren Hakimi,2026-09-09T15:35:12,2026-09-09 17:37:53.981592,https://forward.com/?p=848606
Poll shows two-thirds of U.S. Jewish voters will favor Democrats in November,"Despite tensions over Israel and rising antisemitism, respondents ranked affordability and the future of democracy as their top issues in the midterms. -- The post Poll shows two-thirds of U.S. Jewish voters will favor Democrats in November appeared first on Jewish Telegraphic Agency .",https://www.jta.org/2026/09/09/politics/poll-shows-two-thirds-of-u-s-jewish-voters-will-favor-democrats-in-november,JTA,Ron Kampeas,2026-09-09T14:12:03,2026-09-09 17:37:51.530323,https://www.jta.org/?p=1907752
The Jewish world before Sept. 11 — and the world it became,"The stories Jewish Americans were following on the eve of the attacks foreshadowed some of the conflicts, anxieties and hopes that would shape the next quarter-century. -- The post The Jewish world before Sept. 11 — and the world it became appeared first on Jewish Telegraphic Agency .",https://www.jta.org/2026/09/09/united-states/the-jewish-world-before-sept-11-and-the-world-it-became,JTA,Andrew Silow-Carroll,2026-09-09T17:21:32,2026-09-09 17:37:51.530277,https://www.jta.org/?p=1907833
Your Daily Phil: How British sanctions could affect Israeli nonprofits,The post Your Daily Phil: How British sanctions could affect Israeli nonprofits appeared first on eJewishPhilanthropy .,https://ejewishphilanthropy.com/your-daily-phil-how-british-sanctions-could-affect-israeli-nonprofits/,eJewish Philanthropy,EJP,2026-09-09T15:14:43,2026-09-09 17:37:49.302508,https://ejewishphilanthropy.com/?p=179882
Trump congratulates far-right AfD on landslide win: 'Make Germany Great Again!',"The U.S. president hailed the AfD's historic gains in Saxony-Anhalt with 'Make Germany Great Again,' in his clearest endorsement yet of a party accused of antisemitism and Holocaust distortion",https://www.haaretz.com/world-news/europe/2026-09-09/ty-article/.premium/trump-congratulates-afd-make-germany-great-again/000001a0-854e-d148-afbd-f76f073b0000,Haaretz,Haaretz,2026-09-09T08:55:03,2026-09-09 13:29:12.396867,https://www.haaretz.com/world-news/europe/2026-09-09/ty-article/.premium/trump-congratulates-afd-make-germany-great-again/000001a0-854e-d148-afbd-f76f073b0000
"Iran targets U.S. base, ships in overnight barrage as escalation intensifies","Jordan said it intercepted 18 of 20 Iranian missiles and reported no casualties, while Tehran's latest attacks followed U.S. strikes that destroyed five Iranian oil tankers",https://www.haaretz.com/middle-east-news/2026-09-09/ty-article/iran-targets-u-s-base-ships-in-overnight-barrage-as-escalation-intensifies/000001a0-84e7-d148-afbd-f6e79d440000,Haaretz,Reuters,2026-09-09T09:50:46,2026-09-09 13:29:12.396839,https://www.haaretz.com/middle-east-news/2026-09-09/ty-article/iran-targets-u-s-base-ships-in-overnight-barrage-as-escalation-intensifies/000001a0-84e7-d148-afbd-f6e79d440000
"Vance struggles to win Republican Jewish support despite outreach efforts, new poll shows",U.S. Vice President Vance was viewed favorably by just 14 percent of Jewish voters – below President Trump's 22 percent – while 67 percent backed or leaned Democratic in a congressional generic ballot,https://www.haaretz.com/us-news/2026-09-09/ty-article/.premium/new-poll-vance-struggles-to-win-gop-jewish-support-despite-outreach-efforts/000001a0-8538-d3bd-adf3-95b9f5e00000,Haaretz,Arno Rosenfeld,2026-09-09T10:01:16,2026-09-09 13:29:12.396811,https://www.haaretz.com/us-news/2026-09-09/ty-article/.premium/new-poll-vance-struggles-to-win-gop-jewish-support-despite-outreach-efforts/000001a0-8538-d3bd-adf3-95b9f5e00000
Several European states clarify settlement trade restrictions depend on EU action,"Diplomats from Sweden, Denmark and Finland clarified that their countries do not currently plan unilateral trade restrictions, after an ambiguously worded 12-country statement appeared to suggest broader national action",https://www.haaretz.com/israel-news/israel-security/2026-09-09/ty-article/.premium/several-european-countries-say-settlement-trade-restrictions-hinge-on-eu-action/000001a0-8590-d487-adea-9fd168820000,Haaretz,Liza Rozovsky,2026-09-09T10:13:09,2026-09-09 13:29:12.396777,https://www.haaretz.com/israel-news/israel-security/2026-09-09/ty-article/.premium/several-european-countries-say-settlement-trade-restrictions-hinge-on-eu-action/000001a0-8590-d487-adea-9fd168820000
Israel's response to U.K. settlement sanctions is a media-hyped nothingburger,Israel has responded to the most serious sanctions it has faced in decades with a weak set of punitive measures. What does this tell us about its ability to counter more sanctions in the future?,https://www.haaretz.com/opinion/2026-09-09/ty-article-opinion/.premium/israels-response-to-u-k-settlement-sanctions-is-a-media-hyped-nothingburger/000001a0-8570-d148-afbd-f77191b80000,Haaretz,Alex Stein,2026-09-09T10:19:10,2026-09-09 13:29:12.396748,https://www.haaretz.com/opinion/2026-09-09/ty-article-opinion/.premium/israels-response-to-u-k-settlement-sanctions-is-a-media-hyped-nothingburger/000001a0-8570-d148-afbd-f77191b80000
Covenant emerges from stealth with $250 million in funding and plans for low-cost cruise missiles,"Two years after being founded in secrecy, U.S.-based Covenant, which has major operations in Israel, has gone public with details of its activities. Its missiles are designed as a low-cost alternative to weapons such as the U.S. Tomahawk",https://www.haaretz.com/israel-news/israel-security/2026-09-09/ty-article/.premium/covenant-emerges-from-stealth-with-plans-for-low-cost-cruise-missiles/000001a0-85a0-dcc5-a3b9-dfe947810000,Haaretz,Sagi Cohen,2026-09-09T11:19:12,2026-09-09 13:29:12.396719,https://www.haaretz.com/israel-news/israel-security/2026-09-09/ty-article/.premium/covenant-emerges-from-stealth-with-plans-for-low-cost-cruise-missiles/000001a0-85a0-dcc5-a3b9-dfe947810000
Israel's High Court weighs legality of voter-tracking apps ahead of election,"Likud argued that overturning the Elections Committee's approval would cause a 'constitutional disaster,' while justices questioned whether the apps violate voters' privacy",https://www.haaretz.com/israel-news/elections/2026-09-09/ty-article/.premium/israels-high-court-weighs-legality-of-voter-tracking-apps-ahead-of-election/000001a0-8515-d705-adfa-a5fdabab0000,Haaretz,Chen Maanit,2026-09-09T11:21:17,2026-09-09 13:29:12.396687,https://www.haaretz.com/israel-news/elections/2026-09-09/ty-article/.premium/israels-high-court-weighs-legality-of-voter-tracking-apps-ahead-of-election/000001a0-8515-d705-adfa-a5fdabab0000
"57,000 Israelis have left the country since last Rosh Hashanah","Fewer Israelis emigrated than the previous year, but the migration balance remained negative. Population growth remains among the highest in the Western world, though below levels seen before October 7",https://www.haaretz.com/israel-news/travel/2026-09-09/ty-article/.premium/57-000-israelis-have-left-the-country-since-last-rosh-hashanah/000001a0-85c6-deb6-a5b9-8df615600000,Haaretz,Ofer Aderet,2026-09-09T12:25:28,2026-09-09 13:29:12.396658,https://www.haaretz.com/israel-news/travel/2026-09-09/ty-article/.premium/57-000-israelis-have-left-the-country-since-last-rosh-hashanah/000001a0-85c6-deb6-a5b9-8df615600000
Israel's algae crisis: Is 'war dust' from Gaza fueling the crisis?,"An algal bloom has exposed the risks of Israel's reliance on desalination. Protecting natural water reserves is essential, while one researcher suspects dust from Gaza's destruction helped the bloom",https://www.haaretz.com/science-and-health/nature-environment/2026-09-09/ty-article-magazine/.premium/israels-algae-crisis-is-war-dust-from-gaza-fueling-the-crisis/000001a0-85fe-d148-afbd-f7ffb43a0000,Haaretz,Zafrir Rinat,2026-09-09T12:34:55,2026-09-09 13:29:12.396623,https://www.haaretz.com/science-and-health/nature-environment/2026-09-09/ty-article-magazine/.premium/israels-algae-crisis-is-war-dust-from-gaza-fueling-the-crisis/000001a0-85fe-d148-afbd-f7ffb43a0000
"IDF to launch new branch dedicated to AI, unmanned systems","“This is a once-in-a-generation transformation and the IDF intends to be a global leader in it,” said IDF Chief of Staff Lt. Gen. Eyal Zamir.",https://www.jns.org/news/israel-news/idf-to-launch-new-branch-dedicated-to-ai-unmanned-systems,JNS,JNS Staff,2026-09-09T08:49:08,2026-09-09 13:29:05.607839,https://www.jns.org/news/israel-news/idf-to-launch-new-branch-dedicated-to-ai-unmanned-systems
"Twenty-five years after 9/11, America’s war on terror is not over","Its modern political history can be traced to the revolutionary upheaval of 1979, and its unfinished center remains the system created in Tehran.",https://www.jns.org/opinion/erfan-fard/twenty-five-years-after-9-11-americas-war-on-terror-is-not-over,JNS,Erfan Fard,2026-09-09T09:00:00,2026-09-09 13:29:05.607810,https://www.jns.org/opinion/erfan-fard/twenty-five-years-after-9-11-americas-war-on-terror-is-not-over
Smotrich-Feiglin alliance submits final list for Oct. 27 vote,"New faces on the Religious Zionism Party slate include Eitan Mor, father of a released hostage, and Reut Ben Haim, leader of an NGO that blocked supplies into Gaza.",https://www.jns.org/news/israel-news/smotrich-feiglin-alliance-submits-final-list-for-oct-27-vote,JNS,JNS Staff,2026-09-09T10:05:19,2026-09-09 13:29:05.607782,https://www.jns.org/news/israel-news/smotrich-feiglin-alliance-submits-final-list-for-oct-27-vote
Why Russia and China are keeping Iran’s regime alive,"Welcome to “Axis of Truth,” a fearless JNS series hosted by Emily Schrader—renowned journalist, human-rights activist and outspoken critic of authoritarian regimes. Each week, Schrader cuts through spin and censorship to uncover the political agendas, media manipulation and propaganda shaping Israel news and the broader Middle East. From Tehran to Tel Aviv and Washington to Damascus, “Axis of Truth” confronts the narratives driving conflict, misinformation and moral confusion in global coverage of Israel. Whether dissecting the Iranian regime’s election theater, Hamas’s tactics or the Western media’s distortion of Jewish self-defense, Schrader brings clarity and courage to stories too often clouded by ideology. Featuring in-depth interviews with dissidents, security experts, political leaders and journalists, Axis of Truth delivers hard-hitting analysis and unfiltered commentary on the issues that define the Middle East today. Episodes range from exclusive reporting on Gaza and Iran to exposés of Western hypocrisy, social media disinformation and the global networks enabling terror. With a sharp focus on facts, context and accountability, Schrader challenges both policymakers and the press to tell the truth about Israel’s fight for survival and the threats facing free societies. See more at: @JNS_TV and subscribe to our YouTube channel.",https://www.jns.org/jns-tv/axis-of-truth/why-russia-and-china-are-keeping-irans-regime-alive,JNS,Emily Schrader,2026-09-09T10:23:38,2026-09-09 13:29:05.607753,https://www.jns.org/jns-tv/axis-of-truth/why-russia-and-china-are-keeping-irans-regime-alive
Herzog’s Voice of the People opens cohort application window,"Organizers are seeking 150 participants from Israel, North America and across the Diaspora to address key challenges facing the Jewish people.",https://www.jns.org/news/israel-news/herzogs-voice-of-the-people-opens-cohort-application-window,JNS,JNS Staff,2026-09-09T10:28:46,2026-09-09 13:29:05.607666,https://www.jns.org/news/israel-news/herzogs-voice-of-the-people-opens-cohort-application-window
Israel gives British Consulate in eastern Jerusalem 30 days to close,"U.K. officials attached to missions in Kiryat Gat and Ramallah were told to halt their operations immediately, an Israeli source told JNS.",https://www.jns.org/news/israel-news/israel-gives-british-consulate-in-eastern-jerusalem-30-days-to-close,JNS,Akiva Van Koningsveld,2026-09-09T10:29:43,2026-09-09 13:29:05.607639,https://www.jns.org/news/israel-news/israel-gives-british-consulate-in-eastern-jerusalem-30-days-to-close
From Durban to Cape Town: The perversion of the honorary doctorate,"Institutions lend their seals, and that is the point: Such awards recognize politics, conscripting the university’s name and its struggle credentials into it.",https://www.jns.org/opinion/joshua-schewitz/from-durban-to-cape-town-the-perversion-of-the-honorary-doctorate,JNS,Joshua Schewitz,2026-09-09T10:30:00,2026-09-09 13:29:05.607612,https://www.jns.org/opinion/joshua-schewitz/from-durban-to-cape-town-the-perversion-of-the-honorary-doctorate
Netanyahu to sue ‘Haaretz’ over claim UAE warned him prior to Oct. 7,"The Israeli premier dubbed the report a “malicious fabrication,” saying that no conversation was held with his Emirati counterpart in the period before the Oct. 7, 2023, massacre.",https://www.jns.org/news/israel-news/netanyahu-to-sue-haaretz-over-claim-uae-warned-him-prior-to-oct-7,JNS,JNS Staff,2026-09-09T10:34:38,2026-09-09 13:29:05.607582,https://www.jns.org/news/israel-news/netanyahu-to-sue-haaretz-over-claim-uae-warned-him-prior-to-oct-7
"Western Europe ‘on the decline’ amid moral bankruptcy, says director-general of Israel's FM",The unusually blunt remarks came just a day before a fierce diplomatic row erupted with the United Kingdom over its imposition of sanctions against Israel.,https://www.jns.org/news/israel-news/western-europe-on-the-decline-amid-moral-bankruptcy-says-director-general-of-israels-fm,JNS,Etgar Lefkovits,2026-09-09T10:47:28,2026-09-09 13:29:05.607550,https://www.jns.org/news/israel-news/western-europe-on-the-decline-amid-moral-bankruptcy-says-director-general-of-israels-fm
Gazan activist condemns Hamas and exposes the Western left,"“The Quad” is a dynamic weekly panel show hosted by Fleur Hassan-Nahoum, Israel’s innovation envoy and former deputy mayor of Jerusalem. The series brings together a powerhouse lineup of bold, insightful women to tackle the most pressing stories from Israel, the Middle East and the Jewish world. With Fleur at the helm, “The Quad” features regular co-hosts, including Shoshana Keats-Jaskel, founder of Chochmat Nashim; journalist and human-rights activist Emily Schrader and other leading voices shaping conversation and change. Through sharp analysis, diverse perspectives and unapologetic commentary, “The Quad” confronts the complex political, cultural and social challenges facing Israel and the Jewish people. Each episode cuts through noise and narrative spin to deliver insight and debate, and to empower female perspectives on issues that define our time. Bold, informed and refreshingly authentic, “The Quad” redefines how Israel and the Middle East are discussed, one conversation at a time. See more at: @JNS_TV and subscribe to our YouTube channel.",https://www.jns.org/jns-tv/the-quad/gazan-activist-condemns-hamas-and-exposes-the-western-left,JNS,Emily Schrader,2026-09-09T10:56:19,2026-09-09 13:29:05.607519,https://www.jns.org/jns-tv/the-quad/gazan-activist-condemns-hamas-and-exposes-the-western-left
"In Italy, hundreds protest bill to ban antisemitic rallies",Demonstration organizers argue that the bill's reliance on the IHRA definition of antisemitism would limit free speech.,https://www.jns.org/news/world/in-italy-hundreds-protest-bill-to-ban-antisemitic-rallies,JNS,Canaan Lidor,2026-09-09T11:38:42,2026-09-09 13:29:05.607437,https://www.jns.org/news/world/in-italy-hundreds-protest-bill-to-ban-antisemitic-rallies
NYC seeks help finding men suspected of two incidents it's probing as anti-Jewish hate crimes,One man is accused of writing anti-Jewish things and drawing a Nazi swastika at a bus stop and another of slapping a victim’s Jewish head covering off.,https://www.jns.org/news/u-s-news/nyc-seeks-help-finding-men-suspected-of-two-incidents-its-probing-as-anti-jewish-hate-crimes,JNS,Menachem Wecker,2026-09-09T13:13:43,2026-09-09 13:29:05.607409,https://www.jns.org/news/u-s-news/nyc-seeks-help-finding-men-suspected-of-two-incidents-its-probing-as-anti-jewish-hate-crimes
"Families of 9/11 victims deliver 100,000-signature petition urging Mamdani to skip ceremony","New York Gov. Kathy Hochul disagreed with the petitioners, stating, ""The mayor of New York City will be there, as he should be.""",https://www.jns.org/news/u-s-news/families-of-9-11-victims-deliver-100-000-signature-petition-urging-mamdani-to-skip-ceremony,JNS,Jessica Russak-Hoffman,2026-09-09T13:25:00,2026-09-09 13:29:05.607371,https://www.jns.org/news/u-s-news/families-of-9-11-victims-deliver-100-000-signature-petition-urging-mamdani-to-skip-ceremony
What if Rosh Hashanah Were a Best Friend?,"We can renew Rosh Hashanah by seeing it as a best friend who never lets us down. The better we can imagine this relationship, the better we’ll be ready to meet the holiday's many demands. The post What if Rosh Hashanah Were a Best Friend? appeared first on Jewish Journal .",https://jewishjournal.com/commentary/columnist/editors-note/391960/what-if-rosh-hashanah-were-a-best-friend/,Jewish Journal,David Suissa,2026-09-09T09:15:19,2026-09-09 13:29:03.191016,https://jewishjournal.com/?p=391960
Rosh Hashanah – The Holiday of Creation,"From Rosh Hashanah to Yom Kippur, we try to focus on and go deeper into the inner life. This includes making an honest reckoning of where we cheated and failed and where we lived up to our best values. The post Rosh Hashanah &#8211; The Holiday of Creation appeared first on Jewish Journal .",https://jewishjournal.com/judaism/391963/rosh-hashanah-the-holiday-of-creation/,Jewish Journal,Rabbi Irving Greenberg,2026-09-09T09:19:57,2026-09-09 13:29:03.190932,https://jewishjournal.com/?p=391963
How Israel Brings Adversaries Together,"Ironically and tellingly, the biggest obstacle that both Vance and El-Sayed face is their refusal to separate themselves from even more noxious denigrators of the Jewish state and the Jewish people. The post How Israel Brings Adversaries Together appeared first on Jewish Journal .",https://jewishjournal.com/commentary/columnist/391966/old-guard-dems-pushing-back-2/,Jewish Journal,Dan Schnur,2026-09-09T09:24:55,2026-09-09 13:29:03.190867,https://jewishjournal.com/?p=391966
High Holy Days Sermon Preview,"Ahead of the High Holy Days, the Journal reached out to rabbis in our community and asked what they will be speaking about from the pulpit this year. The post High Holy Days Sermon Preview appeared first on Jewish Journal .",https://jewishjournal.com/community/391969/high-holy-days-sermon-preview/,Jewish Journal,Ryan Torok,2026-09-09T09:32:47,2026-09-09 13:29:03.190805,https://jewishjournal.com/?p=391969
Jewish Federation Los Angeles Names Becky Sobelman-Stern Deputy CEO,"Sobelman-Stern will share executive responsibility for the organization with Rabbi Noah Farkas, the L.A. Federation’s president and CEO. The post Jewish Federation Los Angeles Names Becky Sobelman-Stern Deputy CEO appeared first on Jewish Journal .",https://jewishjournal.com/community/391971/jewish-federation-los-angeles-names-becky-sobelman-stern-deputy-ceo/,Jewish Journal,Ryan Torok,2026-09-09T09:36:59,2026-09-09 13:29:03.190750,https://jewishjournal.com/?p=391971
California Bill Would Add Jewish Identity to State Demographic Data,"Under SB 1387, California law would state that “ethnicity” is inclusive of Jewish identity. The post California Bill Would Add Jewish Identity to State Demographic Data appeared first on Jewish Journal .",https://jewishjournal.com/community/391974/california-bill-would-add-jewish-identity-to-state-demographic-data/,Jewish Journal,Brian Fishbach,2026-09-09T09:40:05,2026-09-09 13:29:03.190688,https://jewishjournal.com/?p=391974
"This New Year, Become a Spiritual Warrior","We need to conquer new ways for the New Year that will expand and deepen our strategies and skill, accessible pathways for renewed expression of our souls, impervious to the evil surrounding us. The post This New Year, Become a Spiritual Warrior appeared first on Jewish Journal .",https://jewishjournal.com/judaism/391977/this-new-year-become-a-spiritual-warrior/,Jewish Journal,Eva Robbins,2026-09-09T09:43:09,2026-09-09 13:29:03.190619,https://jewishjournal.com/?p=391977
He photographed the defining image of 9/11 – and Jewish history for 50 years,"Robert Cumins stood on his ninth-floor balcony in Verona, New Jersey, camera in hand, as smoke billowed from the North Tower of the World Trade Center. Then he saw a plane heading toward Lower Manhattan. He snapped two quick frames and kept watching. Then came the fireball. He had no idea, in that instant, that... The post He photographed the defining image of 9/11 – and Jewish history for 50 years appeared first on The Forward .",https://forward.com/news/849203/september-11-robert-cumins-world-trade-center-photo-israel/,The Forward,Benyamin Cohen,2026-09-09T10:00:48,2026-09-09 13:28:58.798921,https://forward.com/?p=849203
"At a national Jewish conference, a speaker said Muslims should ‘get the f— out’ of America. Its organizers won’t condemn him.","Islamophobic remarks made by a speaker during a national Jewish conference in Los Angeles have drawn condemnation from the city’s mayor. But national and local Jewish groups who organized and funded the program have largely remained silent. Mosab Hassan Yousef, a former Israeli intelligence asset whose father is a Hamas co-founder, made the inflammatory comments... The post At a national Jewish conference, a speaker said Muslims should &#8216;get the f&#8212; out’ of America. Its organizers won&#8217;t condemn him. appeared first on The Forward .",https://forward.com/news/849251/mosab-hassan-yousef-jewish-american-summit/,The Forward,Louis Keene,2026-09-09T11:56:19,2026-09-09 13:28:58.798864,https://forward.com/?p=849251
Centrist Chris Pappas beats progressive foe in NH Democratic Senate primary filled with Israel criticism,"Both candidates attacked Israeli Prime Minister Benjamin Netanyahu, but Pappas supports Israel's right to security. -- The post Centrist Chris Pappas beats progressive foe in NH Democratic Senate primary filled with Israel criticism appeared first on Jewish Telegraphic Agency .",https://www.jta.org/2026/09/08/politics/chris-pappas-projected-to-win-nh-democratic-nomination-to-the-u-s-senate,JTA,Sharon Udasin,2026-09-09T00:16:16,2026-09-09 13:28:56.410014,https://www.jta.org/?p=1907754
The best defense against the dangers of fake data,"Last month, the Los Angeles Times broke the news that a fly-by-night company, Median Strategies, had purposefully circulated fabricated polling data across at least three political races, including the heated Los Angeles mayoral run-off. Before any of that had come to light, some news outlets had uncritically reported on the “results,” helping to shape campaign... Read More The post The best defense against the dangers of fake data appeared first on eJewishPhilanthropy .",https://ejewishphilanthropy.com/the-best-defense-against-fake-data/,eJewish Philanthropy,Arielle Levites,2026-09-09T09:21:00,2026-09-09 13:28:54.214778,https://ejewishphilanthropy.com/?p=179841
"U.K. sanctions unlikely to directly affect West Bank nonprofits, but could make Israel support toxic","After weeks of signaling its intentions, the British government announced fresh economic restrictions on Israeli settlements in the West Bank, banning goods from settlements and imposing sanctions on “specific companies and individuals who provide services such as construction, infrastructure, financing, or real estate for settlement expansion,” accusing Israel of “ethnic cleansing” and turning a “blind... Read More The post U.K. sanctions unlikely to directly affect West Bank nonprofits, but could make Israel support toxic appeared first on eJewishPhilanthropy .",https://ejewishphilanthropy.com/u-k-sanctions-unlikely-to-directly-affect-west-bank-nonprofits-but-could-make-israel-support-toxic/,eJewish Philanthropy,Judah Ari Gross,2026-09-09T13:00:14,2026-09-09 13:28:54.214732,https://ejewishphilanthropy.com/?p=179854
"Birthright launches Global Business Summit, connecting Diaspora donors, Israeli financial figures","Birthright Israel is launching a new Global Business Summit in November in Tel Aviv, connecting its top donors from the Diaspora and Israel, the organization exclusively told eJewishPhilanthropy. The gathering, which is scheduled for Nov. 1-3, emerged from regular requests from donors to learn more about Israel’s business landscape and in an effort to more... Read More The post Birthright launches Global Business Summit, connecting Diaspora donors, Israeli financial figures appeared first on eJewishPhilanthropy .",https://ejewishphilanthropy.com/birthright-launches-global-business-summit-connecting-diaspora-donors-israeli-financial-figures/,eJewish Philanthropy,Judah Ari Gross,2026-09-09T13:03:12,2026-09-09 13:28:54.214678,https://ejewishphilanthropy.com/?p=179855
Israeli NGO that offered ‘Fresh Start’ to those in debt wins inaugural Taib Prize for resilience,"JAFFA, Israel —The Taib Foundation awarded the first Taib Prize for National Resilience to Daf Hadash, a nonprofit that helps families and businesses climb out of debt, praising the organizations work with military reservists whose finances buckled under prolonged service since the start of the war in Gaza. The foundation, established by international businessman and... Read More The post Israeli NGO that offered ‘Fresh Start’ to those in debt wins inaugural Taib Prize for resilience appeared first on eJewishPhilanthropy .",https://ejewishphilanthropy.com/israeli-ngo-that-offered-fresh-start-to-those-in-debt-wins-inaugural-taib-prize-for-resilience/,eJewish Philanthropy,Justin Hayet,2026-09-09T13:09:21,2026-09-09 13:28:54.214619,https://ejewishphilanthropy.com/?p=179870
Netanyahu says he will sue Haaretz following Oct. 7 exposé,Netanyahu instructed his lawyers to file a libel suit against Haaretz and journalist Shlomi Eldar following revelations the prime minister received personal warnings from the UAE president that Hamas was planning a major attack,https://www.haaretz.com/israel-news/israel-security/2026-09-09/ty-article/.premium/netanyahu-denies-haaretz-report-on-pre-oct-7-warning-says-he-will-sue/000001a0-852c-d4aa-a7fd-f76e2e330000,Haaretz,Haaretz,2026-09-09T08:01:39,2026-09-09 08:43:38.704152,https://www.haaretz.com/israel-news/israel-security/2026-09-09/ty-article/.premium/netanyahu-denies-haaretz-report-on-pre-oct-7-warning-says-he-will-sue/000001a0-852c-d4aa-a7fd-f76e2e330000
New data ranks Israeli cities' breast-cancer screening rates,"Breast cancer is the most commonly diagnosed form of the disease among women in Israel, accounting for approximately one-third of new cases per year.",https://www.jns.org/news/israel-news/new-data-ranks-israeli-cities-breast-cancer-screening-rates,JNS,JNS Staff,2026-09-09T04:07:00,2026-09-09 08:43:31.126714,https://www.jns.org/news/israel-news/new-data-ranks-israeli-cities-breast-cancer-screening-rates
Argentina to file criminal charges against Israeli company over Falklands drilling,The move comes just days after Argentine President Javier Milei pledged to sanction oil companies drilling in the British overseas territory in the South Atlantic Ocean.,https://www.jns.org/news/world/argentina-to-file-criminal-charges-against-israeli-company-over-falklands-drilling,JNS,Etgar Lefkovits,2026-09-09T04:55:26,2026-09-09 08:43:31.126686,https://www.jns.org/news/world/argentina-to-file-criminal-charges-against-israeli-company-over-falklands-drilling
Greece deal anchors Israel in Eastern Mediterranean defense,"Turkey is the deal's unstated strategic backdrop as Athens buys a multilayered shield against drones and missiles, deepening Jerusalem's regional role.",https://www.jns.org/analysis/greece-deal-anchors-israel-in-eastern-mediterranean-defense,JNS,Joshua Marks,2026-09-09T04:56:30,2026-09-09 08:43:31.126656,https://www.jns.org/analysis/greece-deal-anchors-israel-in-eastern-mediterranean-defense
The ferocious campaign against Netanyahu,"As Israelis prepare to vote on Oct. 27, the political battle over the Israeli prime minister's responsibility is becoming a central election issue.",https://www.jns.org/opinion/column/fiamma-nirenstein/oct-7-casts-its-shadow-over-israels-election,JNS,Fiamma Nirenstein,2026-09-09T05:01:47,2026-09-09 08:43:31.126626,https://www.jns.org/opinion/column/fiamma-nirenstein/oct-7-casts-its-shadow-over-israels-election
Two Israeli desalination plants offline after microalgae plume from Egypt,A massive algae bloom has forced Israel to tap the Kinneret and underground wells to meet the country’s water needs.,https://www.jns.org/news/israel-news/two-israeli-desalination-plants-offline-after-microalgae-plume-from-egypt,JNS,Linda Gradstein,2026-09-09T06:29:02,2026-09-09 08:43:31.126593,https://www.jns.org/news/israel-news/two-israeli-desalination-plants-offline-after-microalgae-plume-from-egypt
US forces destroy five Iranian oil tankers after warship targeted,CENTCOM confirmed that no American personnel were injured when Tehran launched ballistic missiles at a naval craft in regional waters this week.,https://www.jns.org/news/u-s-news/us-forces-destroy-five-iranian-oil-tankers-after-warship-targeted,JNS,JNS Staff,2026-09-09T06:41:34,2026-09-09 08:43:31.126559,https://www.jns.org/news/u-s-news/us-forces-destroy-five-iranian-oil-tankers-after-warship-targeted
Kushner has it backward on Israel and Gaza,"It is the team representing Washington, not the State of Israel, that is “a little irrational.”",https://www.jns.org/opinion/avi-abelow/kushner-has-it-backward-on-israel-and-gaza,JNS,Avi Abelow,2026-09-09T06:45:00,2026-09-09 08:43:31.126529,https://www.jns.org/opinion/avi-abelow/kushner-has-it-backward-on-israel-and-gaza
Stan Greenspon Holocaust Education Center and Gratz College announce strategic academic partnership,"The partnership will expand Holocaust education and antisemitism awareness, with Gratz College serving as the academic home of the Certification in Holocaust Pedagogy and supporting educator training nationwide.",https://www.jns.org/wire/gratz-edu/stan-greenspon-holocaust-education-center-and-gratz-college-announce-strategic-academic-partnership,JNS,,2026-09-09T06:46:15,2026-09-09 08:43:31.126497,https://www.jns.org/wire/gratz-edu/stan-greenspon-holocaust-education-center-and-gratz-college-announce-strategic-academic-partnership
Scientific diplomacy: Israel-Europe cooperation feted at President’s Residence in Jerusalem,"Despite political strains, Israeli and European diplomats, researchers and innovators mark three decades of scientific partnership.",https://www.jns.org/news/israel-news/scientific-diplomacy-israel-europe-cooperation-celebrated-at-presidents-residence,JNS,Sharon Altshul,2026-09-09T06:47:26,2026-09-09 08:43:31.126456,https://www.jns.org/news/israel-news/scientific-diplomacy-israel-europe-cooperation-celebrated-at-presidents-residence
"Israeli security forces dismantle Palestinian terror network, five indicted",Over 30 suspects from Judea and Samaria plotted deadly shootings targeting a Modi'in restaurant as well as police officers stationed around Jerusalem.,https://www.jns.org/news/israel-news/israeli-security-forces-dismantle-palestinian-terror-network-indict-five,JNS,JNS Staff,2026-09-09T07:54:40,2026-09-09 08:43:31.126405,https://www.jns.org/news/israel-news/israeli-security-forces-dismantle-palestinian-terror-network-indict-five
Likud files 26th Knesset election slate,"Israeli Prime Minister Benjamin Netanyahu finalized the parliamentary roster, as Amir Avivi gave up a reserved position to lawmaker Avichay Buaron.",https://www.jns.org/news/israel-news/likud-files-26th-knesset-election-slate,JNS,JNS Staff,2026-09-09T08:16:54,2026-09-09 08:43:31.126365,https://www.jns.org/news/israel-news/likud-files-26th-knesset-election-slate
"Israel, welcome to the sanctions era: U.K. heralds new reality that won't end with Netanyahu","In his sanctions speech, Miliband stated the obvious: the occupation is illegal and entwined with ethnic cleansing. But from Netanyahu's revenge to U.K. Jews' outrage and Trump, the repercussions of the 'Green Line Israel' policy are yet to play out",https://www.haaretz.com/israel-news/israel-security/2026-09-09/ty-article/.premium/u-k-heralds-new-reality-that-wont-end-with-netanyahu/000001a0-82c4-d3bd-adf3-92e5b1ba0000,Haaretz,Esther Solomon,2026-09-09T00:58:22,2026-09-09 03:28:30.598441,https://www.haaretz.com/israel-news/israel-security/2026-09-09/ty-article/.premium/u-k-heralds-new-reality-that-wont-end-with-netanyahu/000001a0-82c4-d3bd-adf3-92e5b1ba0000
Iran retaliates against Jordan and Saudi Arabia after U.S. destroys oil tankers,,https://www.haaretz.com/israel-news/israel-security/2026-09-09/ty-article-live/iran-retaliates-against-jordan-and-saudi-arabia-after-u-s-destroys-oil-tankers/000001a0-83d7-d290-a9e3-dff7871b0000,Haaretz,Haaretz,2026-09-09T02:25:24,2026-09-09 03:28:30.598406,https://www.haaretz.com/israel-news/israel-security/2026-09-09/ty-article-live/iran-retaliates-against-jordan-and-saudi-arabia-after-u-s-destroys-oil-tankers/000001a0-83d7-d290-a9e3-dff7871b0000
"The more Netanyahu tries to run from October 7, the more his culpability becomes a key election issue","Between his 'nobody woke me' campaign and Haaretz's exposé, it turns out that Netanyahu cannot stop revolving around October 7 - and October 7 cannot stop revolving around him",https://www.haaretz.com/israel-news/elections/2026-09-09/ty-article/.premium/netanyahu-tries-to-run-from-oct-7-making-his-culpability-a-key-election-issue/000001a0-82a7-dc23-adf2-c2ff6ffd0000,Haaretz,Ravit Hecht,2026-09-09T03:01:02,2026-09-09 03:28:30.598372,https://www.haaretz.com/israel-news/elections/2026-09-09/ty-article/.premium/netanyahu-tries-to-run-from-oct-7-making-his-culpability-a-key-election-issue/000001a0-82a7-dc23-adf2-c2ff6ffd0000
"‘Morally distorted’: Israel issues ‘countermeasures’ over British sanctions on Judea, Samaria","Israel will close the British consulate in Jerusalem and remove British representatives from the International Gaza Support Center, among other actions.",https://www.jns.org/news/israel-news/israel-issues-countermeasures-in-response-to-british-sanctions,JNS,David Isaac,2026-09-09T03:01:25,2026-09-09 03:28:23.767053,https://www.jns.org/news/israel-news/israel-issues-countermeasures-in-response-to-british-sanctions
A Rosh Hashanah message for Hollywood actor Mark Ruffalo and friends,Scores of Hollywood Jews are proud to support his accusations of antisemitic ties to the Israeli military and a business merger between entertainment giants.,https://www.jns.org/opinion/column/yisrael-medad/a-rosh-hashanah-message-for-hollywood-actor-mark-ruffalo-and-friends,JNS,Yisrael Medad,2026-09-09T03:15:00,2026-09-09 03:28:23.767016,https://www.jns.org/opinion/column/yisrael-medad/a-rosh-hashanah-message-for-hollywood-actor-mark-ruffalo-and-friends
Chris Pappas projected to win New Hampshire Democratic nomination to the U.S. Senate,"(JTA) — U.S. Rep. Chris Pappas swiftly defeated progressive opponent Karishma Manzur in a Democratic Senate primary in New Hampshire on Tuesday, capping off one of several races in which criticism of Israel and AIPAC became prominent talking points. The Associated Press called the race just an hour after polls closed, at 6pm, when Pappas... The post Chris Pappas projected to win New Hampshire Democratic nomination to the U.S. Senate appeared first on The Forward .",https://forward.com/fast-forward/849182/chris-pappas-projected-to-win-new-hampshire-democratic-nomination-to-the-u-s-senate/,The Forward,Sharon Udasin,2026-09-09T00:44:00,2026-09-09 03:28:14.272698,https://forward.com/?p=849182
Michigan rabbis lay out demands for El-Sayed and state Democrats to earn their votes,"(JTA) — ANN ARBOR – Liberal Michigan rabbis and other Jewish leaders are calling on the Democratic Party to agree to a list of “nonnegotiable” principles about Jewish safety and Israel as the party’s U.S. Senate candidate in the state, Abdul El-Sayed, seeks to make inroads with Jewish voters. The campaign, backed by a progressive... The post Michigan rabbis lay out demands for El-Sayed and state Democrats to earn their votes appeared first on The Forward .",https://forward.com/fast-forward/849173/michigan-rabbis-lay-out-demands-for-el-sayed-and-state-democrats-to-earn-their-votes/,The Forward,Andrew Lapin,2026-09-09T00:45:31,2026-09-09 03:28:14.272645,https://forward.com/?p=849173
"California Gov. Newsom, a presidential hopeful, slams Netanyahu and AIPAC in PBS interview","(JTA) — California Gov. Gavin Newsom, a 2028 presidential hopeful, ventured farther than ever in his criticisms of Prime Minister Benjamin Netanyahu, in a weekend interview that delved into the Democratic Party’s relationship with Israel. “I think it’s overwhelmingly opposed to the current regime in Israel,” Newsom said of the party, in a PBS News... The post California Gov. Newsom, a presidential hopeful, slams Netanyahu and AIPAC in PBS interview appeared first on The Forward .",https://forward.com/fast-forward/849155/california-gov-newsom-a-presidential-hopeful-slams-netanyahu-and-aipac-in-pbs-interview/,The Forward,Sharon Udasin,2026-09-09T00:46:39,2026-09-09 03:28:14.272594,https://forward.com/?p=849155
"UK, France, Canada to ban goods from Israeli settlements","(JTA) — The United Kingdom, France and Canada will ban goods produced in the West Bank settlements and Jewish neighborhoods of East Jerusalem, British Foreign Secretary Ed Miliband told Parliament on Tuesday, explaining that all such communities were deemed by his country to be illegal. The declaration exacerbated the rising tensions riling the traditionally strong... The post UK, France, Canada to ban goods from Israeli settlements appeared first on The Forward .",https://forward.com/fast-forward/849149/uk-france-canada-to-ban-goods-from-israeli-settlements/,The Forward,Tovah Lazaroff,2026-09-09T00:47:35,2026-09-09 03:28:14.272531,https://forward.com/?p=849149
Portuguese artists pull out of Jerry Seinfeld-headlined festival,"(JTA) — Several Portuguese artists have dropped out of a comedy festival in Lisbon headlined by Jerry Seinfeld, citing their support for Palestinians and implying opposition to Seinfeld’s support for Israel. At least six acts over recent days have canceled their appearances at the MEO Commedia a La Carte Fest, a new international comedy festival... The post Portuguese artists pull out of Jerry Seinfeld-headlined festival appeared first on The Forward .",https://forward.com/fast-forward/849077/portuguese-artists-pull-out-of-jerry-seinfeld-headlined-festival/,The Forward,Shira Li Bartov,2026-09-09T00:49:31,2026-09-09 03:28:14.272477,https://forward.com/?p=849077
Chris Pappas projected to win New Hampshire Democratic nomination to the U.S. Senate,"Rep. Maggie Goodlander trounced progressive state lawmaker Paige Beauchemin in the 2nd congressional district, which includes New Hampshire’s capital, Concord, and the city of Nashua. -- The post Chris Pappas projected to win New Hampshire Democratic nomination to the U.S. Senate appeared first on Jewish Telegraphic Agency .",https://www.jta.org/2026/09/08/politics/chris-pappas-projected-to-win-connecticuts-democratic-nomination-to-the-u-s-senate,JTA,Sharon Udasin,2026-09-09T00:16:16,2026-09-09 03:28:11.911092,https://www.jta.org/?p=1907754
A different kind of Israel encounter at camp,"This summer, a group of 32 17-year-old counselors-in-training (CITs) packed the theater at URJ Camp Harlam in Kunkletown, Pa., to hear from two 18-year-olds: Yali, a Jewish Israeli currently serving in the IDF, and Sami, an Arab citizen of Israel. Both Yali and Sami are graduates of “Through the Other’s Eyes,” a yearlong Givat Haviva... Read More The post A different kind of Israel encounter at camp appeared first on eJewishPhilanthropy .",https://ejewishphilanthropy.com/a-different-kind-of-israel-encounter-at-camp/,eJewish Philanthropy,Amy Meltzer,2026-09-09T00:06:00,2026-09-09 03:28:09.592363,https://ejewishphilanthropy.com/?p=179815
Bay Area hummus chain owner withdraws from Likud slate,"Oren Dobronsky, a Silicon Valley entrepreneur whose six hummus restaurants bear his name, has dropped his bid for Israel’s parliament, weeks after securing a prominent spot on the Knesset slate [&#8230;]",https://jweekly.com/2026/09/08/bay-area-hummus-chain-owner-withdraws-from-likud-slate-for-october-election/,J. Weekly,Emma Goss,2026-09-09T00:06:33,2026-09-09 03:28:07.261280,https://jweekly.com/?p=310812
U.S. strikes Iranian tankers after more attempted missile attacks on Navy warship,"Latest strikes are part of President Trump's dual economic and military approach, designed to bring an end to a more than six-month-old war with Tehran",https://www.haaretz.com/middle-east-news/2026-09-09/ty-article/u-s-strikes-iranian-tankers-after-more-attempted-missile-attacks-on-navy-ship/000001a0-82d2-d3bd-adf3-92f307a90000,Haaretz,The Associated Press,2026-09-08T21:11:37,2026-09-08 23:13:52.609418,https://www.haaretz.com/middle-east-news/2026-09-09/ty-article/u-s-strikes-iranian-tankers-after-more-attempted-missile-attacks-on-navy-ship/000001a0-82d2-d3bd-adf3-92f307a90000
"Daily Cartoon, September 9, 2026",,https://www.haaretz.com/opinion/daily-cartoon/2026-09-09/ty-article-opinion/daily-cartoon-september-9-2026/000001a0-82ab-d4aa-a7fd-f2ef6c4f0000,Haaretz,La Familia,2026-09-08T21:13:00,2026-09-08 23:13:52.609397,https://www.haaretz.com/opinion/daily-cartoon/2026-09-09/ty-article-opinion/daily-cartoon-september-9-2026/000001a0-82ab-d4aa-a7fd-f2ef6c4f0000
Netanyahu knew,,https://www.haaretz.com/opinion/editorial/2026-09-09/ty-article-opinion/netanyahu-knew/000001a0-823a-d3bd-adf3-92bb670f0000,Haaretz,Haaretz Editorial,2026-09-08T21:15:08,2026-09-08 23:13:52.609379,https://www.haaretz.com/opinion/editorial/2026-09-09/ty-article-opinion/netanyahu-knew/000001a0-823a-d3bd-adf3-92bb670f0000
The real 'turned guns' scenario isn't Palestinian. It's Jewish terror,Israel says it fears Palestinian forces turning their guns on the IDF. But Jewish extremists are already attacking soldiers and Palestinians with weapons and authority provided by the state,https://www.haaretz.com/opinion/2026-09-09/ty-article-opinion/.premium/the-real-turned-guns-scenario-isnt-palestinian-its-jewish-terror/000001a0-823a-d3bd-adf3-92bb3e050000,Haaretz,Zvi Bar'el,2026-09-08T21:27:17,2026-09-08 23:13:52.609362,https://www.haaretz.com/opinion/2026-09-09/ty-article-opinion/.premium/the-real-turned-guns-scenario-isnt-palestinian-its-jewish-terror/000001a0-823a-d3bd-adf3-92bb3e050000
"The Israeli Knesset, where female representation fails women","Over the past four years, women lawmakers have repeatedly voted against legislation intended to protect women, challenging long-held assumptions about the value of female representation",https://www.haaretz.com/opinion/2026-09-09/ty-article-opinion/.premium/the-israeli-knesset-where-female-representation-fails-women/000001a0-8239-d4aa-a7fd-f27ffc940000,Haaretz,Shira Vizel,2026-09-08T21:37:05,2026-09-08 23:13:52.609339,https://www.haaretz.com/opinion/2026-09-09/ty-article-opinion/.premium/the-israeli-knesset-where-female-representation-fails-women/000001a0-8239-d4aa-a7fd-f27ffc940000
"For Palestinian citizens of Israel, voting has become an expression of fear",,https://www.haaretz.com/opinion/2026-09-09/ty-article-opinion/.premium/for-palestinian-citizens-of-israel-voting-has-become-an-expression-of-fear/000001a0-82a7-d4aa-a7fd-f2e7a27b0000,Haaretz,Hanin Majadli,2026-09-08T22:02:26,2026-09-08 23:13:52.609317,https://www.haaretz.com/opinion/2026-09-09/ty-article-opinion/.premium/for-palestinian-citizens-of-israel-voting-has-become-an-expression-of-fear/000001a0-82a7-d4aa-a7fd-f2e7a27b0000
"Netanyahu's Likud party files Knesset election slate, including Channel 14 ally, bereaved parents","Netanyahu's reserved picks include Channel 14 commentator Jacob Bardugo and the mother of a border police officer killed on October 7, while several ministers and former officials also secured prominent spots",https://www.haaretz.com/israel-news/elections/2026-09-09/ty-article/.premium/netanyahus-likud-party-files-knesset-slate-includes-pms-handpicked-candidates/000001a0-8228-de99-afab-afacd1380000,Haaretz,Noa Shpigel,2026-09-08T22:18:19,2026-09-08 23:13:52.609290,https://www.haaretz.com/israel-news/elections/2026-09-09/ty-article/.premium/netanyahus-likud-party-files-knesset-slate-includes-pms-handpicked-candidates/000001a0-8228-de99-afab-afacd1380000
Michigan Rabbis Send List of ‘Non-Negotiable’ Demands to Democrats for Support in Upcoming Elections,A coalition of Michigan rabbis and Jewish community leaders is circulating a petition outlining five &#8220;nonnegotiable&#8221; positions for Democratic candidates...,https://www.algemeiner.com/2026/09/08/michigan-rabbis-send-list-non-negotiable-demands-democrats-support-upcoming-elections/,Algemeiner,Corey Walker,2026-09-08T21:11:25,2026-09-08 23:13:48.091215,https://www.algemeiner.com/?p=779257
"Jewish Groups Praise US House for Passing Bill to Cut Aid From Colleges Promoting BDS, Antisemitism",Jewish advocacy groups have praised the US House of Representatives for passing the Protect Economic and Academic Freedom Act to...,https://www.algemeiner.com/2026/09/08/jewish-groups-praise-us-house-passing-bill-cut-aid-colleges-promoting-bds-antisemitism/,Algemeiner,Dion J. Pierre,2026-09-08T21:38:19,2026-09-08 23:13:48.091190,https://www.algemeiner.com/?p=779222
British Police Ramp Up Security Around Synagogues Ahead of Jewish High Holy Days,"British authorities are stepping up security around synagogues and Jewish community sites ahead of the High Holy Days, with police...",https://www.algemeiner.com/2026/09/08/british-police-ramp-up-security-synagogues-ahead-jewish-high-holy-days/,Algemeiner,Ailin Vilches Arguello,2026-09-08T21:44:25,2026-09-08 23:13:48.091164,https://www.algemeiner.com/?p=779280
"Canada banning Judea, Samaria goods likely to lead to attacks on Canadian Jews, Israeli envoy says","""We have seen over the past three years how quickly people take criticism against Israel to attack and intimidate the Jewish community of Canada,"" Iddo Moed, Israeli ambassador to Canada, told JNS.",https://www.jns.org/news/world/canada-banning-judea-samaria-goods-likely-to-lead-to-attacks-on-canadian-jews-israeli-envoy-says,JNS,Jessica Russak-Hoffman,2026-09-08T20:48:24,2026-09-08 23:13:45.763066,https://www.jns.org/news/world/canada-banning-judea-samaria-goods-likely-to-lead-to-attacks-on-canadian-jews-israeli-envoy-says
"Thanks to Mamdani and Piker, the 9/11 anniversary remains especially relevant","Rather than a distant historical event, the rise of Islamists and woke leftists who hate America and the West is a reminder of what’s at stake in the clash of civilizations.",https://www.jns.org/opinion/column/jonathan-s-tobin/thanks-to-mamdani-and-piker-the-9-11-anniversary-remains-especially-relevant,JNS,Jonathan S. Tobin,2026-09-08T21:00:00,2026-09-08 23:13:45.763042,https://www.jns.org/opinion/column/jonathan-s-tobin/thanks-to-mamdani-and-piker-the-9-11-anniversary-remains-especially-relevant
"Appeals court reviving challenge to Los Angeles ethnic studies materials ‘changes everything,’ Deborah Project says","“As we all know, antisemitism is a mutating virus that changes and spreads as it comes into contact with more people,” Lori Lowenthal Marcus told JNS.",https://www.jns.org/news/u-s-news/appeals-court-reviving-challenge-to-los-angeles-ethnic-studies-materials-changes-everything-deborah-project-says,JNS,Rikki Zagelbaum,2026-09-08T21:38:38,2026-09-08 23:13:45.763018,https://www.jns.org/news/u-s-news/appeals-court-reviving-challenge-to-los-angeles-ethnic-studies-materials-changes-everything-deborah-project-says
New York to step up police presence at synagogues for High Holidays,"“As Jewish New Yorkers prepare for the High Holidays, we’re continuing our record investments to protect sensitive sites and surging state police resources to keep communities safe across our state,” New York Gov. Kathy Hochul said.",https://www.jns.org/news/u-s-news/new-york-to-step-up-police-presence-at-synagogues-for-high-holidays,JNS,Rebecca Szlechter,2026-09-08T21:44:51,2026-09-08 23:13:45.762981,https://www.jns.org/news/u-s-news/new-york-to-step-up-police-presence-at-synagogues-for-high-holidays
Attempt to throw Netanyahu under the bus,An allegation from anonymous sources in a book released for maximum marketing sales is ugly stuff.,https://www.jns.org/opinion/mark-levin/attempt-to-throw-netanyahu-under-the-bus,JNS,Mark Levin,2026-09-08T22:05:00,2026-09-08 23:13:45.762944,https://www.jns.org/opinion/mark-levin/attempt-to-throw-netanyahu-under-the-bus
"California Gov. Newsom, a presidential hopeful, slams Netanyahu and AIPAC in PBS interview","Newsom, who visited Israel after Oct. 7, goes farther in his criticism than he has previously -- The post California Gov. Newsom, a presidential hopeful, slams Netanyahu and AIPAC in PBS interview appeared first on Jewish Telegraphic Agency .",https://www.jta.org/2026/09/08/politics/california-gov-newsom-a-presidential-hopeful-slams-netanyahu-and-aipac-in-pbs-interview,JTA,Sharon Udasin,2026-09-08T21:02:06,2026-09-08 23:13:36.586346,https://www.jta.org/?p=1907736
Long Island Jewish man reportedly freed from Iranian prison,"Plus, Gov. Hochul announces expanded funding and security boosts for the High Holidays. -- The post Long Island Jewish man reportedly freed from Iranian prison appeared first on Jewish Telegraphic Agency .",https://www.jta.org/2026/09/08/ny/long-island-jewish-man-reportedly-freed-from-iranian-prison,JTA,New York Jewish Week Staff,2026-09-08T21:09:36,2026-09-08 23:13:36.586318,https://www.jta.org/?p=1907739
Palestinian stabs Jewish teenager near Nablus,The IDF pursued the assailant and shot him dead. -- The post Palestinian stabs Jewish teenager near Nablus appeared first on Jewish Telegraphic Agency .,https://www.jta.org/2026/09/08/israel/palestinian-stabs-jewish-teenager-near-nablus,JTA,Deborah Danan,2026-09-08T21:34:46,2026-09-08 23:13:36.586292,https://www.jta.org/?p=1907743
Michigan rabbis lay out demands for El-Sayed and state Democrats to earn their votes,"As the candidate seeks Jewish voters, an open letter describes Jewish sovereignty in Israel and Jewish safety as “nonnegotiables.” -- The post Michigan rabbis lay out demands for El-Sayed and state Democrats to earn their votes appeared first on Jewish Telegraphic Agency .",https://www.jta.org/2026/09/08/politics/michigan-rabbis-lay-out-demands-for-el-sayed-and-state-democrats-to-earn-their-votes,JTA,Andrew Lapin,2026-09-08T22:16:58,2026-09-08 23:13:36.586260,https://www.jta.org/?p=1907703
"As Netanyahu ally tours Bay Area, some Israeli expats push back",One of Israeli Prime Minister Benjamin Netanyahu’s closest advisers has faced protesters on his North American speaking tour. But it isn’t the Free Palestine crowd pushing back — it’s Israelis [&#8230;],https://jweekly.com/2026/09/08/as-netanyahu-ally-tours-the-bay-area-some-israeli-expats-push-back/,J. Weekly,Emma Goss,2026-09-08T22:41:02,2026-09-08 23:13:31.620340,https://jweekly.com/?p=310791
Gov. Newsom criticizes Netanyahu and AIPAC in PBS interview,"(JTA) — California Gov. Gavin Newsom, a 2028 presidential hopeful, ventured farther than ever in his criticisms of Prime Minister Benjamin Netanyahu, in a weekend interview that delved into the [&#8230;]",https://jweekly.com/2026/09/08/gov-newsom-criticizes-netanyahu-and-aipac-in-pbs-interview/,J. Weekly,Sharon Udasin,2026-09-08T22:55:40,2026-09-08 23:13:31.620305,https://jweekly.com/?p=310803
"Ultra-Orthodox Shas unveils election slate, IDF major on reserve in sixth spot","The party added two new candidates, including Maj. (res.) Dror Amos. MK Yoav Ben Tzur was placed fourth despite efforts to oust him after the Council of Torah Sages insisted he remain, in what a party source called a 'blow' to chairman Arye Dery",https://www.haaretz.com/israel-news/elections/2026-09-08/ty-article/.premium/ultra-orthodox-shas-unveils-election-slate-idf-major-on-reserve-in-sixth-spot/000001a0-805c-d7f5-a5f9-de7ddc530000,Haaretz,Aaron Rabinowitz,2026-09-08T17:53:32,2026-09-08 20:49:04.535167,https://www.haaretz.com/israel-news/elections/2026-09-08/ty-article/.premium/ultra-orthodox-shas-unveils-election-slate-idf-major-on-reserve-in-sixth-spot/000001a0-805c-d7f5-a5f9-de7ddc530000
Netanyahu was warned about October 7. Will Haaretz's exposé change anything?,"It is possible, after three years of lies and bloodshed, that this revelation will be the decisive moment for a fence-sitting voter. But what can an article do that so many tangible, visceral moments of loss and pain haven't already?",https://www.haaretz.com/israel-news/haaretz-today/2026-09-08/ty-article/.highlight/netanyahu-was-warned-about-october-7-will-haaretzs-expose-change-anything/000001a0-8116-d148-afbd-f3372eb20000,Haaretz,Linda Dayan,2026-09-08T18:03:55,2026-09-08 20:49:04.535143,https://www.haaretz.com/israel-news/haaretz-today/2026-09-08/ty-article/.highlight/netanyahu-was-warned-about-october-7-will-haaretzs-expose-change-anything/000001a0-8116-d148-afbd-f3372eb20000
"Israeli students' PISA scores plummet to unprecedented low, new OECD report says","The report states that Israel's steep decline is only matched by Turkey's in 2015, and that Israel's current rank is 31st out of 35 countries in overall student proficiency",https://www.haaretz.com/israel-news/2026-09-08/ty-article/.premium/israeli-students-pisa-scores-plummet-to-unprecedented-low-new-oecd-report-says/000001a0-7de3-d5d6-afeb-7df342890000,Haaretz,Lior Dattel,2026-09-08T18:15:53,2026-09-08 20:49:04.535118,https://www.haaretz.com/israel-news/2026-09-08/ty-article/.premium/israeli-students-pisa-scores-plummet-to-unprecedented-low-new-oecd-report-says/000001a0-7de3-d5d6-afeb-7df342890000
Israel to mandate Iodine in table salt amid widespread deficiency,"Studies have found widespread iodine deficiency in Israel, particularly among pregnant women and children. The condition can cause thyroid problems and, in severe cases, developmental and neurological damage",https://www.haaretz.com/science-and-health/2026-09-08/ty-article/israel-to-mandate-iodine-in-table-salt-amid-widespread-deficiency/000001a0-8143-d10a-a3b2-f1ebc5360000,Haaretz,Maya Roman,2026-09-08T18:21:04,2026-09-08 20:49:04.535097,https://www.haaretz.com/science-and-health/2026-09-08/ty-article/israel-to-mandate-iodine-in-table-salt-amid-widespread-deficiency/000001a0-8143-d10a-a3b2-f1ebc5360000
Arab-Jewish Party A Place for Us All drops out of Knesset race,"The party's leaders announced they decided to withdraw from the election 'out of a sense of responsibility and to avoid wasting opposition votes,' after their attempts to join the newly revived Joint List failed",https://www.haaretz.com/israel-news/elections/2026-09-08/ty-article/.premium/arab-jewish-party-a-place-for-us-all-drops-out-of-knesset-race/000001a0-81d0-da97-afb9-f7f51f390000,Haaretz,Noa Shpigel,2026-09-08T18:31:04,2026-09-08 20:49:04.535075,https://www.haaretz.com/israel-news/elections/2026-09-08/ty-article/.premium/arab-jewish-party-a-place-for-us-all-drops-out-of-knesset-race/000001a0-81d0-da97-afb9-f7f51f390000
Israel accuses Canada of meddling in Israeli election over settlement trade ban,"Canada joined Britain, France and eight other countries in targeting settlement trade, prompting a wave of Israeli criticism. President Herzog called the move 'blatant interference' in Israel's democratic elections",https://www.haaretz.com/world-news/americas/2026-09-08/ty-article/.premium/israel-accuses-canada-of-meddling-in-israeli-election-over-settlement-trade-ban/000001a0-823e-d148-afbd-f23fe6700000,Haaretz,Haaretz,2026-09-08T20:07:01,2026-09-08 20:49:04.535053,https://www.haaretz.com/world-news/americas/2026-09-08/ty-article/.premium/israel-accuses-canada-of-meddling-in-israeli-election-over-settlement-trade-ban/000001a0-823e-d148-afbd-f23fe6700000
These are the candidates on the final Knesset slates for Israel's main parties ahead of the October election,"The formal process of submitting party lists for the 26th Knesset ended Tuesday, as 38 parties ended their scramble for last-minute alliances, withdrawals and inner-party battles",https://www.haaretz.com/israel-news/elections/2026-09-08/ty-article/.premium/parties-submit-final-knesset-slates-for-israels-october-27-election/000001a0-8212-d3bd-adf3-92b331370000,Haaretz,Haaretz,2026-09-08T20:26:47,2026-09-08 20:49:04.535030,https://www.haaretz.com/israel-news/elections/2026-09-08/ty-article/.premium/parties-submit-final-knesset-slates-for-israels-october-27-election/000001a0-8212-d3bd-adf3-92b331370000
Israel's AG forces release of national school test results revealing low scores,"The scores show Israeli students performing far below expected requirements. PISA scores released earlier today show a similar trend, with Israel ranking 31st out of 35 countries in overall student proficiency",https://www.haaretz.com/israel-news/2026-09-08/ty-article/.premium/israels-ag-forces-release-of-national-school-test-results-revealing-low-scores/000001a0-8255-d3bd-adf3-92f544a20000,Haaretz,Lior Dattel,2026-09-08T20:47:57,2026-09-08 20:49:04.535001,https://www.haaretz.com/israel-news/2026-09-08/ty-article/.premium/israels-ag-forces-release-of-national-school-test-results-revealing-low-scores/000001a0-8255-d3bd-adf3-92f544a20000
Ireland’s Former Soccer Captain Says Upcoming Match Against Israel Should Have Stayed in Dublin,The former captain of Ireland&#8217;s national soccer team has argued that the Football Association of Ireland (FAI) should not boycott...,https://www.algemeiner.com/2026/09/08/irelands-former-soccer-captain-says-match-israel-should-have-stayed-dublin/,Algemeiner,Shiryn Ghermezian,2026-09-08T18:32:19,2026-09-08 20:48:59.640948,https://www.algemeiner.com/?p=779221
"Israeli Para Taekwondo Athlete, Who Lost Arm in Gaza War, Wins Silver Medal in 2026 Swiss Open","Israeli para taekwondo athlete Omer Barel, who lost his left arm during the Israel-Hamas war in Gaza, won silver at...",https://www.algemeiner.com/2026/09/08/israeli-para-taekwondo-athlete-who-lost-arm-gaza-war-wins-silver-medal-2026-swiss-open/,Algemeiner,Shiryn Ghermezian,2026-09-08T18:39:07,2026-09-08 20:48:59.640923,https://www.algemeiner.com/?p=779212
"France, Canada Join UK in Expanding Trade Sanctions on Israeli Communities in West Bank","France and Canada will join the United Kingdom in imposing new trade sanctions on Israeli communities in the West Bank,...",https://www.algemeiner.com/2026/09/08/france-canada-join-uk-expanding-trade-sanctions-israeli-communities-west-bank/,Algemeiner,Ailin Vilches Arguello,2026-09-08T20:13:47,2026-09-08 20:48:59.640896,https://www.algemeiner.com/?p=779249
"IFCJ allocates $8 million in High Holiday support for 150,000 Israelis","Nearly two-thirds of Israelis will be forced to cut expenses to pay for basic household food costs, according to a survey conducted ahead of the Jewish holiday season.",https://www.jns.org/wire/international-fellowship-of-christians-and-jews/ifcj-allocates-8-million-in-high-holiday-support-for-150-000-israelis,JNS,,2026-09-08T18:00:00,2026-09-08 20:48:57.329476,https://www.jns.org/wire/international-fellowship-of-christians-and-jews/ifcj-allocates-8-million-in-high-holiday-support-for-150-000-israelis
"UK sanctions on Judea and Samaria ‘shameful,’ ‘not helpful,’ Danon says","“You know, the British Mandate of Palestine is over,” Israel’s U.N. ambassador told reporters at a press briefing at the United Nations headquarters.",https://www.jns.org/news/israel-news/uk-sanctions-on-judea-and-samaria-shameful-not-helpful-danon-says,JNS,Rikki Zagelbaum,2026-09-08T18:10:05,2026-09-08 20:48:57.329454,https://www.jns.org/news/israel-news/uk-sanctions-on-judea-and-samaria-shameful-not-helpful-danon-says
Columbia’s new president moves to reopen Manhattan campus after 2024 anti-Israel protests,"“Reopening our gates responsibly will require us to learn from our recent experience,” Jennifer Mnookin wrote.",https://www.jns.org/news/u-s-news/columbias-new-president-moves-to-reopen-manhattan-campus-after-2024-anti-israel-protests,JNS,Debra Nussbaum Cohen,2026-09-08T18:54:38,2026-09-08 20:48:57.329430,https://www.jns.org/news/u-s-news/columbias-new-president-moves-to-reopen-manhattan-campus-after-2024-anti-israel-protests
Who pulls the strings of public opinion?,How “culture producers” moved radicalism from the fringe to the mainstream.,https://www.jns.org/opinion/tali-gillette/who-pulls-the-strings-of-public-opinion,JNS,Tali Gillette,2026-09-08T19:00:00,2026-09-08 20:48:57.329409,https://www.jns.org/opinion/tali-gillette/who-pulls-the-strings-of-public-opinion
"‘Going to have as many non-Jews on stage as possible,’ Leo Terrell says of upcoming 15-city tour to fight Jew-hatred","“Our goal is to show people that hate comes in all shapes and forms,” the chair of the U.S. Justice Department’s task force on Jew-hatred said at a JNS event in Las Vegas.",https://www.jns.org/news/u-s-news/going-to-have-as-many-non-jews-on-stage-as-possible-leo-terrell-says-of-upcoming-15-city-tour-to-fight-jew-hatred,JNS,Mike Wagenheim,2026-09-08T19:16:31,2026-09-08 20:48:57.329390,https://www.jns.org/news/u-s-news/going-to-have-as-many-non-jews-on-stage-as-possible-leo-terrell-says-of-upcoming-15-city-tour-to-fight-jew-hatred
"‘Everything I do now is for surfing,’ says teen at inaugural festival in Virginia Beach",Jewish “Super Girls” take to the water and the weather.,https://www.jns.org/news/u-s-news/everything-i-do-now-is-for-surfing-says-teen-at-inaugural-festival-in-virginia-beach,JNS,Bill Motchan,2026-09-08T19:30:00,2026-09-08 20:48:57.329365,https://www.jns.org/news/u-s-news/everything-i-do-now-is-for-surfing-says-teen-at-inaugural-festival-in-virginia-beach
"Biggest factor in MidEast is divide between Muslims who want to ‘accommodate’ and fundamentalists, Leiter says","“Whether or not Islam will continue to try and devour Judeo-Christian civilization or whether it can live side by side with Western civilization,” the Israeli ambassador in Washington said at a JNS event in Las Vegas.",https://www.jns.org/news/israel-news/biggest-factor-in-mideast-is-divide-between-muslims-who-want-to-accommodate-and-fundamentalists-leiter-says,JNS,Mike Wagenheim,2026-09-08T19:39:08,2026-09-08 20:48:57.329343,https://www.jns.org/news/israel-news/biggest-factor-in-mideast-is-divide-between-muslims-who-want-to-accommodate-and-fundamentalists-leiter-says
AfD victory in Saxony-Anhalt ‘tectonic upheaval’ for German politics,"“This shakes our party to its very foundations,” the German chancellor reportedly told a meeting of his party’s federal executive committee. “We cannot simply return to business as usual. Neither I nor the federal government can.”",https://www.jns.org/news/world/afd-victory-in-saxony-anhalt-tectonic-upheaval-for-german-politics,JNS,,2026-09-08T19:43:23,2026-09-08 20:48:57.329316,https://www.jns.org/news/world/afd-victory-in-saxony-anhalt-tectonic-upheaval-for-german-politics
Toronto police officers to embed with Jewish security network during High Holidays,"""We will have police officers embedded with the Jewish security network over the coming weeks,"" said Toronto Chief of Police Myron Demkiw.",https://www.jns.org/toronto-police-officers-to-embed-with-jewish-security-network-during-high-holidays,JNS,Jessica Russak-Hoffman,2026-09-08T20:08:41,2026-09-08 20:48:57.329286,https://www.jns.org/toronto-police-officers-to-embed-with-jewish-security-network-during-high-holidays
Trump’s new Iran strategy is better than its critics think,Economic pressure may finally force political change.,https://www.jns.org/opinion/or-horvitz/trumps-new-iran-strategy-is-better-than-its-critics-think,JNS,Or Horvitz,2026-09-08T20:34:02,2026-09-08 20:48:57.329264,https://www.jns.org/opinion/or-horvitz/trumps-new-iran-strategy-is-better-than-its-critics-think
Maryland county halts criminal enforcement of gun ban near houses of worship,"""The county passed a law their own prosecutor thinks is probably unconstitutional and certainly dangerous,"" Rabbi Menashe Shapiro, a plaintiff in the case, told JNS.",https://www.jns.org/news/u-s-news/maryland-county-halts-criminal-enforcement-of-gun-ban-near-houses-of-worship,JNS,Jessica Russak-Hoffman,2026-09-08T20:38:07,2026-09-08 20:48:57.329239,https://www.jns.org/news/u-s-news/maryland-county-halts-criminal-enforcement-of-gun-ban-near-houses-of-worship
Adidas apologizes for campaign with Israeli veteran amputee after calls to boycott,"(JTA) — Adidas has apologized for featuring an Israeli former soldier and amputee in a campaign advertising its service for people with missing legs, which sparked calls for a boycott. Shalev Biton, who lost his left leg during the 2021 Israel-Gaza conflict, appeared in a promotional video for the sportswear company’s Single Shoe service. The... The post Adidas apologizes for campaign with Israeli veteran amputee after calls to boycott appeared first on The Forward .",https://forward.com/fast-forward/849050/adidas-apologizes-for-campaign-with-israeli-veteran-amputee-after-calls-to-boycott/,The Forward,Shira Li Bartov,2026-09-08T17:47:20,2026-09-08 20:48:50.822647,https://forward.com/?p=849050
Why I yelled at God on Kol Nidre,"Last Kol Nidre, I yelled at God. My husband was in the hospital. He had been since the day after Rosh Hashanah. I sat in services and thought of a friend of mine’s interpretation of the binding of Isaac: that it had been a test that Abraham had failed, because the whole point was that... The post Why I yelled at God on Kol Nidre appeared first on The Forward .",https://forward.com/opinion/849056/kol-nidre-yelling-at-god-rosh-hashanah-jonah-job-days-of-awe/,The Forward,Emily Tamkin,2026-09-08T18:49:20,2026-09-08 20:48:50.822608,https://forward.com/?p=849056
They traveled to the U.S. as Jewish teens. Here’s how these 4 Israelis see America now.,"As the U.S. celebrates the 250th anniversary of its founding, some past participants in the Bronfman Fellowship, which for three decades has brought a cohort of 17-year-old Israelis to the United States for two weeks each summer, looked back on how their visits — and what they learned about the American experiment — shaped their lives.... The post They traveled to the U.S. as Jewish teens. Here’s how these 4 Israelis see America now. appeared first on The Forward .",https://forward.com/opinion/849023/how-4-israelis-see-america/,The Forward,Forward Staff,2026-09-08T20:04:56,2026-09-08 20:48:50.822563,https://forward.com/?p=849023
Portuguese artists pull out of Jerry Seinfeld-headlined festival,"Though none of the artists named Seinfeld, some hinted at a boycott against his pro-Israel views. -- The post Portuguese artists pull out of Jerry Seinfeld-headlined festival appeared first on Jewish Telegraphic Agency .",https://www.jta.org/2026/09/08/global/portuguese-artists-pull-out-of-jerry-seinfeld-headlined-festival,JTA,Shira Li Bartov,2026-09-08T17:33:59,2026-09-08 20:48:48.372816,https://www.jta.org/?p=1907690
"New Hampshire congressional candidates compete to out-criticize one another on Israel, AIPAC","Democrats vie for seats in House, Senate in Tuesday’s primary. -- The post New Hampshire congressional candidates compete to out-criticize one another on Israel, AIPAC appeared first on Jewish Telegraphic Agency .",https://www.jta.org/2026/09/08/politics/new-hampshire-congressional-candidates-compete-to-out-criticize-one-another-on-israel-aipac,JTA,Sharon Udasin,2026-09-08T17:53:00,2026-09-08 20:48:48.372775,https://www.jta.org/?p=1907706
"UK, France, Canada to ban goods from Israeli settlements","Israel to retaliate by closing the British Consulate in Jerusalem. -- The post UK, France, Canada to ban goods from Israeli settlements appeared first on Jewish Telegraphic Agency .",https://www.jta.org/2026/09/08/israel/uk-france-canada-to-ban-goods-from-israeli-settlements,JTA,Tovah Lazaroff,2026-09-08T20:31:37,2026-09-08 20:48:48.372736,https://www.jta.org/?p=1907728
Far-right win in German regional race sends shockwaves through Europe,"(JTA) — A victory for Germany’s far-right party in an eastern federal state has reverberated across the globe, exposing the widening rifts between alarmed centrist leaders and insurgent nationalist movements [&#8230;]",https://jweekly.com/2026/09/08/far-right-win-in-german-regional-race-sends-shockwaves-through-europe/,J. Weekly,Shira Li Bartov,2026-09-08T18:34:23,2026-09-08 20:48:43.824230,https://jweekly.com/?p=310777
Updated: Free or low-cost High Holiday services in the Bay Area,Welcome to our annual list of free and low-cost High Holiday services open to the public. All services listed here cost $100 or less per person. (Many accept donations or [&#8230;],https://jweekly.com/2026/09/08/free-or-low-cost-rosh-hashanah-and-yom-kippur-services-around-the-bay-area/,J. Weekly,Rahel Knight,2026-09-08T20:19:45,2026-09-08 20:48:43.824200,https://jweekly.com/?p=310102
"Events: Challah Babies, Bonfire of Reflection","So much happens in our community every day that it can be hard to sift through all of the events. We’re highlighting a few here, in every corner of the [&#8230;]",https://jweekly.com/2026/09/08/upcoming-events-challah-babies-bonfire-of-reflection-new-year-yoga/,J. Weekly,Rahel Knight,2026-09-08T20:31:27,2026-09-08 20:48:43.824167,https://jweekly.com/?p=310786
Uneasy about sanctions? Back the Israelis confronting settler extremism,"British Jews must listen to the Israelis sounding the alarm over unchecked violence in the West Bank, and support those fighting to stop it. That's the best way to respond to the difficult debate over sanctions",https://www.haaretz.com/opinion/2026-09-08/ty-article-opinion/.premium/uneasy-about-sanctions-back-the-israelis-confronting-settler-extremism/000001a0-812f-d854-afe5-ffbf2bb00000,Haaretz,David Davidi-Brown,2026-09-08T13:44:48,2026-09-08 17:47:14.334690,https://www.haaretz.com/opinion/2026-09-08/ty-article-opinion/.premium/uneasy-about-sanctions-back-the-israelis-confronting-settler-extremism/000001a0-812f-d854-afe5-ffbf2bb00000
"U.K., France and Canada announce 12-country ban on Israeli settlement products","The countries cited unprecedented settler violence and settlement expansion, saying Israeli policies are undermining the prospects for a two-state solution",https://www.haaretz.com/west-bank/2026-09-08/ty-article/.premium/u-k-france-canada-among-11-countries-to-ban-imports-from-israeli-settlements/000001a0-8131-d3bd-adf3-91b1cee90000,Haaretz,Liza Rozovsky,2026-09-08T14:56:43,2026-09-08 17:47:14.334663,https://www.haaretz.com/west-bank/2026-09-08/ty-article/.premium/u-k-france-canada-among-11-countries-to-ban-imports-from-israeli-settlements/000001a0-8131-d3bd-adf3-91b1cee90000
'What did Netanyahu know and when': Israel's opposition chiefs demand state probe on October 7,"The leaders of the Democrats, Together, Yashar and Yisrael Beitenu parties called for the immediate establishment of a state commission of inquiry, saying there was 'no longer any room for excuses, denials or concealment'",https://www.haaretz.com/israel-news/elections/2026-09-08/ty-article/.premium/what-did-netanyahu-know-and-when-opposition-heads-demand-oct-7-state-probe/000001a0-8104-d4aa-a7fd-f34653c40000,Haaretz,Noa Shpigel,2026-09-08T15:31:32,2026-09-08 17:47:14.334637,https://www.haaretz.com/israel-news/elections/2026-09-08/ty-article/.premium/what-did-netanyahu-know-and-when-opposition-heads-demand-oct-7-state-probe/000001a0-8104-d4aa-a7fd-f34653c40000
"Some Israeli actions in Syria may amount to war crimes, UN probe says",The U.N. commission warned that actions like the detention of civilians could amount to war crimes. Israel accused the U.N. of conducting an 'Israel-bashing session' and claims to be protecting its 'citizens from proven security threats',https://www.haaretz.com/israel-news/israel-security/2026-09-08/ty-article/some-israeli-actions-in-syria-may-amount-to-war-crimes-un-probe-says/000001a0-8159-d4e3-ada1-e7dd35880000,Haaretz,Reuters,2026-09-08T16:04:34,2026-09-08 17:47:14.334607,https://www.haaretz.com/israel-news/israel-security/2026-09-08/ty-article/some-israeli-actions-in-syria-may-amount-to-war-crimes-un-probe-says/000001a0-8159-d4e3-ada1-e7dd35880000
Not just factories: The settlement sanctions could hit Israeli banks,"Less than 5 percent of Israeli exports come from settlements. But the greater risk lies with Israeli banks, which finance construction in West Bank settlements – and could face sanctions that would also threaten Palestinian banks",https://www.haaretz.com/israel-news/israel-politics/2026-09-08/ty-article/.premium/not-just-factories-the-settlement-sanctions-could-hit-israeli-banks/000001a0-8189-d854-afe5-ffbbf70a0000,Haaretz,Sami Peretz,2026-09-08T16:25:45,2026-09-08 17:47:14.334578,https://www.haaretz.com/israel-news/israel-politics/2026-09-08/ty-article/.premium/not-just-factories-the-settlement-sanctions-could-hit-israeli-banks/000001a0-8189-d854-afe5-ffbbf70a0000
"Israel bars U.K. officials, closes Jerusalem consulate in response to West Bank settlement sanctions",Gideon Sa'ar also said Israel will expel British representatives from the international center for monitoring the Gaza cease-fire and ban entry to Israel for 12 British public officials and citizens involved in 'antisemitic and anti-Israel activity',https://www.haaretz.com/west-bank/2026-09-08/ty-article/.premium/israel-bars-u-k-officials-closes-jerusalem-consulate-in-response-to-sanctions/000001a0-8195-d705-adfa-a5fd5f790000,Haaretz,Liza Rozovsky,2026-09-08T16:39:43,2026-09-08 17:47:14.334544,https://www.haaretz.com/west-bank/2026-09-08/ty-article/.premium/israel-bars-u-k-officials-closes-jerusalem-consulate-in-response-to-sanctions/000001a0-8195-d705-adfa-a5fd5f790000
"U.S. officials, public figures divided over U.K. West Bank settlement sanctions","Democratic lawmaker Castro praised the move and urged President Trump to do the same, while republican representative Fine called the sanctions a 'vanity project in support of Muslim terror.' The White House declined to comment",https://www.haaretz.com/israel-news/israel-politics/2026-09-08/ty-article/.premium/u-s-officials-public-figures-divided-over-u-k-west-bank-settlement-sanctions/000001a0-816c-d4aa-a7fd-f36e7a260000,Haaretz,Arno Rosenfeld,2026-09-08T17:22:22,2026-09-08 17:47:14.334513,https://www.haaretz.com/israel-news/israel-politics/2026-09-08/ty-article/.premium/u-s-officials-public-figures-divided-over-u-k-west-bank-settlement-sanctions/000001a0-816c-d4aa-a7fd-f36e7a260000
"UAE says intelligence is shared with Israel, no comment on Netanyahu warning","UAE said it does not comment on leaders' conversations, but stresses that relevant intelligence is shared with Israel through established channels",https://www.haaretz.com/middle-east-news/2026-09-08/ty-article/.premium/uae-says-intelligence-is-shared-with-israel-no-comment-on-netanyahu-warning/000001a0-820e-dc23-adf2-c25f39d80000,Haaretz,Haaretz,2026-09-08T17:43:15,2026-09-08 17:47:14.334476,https://www.haaretz.com/middle-east-news/2026-09-08/ty-article/.premium/uae-says-intelligence-is-shared-with-israel-no-comment-on-netanyahu-warning/000001a0-820e-dc23-adf2-c25f39d80000
New York Magazine Doubles Down on Attacking Israel,"Stung by criticism that the theme of its Aug. 10, 2026, issue erased Israel and Jews, editors of New York Magazine pushed back...",https://www.algemeiner.com/2026/09/08/new-york-magazine-doubles-down-attacking-israel/,Algemeiner,David Gerstman,2026-09-08T16:36:57,2026-09-08 17:47:09.837819,https://www.algemeiner.com/?p=779180
How High School Students Can Learn to Be Comfortable Talking About Israel,"I attend a secular private high school in the Bay Area of Northern California. When I was a sophomore, a...",https://www.algemeiner.com/2026/09/08/how-high-school-students-can-learn-be-comfortable-talking-israel/,Algemeiner,Hazel Levinson,2026-09-08T16:43:48,2026-09-08 17:47:09.837786,https://www.algemeiner.com/?p=779152
How ‘The Concept’ Failed Israel in October 1973 and October 2023,"October 7. And October 6. Two dates burned into Israel&#8217;s memory. The first was October 6, 1973, Yom Kippur, the...",https://www.algemeiner.com/2026/09/08/how-the-concept-failed-israel-october-1973-october-2023/,Algemeiner,Itamar Tzur,2026-09-08T16:57:01,2026-09-08 17:47:09.837761,https://www.algemeiner.com/?p=779167
LinkedIn Asked Me to Reconsider Using the Word ‘Antisemitism’,I did not write a slur. I did not threaten anyone. I drafted one sentence to a friend on LinkedIn....,https://www.algemeiner.com/2026/09/08/linkedin-asked-me-reconsider-using-word-antisemitism/,Algemeiner,Jeffrey Lax,2026-09-08T17:04:38,2026-09-08 17:47:09.837733,https://www.algemeiner.com/?p=779163
US Treasury Targets Iran’s Aviation Sector With Sweeping New Sanctions,The United States on Tuesday issued 36 fresh Iran-related sanctions targeting Iran&#8217;s aviation sector and other companies as part of a broad push to escalate economic pressure...,https://www.algemeiner.com/2026/09/08/us-treasury-targets-irans-aviation-sector-sweeping-new-sanctions/,Algemeiner,Reuters and Algemeiner Staff,2026-09-08T17:16:06,2026-09-08 17:47:09.837704,https://www.algemeiner.com/?p=779235
"Iran-Backed Houthis Attack Four Saudi Cities in Expansion of Middle East War, 73 Hurt","Yemen&#8217;s Iran-backed Houthis attacked four cities in the south of US ally Saudi Arabia on Tuesday, wounding more than 70 people and setting oil installations ablaze in...",https://www.algemeiner.com/2026/09/08/iran-backed-houthis-attack-four-saudi-cities-expansion-middle-east-war-73-hurt/,Algemeiner,Reuters and Algemeiner Staff,2026-09-08T17:42:08,2026-09-08 17:47:09.837665,https://www.algemeiner.com/?p=779238
"Montreal may have won a battle, but the war for its heart and soul is far from over","Although a motion against Israel did not pass, its underlying allegations received a platform inside one of Canada’s most important democratic institutions.",https://www.jns.org/opinion/michal-cotler-wunsh/montreal-may-have-won-a-battle-but-the-war-for-its-heart-and-soul-is-far-from-over,JNS,Nadav Steinman,2026-09-08T13:30:00,2026-09-08 17:47:07.557020,https://www.jns.org/opinion/michal-cotler-wunsh/montreal-may-have-won-a-battle-but-the-war-for-its-heart-and-soul-is-far-from-over
"Last all-Christian village under Palestinian Authority calls on US citizens, permanent residents to prep for lawsuit",The Taybeh municipality said it was filing a civil case in the United States seeking damages in relation to so-called settler violence.,https://www.jns.org/news/israel-news/last-all-christian-village-under-palestinian-authority-calls-on-us-citizens-permanent-residents-to-prep-for-lawsuit,JNS,Mike Wagenheim,2026-09-08T13:45:00,2026-09-08 17:47:07.556989,https://www.jns.org/news/israel-news/last-all-christian-village-under-palestinian-authority-calls-on-us-citizens-permanent-residents-to-prep-for-lawsuit
How the fight over Israel moved into state Democratic parties,"What started as internal pressure over Israel is harder to dismiss as fringe, as state parties turn activist priorities into written policy.",https://www.jns.org/opinion/sloan-rachmuth/how-the-fight-over-israel-moved-into-state-democratic-parties,JNS,Sloan Rachmuth,2026-09-08T15:00:00,2026-09-08 17:47:07.556960,https://www.jns.org/opinion/sloan-rachmuth/how-the-fight-over-israel-moved-into-state-democratic-parties
BGU appoints Melissa B. Greenberg as CEO of Americans for Ben-Gurion University,"“The university embodies humanitarian ideals and the belief that a Jewish state can be a light unto the nations through its contributions to humanity,” she said.",https://www.jns.org/wire/americans-for-ben-gurion-university-a4bgu/bgu-appoints-melissa-b-greenberg-as-ceo-of-americans-for-ben-gurion-university,JNS,,2026-09-08T16:00:00,2026-09-08 17:47:07.556932,https://www.jns.org/wire/americans-for-ben-gurion-university-a4bgu/bgu-appoints-melissa-b-greenberg-as-ceo-of-americans-for-ben-gurion-university
France leads 11 other nations calling for sanctions against 'settlement' goods,"The other countries were Canada, Denmark, Finland, Iceland, Ireland, Norway, Poland, Portugal, Spain, Sweden and the United Kingdom.",https://www.jns.org/news/world/france-leads-11-other-nations-calling-for-sanctions-against-settlement-goods,JNS,JNS Staff,2026-09-08T16:09:53,2026-09-08 17:47:07.556890,https://www.jns.org/news/world/france-leads-11-other-nations-calling-for-sanctions-against-settlement-goods
Nessel’s secret admission,A Jewish Democrat lets slip that the progressive-Islamist movement is an existential threat to American Jews.,https://www.jns.org/opinion/column/benjamin-kerstein/nessels-secret-admission,JNS,Benjamin Kerstein,2026-09-08T17:30:00,2026-09-08 17:47:07.556855,https://www.jns.org/opinion/column/benjamin-kerstein/nessels-secret-admission
Tidbits: New German textbooks about the Jewish religion,"Tidbits is a Forverts feature of easy news briefs in Yiddish that you can listen to or read, or both! If you read the article and don’t know a word, just click on it and the translation appears. Listen to the report here: צום ערשטן מאָל זינט דעם חורבן האָבן די דײַטשישע עפֿנטלעכע שולן באַקומען... The post Tidbits: New German textbooks about the Jewish religion appeared first on The Forward .",https://forward.com/yiddish/848909/tidbits-new-german-textbooks-about-the-jewish-religion/,The Forward,פֿאָרווערטס־רעדאַקציע,2026-09-08T14:13:08,2026-09-08 17:47:00.895256,https://forward.com/?p=848909
Did Netanyahu ignore Oct. 7 warning? An independent inquiry could cost him re-election.,"Israel’s election campaign effectively begins today, as political parties submit their list of candidates who will contest the Oct. 27 election. It is difficult to imagine a more politically explosive moment for the publication of a new investigation into the failures surrounding Oct. 7. Today’s report in the Haaretz newspaper alleges that Benjamin Netanyahu received... The post Did Netanyahu ignore Oct. 7 warning? An independent inquiry could cost him re-election. appeared first on The Forward .",https://forward.com/opinion/849011/netanyahu-warned-before-october-7-election-impact/,The Forward,Dan Perry,2026-09-08T17:26:34,2026-09-08 17:47:00.895204,https://forward.com/?p=849011
Adidas apologizes for campaign with Israeli veteran amputee after calls to boycott,The campaign faced backlash from pro-Palestinian activists who referenced Gaza’s high number of amputees. -- The post Adidas apologizes for campaign with Israeli veteran amputee after calls to boycott appeared first on Jewish Telegraphic Agency .,https://www.jta.org/2026/09/08/global/adidas-apologizes-for-campaign-with-israeli-veteran-amputee-after-calls-to-boycott,JTA,Shira Li Bartov,2026-09-08T17:23:50,2026-09-08 17:46:58.523896,https://www.jta.org/?p=1907685
Portuguese artists pull out of Jerry Seinfeld-headlined festival,"Though none of the artists named Seinfeld, some hinted at a boycott against his pro-Israel views. -- The post Portuguese artists pull out of Jerry Seinfeld-headlined festival appeared first on Jewish Telegraphic Agency .",https://www.jta.org/2026/09/08/default/portuguese-artists-pull-out-of-jerry-seinfeld-headlined-festival,JTA,Shira Li Bartov,2026-09-08T17:33:59,2026-09-08 17:46:58.523849,https://www.jta.org/?p=1907690
Your Daily Phil: What grassroots groups can learn from MACA’s turmoil,The post Your Daily Phil: What grassroots groups can learn from MACA’s turmoil appeared first on eJewishPhilanthropy .,https://ejewishphilanthropy.com/your-daily-phil-what-grassroots-groups-can-learn-from-macas-turmoil/,eJewish Philanthropy,EJP,2026-09-08T14:41:51,2026-09-08 17:46:56.188627,https://ejewishphilanthropy.com/?p=179801
"'Baby, an update: He's just died': Israeli prison guards' texts expose a routine of abuse","'We got tired of beating them': After a Palestinian prisoner died at Ketziot Prison in 2023, investigators uncovered Israeli Prison Service guards boasting about beatings and implicating their commanders",https://www.haaretz.com/israel-news/israel-security/2026-09-08/ty-article-magazine/.premium/baby-an-update-hes-just-died-israeli-guards-texts-reveal-abuse-in-prison/000001a0-7ab4-d46f-a5ef-7bbe46360000,Haaretz,Josh Breiner,2026-09-08T09:36:01,2026-09-08 13:21:58.410632,https://www.haaretz.com/israel-news/israel-security/2026-09-08/ty-article-magazine/.premium/baby-an-update-hes-just-died-israeli-guards-texts-reveal-abuse-in-prison/000001a0-7ab4-d46f-a5ef-7bbe46360000
Woman selected to run on an Israeli ultra-Orthodox party slate for the first time,"The new Haredi Public party has appointed Dr. Nechumi Yaffe, a political psychologist and former adviser on ultra-Orthodox affairs at the National Security Council. Recent polls suggest the party is unlikely to clear the electoral threshold",https://www.haaretz.com/israel-news/elections/2026-09-08/ty-article/.premium/first-woman-selected-to-run-on-an-israeli-ultra-orthodox-party-slate/000001a0-801a-db70-a9e3-d1ba98490000,Haaretz,Yael Freidson,2026-09-08T10:35:16,2026-09-08 13:21:58.410603,https://www.haaretz.com/israel-news/elections/2026-09-08/ty-article/.premium/first-woman-selected-to-run-on-an-israeli-ultra-orthodox-party-slate/000001a0-801a-db70-a9e3-d1ba98490000
A Haredi political revolt is brewing – and it could shake up Israel's election,"Veteran Haredi politicians are losing favor with top rabbis, shaking up party slates. Meanwhile, new parties are outflanking the establishment on its left and right. But will they really be any different?",https://www.haaretz.com/israel-news/israel-politics/2026-09-08/ty-article-magazine/.premium/a-haredi-political-revolt-is-brewing-and-it-could-shake-up-israels-election/000001a0-7ab8-d21d-a5ac-fbfd83300000,Haaretz,Aaron Rabinowitz,2026-09-08T10:43:46,2026-09-08 13:21:58.410569,https://www.haaretz.com/israel-news/israel-politics/2026-09-08/ty-article-magazine/.premium/a-haredi-political-revolt-is-brewing-and-it-could-shake-up-israels-election/000001a0-7ab8-d21d-a5ac-fbfd83300000
Ben-Gvir's No. 8 candidate attacked protesters and offered to host rape suspects,"Tzachi Eliyahu, who has a tattoo of the outlawed ultranationalist Kach movement's symbol, has also posed with an IDF soldier convicted of killing a wounded Palestinian assailant and promoted an October 7 conspiracy theory",https://www.haaretz.com/israel-news/elections/2026-09-08/ty-article/.premium/ben-gvirs-no-8-candidate-attacked-protesters-and-offered-to-host-rape-suspects/000001a0-7fce-d49d-ada5-ffdf21bd0000,Haaretz,Noa Shpigel,2026-09-08T11:16:40,2026-09-08 13:21:58.410537,https://www.haaretz.com/israel-news/elections/2026-09-08/ty-article/.premium/ben-gvirs-no-8-candidate-attacked-protesters-and-offered-to-host-rape-suspects/000001a0-7fce-d49d-ada5-ffdf21bd0000
"Proxies, fundamentalism, security zones: Are Israel's war tactics taken from Iran's playbook?","Whether by design or not, many of Israel's security tactics since October 7 resemble those of the Iranian regime. Experts warn that even if there is no clear Israeli 'axis of resistance,' the path that Israel is going down is dangerous",https://www.haaretz.com/israel-news/israel-security/2026-09-08/ty-article-magazine/.premium/are-israels-war-tactics-taken-from-irans-playbook/000001a0-7fd5-d5e7-a7a0-7fd528eb0000,Haaretz,Dahlia Scheindlin,2026-09-08T11:38:19,2026-09-08 13:21:58.410507,https://www.haaretz.com/israel-news/israel-security/2026-09-08/ty-article-magazine/.premium/are-israels-war-tactics-taken-from-irans-playbook/000001a0-7fd5-d5e7-a7a0-7fd528eb0000
"U.K. settlement sanctions are about accountability, not antisemitism",Jewish establishment organizations in the U.K. have led a bad-faith campaign against new settlement sanctions. Their arguments are far from convincing,https://www.haaretz.com/opinion/2026-09-08/ty-article-opinion/.premium/u-k-settlement-sanctions-are-about-accountability-not-antisemitism/000001a0-8104-d4aa-a7fd-f346be820000,Haaretz,Em Hilton,2026-09-08T12:49:04,2026-09-08 13:21:58.410475,https://www.haaretz.com/opinion/2026-09-08/ty-article-opinion/.premium/u-k-settlement-sanctions-are-about-accountability-not-antisemitism/000001a0-8104-d4aa-a7fd-f346be820000
From cars to Iron Dome: How a Volkswagen plant is sidestepping Qatari opposition,"To circumvent opposition from Qatar's sovereign wealth fund, a major Volkswagen shareholder, Aurelius Capital and the state of Lower Saxony will acquire the Osnabrück plant before striking the deal with Israel's Rafael",https://www.haaretz.com/israel-news/israel-security/2026-09-08/ty-article/.premium/from-cars-to-iron-dome-how-a-volkswagen-plant-is-sidestepping-qatari-opposition/000001a0-8091-d9e5-a9ba-cad5c1090000,Haaretz,Ofir Dor,2026-09-08T12:51:09,2026-09-08 13:21:58.410448,https://www.haaretz.com/israel-news/israel-security/2026-09-08/ty-article/.premium/from-cars-to-iron-dome-how-a-volkswagen-plant-is-sidestepping-qatari-opposition/000001a0-8091-d9e5-a9ba-cad5c1090000
"'Not once did you use the word peace:' In English, Yair Golan strikes a centrist tone","Even though the Democrats' leader touched on their policies of diplomacy over war, ending settler violence and bringing the Haredim into the national fold, some immigrant attendees felt the event lacked a distinctly left-wing message",https://www.haaretz.com/israel-news/elections/2026-09-08/ty-article-magazine/.premium/not-once-did-you-say-peace-in-english-yair-golan-strikes-a-centrist-tone/000001a0-8013-d5e7-a7a0-a21742ae0000,Haaretz,Linda Dayan,2026-09-08T13:21:40,2026-09-08 13:21:58.410409,https://www.haaretz.com/israel-news/elections/2026-09-08/ty-article-magazine/.premium/not-once-did-you-say-peace-in-english-yair-golan-strikes-a-centrist-tone/000001a0-8013-d5e7-a7a0-a21742ae0000
Israeli carrier to launch first-ever flights from Tel Aviv to the Philippines,"Arkia will offer weekly direct flights to Manila, starting on Jan. 3.",https://www.jns.org/news/israel-news/israeli-carrier-to-launch-first-ever-flights-from-tel-aviv-to-the-philippines,JNS,Etgar Lefkovits,2026-09-08T09:15:29,2026-09-08 13:21:51.052544,https://www.jns.org/news/israel-news/israeli-carrier-to-launch-first-ever-flights-from-tel-aviv-to-the-philippines
Israel keeps Europe’s homeland safe,"Governments, including those that denounce the Jewish state, rely on its air-defense technology when their own skies are at stake.",https://www.jns.org/opinion/lawrence-solomon/israel-keeps-europes-homeland-safe,JNS,Lawrence Solomon,2026-09-08T09:45:00,2026-09-08 13:21:51.052519,https://www.jns.org/opinion/lawrence-solomon/israel-keeps-europes-homeland-safe
Trump warns his biggest attack on Iran is still to come,"“Jerusalem Minute” is your JNS weekly news briefing filmed in the JNS Media Hub in Jerusalem, the heart of where some of Israel’s biggest stories unfold. Hosted by Alex Traiman, JNS CEO and Jerusalem bureau chief, and Middle East correspondent Josh Hasten, the show delivers sharp, real-time analysis on the events shaping Israel and the Middle East. From Gaza to Lebanon to Iran’s regional aggression, U.S.-Israel diplomacy and domestic political turmoil, “Jerusalem Minute” offers an up-to-the-minute picture of what’s happening and why it matters. Bring an understanding of the history of the Middle East and insider perspectives, Traiman and Hasten unpack Israel’s most urgent developments. Each episode connects breaking news to the broader geopolitical landscape—examining how global decisions, regional tensions and media narratives impact Israel’s security and diplomacy. For anyone seeking a credible, fast-moving analysis of Israel news and Middle East affairs, “Jerusalem Minute” delivers context and clarity you won’t find anywhere else. See more at: @JNS_TV and subscribe to our YouTube channel.",https://www.jns.org/jns-tv/jlminute/trump-warns-his-biggest-attack-on-iran-is-still-to-come,JNS,Josh Hasten,2026-09-08T10:12:41,2026-09-08 13:21:51.052489,https://www.jns.org/jns-tv/jlminute/trump-warns-his-biggest-attack-on-iran-is-still-to-come
"Huckabee: Trump bombing, bankrupting Iran to protect America",The U.S. envoy said that Washington was dismantling Tehran militarily and economically after the Islamic Republic targeted the West for decades.,https://www.jns.org/news/u-s-news/huckabee-trump-bombing-bankrupting-iran-to-protect-america,JNS,JNS Staff,2026-09-08T11:02:37,2026-09-08 13:21:51.052407,https://www.jns.org/news/u-s-news/huckabee-trump-bombing-bankrupting-iran-to-protect-america
Eisenkot unveils Yashar electoral list ahead of Oct. 27 vote,"“We are a winning list that includes all parts of Israeli society,” MK Farkash-Hacohen told JNS.",https://www.jns.org/news/israel-news/eisenkots-yashar-unveils-electoral-list-ahead-of-oct-27-vote,JNS,Natan Galula,2026-09-08T11:28:27,2026-09-08 13:21:51.052380,https://www.jns.org/news/israel-news/eisenkots-yashar-unveils-electoral-list-ahead-of-oct-27-vote
"Ben-Gvir unveils Otzma slate, welcomes Fleisher to Knesset run",The Hebron spokesman secured the 12th slot after MK Tzvika Foghel opted not to seek reelection.,https://www.jns.org/news/israel-news/ben-gvir-unveils-otzma-slate-welcomes-fleisher-to-knesset-run,JNS,Amelie Botbol,2026-09-08T12:19:05,2026-09-08 13:21:51.052354,https://www.jns.org/news/israel-news/ben-gvir-unveils-otzma-slate-welcomes-fleisher-to-knesset-run
Why do Jews lead so many of America’s top universities?,"They must simultaneously serve as scholars, CEOs, diplomats, fundraisers and public figures while navigating intense political polarization.",https://www.jns.org/wire/The-Genesis-Prize-Foundation/why-do-jews-lead-so-many-of-americas-top-universities,JNS,,2026-09-08T13:00:00,2026-09-08 13:21:51.052326,https://www.jns.org/wire/The-Genesis-Prize-Foundation/why-do-jews-lead-so-many-of-americas-top-universities
"Job had questions, history gave him ‘patience’","“During this moment of spiking antisemitism, Jews can take a measure of comfort in recalling to ourselves and to all Americans how Hebraic ideas have helped shape American political language,” Rabbi Stu Halpern, of Yeshiva University, told JNS.",https://www.jns.org/feature/job-had-questions-history-gave-him-patience,JNS,Menachem Wecker,2026-09-08T13:00:00,2026-09-08 13:21:51.052288,https://www.jns.org/feature/job-had-questions-history-gave-him-patience
"‘Very unlikely’ anti-Jewish hate crimes will return to pre-Oct. 7 levels anytime soon, expert says",Ayal Feinberg of Gratz College told JNS that “antisemitism is becoming more normalized in this country.”,https://www.jns.org/news/u-s-news/very-unlikely-anti-jewish-hate-crimes-will-return-to-pre-oct-7-levels-anytime-soon-expert-says,JNS,Aaron Bandler,2026-09-08T13:15:00,2026-09-08 13:21:51.052248,https://www.jns.org/news/u-s-news/very-unlikely-anti-jewish-hate-crimes-will-return-to-pre-oct-7-levels-anytime-soon-expert-says
"Chosen Links by Boaz – Ep 19 | 9/11: Remembrance and Resilience, 25 Years Later (Part One)","[&#8230;] The post Chosen Links by Boaz &#8211; Ep 19 | 9/11: Remembrance and Resilience, 25 Years Later (Part One) appeared first on Jewish Journal .",https://jewishjournal.com/community/chosen-links/391943/9-11-remembrance-and-resilience-25-years-later-part-one/,Jewish Journal,Boaz Hepner,2026-09-08T08:40:58,2026-09-08 13:21:48.792581,https://jewishjournal.com/?p=391943
What Jewish leaders can learn from nine months of Mothers Against College Antisemitism infighting,"On Friday evening, the popular, often boisterous grassroots advocacy Facebook group Mothers Against College Antisemitism instituted new rules: “Pausing” discussions about its “internal dispute” and prioritizing “posts that directly support our mission of addressing college and university antisemitism and supporting Jewish students, Jewish faculty, and their families.” Titled “Moving forward and Shabbat shalom,” the post... Read More The post What Jewish leaders can learn from nine months of Mothers Against College Antisemitism infighting appeared first on eJewishPhilanthropy .",https://ejewishphilanthropy.com/what-jewish-leaders-can-learn-from-nine-months-of-mothers-against-college-antisemitism-infighting/,eJewish Philanthropy,Jay Deitcher,2026-09-08T12:01:57,2026-09-08 13:21:39.671512,https://ejewishphilanthropy.com/?p=179766
Americans for Ben-Gurion University taps Melissa B. Greenberg as next CEO,"Americans for Ben-Gurion University has tapped Melissa B. Greenberg as its next CEO, eJewishPhilanthropy has learned. A veteran fundraiser, Greenberg grew philanthropic giving at Hebrew Union College, the Reform movement’s rabbinical seminary, by some 300% over four years as its chief philanthropy officer, according to Americans for Ben-Gurion University. She previously served as the executive... Read More The post Americans for Ben-Gurion University taps Melissa B. Greenberg as next CEO appeared first on eJewishPhilanthropy .",https://ejewishphilanthropy.com/americans-for-ben-gurion-university-taps-melissa-b-greenberg-as-next-ceo/,eJewish Philanthropy,Justin Hayet,2026-09-08T12:23:44,2026-09-08 13:21:39.671458,https://ejewishphilanthropy.com/?p=179768
A philanthropic odyssey,"IneJewishPhilanthropy’s exclusive opinion column The 501(C) Suite, leading foundation executives share what they are working on and thinking about with the wider philanthropic field. “Describe your philanthropic journey.” Influential funders are often asked to narrate their giving arc for others. These stories describe people or institutions recognizing what matters to them and setting a course... Read More The post A philanthropic odyssey appeared first on eJewishPhilanthropy .",https://ejewishphilanthropy.com/a-philanthropic-odyssey/,eJewish Philanthropy,Idana Goldberg,2026-09-08T12:24:53,2026-09-08 13:21:39.671407,https://ejewishphilanthropy.com/?p=179763
"From empty desert to a ‘small town,’ ADI Negev marks 20 years of making Israel a more caring place","In speeches and interviews, Maj. Gen. (res.) Doron Almog, chairman of the Jewish Agency, often says that his greatest teacher was not a former commanding officer, teacher or professor; it was his son, Eran, who was born with severe autism and intellectual disabilities. Eran was “the greatest teacher of my life — the son who... Read More The post From empty desert to a ‘small town,’ ADI Negev marks 20 years of making Israel a more caring place appeared first on eJewishPhilanthropy .",https://ejewishphilanthropy.com/from-empty-desert-to-a-small-town-adi-negev-marks-20-years-of-making-israel-a-more-caring-place/,eJewish Philanthropy,Justin Hayet,2026-09-08T12:41:03,2026-09-08 13:21:39.671350,https://ejewishphilanthropy.com/?p=179767
"Israeli ministers: Recognize Argentina's Falklands claim, expel British ambassador","As Britain is poised to ban trade with Israeli settlements in the West Bank, Itamar Ben-Gvir called on Netanyahu to recognize Argentina's sovereignty over the Falkland Islands – echoing a call by Netanyahu's son that angered the British right",https://www.haaretz.com/israel-news/israel-politics/2026-09-08/ty-article/.premium/israeli-ministers-recognize-argentinas-falklands-claim-expel-british-envoy/000001a0-7fa2-da8b-afbe-7fe73e4c0000,Haaretz,Liza Rozovsky,2026-09-08T07:11:07,2026-09-08 08:40:02.206560,https://www.haaretz.com/israel-news/israel-politics/2026-09-08/ty-article/.premium/israeli-ministers-recognize-argentinas-falklands-claim-expel-british-envoy/000001a0-7fa2-da8b-afbe-7fe73e4c0000
"Netanyahu led Israel 'blindly to disaster,' Eisenkot says after Haaretz exposé on UAE warning before Oct. 7","Israel's opposition leaders responded to a Haaretz report that Netanyahu received an explicit warning from the UAE President that Hamas was planning a major operation. Eisenkot said the PM was unfit to serve, others called the revelations 'criminal'",https://www.haaretz.com/israel-news/israel-politics/2026-09-08/ty-article/.premium/eisenkot-netanyahu-led-israel-blindly-to-disaster-despite-oct-7-warning/000001a0-7fba-d5e7-a7a0-7fbe83760000,Haaretz,Noa Shpigel,2026-09-08T08:28:28,2026-09-08 08:40:02.206517,https://www.haaretz.com/israel-news/israel-politics/2026-09-08/ty-article/.premium/eisenkot-netanyahu-led-israel-blindly-to-disaster-despite-oct-7-warning/000001a0-7fba-d5e7-a7a0-7fbe83760000
Israir brings forward launch of New York flights to September 15,"The move comes as U.S. carriers, led by Delta and United, return to Israel during the busy fall holiday season after months when service was frozen due to the Iran war, sending airfares soaring.",https://www.jns.org/news/israel-news/israir-brings-forward-launch-of-new-york-flights-to-september-15,JNS,Etgar Lefkovits,2026-09-08T04:00:00,2026-09-08 08:39:55.366703,https://www.jns.org/news/israel-news/israir-brings-forward-launch-of-new-york-flights-to-september-15
Halting arms sales to Qatar is only the first step,Israel’s decision to end defense exports to Qatar addresses only part of the problem.,https://www.jns.org/analysis/halting-arms-sales-to-qatar-is-only-the-first-step,JNS,Ariel Admoni,2026-09-08T04:07:00,2026-09-08 08:39:55.366675,https://www.jns.org/analysis/halting-arms-sales-to-qatar-is-only-the-first-step
Western Wall Foundation completes pre-holiday removal of prayer notes from holy site,"Among the moving prayers requesting peace were missives sent from Iran, Yemen, Iraq, Qatar and Lebanon.",https://www.jns.org/news/israel-news/western-wall-foundation-completes-pre-holiday-removal-of-prayer-notes-from-holy-site,JNS,JNS Staff,2026-09-08T04:17:00,2026-09-08 08:39:55.366650,https://www.jns.org/news/israel-news/western-wall-foundation-completes-pre-holiday-removal-of-prayer-notes-from-holy-site
"Israeli traffic fatalities at 309 in 2026, down 3%, watchdog says","Casualty tolls reflect ongoing Transportation Ministry failures, said Or Yarok, urging the adoption of a comprehensive multi-year plan.",https://www.jns.org/news/israel-news/israeli-traffic-fatalities-at-309-in-2026-down-3-watchdog-says,JNS,JNS Staff,2026-09-08T04:47:00,2026-09-08 08:39:55.366626,https://www.jns.org/news/israel-news/israeli-traffic-fatalities-at-309-in-2026-down-3-watchdog-says
Iranian regime ‘running out of options’,Observers weigh whether financial strangulation raises the odds of an Iranian strike.,https://www.jns.org/analysis/iranian-regime-running-out-of-options,JNS,Yaakov Lappin,2026-09-08T05:08:00,2026-09-08 08:39:55.366601,https://www.jns.org/analysis/iranian-regime-running-out-of-options
No longer passing through: Jewish life takes root across Asia,"40 years after Chabad sent its first emissary to the region, communities once centered on travelers and business people are building schools, mikvahs and cemeteries for Jews who have come to stay.",https://www.jns.org/feature/no-longer-passing-through-jewish-life-takes-root-across-asia,JNS,Tania Shalom Michaelian,2026-09-08T05:24:26,2026-09-08 08:39:55.366577,https://www.jns.org/feature/no-longer-passing-through-jewish-life-takes-root-across-asia
Daniel Pinsky becomes first Israeli sailor to embark on 250-day global race,Competitors of the 2026 Golden Globe Race are allowed to navigate only single-handedly and without modern technology.,https://www.jns.org/news/israel-news/daniel-pinksy-becomes-first-israeli-sailor-to-embark-on-250-day-global-race,JNS,JNS Staff,2026-09-08T05:37:25,2026-09-08 08:39:55.366548,https://www.jns.org/news/israel-news/daniel-pinksy-becomes-first-israeli-sailor-to-embark-on-250-day-global-race
Israeli-German study uncovers new path to understanding cancer,"The researchers have identified a previously unknown mechanism, potentially shedding additional light on how tumors develop.",https://www.jns.org/israeli-german-study-uncovers-new-path-to-understanding-cancer,JNS,Pesach Benson/TPS-IL,2026-09-08T06:14:09,2026-09-08 08:39:55.366523,https://www.jns.org/israeli-german-study-uncovers-new-path-to-understanding-cancer
Red Cross visits to imprisoned terrorists resume as Israeli High Court decision takes effect,The June decision reversed an Oct. 2025 order by Israeli Defense Minister Israel Katz prohibiting visits by Red Cross representatives for security reasons.,https://www.jns.org/news/israel-news/red-cross-visits-to-imprisoned-terrorists-resume-as-israeli-high-court-decision-takes-effect,JNS,David Isaac,2026-09-08T06:23:00,2026-09-08 08:39:55.366499,https://www.jns.org/news/israel-news/red-cross-visits-to-imprisoned-terrorists-resume-as-israeli-high-court-decision-takes-effect
VW plans German plant sale for Rafael air-defense project,Lower Saxony and Israeli firm Aurelius aim to develop Volkswagen’s Osnabrück site into a defense hub after vehicle production ends in 2027.,https://www.jns.org/news/world/vw-plans-german-plant-sale-for-rafael-air-defense-project,JNS,JNS Staff,2026-09-08T06:24:12,2026-09-08 08:39:55.366471,https://www.jns.org/news/world/vw-plans-german-plant-sale-for-rafael-air-defense-project
"The left isn’t bothered by global injustice or inhumanity, only by Jews",Far-leftists don’t care when “people of color” kill other people of color.,https://www.jns.org/opinion/james-sinkinson/the-left-isnt-bothered-by-global-injustice-or-inhumanity-only-by-jews,JNS,James Sinkinson,2026-09-08T06:30:00,2026-09-08 08:39:55.366441,https://www.jns.org/opinion/james-sinkinson/the-left-isnt-bothered-by-global-injustice-or-inhumanity-only-by-jews
Greece’s Israeli-built ‘defensive wall’ shifts balance of power against Erdoğan,"After a massive deal, Athens prepares for a new era in its rivalry with Ankara, placing Israel at the heart of its military buildup.",https://www.jns.org/analysis/greeces-israeli-built-defensive-wall-shifts-balance-of-power-against-erdogan,JNS,Dudi Kogan,2026-09-08T06:38:54,2026-09-08 08:39:55.366408,https://www.jns.org/analysis/greeces-israeli-built-defensive-wall-shifts-balance-of-power-against-erdogan
Thailand to deport French zoo owner who banned Israeli,A similar deportation order was issued against an Israeli national for allegedly threatening the Frenchman and zoo staff on the island of Koh Samui.,https://www.jns.org/news/israel-news/thailand-to-deport-french-zoo-owner-who-banned-israeli,JNS,JNS Staff,2026-09-08T07:11:24,2026-09-08 08:39:55.366378,https://www.jns.org/news/israel-news/thailand-to-deport-french-zoo-owner-who-banned-israeli
Israeli ministers urge reprisals as UK mulls sanctions,Smotrich calls for Britain’s ambassador to be expelled; Ben-Gvir urges recognition of Argentine sovereignty over the Falkland Islands.,https://www.jns.org/news/israel-news/israeli-ministers-urge-reprisals-as-uk-mulls-sanctions,JNS,JNS Staff,2026-09-08T07:41:07,2026-09-08 08:39:55.366349,https://www.jns.org/news/israel-news/israeli-ministers-urge-reprisals-as-uk-mulls-sanctions
Mladenov: Two-state solution risks becoming 'practically impossible',The Board of Peace envoy warned in Abu Dhabi that Trump's plan must be implemented to prevent ongoing conflict or an Israeli takeover of the Strip.,https://www.jns.org/news/israel-news/mladenov-two-state-solution-risks-becoming-practically-impossible,JNS,JNS Staff,2026-09-08T08:06:23,2026-09-08 08:39:55.366313,https://www.jns.org/news/israel-news/mladenov-two-state-solution-risks-becoming-practically-impossible
"In new ‘Fauda’ season, the aftershocks of Oct. 7, without a thought for Gaza","When Fauda Season 4 ended an eternity and a devastating war ago, our hero was at death’s door, reciting both the central prayer of Judaism, the Shema, and the Muslim Fatiha. It was a cliffhanger with monumental implications for Doron Kavillio (Lior Raz), an Israeli Jew who spent his days undercover as a Muslim Arab... The post In new ‘Fauda’ season, the aftershocks of Oct. 7, without a thought for Gaza appeared first on The Forward .",https://forward.com/culture/film-tv/848378/fauda-season-5-review-netflix-hamas-israel-october-7/,The Forward,PJ Grisar,2026-09-08T07:00:19,2026-09-08 08:39:48.704071,https://forward.com/?p=848378
Far-right win in German regional race sends shockwaves through Europe,"(JTA) — A victory for Germany’s far-right party in an eastern federal state has reverberated across the globe, exposing the widening rifts between alarmed centrist leaders and insurgent nationalist movements in Europe. The Alternative for Germany (AfD) party won 43.8% of the vote in an election in Saxony-Anhalt on Sunday, crushing the center-right Christian Democratic... The post Far-right win in German regional race sends shockwaves through Europe appeared first on The Forward .",https://forward.com/fast-forward/848969/far-right-win-in-german-regional-race-sends-shockwaves-through-europe/,The Forward,Toby Axelrod,2026-09-08T08:32:29,2026-09-08 08:39:48.704015,https://forward.com/?p=848969
Standing up for your rights is not only about obtaining justice for yourself,"I never expected that peacefully handing out information about Israel at my alma mater would get me banned from campus, or that challenging that ban would lead to university-wide policy change nearly two years later. But as this journey finally comes to a close, it has been a powerful reminder that speaking up can make... Read More The post Standing up for your rights is not only about obtaining justice for yourself appeared first on eJewishPhilanthropy .",https://ejewishphilanthropy.com/standing-up-for-your-rights-is-not-only-about-obtaining-justice-for-yourself/,eJewish Philanthropy,Daniel Swindell,2026-09-08T08:17:00,2026-09-08 08:39:43.924253,https://ejewishphilanthropy.com/?p=179756
Poll: Yashar increases lead over Likud; Eisenkot bloc projected to win 57 seats,"According to the Channel 12 News opinion poll, Eisenkot's party would win 25 seats if the election were held today - while Netanyahu would win 21. Ofer Winter's Amcha Yisrael passes the electoral threshold",https://www.haaretz.com/israel-news/elections/2026-09-08/ty-article/poll-yashar-increases-lead-over-likud-eisenkot-bloc-projected-to-win-57-seats/000001a0-7e31-db0b-a1f2-7eb995c20000,Haaretz,Haaretz,2026-09-08T00:01:33,2026-09-08 03:33:40.262595,https://www.haaretz.com/israel-news/elections/2026-09-08/ty-article/poll-yashar-increases-lead-over-likud-eisenkot-bloc-projected-to-win-57-seats/000001a0-7e31-db0b-a1f2-7eb995c20000
Ben-Gvir urges sanctions against U.K. over 'occupation' of Falklands after report of British ban on trade with settlements,,https://www.haaretz.com/israel-news/israel-security/2026-09-08/ty-article-live/ben-gvir-urges-sanctions-against-u-k-over-occupation-of-falklands/000001a0-7ec8-d825-afb5-fefc444f0000,Haaretz,Haaretz,2026-09-08T02:24:10,2026-09-08 03:33:40.262562,https://www.haaretz.com/israel-news/israel-security/2026-09-08/ty-article-live/ben-gvir-urges-sanctions-against-u-k-over-occupation-of-falklands/000001a0-7ec8-d825-afb5-fefc444f0000
"Syria's Druze defy Damascus and court Israel, risking a dangerous collision with Trump","As Sweida's spiritual leader pushes for autonomy and bars cooperation with the government of President al-Sharaa, leaning on Israel provides a fragile bargaining chip - one the Trump administration could easily snatch away",https://www.haaretz.com/middle-east-news/2026-09-08/ty-article/.premium/syrias-druze-defy-damascus-and-court-israel-risking-a-collision-with-trump/000001a0-7e05-d7d5-a9fc-7effaed70000,Haaretz,Zvi Bar'el,2026-09-08T02:58:21,2026-09-08 03:33:40.262526,https://www.haaretz.com/middle-east-news/2026-09-08/ty-article/.premium/syrias-druze-defy-damascus-and-court-israel-risking-a-collision-with-trump/000001a0-7e05-d7d5-a9fc-7effaed70000
Revealed: Netanyahu received an explicit warning days before Oct. 7. He didn't brief Israel's security chiefs,"In September '23, UAE President bin Zayed called Netanyahu to deliver a harsh warning. Netanyahu did nothing. An extensive investigation, conducted for a new book, reveals the PM's failures surrounding Oct. 7. Netanyahu: 'This is an absolute lie'",https://www.haaretz.com/israel-news/israel-security/2026-09-08/ty-article-magazine/.highlight/netanyahu-got-an-explicit-warning-before-oct-7-he-didnt-brief-security-chiefs/000001a0-7a3b-d7d5-a9fc-7eff3d0f0000,Haaretz,Shlomi Eldar,2026-09-08T03:02:34,2026-09-08 03:33:40.262468,https://www.haaretz.com/israel-news/israel-security/2026-09-08/ty-article-magazine/.highlight/netanyahu-got-an-explicit-warning-before-oct-7-he-didnt-brief-security-chiefs/000001a0-7a3b-d7d5-a9fc-7eff3d0f0000
"New book reveals how rabbis freed widows, whose husbands were killed on Sept. 11, to remarry","A quarter century after the terror attacks in lower Manhattan, Rabbi Yona Reiss spoke to JNS about the agunah cases handled by the Beth Din of America.",https://www.jns.org/news/u-s-news/new-book-reveals-how-rabbis-freed-widows-whose-husbands-were-killed-on-sept-11-to-remarry,JNS,Jessica Russak-Hoffman,2026-09-08T00:13:25,2026-09-08 03:33:33.126198,https://www.jns.org/news/u-s-news/new-book-reveals-how-rabbis-freed-widows-whose-husbands-were-killed-on-sept-11-to-remarry
The antisemites don’t get to decide where Jews live,We have heard too much history to indulge in either panic or complacency.,https://www.jns.org/opinion/stephen-flatow/the-antisemites-dont-get-to-decide-where-jews-live,JNS,Stephen M. Flatow,2026-09-08T03:00:00,2026-09-08 03:33:33.126158,https://www.jns.org/opinion/stephen-flatow/the-antisemites-dont-get-to-decide-where-jews-live
Unity talk between Netanyahu and his chief rival sets off antitrust alarm bells,,https://www.haaretz.com/opinion/2026-09-08/ty-article-opinion/.premium/unity-talk-between-netanyahu-and-his-chief-rival-sets-off-antitrust-alarm-bells/000001a0-7d1e-d7d5-a9fc-7dff0eaa0000,Haaretz,Aluf Benn,2026-09-07T22:16:17,2026-09-08 00:01:33.526357,https://www.haaretz.com/opinion/2026-09-08/ty-article-opinion/.premium/unity-talk-between-netanyahu-and-his-chief-rival-sets-off-antitrust-alarm-bells/000001a0-7d1e-d7d5-a9fc-7dff0eaa0000
"Daily Cartoon, September 8, 2026",,https://www.haaretz.com/opinion/daily-cartoon/2026-09-08/ty-article-opinion/daily-cartoon-september-8-2026/000001a0-7df3-dc6f-a7b9-ffff44cd0000,Haaretz,,2026-09-07T22:20:31,2026-09-08 00:01:33.526329,https://www.haaretz.com/opinion/daily-cartoon/2026-09-08/ty-article-opinion/daily-cartoon-september-8-2026/000001a0-7df3-dc6f-a7b9-ffff44cd0000
Netanyahu is the greatest hazard to Israelis' health,,https://www.haaretz.com/opinion/editorial/2026-09-08/ty-article-opinion/.premium/netanyahu-is-the-greatest-hazard-to-israelis-health/000001a0-7d59-dc6f-a7b9-ffdf9bc40000,Haaretz,Haaretz Editorial,2026-09-07T22:30:02,2026-09-08 00:01:33.526291,https://www.haaretz.com/opinion/editorial/2026-09-08/ty-article-opinion/.premium/netanyahu-is-the-greatest-hazard-to-israelis-health/000001a0-7d59-dc6f-a7b9-ffdf9bc40000
"Resolutions, anyone?","They may seem difficult at first, but good habits can become second nature.",https://www.jns.org/opinion/column/rabbi-yossy-goldman/resolutions-anyone,JNS,Rabbi Yossy Goldman,2026-09-07T21:00:00,2026-09-08 00:01:26.424089,https://www.jns.org/opinion/column/rabbi-yossy-goldman/resolutions-anyone
Trump has two options for dealing with Iran,The choice is to surrender to the demands of the ayatollahs or put boots on the ground.,https://www.jns.org/opinion/joseph-puder/trump-has-two-options-for-dealing-with-iran,JNS,Joseph Puder,2026-09-07T22:45:00,2026-09-08 00:01:26.424063,https://www.jns.org/opinion/joseph-puder/trump-has-two-options-for-dealing-with-iran
SCOOP: NY state to distribute $70 million to nonprofits vulnerable to hate crimes,"“The Jewish community has been subjected to horrible, horrible acts of antisemitism,” New York Gov. Kathy Hochul told JNS exclusively. “It’s on the rise, and we have to do something about it.”",https://www.jns.org/news/u-s-news/scoop-ny-state-to-distribute-70-million-to-nonprofits-vulnerable-to-hate-crimes,JNS,Rikki Zagelbaum,2026-09-07T22:57:28,2026-09-08 00:01:26.424029,https://www.jns.org/news/u-s-news/scoop-ny-state-to-distribute-70-million-to-nonprofits-vulnerable-to-hate-crimes
An AfD win has panicked some Jews who fear a throwback to Nazi Germany,"Jewish leader warns of ""immense damage"" if Alternative for Germany comes to power. -- The post An AfD win has panicked some Jews who fear a throwback to Nazi Germany appeared first on Jewish Telegraphic Agency .",https://www.jta.org/2026/09/07/global/an-afd-win-has-panicked-some-jews-who-fear-a-throwback-to-nazi-germany,JTA,Toby Axelrod,2026-09-07T23:29:25,2026-09-08 00:01:16.483057,https://www.jta.org/?p=1907664
Ousting Netanyahu Won't Fix the U.S.-Israel Relationship,"Netanyahu has done extraordinary damage to Israel's relationship with the United States, but replacing him this fall will not be enough for a reset. Israel will need broader policy changes to win back American support",https://www.haaretz.com/opinion/2026-09-07/ty-article-opinion/.premium/ousting-netanyahu-wont-fix-the-u-s-israel-relationship/000001a0-7ba3-dc6f-a7b9-ffafbe010000,Haaretz,Hadar Susskind,2026-09-07T12:07:17,2026-09-07 21:56:08.496269,https://www.haaretz.com/opinion/2026-09-07/ty-article-opinion/.premium/ousting-netanyahu-wont-fix-the-u-s-israel-relationship/000001a0-7ba3-dc6f-a7b9-ffafbe010000
Hadash party removes candidate from slate amid sexual misconduct allegations,"Jafar Farah, who placed second on the Jewish- Arab party's slate, retracted a resignation made over the allegations last week. Hadash said he would be integrated into its campaign and party leadership despite being removed from the electoral slate",https://www.haaretz.com/israel-news/israel-politics/2026-09-07/ty-article/.premium/hadash-party-removes-candidate-from-slate-amid-sexual-misconduct-allegations/000001a0-7d19-d21d-a5ac-ff7d66750000,Haaretz,Jack Khoury,2026-09-07T19:55:41,2026-09-07 21:56:08.496222,https://www.haaretz.com/israel-news/israel-politics/2026-09-07/ty-article/.premium/hadash-party-removes-candidate-from-slate-amid-sexual-misconduct-allegations/000001a0-7d19-d21d-a5ac-ff7d66750000
"Mass funeral held in Gaza for dozens of bodies, including kids, found under the rubble","The remains of around 60 children were among those who were recently recovered. The Gaza Health Ministry's reported death toll since the start of the war currently stands at 73,658",https://www.haaretz.com/middle-east-news/palestinians/2026-09-07/ty-article/.premium/dozens-of-bodies-including-childrens-laid-to-rest-in-mass-funeral-in-gaza/000001a0-7d6d-dc6f-a7b9-ffefe21f0000,Haaretz,Nir Hasson,2026-09-07T20:38:51,2026-09-07 21:56:08.496197,https://www.haaretz.com/middle-east-news/palestinians/2026-09-07/ty-article/.premium/dozens-of-bodies-including-childrens-laid-to-rest-in-mass-funeral-in-gaza/000001a0-7d6d-dc6f-a7b9-ffefe21f0000
Germany asks International Court of Justice to throw out Israel arms export case,"Nicaragua accused Germany of violating the 1948 Genocide Convention because it supplies arms to Israel. Berlin temporarily halted weapons exports to ‌Israel in 2025, but they have since resumed. Nicaragua's claim builds on South Africa's ICJ case",https://www.haaretz.com/world-news/europe/2026-09-07/ty-article/germany-asks-international-court-of-justice-to-throw-out-israel-arms-export-case/000001a0-7d47-dc6f-a7b9-ffcf03050000,Haaretz,Reuters,2026-09-07T20:57:05,2026-09-07 21:56:08.496169,https://www.haaretz.com/world-news/europe/2026-09-07/ty-article/germany-asks-international-court-of-justice-to-throw-out-israel-arms-export-case/000001a0-7d47-dc6f-a7b9-ffcf03050000
The settlement golem has turned on its creators,The IDF's failure to maintain a boundary between itself and the settlement movement has consequences. Settler violence in the West Bank is one of them,https://www.haaretz.com/opinion/2026-09-08/ty-article-opinion/.premium/the-settlement-golem-has-turned-on-its-creators/000001a0-7d1e-d5e7-a7a0-7f1e5c290000,Haaretz,Yagil Levy,2026-09-07T21:47:01,2026-09-07 21:56:08.496133,https://www.haaretz.com/opinion/2026-09-08/ty-article-opinion/.premium/the-settlement-golem-has-turned-on-its-creators/000001a0-7d1e-d5e7-a7a0-7f1e5c290000
"Far-Right AfD Party’s German Election Victory Alarms Jewish Community, Israeli Leaders","The German far-right Alternative für Deutschland (AfD) party&#8217;s historic victory in Saxony-Anhalt has sent shockwaves through the country&#8217;s Jewish community,...",https://www.algemeiner.com/2026/09/07/far-right-afd-partys-german-election-victory-alarms-jewish-community-israeli-leaders/,Algemeiner,Ailin Vilches Arguello,2026-09-07T20:07:23,2026-09-07 21:56:03.998819,https://www.algemeiner.com/?p=779191
Jewish Nominee for Ohio Governor Targeted by Armed Man,An armed man who forced his way through a crowd toward Ohio Democratic gubernatorial nominee Amy Acton at the Canfield...,https://www.algemeiner.com/2026/09/07/jewish-nominee-ohio-governor-targeted-armed-man/,Algemeiner,Corey Walker,2026-09-07T21:19:13,2026-09-07 21:56:03.998791,https://www.algemeiner.com/?p=779189
Jewish Family Sues France for $25 Million for Using Home as Embassy in Baghdad,A Jewish family of Iraqi origin is suing the French government for $25 million over a Baghdad property seized from...,https://www.algemeiner.com/2026/09/07/jewish-family-sues-france-25-million-using-home-embassy-baghdad/,Algemeiner,Ailin Vilches Arguello,2026-09-07T21:31:30,2026-09-07 21:56:03.998762,https://www.algemeiner.com/?p=779198
Armed attacker arrested after lunging at Ohio Jewish gubernatorial candidate Amy Acton,"(JTA) — Ohio gubernatorial candidate Amy Acton, a Jewish Democrat, was unharmed following an attack by an armed individual at the sprawling Canfield Fair on Sunday. Police arrested 38-year-old Patrick Havas, who had pushed his way through a crowd in a Democratic Party fairgrounds tent where she was speaking, the Mahoning County Sheriff’s Office announced... The post Armed attacker arrested after lunging at Ohio Jewish gubernatorial candidate Amy Acton appeared first on The Forward .",https://forward.com/fast-forward/848957/armed-attacker-arrested-after-lunging-at-ohio-jewish-gubernatorial-candidate-amy-acton/,The Forward,Sharon Udasin,2026-09-07T21:43:23,2026-09-07 21:55:55.227612,https://forward.com/?p=848957
Armed attacker arrested after lunging at Ohio Jewish gubernatorial candidate Amy Acton,"Her campaign said she would ""always stand up to the chaos, hate and vitriol that pits us against one another."" -- The post Armed attacker arrested after lunging at Ohio Jewish gubernatorial candidate Amy Acton appeared first on Jewish Telegraphic Agency .",https://www.jta.org/2026/09/07/politics/armed-attacker-arrested-after-lunging-at-ohio-jewish-gubernatorial-candidate-amy-acton,JTA,Sharon Udasin,2026-09-07T21:19:01,2026-09-07 21:55:52.829139,https://www.jta.org/?p=1907658
Netanyahu drove these Israelis to Berlin. Now they're flying back to vote him out,Three Israelis explain why this election is a referendum on whether they will ever be able to move home again,https://www.haaretz.com/world-news/europe/2026-09-07/ty-article-magazine/.premium/netanyahu-drove-these-israelis-to-berlin-now-theyre-returning-to-vote-him-out/000001a0-621b-d4eb-affc-7b3b26250000,Haaretz,Vera Weidenbach,2026-09-07T15:19:34,2026-09-07 19:01:37.552636,https://www.haaretz.com/world-news/europe/2026-09-07/ty-article-magazine/.premium/netanyahu-drove-these-israelis-to-berlin-now-theyre-returning-to-vote-him-out/000001a0-621b-d4eb-affc-7b3b26250000
No centrist merger: Eisenkot's party to run separately from Bennett-Lapid,"The heads of Together and Yashar, the two biggest parties in the bloc opposing Prime Minister Benjamin Netanyahu were shown polls indicating a merger would have a marginal impact on votes",https://www.haaretz.com/israel-news/elections/2026-09-07/ty-article/.premium/no-centrist-merger-together-and-yashar-parties-to-run-for-election-separately/000001a0-7bf6-d3de-adf6-7ff78f5f0000,Haaretz,Noa Shpigel,2026-09-07T15:28:59,2026-09-07 19:01:37.552608,https://www.haaretz.com/israel-news/elections/2026-09-07/ty-article/.premium/no-centrist-merger-together-and-yashar-parties-to-run-for-election-separately/000001a0-7bf6-d3de-adf6-7ff78f5f0000
"After passing death penalty law, Israeli delegation visited Singapore – where prisoners are hanged","A secret delegation on behalf of Ben-Gvir's National Security Ministry flew to Singapore – one of the few Western-aligned countries that still executes prisoners by hanging. Sources say the death penalty, while not on the agenda, was discussed",https://www.haaretz.com/israel-news/israel-politics/2026-09-07/ty-article/.premium/israeli-delegation-visited-singapore-where-prisoners-are-hanged/000001a0-7bd3-d7d5-a9fc-7fff65ca0000,Haaretz,Josh Breiner,2026-09-07T16:05:54,2026-09-07 19:01:37.552577,https://www.haaretz.com/israel-news/israel-politics/2026-09-07/ty-article/.premium/israeli-delegation-visited-singapore-where-prisoners-are-hanged/000001a0-7bd3-d7d5-a9fc-7fff65ca0000
Kushner says Israel's 'crazy election' makes it irrational on Gaza. He's wrong,"As long as Washington continues to dismiss Israel's actions as mood swings rather than a modus operandi, there will be no 'new Gaza' – only more catastrophe",https://www.haaretz.com/israel-news/haaretz-today/2026-09-07/ty-article/.highlight/kushner-says-israels-crazy-election-makes-it-irrational-on-gaza-hes-wrong/000001a0-7bb6-d7d5-a9fc-7fff241c0000,Haaretz,Etan Nechin,2026-09-07T17:08:23,2026-09-07 19:01:37.552541,https://www.haaretz.com/israel-news/haaretz-today/2026-09-07/ty-article/.highlight/kushner-says-israels-crazy-election-makes-it-irrational-on-gaza-hes-wrong/000001a0-7bb6-d7d5-a9fc-7fff241c0000
Israeli judges fear presiding over special Hamas tribunal could expose them to sanctions,"The tribunal is expected to hear cases against more than 250 Hamas militants held in Israel after taking part in the October 7, 2023, attack",https://www.haaretz.com/israel-news/israel-crime/2026-09-07/ty-article/.premium/israeli-judges-fear-presiding-over-special-hamas-court-could-lead-to-sanctions/000001a0-7b7e-dad5-abfb-7b7f72240000,Haaretz,Chen Maanit,2026-09-07T17:14:06,2026-09-07 19:01:37.552507,https://www.haaretz.com/israel-news/israel-crime/2026-09-07/ty-article/.premium/israeli-judges-fear-presiding-over-special-hamas-court-could-lead-to-sanctions/000001a0-7b7e-dad5-abfb-7b7f72240000
United Arab List submits candidate list for Knesset after Jewish MK joins party,"After announcing that former Yesh Atid MK Yoav Seglaovitz would be placed second on its slate, the party unveiled its list of candidates for the 26th Knesset. Headed by chairman Mansour Abbas, the list includes several veteran MK's",https://www.haaretz.com/israel-news/elections/2026-09-07/ty-article/.premium/united-arab-list-submits-knesset-slate-after-former-centrist-jewish-mk-joins/000001a0-7c80-dedc-abfa-7da6a6ed0000,Haaretz,Jack Khoury,2026-09-07T17:40:56,2026-09-07 19:01:37.552478,https://www.haaretz.com/israel-news/elections/2026-09-07/ty-article/.premium/united-arab-list-submits-knesset-slate-after-former-centrist-jewish-mk-joins/000001a0-7c80-dedc-abfa-7da6a6ed0000
Ben-Gvir's Otzma Yehudit unveils election slate: Ex-Likud firebrand Tally Gotliv in 2nd spot,"Ben-Gvir's right-hand man, suspected criminal Hanamel Dorfman, will be placed seventh, followed by a party activist with a Kahanist tattoo. Far-right Amcha Yisrael Party leader Ofer Winter also submitted his slate, refusing to merge with Smotrich",https://www.haaretz.com/israel-news/elections/2026-09-07/ty-article/.premium/ben-gvirs-otzma-yehudit-unveils-election-slate-likud-mk-gotliv-takes-2nd-spot/000001a0-7c15-d376-aba5-7f979f960000,Haaretz,Jonathan Lis,2026-09-07T17:43:50,2026-09-07 19:01:37.552446,https://www.haaretz.com/israel-news/elections/2026-09-07/ty-article/.premium/ben-gvirs-otzma-yehudit-unveils-election-slate-likud-mk-gotliv-takes-2nd-spot/000001a0-7c15-d376-aba5-7f979f960000
Sources say Israel's education minister delaying students' PISA results to hide poor performance,"Education Ministry sources say senior officials working for the minister are trying to portray the data more favorably, as the results are expected to show a sharp decline in Israeli students' performance during his tenure",https://www.haaretz.com/israel-news/israel-politics/2026-09-07/ty-article/.premium/sources-minister-delaying-israeli-students-pisa-results-over-poor-performance/000001a0-7c3b-da8b-afbe-7e7fcece0000,Haaretz,Lior Dattel,2026-09-07T18:21:44,2026-09-07 19:01:37.552412,https://www.haaretz.com/israel-news/israel-politics/2026-09-07/ty-article/.premium/sources-minister-delaying-israeli-students-pisa-results-over-poor-performance/000001a0-7c3b-da8b-afbe-7e7fcece0000
Wizz Air launches five new European routes from Israel,"This week, the Hungarian airline will add new routes to Italy, Romania, and Britain, and expand several in Southern and Eastern Europe",https://www.haaretz.com/israel-news/2026-09-07/ty-article/.premium/wizz-air-launches-five-new-european-routes-from-israel/000001a0-7c39-d204-adf1-7f7f0cec0000,Haaretz,TheMarker,2026-09-07T18:33:54,2026-09-07 19:01:37.552373,https://www.haaretz.com/israel-news/2026-09-07/ty-article/.premium/wizz-air-launches-five-new-european-routes-from-israel/000001a0-7c39-d204-adf1-7f7f0cec0000
Adidas Apologizes After Anti-Israel Agitators Urge Boycott Over Campaign Featuring Disabled IDF Veteran,The German sportswear company Adidas apologized over the weekend for featuring in a campaign a former soldier in the Israel...,https://www.algemeiner.com/2026/09/07/adidas-apologizes-anti-israel-agitators-urge-boycott-campaign-featuring-disabled-idf-veteran/,Algemeiner,Shiryn Ghermezian,2026-09-07T15:25:56,2026-09-07 19:01:33.021349,https://www.algemeiner.com/?p=779134
Fatah Admits the Palestinian Authority Never Stopped ‘Pay-for-Slay’,"The Fatah spokesman in the Gaza Strip, Mundhir Al-Hayek, has now confirmed what Palestinian Media Watch (PMW) has documented all along &#8212; the...",https://www.algemeiner.com/2026/09/07/fatah-admits-palestinian-authority-never-stopped-pay-slay/,Algemeiner,Itamar Marcus,2026-09-07T16:37:54,2026-09-07 19:01:33.021320,https://www.algemeiner.com/?p=779155
Can Israel Connect to Syria’s New Oil Routes?,Limited energy cooperation between Israel and its northern neighbors is already a reality. Israeli natural gas has reached Syria through indirect trade...,https://www.algemeiner.com/2026/09/07/can-israel-connect-syrias-new-oil-routes/,Algemeiner,Elai Rettig,2026-09-07T16:39:58,2026-09-07 19:01:33.021289,https://www.algemeiner.com/?p=779149
"As Elections Approach, Israeli Politics Should Not Be a Popularity Contest","For centuries, status was largely measured by wealth, power, and position. The person with the largest house, the greatest fortune,...",https://www.algemeiner.com/2026/09/07/elections-approach-israeli-politics-should-not-be-popularity-contest/,Algemeiner,Sabine Sterk,2026-09-07T16:44:02,2026-09-07 19:01:33.021256,https://www.algemeiner.com/?p=779145
The New Islamic Empire: Will Turkey Inherit Iran’s Mantle?,"Despite being 1,000 miles apart and in different time zones, Turkey and the Sudanese Armed Forces (SAF) maintain a military...",https://www.algemeiner.com/2026/09/07/new-islamic-empire-will-turkey-inherit-irans-mantle/,Algemeiner,Hussain Abdul-Hussain,2026-09-07T17:06:20,2026-09-07 19:01:33.021216,https://www.algemeiner.com/?p=779158
The challenge of change,Rosh Hashanah confronts us with the need to perfect ourselves.,https://www.jns.org/opinion/leonard-grunstein/the-challenge-of-change,JNS,Leonard Grunstein,2026-09-07T11:30:00,2026-09-07 19:01:30.616834,https://www.jns.org/opinion/leonard-grunstein/the-challenge-of-change
"Political warfare against Israel, led by Russia and China",U.S. intelligence assessments have determined that the Gaza conflict provides uniquely productive conditions for foreign-influence operations in the West.,https://www.jns.org/opinion/richard-kemp/political-warfare-against-israel-led-by-russia-and-china,JNS,Richard Kemp,2026-09-07T16:30:00,2026-09-07 19:01:30.616795,https://www.jns.org/opinion/richard-kemp/political-warfare-against-israel-led-by-russia-and-china
Germany’s dangerous erosion of memory,"As antisemitism rises on both the right and the left, Germany risks abandoning the lessons and responsibilities imposed on it by history.",https://www.jns.org/opinion/column/fiamma-nirenstein/germanys-dangerous-erosion-of-memory,JNS,Fiamma Nirenstein,2026-09-07T16:59:42,2026-09-07 19:01:30.616738,https://www.jns.org/opinion/column/fiamma-nirenstein/germanys-dangerous-erosion-of-memory
How synagogues and Southern Jews came to mourn Robert E. Lee,"In October 1870, mourning covered New Orleans. The doors of the St. Charles Theater and Academy of Music were draped following the death of Robert E. Lee. Along St. Charles Street, saloons displayed signs of grief. Black and white cloth appeared on private homes, stores, banks and warehouses. The New-Orleans Weekly Times reported that “the... The post How synagogues and Southern Jews came to mourn Robert E. Lee appeared first on The Forward .",https://forward.com/news/848861/robert-lee-jewish-synagogue-mourning/,The Forward,Austin Albanese,2026-09-07T18:02:23,2026-09-07 19:01:24.089604,https://forward.com/?p=848861
Far-right win in Germany regional race sends shockwaves through Europe,"(JTA) — A victory for Germany’s far-right party in an eastern federal state has reverberated across the globe, exposing the widening rifts between alarmed centrist leaders and insurgent nationalist movements in Europe. The Alternative for Germany (AfD) party won 43.8% of the vote in an election in Saxony-Anhalt on Sunday, crushing the center-right Christian Democratic... The post Far-right win in Germany regional race sends shockwaves through Europe appeared first on The Forward .",https://forward.com/fast-forward/848945/far-right-win-in-germany-regional-race-sends-shockwaves-through-europe/,The Forward,Shira Li Bartov,2026-09-07T18:37:38,2026-09-07 19:01:24.089546,https://forward.com/?p=848945
Far-right win in German regional race sends shockwaves through Europe,German Chancellor Friedrich Merz said it was impossible to “go back to business as usual” after so many voters in the state of Saxony-Anhalt chose the AfD. -- The post Far-right win in German regional race sends shockwaves through Europe appeared first on Jewish Telegraphic Agency .,https://www.jta.org/2026/09/07/global/far-right-win-in-germany-regional-race-sends-shockwaves-through-europe,JTA,Shira Li Bartov,2026-09-07T18:26:57,2026-09-07 19:01:21.180120,https://www.jta.org/?p=1907633
IDF officials warn army will struggle to defend new Israeli West Bank settlements,Army officials say the latest settlements were established for political reasons despite lacking basic security infrastructure. They warn the move is stretching forces needed for an all-out war and putting civilians and soldiers at unnecessary risk,https://www.haaretz.com/israel-news/israel-security/2026-09-07/ty-article/.premium/idf-officials-warn-govt-it-will-struggle-to-defend-new-west-bank-settlements/000001a0-7ab3-d502-a3ed-7bf773960000,Haaretz,Yaniv Kubovich,2026-09-07T09:19:07,2026-09-07 14:51:28.636338,https://www.haaretz.com/israel-news/israel-security/2026-09-07/ty-article/.premium/idf-officials-warn-govt-it-will-struggle-to-defend-new-west-bank-settlements/000001a0-7ab3-d502-a3ed-7bf773960000
A convicted terror inciter and a man who killed a Palestinian: Meet Ben-Gvir's election team,"The people preparing the far-right Otzma Yehudit party for Israel's October 27 vote include a lawyer who once killed a Palestinian, a rapper investigated by the Justice Ministry and a serial provocateur who loves harassing Israelis",https://www.haaretz.com/israel-news/elections/2026-09-07/ty-article-magazine/.premium/terror-inciter-and-man-who-killed-a-palestinian-meet-ben-gvirs-election-team/000001a0-76f6-d825-afb5-f6fe3e740000,Haaretz,Josh Breiner,2026-09-07T09:43:48,2026-09-07 14:51:28.636310,https://www.haaretz.com/israel-news/elections/2026-09-07/ty-article-magazine/.premium/terror-inciter-and-man-who-killed-a-palestinian-meet-ben-gvirs-election-team/000001a0-76f6-d825-afb5-f6fe3e740000
"Google to build new AI chip in Israel, tapping Hailo talent",The tech giant is assembling a team led by former Hailo executive Guy Kaminitz to develop chips for robots and autonomous systems. It has also hired former Pliops CEO Ido Bukspan to lead data networking chip development,https://www.haaretz.com/israel-news/tech-news/2026-09-07/ty-article/.premium/google-to-build-new-ai-chip-in-israel-tapping-hailo-talent/000001a0-7a4e-d245-a5bc-feee329f0000,Haaretz,Sagi Cohen,2026-09-07T10:13:38,2026-09-07 14:51:28.636276,https://www.haaretz.com/israel-news/tech-news/2026-09-07/ty-article/.premium/google-to-build-new-ai-chip-in-israel-tapping-hailo-talent/000001a0-7a4e-d245-a5bc-feee329f0000
"Israeli strikes killed 12 people in southern Lebanon, Health Ministry says",The IDF said it struck Hezbollah targets after two explosive drones were launched at Israeli forces operating on the Ali al-Taher ridge. Lebanon's state-run media said two infants were among those killed in a strike on a three-story building,https://www.haaretz.com/israel-news/israel-security/2026-09-07/ty-article/.premium/report-israeli-strike-kills-eleven-people-including-two-babies-in-lebanon/000001a0-7b09-d465-afe0-ff5b5e5c0000,Haaretz,Jack Khoury,2026-09-07T10:29:41,2026-09-07 14:51:28.636249,https://www.haaretz.com/israel-news/israel-security/2026-09-07/ty-article/.premium/report-israeli-strike-kills-eleven-people-including-two-babies-in-lebanon/000001a0-7b09-d465-afe0-ff5b5e5c0000
The perfect Rosh Hashanah date? These date syrup muffins,"Instead of date paste or chopped dates, the dates are left almost whole to caramelize as they bake. Soft, deeply flavored with date syrup and ready in about half an hour – no mixer required",https://www.haaretz.com/food/2026-09-07/ty-article-recipe/.premium/the-perfect-rosh-hashanah-date-these-date-syrup-muffins/000001a0-6781-de7b-a1e9-e7bbdaa40000,Haaretz,Saar Mor,2026-09-07T10:38:30,2026-09-07 14:51:28.636222,https://www.haaretz.com/food/2026-09-07/ty-article-recipe/.premium/the-perfect-rosh-hashanah-date-these-date-syrup-muffins/000001a0-6781-de7b-a1e9-e7bbdaa40000
German Jews 'appalled' by historic AfD win as Israel avoids direct condemnation,"While a German Jewish establishment leader said the far-right's result in Saxony-Anhalt was 'something I couldn't have imagined in my worst nightmares,' Israel's envoy in Berlin called for a political 'firewall' against the left as well",https://www.haaretz.com/world-news/europe/2026-09-07/ty-article/.premium/german-jews-appalled-by-historic-afd-win-as-israel-avoids-direct-condemnation/000001a0-7b36-d7d5-a9fc-7fff9bba0000,Haaretz,David Issacharoff,2026-09-07T10:49:43,2026-09-07 14:51:28.636191,https://www.haaretz.com/world-news/europe/2026-09-07/ty-article/.premium/german-jews-appalled-by-historic-afd-win-as-israel-avoids-direct-condemnation/000001a0-7b36-d7d5-a9fc-7fff9bba0000
"Hasan Piker, Mike Huckabee and a week of Israeli political party-hopping",,https://www.haaretz.com/israel-news/podcasts/2026-09-07/ty-article-podcast/hasan-piker-mike-huckabee-and-a-week-of-israeli-political-party-hopping/000001a0-7b67-dc6f-a7b9-ffef9db10000,Haaretz,Haaretz Podcast,2026-09-07T10:53:09,2026-09-07 14:51:28.636165,https://www.haaretz.com/israel-news/podcasts/2026-09-07/ty-article-podcast/hasan-piker-mike-huckabee-and-a-week-of-israeli-political-party-hopping/000001a0-7b67-dc6f-a7b9-ffef9db10000
Israeli researchers find startling clue to black-eye disease in cats,"Dark spots in kitty eyes are common, but how they're caused remains a mystery. Now unexpected elements have been discovered in the lesions",https://www.haaretz.com/science-and-health/2026-09-07/ty-article-magazine/israeli-researchers-find-startling-clue-to-black-eye-disease-in-cats/000001a0-77ca-db00-afb5-f7fbbd020000,Haaretz,Ruth Schuster,2026-09-07T10:59:37,2026-09-07 14:51:28.636140,https://www.haaretz.com/science-and-health/2026-09-07/ty-article-magazine/israeli-researchers-find-startling-clue-to-black-eye-disease-in-cats/000001a0-77ca-db00-afb5-f7fbbd020000
IMDb replaces the name Israel with the term 'the Occupied Palestinian Territories',The change was made in the section blocked by a paywall and intended for film-industry professionals. Israeli distributors: 'We'll demand they change it',https://www.haaretz.com/life/2026-09-07/ty-article/.premium/imdb-replaces-the-name-israel-with-the-occupied-palestinian-territories/000001a0-7b78-dacc-aff8-ff7b469e0000,Haaretz,Nirit Anderman,2026-09-07T11:24:08,2026-09-07 14:51:28.636117,https://www.haaretz.com/life/2026-09-07/ty-article/.premium/imdb-replaces-the-name-israel-with-the-occupied-palestinian-territories/000001a0-7b78-dacc-aff8-ff7b469e0000
Breakfast at the Kotel: Rare apartment facing the Western Wall is up for $16.5 million,"The owner, then an American soldier, bought it in 1978 for a few hundred thousand dollars and spent years failing to sell it for close to 100 million shekels. The 2,600-square-foot apartment faces the Western Wall from every window",https://www.haaretz.com/israel-news/2026-09-07/ty-article/.premium/breakfast-at-the-kotel-apartment-facing-western-wall-is-up-for-16-5-million/000001a0-7b60-da8b-afbe-7f65c91e0000,Haaretz,Simi Spolter,2026-09-07T11:33:46,2026-09-07 14:51:28.636091,https://www.haaretz.com/israel-news/2026-09-07/ty-article/.premium/breakfast-at-the-kotel-apartment-facing-western-wall-is-up-for-16-5-million/000001a0-7b60-da8b-afbe-7f65c91e0000
Israel's exodus of doctors isn't a brain drain. It's a hope drain,"Nearly 1,400 doctors have left Israel in three years. Among them are colleagues I would trust with my children's lives. They want to stay, but no longer believe they can build a normal life here",https://www.haaretz.com/opinion/2026-09-07/ty-article-opinion/.premium/israels-exodus-of-doctors-isnt-a-brain-drain-its-a-hope-drain/000001a0-7b8d-d46f-a5ef-7bbf796c0002,Haaretz,Barry Danino,2026-09-07T13:06:48,2026-09-07 14:51:28.636061,https://www.haaretz.com/opinion/2026-09-07/ty-article-opinion/.premium/israels-exodus-of-doctors-isnt-a-brain-drain-its-a-hope-drain/000001a0-7b8d-d46f-a5ef-7bbf796c0002
AfD's victory shatters Germany's illusions of immunity to the far right,"Alternative for Germany took almost 44 percent of the vote in Saxony-Ahalt. Germany is shocked, but the writing has long been on the wall: 'We are no more immune to right-wing extremism than other countries,' says one analyst",https://www.haaretz.com/world-news/europe/2026-09-07/ty-article/.premium/afds-victory-shatters-germanys-illusions-of-immunity-to-the-far-right/000001a0-7bb3-d7d5-a9fc-7fffee500000,Haaretz,Vera Weidenbach,2026-09-07T14:02:03,2026-09-07 14:51:28.636027,https://www.haaretz.com/world-news/europe/2026-09-07/ty-article/.premium/afds-victory-shatters-germanys-illusions-of-immunity-to-the-far-right/000001a0-7bb3-d7d5-a9fc-7fffee500000
Iran to Announce New Restricted Zone in the Gulf in the Coming Days,"Iran said it will announce a new restricted zone in the Gulf in the coming days, along with maps of a new shipping corridor through the Strait of Hormuz, as a weekend...",https://www.algemeiner.com/2026/09/07/iran-announce-new-restricted-zone-gulf-coming-days/,Algemeiner,Reuters and Algemeiner Staff,2026-09-07T12:10:08,2026-09-07 14:51:23.883705,https://www.algemeiner.com/?p=779125
Germany Asks UN Top Court to Throw Out Israel Arms Export Case,Germany asked the International Court of Justice (ICJ) on Monday to throw out a case brought by Nicaragua which accuses Berlin of violating the 1948 Genocide Convention because...,https://www.algemeiner.com/2026/09/07/germany-asks-un-top-court-throw-out-israel-arms-export-case/,Algemeiner,Reuters and Algemeiner Staff,2026-09-07T12:21:08,2026-09-07 14:51:23.883676,https://www.algemeiner.com/?p=779128
Ed Sheeran Urged to Remove Macklemore as Headliner for US Tour After ‘Free Palestine’ Remarks Onstage,A petition launched by the Israeli-American Council (IAC) is calling on Macklemore to be removed as the headliner of Ed...,https://www.algemeiner.com/2026/09/07/ed-sheeran-urged-remove-macklemore-headliner-us-tour-after-free-palestine-remarks-onstage/,Algemeiner,Shiryn Ghermezian,2026-09-07T12:27:40,2026-09-07 14:51:23.883642,https://www.algemeiner.com/?p=779117
The missing context from casualties associated with Israeli campaigns in Gaza and Lebanon,It’s fair to ask why journalists become so interested in the toll from these operations.,https://www.jns.org/opinion/shay-khatiri/the-missing-context-from-casualties-associated-with-israeli-campaigns-in-gaza-and-lebanon,JNS,Shay Khatiri,2026-09-07T09:00:00,2026-09-07 14:51:21.509113,https://www.jns.org/opinion/shay-khatiri/the-missing-context-from-casualties-associated-with-israeli-campaigns-in-gaza-and-lebanon
Pacific island nation Nauru opens embassy in Jerusalem,"""Our motto is God first, and Israel always has a special place in our hearts,” Naoero Foreign Minister Lionel Aingimea said.",https://www.jns.org/news/israel-news/pacific-island-nation-naoero-opens-embassy-in-jerusalem,JNS,Etgar Lefkovits,2026-09-07T09:50:17,2026-09-07 14:51:21.509089,https://www.jns.org/news/israel-news/pacific-island-nation-naoero-opens-embassy-in-jerusalem
MK Tropper folds Zionist Home Party into Eisenkot’s Yashar,"Former IDF chief Gadi Eisenkot published a list of ""symbolic"" candidates, impacted by the Oct. 7, 2023, massacre, that will round out the bottom of his Knesset slate.",https://www.jns.org/news/israel-news/mk-tropper-folds-zionist-home-party-into-eisenkots-yashar,JNS,JNS Staff,2026-09-07T10:03:55,2026-09-07 14:51:21.509064,https://www.jns.org/news/israel-news/mk-tropper-folds-zionist-home-party-into-eisenkots-yashar
Israeli envoy: Germany cannot be ‘blind in its left eye’,"Following the AfD’s historic election gains, Ron Prosor warned that left-wing antisemitism must be confronted as forcefully as extremism on the right.",https://www.jns.org/news/world/israeli-envoy-germany-cannot-be-blind-in-its-left-eye,JNS,JNS Staff,2026-09-07T11:16:31,2026-09-07 14:51:21.509037,https://www.jns.org/news/world/israeli-envoy-germany-cannot-be-blind-in-its-left-eye
The Palestinian Authority’s own words expose its support for terror,"“Judeacation” takes viewers to the heart of Judea and Samaria, where history, faith and modern Israel meet. Hosted by JNS Middle East correspondent Josh Hasten, the series dispels myths and misconceptions about life in the region the world calls the “West Bank,” but which Jews know as the cradle of their civilization. Through on-the-ground reporting and candid conversations with residents, leaders and pioneers, “Judeacation” reveals the truth about the people who live and build in the heart of the Jewish homeland—a place where ancient history and contemporary Zionism intertwine. Each episode offers a look at the realities of Israel’s heartland, countering media bias with firsthand stories of courage, community and connection to the land. Hasten explores topics ranging from security and sovereignty to faith, culture and innovation, spotlighting those shaping Israel’s future from its biblical core. As Hasten often reminds viewers, Jews are called Jews because they come from Judea. And “Judeacation” is where that story continues to unfold. See more at: @JNS_TV and subscribe to our YouTube channel.",https://www.jns.org/jns-tv/judeacation/the-palestinian-authoritys-own-words-expose-its-support-for-terror,JNS,Josh Hasten,2026-09-07T12:17:34,2026-09-07 14:51:21.509007,https://www.jns.org/jns-tv/judeacation/the-palestinian-authoritys-own-words-expose-its-support-for-terror
Can a new Haredi party break Israel’s draft deadlock?,"Welcome to “Basic Law,” the JNS show hosted by Aylana Meisel, executive director of the Israel Law & Liberty Forum. This insightful series takes viewers inside the debates shaping Israel’s legal system and its role in the Middle East, tackling the nation’s most urgent constitutional and judicial questions. From the foundations of Israel’s Basic Laws to the balance between democratic governance and judicial authority, Meisel offers analysis on how legal frameworks influence everything from civil rights to national security. She examines how international law affects Israel’s position in regional conflicts and diplomacy, connecting complex legal theory to the realities of Israeli news and global affairs. In partnership with the Israel Law & Liberty Forum, “Basic Law” provides a forum for conservative and classical liberal voices to explore how law and liberty intersect in a democratic Jewish state. Each episode brings together top jurists, scholars and policymakers for candid conversations that illuminate Israel’s evolving legal landscape. The discussions are designed to inform, not persuade—offering thoughtful perspectives on judicial reform, constitutional interpretation and the rule of law in a region often defined by political and ideological tension. See more at: @JNS_TV and subscribe to our YouTube channel. The Israel Law & Liberty Forum is proud to partner with JNS to offer a platform for conservative and classical liberal legal thought from within Israel. Any opinions stated are those of the speaker and not meant to represent the positions of the forum or JNS. The forum is an organization that fosters thoughtful conversation and debate on key issues in Israeli law and democracy. The forum takes no official position regarding any specific policy issue, nor does it advance specific policies.",https://www.jns.org/jns-tv/basic-law/can-a-new-haredi-party-break-israels-draft-deadlock,JNS,Aylana Meisel,2026-09-07T12:39:40,2026-09-07 14:51:21.508914,https://www.jns.org/jns-tv/basic-law/can-a-new-haredi-party-break-israels-draft-deadlock
IDF strikes Hezbollah targets in Southern Lebanon,Israeli forces hit back after an explosive drone assault on troops stationed inside the border buffer.,https://www.jns.org/news/israel-news/idf-strikes-hezbollah-targets-in-southern-lebanon,JNS,JNS Staff,2026-09-07T12:40:59,2026-09-07 14:51:21.508788,https://www.jns.org/news/israel-news/idf-strikes-hezbollah-targets-in-southern-lebanon
The 9/11 lesson America forgot,To challenge Islamism is not prejudice against Muslims.,https://www.jns.org/opinion/dr-marc-weisman/the-9-11-lesson-america-forgot,JNS,Dr. Marc Weisman,2026-09-07T13:00:00,2026-09-07 14:51:21.508758,https://www.jns.org/opinion/dr-marc-weisman/the-9-11-lesson-america-forgot
"AfD initially gets 43.8% of votes, opening the possibility it could govern the German state of Saxony-Anhalt","(JTA) — BERLIN – The right-wing extremist political party — the Alternative for Germany, or AfD — received a surprising 43.8% of the votes in Sunday’s election in Saxony Anhalt, according to the Statistical Office of the state of Saxony-Anhalt.&#160; The vote raises the chances that, for the first time since the end of World War... The post AfD initially gets 43.8% of votes, opening the possibility it could govern the German state of Saxony-Anhalt appeared first on The Forward .",https://forward.com/fast-forward/848813/afd-predicted-to-win-saxony-anhalt-should-jews-be-worried/,The Forward,Toby Axelrod,2026-09-06T21:10:03,2026-09-07 14:51:14.636771,https://forward.com/?p=848813
Israeli expats voting case dismissed by Israel’s High Court,(JTA) — TEL AVIV – Israel’s High Court on Wednesday dismissed a petition by Israeli expatriates seeking to vote in the Oct. 27 election after discovering that they had been excluded from the voter rolls under a little-known Interior Ministry classification that records certain citizens as nonresidents. The petition was filed by some 100 expatriate... The post Israeli expats voting case dismissed by Israel’s High Court appeared first on The Forward .,https://forward.com/fast-forward/848837/israeli-expats-voting-case-dismissed-by-israels-high-court/,The Forward,Deborah Danan,2026-09-07T10:00:06,2026-09-07 14:51:14.636722,https://forward.com/?p=848837
Miami-Dade county in Florida raises the limit on investments in Israel bonds,"(JTA) — The Miami-Dade region in Florida can spend millions more tax dollars on Israel, after officials increased the share of county investments that can include Israeli bonds. The Board of County Commissioners approved a resolution last week toward the start of a seven-hour meeting, in a unanimous, single vote that grouped together numerous ordinances.... The post Miami-Dade county in Florida raises the limit on investments in Israel bonds appeared first on The Forward .",https://forward.com/fast-forward/848879/miami-dade-county-in-florida-raises-the-limit-on-investments-in-israel-bonds/,The Forward,Sharon Udasin,2026-09-07T10:10:10,2026-09-07 14:51:14.636679,https://forward.com/?p=848879
He went to a different Manhattan synagogue every week. Here’s what it taught him.,"(JTA) — Reporting on the Jewish community is a lot like ornithology, except instead of birds the goal is to describe the dress, the habits and the particular behavior that distinguish, say, the Black-Hatted Monsey Orthodox from the Greater Philadelphia Jewish Renewalist. The careful shul-watcher notes their habitats, listens carefully to their songs and pays... The post He went to a different Manhattan synagogue every week. Here’s what it taught him. appeared first on The Forward .",https://forward.com/fast-forward/848819/he-went-to-a-different-manhattan-synagogue-every-week-heres-what-it-taught-him/,The Forward,Andrew Silow-Carroll,2026-09-07T10:15:55,2026-09-07 14:51:14.636625,https://forward.com/?p=848819
Israel rehearses its next war as Netanyahu refuses to end the last one,Military Intelligence believes Supreme Leader Mojtaba Khamenei may try to turn Israel into the next front in his escalating conflict with the U.S. The IDF is preparing for a coordinated multifront attack as Israel heads toward elections in 50 days,https://www.haaretz.com/middle-east-news/iran/2026-09-07/ty-article/.premium/iran-backed-into-a-corner-may-strike-at-israel/000001a0-785d-da8b-afbe-7e7dc8570000,Haaretz,Amos Harel,2026-09-07T03:51:32,2026-09-07 09:00:38.723842,https://www.haaretz.com/middle-east-news/iran/2026-09-07/ty-article/.premium/iran-backed-into-a-corner-may-strike-at-israel/000001a0-785d-da8b-afbe-7e7dc8570000
"Report: Israeli strike in southern Lebanon kills 11 people, wounds five",,https://www.haaretz.com/israel-news/israel-security/2026-09-07/ty-article-live/far-right-afd-wins-german-state-election-but-falls-short-of-majority/000001a0-79ff-d465-afe0-ffff629d0000,Haaretz,Haaretz,2026-09-07T04:00:08,2026-09-07 09:00:38.723820,https://www.haaretz.com/israel-news/israel-security/2026-09-07/ty-article-live/far-right-afd-wins-german-state-election-but-falls-short-of-majority/000001a0-79ff-d465-afe0-ffff629d0000
Family of conscript who shot at police officers refuses autopsy,"The police's misconduct investigation unit requested an autopsy of the officer's body, in part to check if he was under the influence of substances. They said he was not diagnosed with PTSD and that the causes of the incident are being investigated",https://www.haaretz.com/israel-news/israel-security/2026-09-07/ty-article/.premium/family-of-conscript-who-shot-at-police-officers-refuses-autopsy/000001a0-7ab3-d2df-a3e7-ffbf92830000,Haaretz,Josh Breiner,2026-09-07T08:41:22,2026-09-07 09:00:38.723797,https://www.haaretz.com/israel-news/israel-security/2026-09-07/ty-article/.premium/family-of-conscript-who-shot-at-police-officers-refuses-autopsy/000001a0-7ab3-d2df-a3e7-ffbf92830000
‘Fauda’ creator calls Mark Ruffalo a ‘rare combination’ of ‘stupid’ and 'ignorant',"""Do you understand what it means, 'genocide'?"" he asked following antisemitism row with Paramount.",https://www.jns.org/news/u-s-news/fauda-creator-calls-mark-ruffalo-a-rare-combination-of-stupid-and-ignorant,JNS,Etgar Lefkovits,2026-09-07T04:07:00,2026-09-07 09:00:31.824583,https://www.jns.org/news/u-s-news/fauda-creator-calls-mark-ruffalo-a-rare-combination-of-stupid-and-ignorant
Avigayil and Muhammad most common baby names chosen by Israeli parents,"Ariel, David and Refael topped the list for Jewish boys since last Rosh Hashanah.",https://www.jns.org/news/israel-news/avigayil-and-muhammad-most-common-baby-names-chosen-by-israeli-parents,JNS,JNS Staff,2026-09-07T05:08:00,2026-09-07 09:00:31.824567,https://www.jns.org/news/israel-news/avigayil-and-muhammad-most-common-baby-names-chosen-by-israeli-parents
Herzog confers Presidential Medal of Honor on 11 Israelis,Winners recognized as having made lifelong contribution to the nation and humanity.,https://www.jns.org/news/israel-news/president-isaac-herzog-confers-presidential-medal-of-honor-on-11-israelis,JNS,Linda Gradstein,2026-09-07T05:15:08,2026-09-07 09:00:31.824551,https://www.jns.org/news/israel-news/president-isaac-herzog-confers-presidential-medal-of-honor-on-11-israelis
"Netanyahu threatens 'devastating' response to any Iranian strike, says Islamic regime’s 'end is near'",The Israeli premier hailed joint successes with Washington to blunt ballistic and atomic perils.,https://www.jns.org/news/israel-news/netanyahu-threatens-iran-if-it-strikes-says-islamic-regimes-end-is-near,JNS,JNS Staff,2026-09-07T05:30:53,2026-09-07 09:00:31.824537,https://www.jns.org/news/israel-news/netanyahu-threatens-iran-if-it-strikes-says-islamic-regimes-end-is-near
"Zamir: ‘The IDF is fit, prepared and ready to defend the State of Israel’",The IDF chief of staff spoke to troops at the Ground Training Center in the Negev Desert after closely observing a surprise nationwide readiness drill.,https://www.jns.org/news/israel-news/zamir-the-idf-is-fit-prepared-and-ready-to-defend-the-state-of-israel,JNS,JNS Staff,2026-09-07T05:48:25,2026-09-07 09:00:31.824520,https://www.jns.org/news/israel-news/zamir-the-idf-is-fit-prepared-and-ready-to-defend-the-state-of-israel
Will Mahmoud Abbas postpone elections to the Palestinian Legislative Council?,P.A. leader Mahmoud Abbas appears concerned that elections could strengthen Hamas and Mohammed Dahlan and create a new balance of power in the Palestinian arena.,https://www.jns.org/analysis/will-mahmoud-abbas-postpone-the-elections-to-the-palestinian-legislative-council,JNS,Yoni Ben Menachem,2026-09-07T06:18:00,2026-09-07 09:00:31.824501,https://www.jns.org/analysis/will-mahmoud-abbas-postpone-the-elections-to-the-palestinian-legislative-council
Israel’s record gas prices expose the limits of election-season relief,"Global energy markets pushed local gasoline to a record high, but the government’s response highlights the extent to which motorists pay some of the world’s heaviest fuel taxes.",https://www.jns.org/analysis/israels-record-gas-prices-expose-the-limits-of-election-season-relief,JNS,James Spiro,2026-09-07T06:36:52,2026-09-07 09:00:31.824484,https://www.jns.org/analysis/israels-record-gas-prices-expose-the-limits-of-election-season-relief
Kushner: Demilitarizing Gaza ‘not going to be easy’,"The White House peace envoy said Washington had only begun understanding what stripping enclave arms required, calling it “beyond your comprehension.”",https://www.jns.org/news/world/kushner-demilitarizing-gaza-not-going-to-be-easy,JNS,JNS Staff,2026-09-07T07:20:40,2026-09-07 09:00:31.824464,https://www.jns.org/news/world/kushner-demilitarizing-gaza-not-going-to-be-easy
Report: Russian-Israeli historian charged with espionage,"Artyom Kirpichenok is said to have visited Iran several times, and has consistently criticized Israel in books and articles.",https://www.jns.org/news/israel-news/report-russian-israeli-historian-charged-with-espionage,JNS,JNS Staff,2026-09-07T07:23:28,2026-09-07 09:00:31.824446,https://www.jns.org/news/israel-news/report-russian-israeli-historian-charged-with-espionage
Not music to Hamas ears,Former Israeli-American hostage Sagui Dekel-Chen sings the songs he created while in captivity.,https://www.jns.org/opinion/nira-b-worcman/not-music-to-hamas-ears,JNS,Nira B. Worcman,2026-09-07T07:30:00,2026-09-07 09:00:31.824425,https://www.jns.org/opinion/nira-b-worcman/not-music-to-hamas-ears
Knesset elections: Liberman reveals Yisrael Beiteinu Party list,"“We have always maintained our principles as a right-wing, Zionist, liberal party,” the hardline secularist party leader stated.",https://www.jns.org/news/israel-news/knesset-elections-liberman-reveals-yisrael-beiteinu-party-list,JNS,JNS Staff,2026-09-07T07:44:01,2026-09-07 09:00:31.824410,https://www.jns.org/news/israel-news/knesset-elections-liberman-reveals-yisrael-beiteinu-party-list
Otzma Yehudit MK Tzvika Foghel says he will not run on party ticket,The Knesset National Security Committee chairman cited blocked paths for his continued legislative work as the faction reshuffled its candidates list.,https://www.jns.org/news/israel-news/otzma-yehudit-mk-tzvika-foghel-says-he-will-not-run-on-party-ticket,JNS,JNS Staff,2026-09-07T08:09:17,2026-09-07 09:00:31.824392,https://www.jns.org/news/israel-news/otzma-yehudit-mk-tzvika-foghel-says-he-will-not-run-on-party-ticket
Israeli seriously wounded in terror stabbing at Samaria farm,"The victim sustained multiple wounds to his hand and upper body “until the knife broke,” the Rescuers Without Borders volunteer emergency service said.",https://www.jns.org/news/israel-news/israeli-stabbed-by-terrorist-at-samaria-farm,JNS,JNS Staff,2026-09-07T08:30:15,2026-09-07 09:00:31.824372,https://www.jns.org/news/israel-news/israeli-stabbed-by-terrorist-at-samaria-farm
SafeHeart concludes five therapist retreats ahead of third anniversary of October 7,Trauma NGO concludes retreat series for mental health professionals who have treated Oct. 7 survivors since the Hamas-led terrorist attacks in southern Israel.,https://www.jns.org/wire/safeheart/safeheart-concludes-five-therapist-retreats-ahead-of-third-anniversary-of-october-7,JNS,,2026-09-07T08:46:33,2026-09-07 09:00:31.824341,https://www.jns.org/wire/safeheart/safeheart-concludes-five-therapist-retreats-ahead-of-third-anniversary-of-october-7
"Galilee man, 19, indicted over alleged ISIS allegiance","The suspect supported Islamic State and viewed extremist material online, according to investigators.",https://www.jns.org/news/israel-news/galilee-man-19-indicted-over-alleged-isis-allegiance,JNS,JNS Staff,2026-09-07T08:47:29,2026-09-07 09:00:31.824316,https://www.jns.org/news/israel-news/galilee-man-19-indicted-over-alleged-isis-allegiance
Miami-Dade county in Florida raises the limit on investments in Israel bonds,"Protesters decried the resolution, saying it diverted money from the community to an unjust war in Gaza. -- The post Miami-Dade county in Florida raises the limit on investments in Israel bonds appeared first on Jewish Telegraphic Agency .",https://www.jta.org/2026/09/07/united-states/miami-dade-county-in-florida-raises-the-limit-on-investments-in-israel-bonds,JTA,Sharon Udasin,2026-09-07T04:04:59,2026-09-07 09:00:22.386116,https://www.jta.org/?p=1907594
Ehud Barak floats idea of total shutdown of social media before Israeli election,The staunch opponent of Netanyahu’s government raised concerns over the spread of fake posts.,https://www.jns.org/news/israel-news/ehud-barak-floats-idea-of-total-shutdown-of-social-media-before-israeli-election,JNS,JNS Staff,2026-09-07T02:05:00,2026-09-07 03:17:24.373222,https://www.jns.org/news/israel-news/ehud-barak-floats-idea-of-total-shutdown-of-social-media-before-israeli-election
When the world puts Israel on trial,"Rosh Hashanah, Socrates and building a society worthy of the Jewish return.",https://www.jns.org/opinion/jeffrey-e-levine/when-the-world-puts-israel-on-trial,JNS,Jeffrey Levine,2026-09-07T03:00:00,2026-09-07 03:17:24.373205,https://www.jns.org/opinion/jeffrey-e-levine/when-the-world-puts-israel-on-trial
Smotrich seizes on Eisenkot ally's remarks to warn of evacuations from Judea and Samaria,"""What is illegal or not built with a government decision in advance and according to planning—I am against,"" said Yoram Cohen, who is running as a Knesset candidate for Gadi Eisenkot's party.",https://www.jns.org/news/israel-news/smotrich-seizes-on-eisenkot-allys-remarks-to-warn-of-evacuations-from-judea-and-samaria,JNS,David Isaac,2026-09-07T03:06:00,2026-09-07 03:17:24.373182,https://www.jns.org/news/israel-news/smotrich-seizes-on-eisenkot-allys-remarks-to-warn-of-evacuations-from-judea-and-samaria
The most important party in the upcoming election,"The new Haredi party may fail to win a single Knesset seat. Yet by challenging long-standing orthodoxies, it could reshape – and potentially shatter – the Haredi political system, making its impact more consequential than the election itself",https://www.haaretz.com/opinion/2026-09-07/ty-article-opinion/.premium/the-most-important-party-in-the-upcoming-election/000001a0-77da-da8b-afbe-7ffff8d70000,Haaretz,Akiva Novick,2026-09-06T21:16:04,2026-09-06 23:33:06.311529,https://www.haaretz.com/opinion/2026-09-07/ty-article-opinion/.premium/the-most-important-party-in-the-upcoming-election/000001a0-77da-da8b-afbe-7ffff8d70000
"Kisch, do the math: You can't subtract responsibility","As befits the Netanyahu government, the message to students is that it is better to evade responsibility and criticism and blame others for your shortcomings.",https://www.haaretz.com/opinion/editorial/2026-09-07/ty-article-opinion/kisch-do-the-math-you-cant-subtract-responsibility/000001a0-7850-d6c0-a1a9-7cf5c2e50000,Haaretz,Haaretz Editorial,2026-09-06T21:16:44,2026-09-06 23:33:06.311490,https://www.haaretz.com/opinion/editorial/2026-09-07/ty-article-opinion/kisch-do-the-math-you-cant-subtract-responsibility/000001a0-7850-d6c0-a1a9-7cf5c2e50000
Some Chabad people are coming for Ramat Aviv's children,"When adults with an agenda approach your children when you aren't around, look for us somewhere between the gas pedal and the brakes – and it's not because the municipality's hands are tied",https://www.haaretz.com/opinion/2026-09-07/ty-article-opinion/.premium/some-chabad-people-are-coming-for-ramat-avivs-children/000001a0-77d8-d825-afb5-f7fcdfb50000,Haaretz,Neta Halperin,2026-09-06T21:17:08,2026-09-06 23:33:06.311461,https://www.haaretz.com/opinion/2026-09-07/ty-article-opinion/.premium/some-chabad-people-are-coming-for-ramat-avivs-children/000001a0-77d8-d825-afb5-f7fcdfb50000
High Court orders return of Palestinian families driven out by settlers,"The justices questioned why soldiers were filmed playing soccer with settlers who seized the homes, and why police failed to arrest suspects identified in attack footage. 'There are questions in abundance; satisfactory answers – fewer' the court said",https://www.haaretz.com/west-bank/2026-09-07/ty-article/.premium/top-court-orders-state-to-allow-return-of-palestinians-driven-out-by-settlers/000001a0-782e-d46f-a5ef-793e8be00000,Haaretz,Chen Maanit,2026-09-06T21:55:58,2026-09-06 23:33:06.311429,https://www.haaretz.com/west-bank/2026-09-07/ty-article/.premium/top-court-orders-state-to-allow-return-of-palestinians-driven-out-by-settlers/000001a0-782e-d46f-a5ef-793e8be00000
"Palestinian dentistry student reportedly killed, three wounded in settler attack","The reported killing comes amid a recent escalation in settler violence. Last week, two Palestinian teenagers were killed by IDF fire during an incursion by settlers and soldiers into a West Bank village",https://www.haaretz.com/west-bank/2026-09-07/ty-article/.premium/report-palestinian-dentistry-student-27-killed-in-israeli-settler-attack/000001a0-78c1-d6c0-a1a9-7ce5719d0000,Haaretz,Nir Hasson,2026-09-06T22:18:00,2026-09-06 23:33:06.311390,https://www.haaretz.com/west-bank/2026-09-07/ty-article/.premium/report-palestinian-dentistry-student-27-killed-in-israeli-settler-attack/000001a0-78c1-d6c0-a1a9-7ce5719d0000
Hendel and Zelekha cross threshold as Eisenkot bloc loses ground,"Hendel and Zelekha's new party and Ofer Winter's Amcha Yisrael each cross the electoral threshold with four mandates. The Netanyahu bloc remains at 52, while Gadi Eisenkot's opposition bloc falls to 51",https://www.haaretz.com/israel-news/elections/2026-09-07/ty-article/hendel-and-zelekha-cross-threshold-as-eisenkot-bloc-loses-ground/000001a0-7869-de7e-a1a9-ffeb60bd0000,Haaretz,Haaretz,2026-09-06T23:23:55,2026-09-06 23:33:06.311351,https://www.haaretz.com/israel-news/elections/2026-09-07/ty-article/hendel-and-zelekha-cross-threshold-as-eisenkot-bloc-loses-ground/000001a0-7869-de7e-a1a9-ffeb60bd0000
‘As a Jew’ Jews—Shut Up!,The “speaking as a Jew” Jews should not be speaking for anyone—especially not their people. They are not authorized spokespersons. The task was never delegated to them. They would be the last to be chosen. The post ‘As a Jew’ Jews—Shut Up! appeared first on Jewish Journal .,https://jewishjournal.com/commentary/opinion/391930/as-a-jew-jews-shut-up/,Jewish Journal,Thane Rosenbaum,2026-09-06T22:13:07,2026-09-06 23:32:56.698254,https://jewishjournal.com/?p=391930
Ed Sheeran urged to toss Macklemore from tour after criticizing Israel onstage,(JTA) — The Israeli-American Council is calling for the rapper Macklemore to be dropped from the opening slot on pop star Ed Sheeran’s U.S. tour for chanting “Free Palestine” and accusing Israel of apartheid and genocide during his performances at MetLife Stadium in New Jersey on Friday and Saturday nights. Known for such hits as... The post Ed Sheeran urged to toss Macklemore from tour after criticizing Israel onstage appeared first on The Forward .,https://forward.com/fast-forward/848849/ed-sheeran-urged-to-toss-macklemore-from-tour-after-criticizing-israel-onstage/,The Forward,Derek Caney,2026-09-06T21:16:30,2026-09-06 23:32:51.578355,https://forward.com/?p=848849
Hadash candidate refuses to accept ouster amid misconduct allegations; party to convene to decide fate,"Despite announcing Farah's resignation and replacement, the candidate is delaying his resignation. Sexual harassment claims against him will be presented at the party conference Monday, which will decide whether to remove him from the party slate",https://www.haaretz.com/israel-news/elections/2026-09-06/ty-article/.premium/hadash-candidate-refuses-to-accept-ouster-amid-misconduct-allegations/000001a0-7768-de6f-abea-776c0f6e0000,Haaretz,Jack Khoury,2026-09-06T18:52:25,2026-09-06 21:06:02.332577,https://www.haaretz.com/israel-news/elections/2026-09-06/ty-article/.premium/hadash-candidate-refuses-to-accept-ouster-amid-misconduct-allegations/000001a0-7768-de6f-abea-776c0f6e0000
"Daily Cartoon, September 7, 2026",,https://www.haaretz.com/opinion/daily-cartoon/2026-09-06/ty-article-opinion/.premium/daily-cartoon-september-7-2026/000001a0-7813-d825-afb5-fc7f078c0000,Haaretz,Amos Biderman,2026-09-06T18:58:08,2026-09-06 21:06:02.332533,https://www.haaretz.com/opinion/daily-cartoon/2026-09-06/ty-article-opinion/.premium/daily-cartoon-september-7-2026/000001a0-7813-d825-afb5-fc7f078c0000
Israeli ministers unveil plans to encourage voluntary Palestinian emigration from Gaza,"(JTA) — TEL AVIV — The Oct. 27 elections have brought the concept of Palestinian emigration from Gaza to the forefront of Israeli political discourse. The once-taboo topic has become an increasingly popular position among right-wing politicians, even as it repels many in the American Jewish community and elicits condemnation from world leaders. Several prominent... The post Israeli ministers unveil plans to encourage voluntary Palestinian emigration from Gaza appeared first on The Forward .",https://forward.com/fast-forward/848825/israeli-ministers-unveil-plans-to-encourage-voluntary-palestinian-emigration-from-gaza/,The Forward,Tomer Almagor,2026-09-06T19:27:57,2026-09-06 21:05:48.742194,https://forward.com/?p=848825
Israeli expats voting case dismissed by Israel’s High Court,Citizens planning travel to Israel to vote were dropped from the voting rolls without their knowledge. -- The post Israeli expats voting case dismissed by Israel’s High Court appeared first on Jewish Telegraphic Agency .,https://www.jta.org/2026/09/06/israel/israeli-expats-voting-case-dismissed-by-israels-high-court,JTA,Deborah Danan,2026-09-06T19:21:57,2026-09-06 21:05:46.059066,https://www.jta.org/?p=1907559
Israel-American Council urges Ed Sheeran to toss Macklemore from tour after criticizing Israel onstage,"The rapper chanted ""Free Palestine"" and invoked the terms ""apartheid"" and ""genocide"" during his opening sets at MetLife Stadium in New Jersey over the weekend. -- The post Israel-American Council urges Ed Sheeran to toss Macklemore from tour after criticizing Israel onstage appeared first on Jewish Telegraphic Agency .",https://www.jta.org/2026/09/06/antisemitism/israel-american-council-urges-ed-sheeran-to-toss-macklemore-from-tour-after-criticizing-israel-onstage,JTA,Derek Caney,2026-09-06T20:58:11,2026-09-06 21:05:46.059014,https://www.jta.org/?p=1907591
Haredi discontent could upend Netanyahu's election prospects,"Haredi voters are disillusioned with the impasse over the draft-exemption bill, and that could play out in several ways on Election Day. Any drop in support for Haredi parties could hurt the right-wing religious bloc – and the PM's political future",https://www.haaretz.com/israel-news/haaretz-today/2026-09-06/ty-article/.highlight/haredi-discontent-could-upend-netanyahus-election-prospects/000001a0-76c3-d6c0-a1a9-7ee7144b0000,Haaretz,Joshua Leifer,2026-09-06T17:09:36,2026-09-06 18:54:00.566187,https://www.haaretz.com/israel-news/haaretz-today/2026-09-06/ty-article/.highlight/haredi-discontent-could-upend-netanyahus-election-prospects/000001a0-76c3-d6c0-a1a9-7ee7144b0000
Report: Netanyahu orders unauthorized West Bank outposts dismantled,"The reported order comes amid U.S. pressure on Israel to curb settler violence, a day after Ambassador Mike Huckabee called attacks on Palestinians 'acts of terror'",https://www.haaretz.com/israel-news/israel-security/2026-09-06/ty-article/report-netanyahu-orders-unauthorized-west-bank-outposts-dismantled/000001a0-77b1-d7d5-a9fc-7fff891b0000,Haaretz,Reuters,2026-09-06T17:26:29,2026-09-06 18:54:00.566158,https://www.haaretz.com/israel-news/israel-security/2026-09-06/ty-article/report-netanyahu-orders-unauthorized-west-bank-outposts-dismantled/000001a0-77b1-d7d5-a9fc-7fff891b0000
Bennett and Lapid bid to oust Netanyahu again as they unveil joint slate,"'We've learned our lessons,' Bennett declared as he and Lapid unveiled a centrist slate built around a diminished Yesh Atid. But beneath the celebration, Gadi Eisenkot has emerged as the clear frontrunner in the anti-Netanyahu camp",https://www.haaretz.com/israel-news/elections/2026-09-06/ty-article/.premium/former-pms-bennett-lapid-unveil-together-slate-for-israels-2026-election/000001a0-76db-d46f-a5ef-7ffb26180000,Haaretz,Jonathan Lis,2026-09-06T17:33:22,2026-09-06 18:54:00.566137,https://www.haaretz.com/israel-news/elections/2026-09-06/ty-article/.premium/former-pms-bennett-lapid-unveil-together-slate-for-israels-2026-election/000001a0-76db-d46f-a5ef-7ffb26180000
Adidas faces boycott campaign over ad featuring amputee former Israeli soldier,The campaign features a former IDF soldier who lost his leg during fighting in Gaza in May 2021. It is not the sportswear giant's first Israel-related controversy,https://www.haaretz.com/israel-news/2026-09-06/ty-article/.premium/adidas-faces-boycott-campaign-over-ad-featuring-amputee-former-israeli-soldier/000001a0-7781-db00-afb5-f7b395070000,Haaretz,Ben Kroll,2026-09-06T17:56:30,2026-09-06 18:54:00.566113,https://www.haaretz.com/israel-news/2026-09-06/ty-article/.premium/adidas-faces-boycott-campaign-over-ad-featuring-amputee-former-israeli-soldier/000001a0-7781-db00-afb5-f7b395070000
Jerusalem court sentences rabbi to 18 years in prison for sex offenses,"Yazdi, a community rabbi in Jerusalem, convinced women that the acts were 'spiritual rectifications' and used their bank accounts to hide money from his creditors. The judges: 'The defendant's actions are exceptional in their scope'",https://www.haaretz.com/israel-news/israel-crime/2026-09-06/ty-article/.premium/jerusalem-court-sentences-rabbi-to-18-years-in-prison-for-sex-offenses/000001a0-7740-d371-ade6-ff602ace0000,Haaretz,Yael Freidson,2026-09-06T17:58:13,2026-09-06 18:54:00.566091,https://www.haaretz.com/israel-news/israel-crime/2026-09-06/ty-article/.premium/jerusalem-court-sentences-rabbi-to-18-years-in-prison-for-sex-offenses/000001a0-7740-d371-ade6-ff602ace0000
Lieberman presents Yisrael Beiteinu election slate with Oct. 7 victims' relatives,"Rafi Ben Shitrit, in second place, whose son was killed on Oct. 7, is a founder of the October Council. Sharon Sharabi, in sixth place, is the brother of Yossi and Eli Sharabi, who were abducted on Oct. 7",https://www.haaretz.com/israel-news/elections/2026-09-06/ty-article/.premium/lieberman-presents-yisrael-beiteinu-slate-with-oct-7-victims-relatives/000001a0-77cb-d436-a3b6-77df28e00000,Haaretz,Yair Foldes,2026-09-06T18:25:47,2026-09-06 18:54:00.566059,https://www.haaretz.com/israel-news/elections/2026-09-06/ty-article/.premium/lieberman-presents-yisrael-beiteinu-slate-with-oct-7-victims-relatives/000001a0-77cb-d436-a3b6-77df28e00000
Bennett-Lapid party announces candidates list,"'I've been in politics for 15 years already, and I'm telling you with certainty: this is the most talented, execution-driven, and devoted list to run for the Knesset in the last generation,' Naftali Bennett said.",https://www.jns.org/news/israel-news/bennett-lapid-party-announces-candidates-list,JNS,JNS Staff,2026-09-06T18:38:56,2026-09-06 18:53:53.532117,https://www.jns.org/news/israel-news/bennett-lapid-party-announces-candidates-list
"Nine-year-old boy hospitalized with brain-eating amoeba, health ministry says","The boy is sedated and on a ventilator at a Haifa hospital. The rare infection has a 97 percent fatality rate, according to the Health Ministry",https://www.haaretz.com/science-and-health/2026-09-06/ty-article/nine-year-old-boy-contracts-brain-eating-amoeba-after-swimming-in-sea-of-galilee/000001a0-76f2-dcae-a3f7-7ff367e50000,Haaretz,Maya Roman,2026-09-06T14:07:33,2026-09-06 16:44:50.484179,https://www.haaretz.com/science-and-health/2026-09-06/ty-article/nine-year-old-boy-contracts-brain-eating-amoeba-after-swimming-in-sea-of-galilee/000001a0-76f2-dcae-a3f7-7ff367e50000
Following Haaretz report: Ben-Gvir drops pre-election senior police appointments,"Israel's top court forbade Ben-Gvir from making appointments to senior police positions without approval from police leadership, and reinforced that decision last week. Still, the minister tried to push allies to key positions before the election",https://www.haaretz.com/israel-news/2026-09-06/ty-article/.premium/following-haaretz-report-ben-gvir-drops-pre-election-senior-police-appointments/000001a0-7589-d337-a9bb-fdfd73310000,Haaretz,Josh Breiner,2026-09-06T14:09:59,2026-09-06 16:44:50.484146,https://www.haaretz.com/israel-news/2026-09-06/ty-article/.premium/following-haaretz-report-ben-gvir-drops-pre-election-senior-police-appointments/000001a0-7589-d337-a9bb-fdfd73310000
"Almost 1,400 doctors have left Israel amid Gaza war, study finds","'The big question is what will happen after the election,' said a Tel Aviv University professor who conducted the research. The figures point to 2023 – marked by Netanyahu's judicial overhaul and the October 7 attack – as the main turning point",https://www.haaretz.com/science-and-health/2026-09-06/ty-article/almost-1-400-doctors-have-left-israel-since-2023-study-shows/000001a0-76a5-db00-afb5-f6b7e2eb0000,Haaretz,Maya Roman,2026-09-06T14:54:18,2026-09-06 16:44:50.484114,https://www.haaretz.com/science-and-health/2026-09-06/ty-article/almost-1-400-doctors-have-left-israel-since-2023-study-shows/000001a0-76a5-db00-afb5-f6b7e2eb0000
Israel prepares for prolonged water crisis as algae clogs desalination plants,Authorities are stockpiling replacement equipment after an experiment failed to solve the algae problem that has disrupted five of Israel's six desalination plants,https://www.haaretz.com/israel-news/israel-politics/2026-09-06/ty-article/.premium/israel-prepares-for-prolonged-water-crisis-as-algae-clogs-desalination-plants/000001a0-76b3-dd93-adb1-febf02f40000,Haaretz,TheMarker,2026-09-06T15:01:12,2026-09-06 16:44:50.484074,https://www.haaretz.com/israel-news/israel-politics/2026-09-06/ty-article/.premium/israel-prepares-for-prolonged-water-crisis-as-algae-clogs-desalination-plants/000001a0-76b3-dd93-adb1-febf02f40000
"Despite Iran war effects, record 1.4 million Israelis traveled abroad in August","Last month, more Israelis traveled abroad than ever before, breaking a record set in 2019, despite airport operational difficulties and the continued absence of some foreign airlines",https://www.haaretz.com/israel-news/travel/2026-09-06/ty-article/.premium/despite-iran-war-effects-record-1-4-million-israelis-traveled-abroad-in-august/000001a0-76da-d46f-a5ef-7ffa304c0000,Haaretz,TheMarker,2026-09-06T15:12:11,2026-09-06 16:44:50.484046,https://www.haaretz.com/israel-news/travel/2026-09-06/ty-article/.premium/despite-iran-war-effects-record-1-4-million-israelis-traveled-abroad-in-august/000001a0-76da-d46f-a5ef-7ffa304c0000
Netanyahu coalition-led Elections Committee overturns ban on parties' voter tracking apps,"Likud's lawyer said the ban on the applications, which allow polling station committee members and party observers to report voters' identities, was a 'terror attack' against the party that would 'ruin the election'",https://www.haaretz.com/israel-news/elections/2026-09-06/ty-article/.premium/coalition-led-elections-committee-overturns-ban-on-parties-voter-tracking-apps/000001a0-7710-d7d0-affc-ffdae5990000,Haaretz,Jonathan Lis,2026-09-06T15:59:37,2026-09-06 16:44:50.484016,https://www.haaretz.com/israel-news/elections/2026-09-06/ty-article/.premium/coalition-led-elections-committee-overturns-ban-on-parties-voter-tracking-apps/000001a0-7710-d7d0-affc-ffdae5990000
"Far-right AfD set for historic win in German state election, exit polls show",Exit polls in Saxony-Anhalt left it unclear whether the Alternative for Germany (AfD) would win enough seats to govern alone – potentially giving Germany its first far-right state government since World War II,https://www.haaretz.com/world-news/europe/2026-09-06/ty-article/far-right-afd-wins-historic-german-state-election-exit-polls-show/000001a0-7783-d6c0-a1a9-7fe72c430000,Haaretz,Reuters,2026-09-06T16:27:43,2026-09-06 16:44:50.483981,https://www.haaretz.com/world-news/europe/2026-09-06/ty-article/far-right-afd-wins-historic-german-state-election-exit-polls-show/000001a0-7783-d6c0-a1a9-7fe72c430000
Israel annexed the Golan Heights 45 years ago. Most of the world still rejects its sovereignty,"Forty-five years after the annexation of Syria's Golan Heights, only two of 193 UN member states recognize Israel's sovereignty over the plateau. Trump opened the door, but it took seven years for another country to join the U.S.",https://www.haaretz.com/israel-news/israel-security/2026-09-06/ty-article/.premium/israel-annexed-the-golan-45-years-ago-the-world-still-rejects-its-sovereignty/000001a0-76e1-d7fe-a3bc-f6ff9d3f0000,Haaretz,Jonathan Lis,2026-09-06T16:41:45,2026-09-06 16:44:50.483919,https://www.haaretz.com/israel-news/israel-security/2026-09-06/ty-article/.premium/israel-annexed-the-golan-45-years-ago-the-world-still-rejects-its-sovereignty/000001a0-76e1-d7fe-a3bc-f6ff9d3f0000
AfD is predicted to win 40% in the German state of Saxony-Anhalt. Should Jews be worried?,"(JTA) — BERLIN – Why are so many Germans wringing their hands over Sunday’s election in Saxony-Anhalt? After all, what impact could 1.7 million registered voters in this former East German state have on a nation with 16 Laender (federal states) and some 60 million voters? Here’s why Sunday’s election matters: As it turns out,... The post AfD is predicted to win 40% in the German state of Saxony-Anhalt. Should Jews be worried? appeared first on The Forward .",https://forward.com/fast-forward/848813/afd-is-predicted-to-win-40-in-the-german-state-of-saxony-anhalt-should-jews-be-worried/,The Forward,Toby Axelrod,2026-09-06T15:50:03,2026-09-06 16:44:36.249664,https://forward.com/?p=848813
Israeli ministers unveil plans to encourage voluntary Palestinian emigration from Gaza,Proposals spark condemnation from international powers and some American Jewish groups. -- The post Israeli ministers unveil plans to encourage voluntary Palestinian emigration from Gaza appeared first on Jewish Telegraphic Agency .,https://www.jta.org/2026/09/06/israel/israeli-ministers-unveil-plans-to-encourage-voluntary-palestinian-emigration-from-gaza,JTA,Tomer Almagor,2026-09-06T14:42:39,2026-09-06 16:44:33.546246,https://www.jta.org/?p=1907587
"Fauda creator: Mark Ruffalo is 'ignorant, stupid' for saying genocide in Gaza","Avi Issacharoff said that the actor misunderstands the term, arguing that Israel's allowing aid trucks into Gaza disproves accusations of genocide",https://www.haaretz.com/israel-news/culture/2026-09-06/ty-article/.premium/fauda-co-creator-hits-back-at-mark-ruffalo-over-gaza-genocide-remarks/000001a0-75d2-d957-ade9-77fea90f0000,Haaretz,Ben Kroll,2026-09-06T10:49:56,2026-09-06 13:58:52.150878,https://www.haaretz.com/israel-news/culture/2026-09-06/ty-article/.premium/fauda-co-creator-hits-back-at-mark-ruffalo-over-gaza-genocide-remarks/000001a0-75d2-d957-ade9-77fea90f0000
"In last-minute party shuffle, right-wing merger dismantles as Eisenkot fills out slate",Chili Tropper and Yoaz Hendel dismantled their centrist-right Zionist Home merger citing 'the complex political reality.' Eisenkot refused to invite Hendel to merge with the Yashar party and also added social entrepreneur Adi Altschuler to his slate,https://www.haaretz.com/israel-news/elections/2026-09-06/ty-article/last-minute-party-shuffles-right-wing-merger-breaks-as-eisenkot-fills-out-slate/000001a0-7639-d21d-a5ac-f77d69710000,Haaretz,Noa Shpigel,2026-09-06T11:00:28,2026-09-06 13:58:52.150858,https://www.haaretz.com/israel-news/elections/2026-09-06/ty-article/last-minute-party-shuffles-right-wing-merger-breaks-as-eisenkot-fills-out-slate/000001a0-7639-d21d-a5ac-f77d69710000
Anti-Netanyahu protester set to be charged with inciting terror over social media post,"Dr. Yolanda Yavor, who called to 'fight the traitor' in a post against the prime minister, was initially set to be charged with incitement to violence. Her attorney claims the charge was changed following a request by Likud to expedite the case",https://www.haaretz.com/israel-news/israel-crime/2026-09-06/ty-article/.premium/anti-netanyahu-protester-to-be-charged-for-inciting-terror-in-social-media-post/000001a0-7626-dc2e-aff3-7fa7ab260000,Haaretz,Adi Hashmonai,2026-09-06T12:07:19,2026-09-06 13:58:52.150834,https://www.haaretz.com/israel-news/israel-crime/2026-09-06/ty-article/.premium/anti-netanyahu-protester-to-be-charged-for-inciting-terror-in-social-media-post/000001a0-7626-dc2e-aff3-7fa7ab260000
"Israeli charged with security offenses not tied to enemy states, his lawyer says","Israeli authorities have indicted Kirpichenok alleging he operated on behalf of foreign intelligence operatives. Speaking to public broadcaster Kan, his lawyer didn't directly address whether he worked for Russia, where he currently resides",https://www.haaretz.com/israel-news/israel-security/2026-09-06/ty-article/.premium/israeli-charged-with-security-offenses-not-tied-to-enemy-states-his-lawyer-says/000001a0-764a-d46c-a3bf-ff4b92e70000,Haaretz,Liza Rozovsky,2026-09-06T12:17:18,2026-09-06 13:58:52.150810,https://www.haaretz.com/israel-news/israel-security/2026-09-06/ty-article/.premium/israeli-charged-with-security-offenses-not-tied-to-enemy-states-his-lawyer-says/000001a0-764a-d46c-a3bf-ff4b92e70000
Pro-Israel group urges Ed Sheeran to drop Macklemore for saying 'free Palestine',"The Israeli-American Council, linked to right-wing megadonor Miriam Adelson, accused Macklemore of 'spreading propaganda' after he performed a song dedicated to Hind Rajab, a five-year-old Palestinian girl killed in Gaza.",https://www.haaretz.com/life/2026-09-06/ty-article/.premium/pro-israeli-group-urges-ed-sheeran-to-drop-macklemore-over-pro-palestine-speech/000001a0-7668-dc32-affe-ff7c1f000000,Haaretz,Ben Kroll,2026-09-06T12:48:26,2026-09-06 13:58:52.150786,https://www.haaretz.com/life/2026-09-06/ty-article/.premium/pro-israeli-group-urges-ed-sheeran-to-drop-macklemore-over-pro-palestine-speech/000001a0-7668-dc32-affe-ff7c1f000000
Israeli parties in last-ditch merger dash as election slate deadline looms,"As the deadline to finalize party slates is looming, a last-minute merger between frontrunner Eisenkot and Bennett seems increasingly unlikely, with polls showing little upside. Netanyahu, meanwhile, is consolidating his bloc through new alliances",https://www.haaretz.com/israel-news/elections/2026-09-06/ty-article/.premium/parties-in-a-mad-merger-dash-as-israels-election-slates-set-to-close-tuesday/000001a0-7306-d957-ade9-733ebe210000,Haaretz,Michael Hauser Tov,2026-09-06T13:06:37,2026-09-06 13:58:52.150758,https://www.haaretz.com/israel-news/elections/2026-09-06/ty-article/.premium/parties-in-a-mad-merger-dash-as-israels-election-slates-set-to-close-tuesday/000001a0-7306-d957-ade9-733ebe210000
IAC urges Ed Sheeran to drop Macklemore after anti-Israel act,"The Israeli-American Council launched a petition demanding that concert organizers remove the rapper from the tour after his on-stage calls to ""Free Palestine.""",https://www.jns.org/news/u-s-news/iac-urges-ed-sheeran-to-drop-macklemore-after-anti-israel-act,JNS,JNS Staff,2026-09-06T11:15:27,2026-09-06 13:58:45.360805,https://www.jns.org/news/u-s-news/iac-urges-ed-sheeran-to-drop-macklemore-after-anti-israel-act
Delta and United returning to Israel,Airfares are expected to drop after the busy fall holiday season.,https://www.jns.org/news/israel-news/delta-and-united-returning-to-israel-this-week,JNS,Etgar Lefkovits,2026-09-06T11:25:21,2026-09-06 13:58:45.360782,https://www.jns.org/news/israel-news/delta-and-united-returning-to-israel-this-week
"'Don't give up on Spain,' pro-Israel group says",ACOM said Prime Minister Sánchez does not represent the Iberian nation and that a new government could rapidly improve ties with the Jewish state.,https://www.jns.org/news/world/dont-give-up-on-spain-pro-israel-group-says,JNS,Canaan Lidor,2026-09-06T12:20:12,2026-09-06 13:58:45.360758,https://www.jns.org/news/world/dont-give-up-on-spain-pro-israel-group-says
Israeli security forces find rocket in Samaria counter-terror raid,A 10-member Hamas terror cell was apprehended during the operation near Nablus (Shechem).,https://www.jns.org/news/israel-news/israeli-security-forces-find-rocket-in-samaria-counter-terror-raid,JNS,JNS Staff,2026-09-06T12:26:35,2026-09-06 13:58:45.360734,https://www.jns.org/news/israel-news/israeli-security-forces-find-rocket-in-samaria-counter-terror-raid
US antisemitism envoy opposes Vilnius building on Jewish cemetery,Rabbi Yehuda Kaploun urged Lithuania to block the construction of a conference or cultural center on an ancient burial ground razed under Soviet rule.,https://www.jns.org/news/antisemitism/us-antisemitism-envoy-opposes-vilnius-building-on-jewish-cemetery,JNS,Canaan Lidor,2026-09-06T12:45:48,2026-09-06 13:58:45.360706,https://www.jns.org/news/antisemitism/us-antisemitism-envoy-opposes-vilnius-building-on-jewish-cemetery
US House passes bill stripping federal funds from universities that boycott Israel,"(JTA) — The U.S. House of Representatives on Thursday approved a bill that would prevent federal funds from going to academic institutions that participate in commercial boycotts of Israel. The HR 4795 bill, co-sponsored by North Carolina Republican Rep. Virginia Foxx and New Jersey Democrat Rep. Josh Gottheimer, passed in a 237 to 169 vote,... The post US House passes bill stripping federal funds from universities that boycott Israel appeared first on The Forward .",https://forward.com/fast-forward/848537/us-house-passes-bill-stripping-federal-funds-from-universities-that-boycott-israel/,The Forward,Sharon Udasin,2026-09-06T10:30:31,2026-09-06 13:58:38.796573,https://forward.com/?p=848537
Spanish far-right activists use Nazi-style salutes in anti-migrant protests,"(JTA) — MADRID — Dozens of far-right activists raised their arms in Nazi-style salutes and sang a Spanish fascist anthem in the heart of Madrid on Wednesday, amid protests against the government’s handling of migration. Between 60 and 70 members of Núcleo Nacional, an ultra-nationalist anti-immigrant group, participated in mass demonstrations of tens of thousands... The post Spanish far-right activists use Nazi-style salutes in anti-migrant protests appeared first on The Forward .",https://forward.com/fast-forward/848633/spanish-far-right-activists-use-nazi-style-salutes-in-anti-migrant-protests/,The Forward,Shira Li Bartov,2026-09-06T10:45:39,2026-09-06 13:58:38.796534,https://forward.com/?p=848633
Hollywood’s Jews take sides in Mark Ruffalo-Paramount antisemitism row,"(JTA) — Some 170 notable Jewish personalities have released an open letter defending actor and producer Mark Ruffalo, who has been accused of antisemitism for his comments on Paramount Skydance’s pending acquisition of Warner Bros. Discovery. Entertainers, rabbis and a physician who is featured in a new documentary about doctors treating Palestinians in Gaza signed... The post Hollywood&#8217;s Jews take sides in Mark Ruffalo-Paramount antisemitism row appeared first on The Forward .",https://forward.com/fast-forward/848765/hollywoods-jews-take-sides-in-mark-ruffalo-paramount-antisemitism-row/,The Forward,Andrew Lapin,2026-09-06T11:00:40,2026-09-06 13:58:38.796489,https://forward.com/?p=848765
He went to a different Manhattan synagogue every week. Here’s what it taught him.,"Andrew Waxman set out to write a Yelp for synagogues, and discovered the Jewish community's diversity. -- The post He went to a different Manhattan synagogue every week. Here’s what it taught him. appeared first on Jewish Telegraphic Agency .",https://www.jta.org/2026/09/06/culture/he-went-to-a-different-manhattan-synagogue-every-week-heres-what-it-taught-him,JTA,Andrew Silow-Carroll,2026-09-06T10:45:00,2026-09-06 13:58:36.433671,https://www.jta.org/?p=1907364
"Israeli strikes in Lebanon kill four, wound 20, Health Ministry says",The Israeli military said it struck southern Lebanon after Hezbollah militants launched two drones at IDF soldiers in the Israeli-occupied buffer zone. Israel reportedly struck Ghandour Hospital and destroyed a three-story residential building in one town,https://www.haaretz.com/middle-east-news/lebanonnews/2026-09-06/ty-article/.premium/idf-says-it-struck-southern-lebanon-after-hezbollah-launched-explosive-drones/000001a0-753b-dee1-afea-75bfa2db0000,Haaretz,Jack Khoury,2026-09-06T06:26:25,2026-09-06 10:24:42.449727,https://www.haaretz.com/middle-east-news/lebanonnews/2026-09-06/ty-article/.premium/idf-says-it-struck-southern-lebanon-after-hezbollah-launched-explosive-drones/000001a0-753b-dee1-afea-75bfa2db0000
The question Israelis refuse to ask: What has Netanyahu done to our conscience?,"After so many years under the leadership of a corrupt politician whose public life embodies a moral void, Israelis have stopped caring about universal moral terms",https://www.haaretz.com/opinion/2026-09-06/ty-article-opinion/.premium/the-question-israelis-refuse-to-ask-what-has-netanyahu-done-to-our-conscience/000001a0-755c-d2fd-afbc-f7feff6a0000,Haaretz,Eitan Bolokan,2026-09-06T06:46:30,2026-09-06 10:24:42.449705,https://www.haaretz.com/opinion/2026-09-06/ty-article-opinion/.premium/the-question-israelis-refuse-to-ask-what-has-netanyahu-done-to-our-conscience/000001a0-755c-d2fd-afbc-f7feff6a0000
From the EU to Arab states: 'Everybody wants this government replaced',"The EU is avoiding steps that could strengthen Benjamin Netanyahu with voters, while Naftali Bennett and Yair Golan have both visited the UAE. Jordan and Egypt, meanwhile, would welcome any Israeli government that replaces Netanyahu",https://www.haaretz.com/israel-news/elections/2026-09-06/ty-article-magazine/.premium/from-the-eu-to-arab-states-everybody-wants-this-government-replaced/000001a0-67ca-dca9-a1e2-77de4e030000,Haaretz,Liza Rozovsky,2026-09-06T08:48:55,2026-09-06 10:24:42.449684,https://www.haaretz.com/israel-news/elections/2026-09-06/ty-article-magazine/.premium/from-the-eu-to-arab-states-everybody-wants-this-government-replaced/000001a0-67ca-dca9-a1e2-77de4e030000
Germany's far right poised to win most power since World War II in Sunday state election,"The Alternative for Germany party is polling at around 40 percent in Saxony-Anhalt, raising the prospect of Germany's first far-right state government since World War II and putting Chancellor Friedrich Merz's Christian Democrats under pressure",https://www.haaretz.com/world-news/europe/2026-09-06/ty-article/.premium/germanys-far-right-poised-to-win-most-power-since-wwii-in-sunday-state-election/000001a0-75de-dee1-afea-75de8e940000,Haaretz,Vera Weidenbach,2026-09-06T09:23:53,2026-09-06 10:24:42.449661,https://www.haaretz.com/world-news/europe/2026-09-06/ty-article/.premium/germanys-far-right-poised-to-win-most-power-since-wwii-in-sunday-state-election/000001a0-75de-dee1-afea-75de8e940000
Netanyahu's trial resumes with its fate increasingly tied to the next election,"During the course of the trial, Netanyahu had gone from being an opposition leader to the country's most powerful defendant. If Netanyahu is reelected, he'll try to have the charges dropped. If not, he risks losing his biggest leverage",https://www.haaretz.com/israel-news/israel-politics/2026-09-06/ty-article/.premium/netanyahus-trial-resumes-with-its-fate-increasingly-tied-to-the-next-election/000001a0-75a6-de65-a3f6-7da76c3e0000,Haaretz,Yael Freidson,2026-09-06T10:06:13,2026-09-06 10:24:42.449637,https://www.haaretz.com/israel-news/israel-politics/2026-09-06/ty-article/.premium/netanyahus-trial-resumes-with-its-fate-increasingly-tied-to-the-next-election/000001a0-75a6-de65-a3f6-7da76c3e0000
"'If you stop people-pleasing, people will be displeased. That's the hard part'","Keeping everyone happy may have protected you in childhood. In adulthood, it can leave you anxious, exhausted and unsure what you actually want. But being the one who suffers doesn't let you off the hook for how you treat others",https://www.haaretz.com/life/2026-09-06/ty-article-magazine/.premium/if-you-stop-people-pleasing-people-will-be-displeased-thats-the-hard-part/000001a0-754f-d096-a3ad-7dcf0dc50000,Haaretz,Amalia Rosenblum,2026-09-06T10:06:44,2026-09-06 10:24:42.449606,https://www.haaretz.com/life/2026-09-06/ty-article-magazine/.premium/if-you-stop-people-pleasing-people-will-be-displeased-thats-the-hard-part/000001a0-754f-d096-a3ad-7dcf0dc50000
'Breaking Dawn 2.0': IDF launches surprise country-wide drill,Military commanders mobilized reserve units and tested sudden war plans ahead of the High Holidays.,https://www.jns.org/news/israel-news/idf-launches-surprise-country-wide-drill,JNS,Amelie Botbol,2026-09-06T06:04:21,2026-09-06 10:24:35.442379,https://www.jns.org/news/israel-news/idf-launches-surprise-country-wide-drill
AMIT starts a global education conversation,Connecting principals across the world to collaborate and improve the student experience.,https://www.jns.org/wire/amit/amit-starts-a-global-education-conversation,JNS,,2026-09-06T06:04:25,2026-09-06 10:24:35.442363,https://www.jns.org/wire/amit/amit-starts-a-global-education-conversation
Who ya gonna to believe: Them or your own eyes?,"As a retired university instructor, I firmly believe in teaching students how to think rather than what to think.",https://www.jns.org/opinion/david-s-levine/who-ya-gonna-to-believe-them-or-your-own-eyes,JNS,David S. Levine,2026-09-06T06:30:00,2026-09-06 10:24:35.442344,https://www.jns.org/opinion/david-s-levine/who-ya-gonna-to-believe-them-or-your-own-eyes
Half a million worshippers have attended Selichot prayers at Western Wall,"Crowds thronged the plaza at Judaism’s second-holiest site, with the event broadcast on giant screens along the Old City walls.",https://www.jns.org/news/israel-news/half-a-million-worshippers-have-attended-selichot-prayers-at-western-wall,JNS,JNS Staff,2026-09-06T06:52:26,2026-09-06 10:24:35.442325,https://www.jns.org/news/israel-news/half-a-million-worshippers-have-attended-selichot-prayers-at-western-wall
Israel's National Security Council issues travel warnings ahead of Jewish High Holidays,"Peak holiday season can see up to 100,000 travelers per day via the Israel Airports Authority.",https://www.jns.org/news/israel-news/israels-national-security-council-issues-travel-warnings-for-ahead-of-jewish-high-holidays,JNS,JNS Staff,2026-09-06T07:47:01,2026-09-06 10:24:35.442305,https://www.jns.org/news/israel-news/israels-national-security-council-issues-travel-warnings-for-ahead-of-jewish-high-holidays
Welcome to JNS ישראל!,Jerusalem News Syndicate's Hebrew-language edition launches today.,https://www.jns.org/promo/welcome-to-jns-israel,JNS,Ariel Kahana,2026-09-06T07:59:01,2026-09-06 10:24:35.442287,https://www.jns.org/promo/welcome-to-jns-israel
Israeli boy in serious condition after contracting rare brain-eating amoeba,"Health officials linked the infection to the Sea of Galilee, marking the third such diagnosis recorded nationwide in recent years.",https://www.jns.org/news/israel-news/israeli-boy-in-serious-condition-after-contracting-rare-brain-eating-amoeba,JNS,JNS Staff,2026-09-06T08:16:34,2026-09-06 10:24:35.442270,https://www.jns.org/news/israel-news/israeli-boy-in-serious-condition-after-contracting-rare-brain-eating-amoeba
Israel slams British foreign secretary over Gaza 'stories' comment,"Ed Miliband falsely claimed medicines were being blocked, as U.K. Jewish leaders warned the government against imposing fresh sanctions on Israelis in Judea and Samaria.",https://www.jns.org/news/israel-news/israel-slams-british-foreign-secretary-over-gaza-stories-comment,JNS,JNS Staff,2026-09-06T08:43:17,2026-09-06 10:24:35.442249,https://www.jns.org/news/israel-news/israel-slams-british-foreign-secretary-over-gaza-stories-comment
The next Abraham Accords should formalize what has already been built,A U.S.-sponsored Middle East pharmaceutical security framework would be a good place to start.,https://www.jns.org/opinion/david-adler/the-next-abraham-accords-should-formalize-what-has-already-been-built,JNS,David Adler,2026-09-06T09:45:00,2026-09-06 10:24:35.442229,https://www.jns.org/opinion/david-adler/the-next-abraham-accords-should-formalize-what-has-already-been-built
Greece turns to Israel as Turkey’s military threat grows,"“The Meira K Show” brings a fresh, unfiltered look at society and politics in Israel and the Middle East. With her trademark energy and candor, she tackles stories too often ignored or distorted by mainstream media—offering clarity, courage and context in real time. Whether it’s breaking news, border tensions, political drama or cultural shifts, Meira delivers the facts and emotion behind the headlines with honesty and heart. Fast-paced, fearless and fiercely authentic, “The Meira K Show” gives viewers a frontline perspective on Israel’s most pressing challenges and inspiring moments. Each episode captures the urgency of the moment while keeping it grounded in truth and humanity. If you want to stay informed, inspired and connected to the real Israel, this is the show to watch. See more at: @JNS_TV and subscribe to our YouTube channel.",https://www.jns.org/jns-tv/meira-k-show/greece-turns-to-israel-as-turkeys-military-threat-grows,JNS,Meira K,2026-09-06T10:04:49,2026-09-06 10:24:35.442209,https://www.jns.org/jns-tv/meira-k-show/greece-turns-to-israel-as-turkeys-military-threat-grows
"Despite sanctions, Iran funnels billions through US banks","The Wall Street Journal revealed that Iran has managed to move funds through the U.S. financial system using a complex network of correspondent accounts, as the Trump administration seeks ways to stem the flow. An Egyptian bank operating in the United Arab Emirates was identified as having processed $1.8 billion for companies potentially linked to the ayatollah regime.",https://www.jns.org/news/u-s-news/despite-sanctions-iran-funnels-billions-through-us-banks,JNS,Neta Bar,2026-09-06T10:16:23,2026-09-06 10:24:35.442154,https://www.jns.org/news/u-s-news/despite-sanctions-iran-funnels-billions-through-us-banks
Pressure intensifies on Israel’s smaller parties to merge or drop out of race,The failure of even one small party to reach the 3.25% electoral threshold could decide who forms the next government.,https://www.jns.org/news/israel-news/pressure-intensifies-on-israels-smaller-parties-to-merge-or-drop-out-of-race,JNS,David Israel/TPS-IL,2026-09-06T10:17:35,2026-09-06 10:24:35.442128,https://www.jns.org/news/israel-news/pressure-intensifies-on-israels-smaller-parties-to-merge-or-drop-out-of-race
Trump is using Reagan’s playbook to bring down Iran,"Welcome to “Straight Up,” the bold, unfiltered JNS news show hosted by former director of Israel’s Government Press Office, Danny Seaman. Drawing on decades at the forefront of Israeli media and public diplomacy, he delivers sharp, unapologetic analysis on the issues shaping Israel, the Middle East and the global news narrative. From dismantling myths about the Oslo Accords in the 1990s to the Abraham Accords of 2020 to exposing the Iran-Hezbollah-Hamas alliance and the Western media’s bias against Israel, Seaman’s commentary is fearless, factual and grounded in firsthand experience. His direct, authoritative voice cuts through propaganda to reveal what’s driving events in the region. Each week, “Straight Up” dives deep into the biggest stories in Israeli news, featuring in-depth conversations with journalists, security experts and policymakers who know the facts behind the headlines. Seaman’s no-spin approach sheds light on the moral, strategic and political challenges facing Israel—from countering terror and defending democracy to navigating its relationships with the United States and Arab world. Candid, uncompromising and deeply informed, “Straight Up” is the show for viewers who want to understand Israel and the Middle East as they truly are—without filters, without fear and straight to the point. See more at: @JNS_TV and subscribe to our YouTube channel.",https://www.jns.org/jns-tv/straight-up/trump-is-using-reagans-playbook-to-bring-down-iran,JNS,Daniel Seaman,2026-09-06T10:19:44,2026-09-06 10:24:35.442100,https://www.jns.org/jns-tv/straight-up/trump-is-using-reagans-playbook-to-bring-down-iran
AfD is predicted to win 40% in the German state of Saxony-Anhalt. Should Jews be worried?,Here’s what you need to know about the rise of Germany’s far-right political party. -- The post AfD is predicted to win 40% in the German state of Saxony-Anhalt. Should Jews be worried? appeared first on Jewish Telegraphic Agency .,https://www.jta.org/2026/09/06/politics/afd-is-predicted-to-win-40-in-the-german-state-of-saxony-anhalt-should-jews-be-worried,JTA,Toby Axelrod,2026-09-06T09:36:04,2026-09-06 10:24:26.044294,https://www.jta.org/?p=1907563
Saudi Arabia's military alliances won't shield it from a Houthi Red Sea blockade,"Even if Hormuz reopens and U.S.-Iran tensions ease, the Houthis could sustain a second front in the Red Sea, threatening the Bab el-Mandeb Strait, disrupting routes to Saudi oil port Yanbu and increasing pressure on Riyadh",https://www.haaretz.com/middle-east-news/2026-09-06/ty-article/.premium/saudi-arabias-military-alliances-wont-shield-it-from-a-houthi-red-sea-blockade/000001a0-733d-d957-ade9-733d39b20000,Haaretz,Zvi Bar'el,2026-09-06T02:02:35,2026-09-06 05:34:44.946466,https://www.haaretz.com/middle-east-news/2026-09-06/ty-article/.premium/saudi-arabias-military-alliances-wont-shield-it-from-a-houthi-red-sea-blockade/000001a0-733d-d957-ade9-733d39b20000
How can the IDF protect freedom of religion – and freedom from religion?,"Religious and secular soldiers are asserting competing claims to freedom. The Israeli military needs a framework that protects both, without forcing either side to live by the other's beliefs",https://www.haaretz.com/opinion/2026-09-06/ty-article-opinion/.premium/how-can-the-idf-protect-freedom-of-religion-and-freedom-from-religion/000001a0-72b6-dee1-afea-72be2a750000,Haaretz,Asa Kasher,2026-09-06T02:11:00,2026-09-06 05:34:44.946433,https://www.haaretz.com/opinion/2026-09-06/ty-article-opinion/.premium/how-can-the-idf-protect-freedom-of-religion-and-freedom-from-religion/000001a0-72b6-dee1-afea-72be2a750000
Israel's election cycle reveals a country untethered from reality,This election should reckon with October 7 and the devastation in Gaza and Lebanon. An election cycle that avoids important issues foreshadows what will happen once it's over,https://www.haaretz.com/opinion/2026-09-06/ty-article-opinion/.premium/israels-election-cycle-reveals-a-country-untethered-from-reality/000001a0-72db-d3f1-affa-7fdf8b600000,Haaretz,Gideon Levy,2026-09-06T02:38:21,2026-09-06 05:34:44.946397,https://www.haaretz.com/opinion/2026-09-06/ty-article-opinion/.premium/israels-election-cycle-reveals-a-country-untethered-from-reality/000001a0-72db-d3f1-affa-7fdf8b600000
The closure of a Jerusalem cafe open on Shabbat is another step into the dark,"Cafe Basimta's Saturday closure is a warning: Netanyahu's years in power have emboldened Haredi autonomy, deepened Jerusalem's culture war, and fueled ignorance, racism and misogyny",https://www.haaretz.com/opinion/editorial/2026-09-06/ty-article-opinion/the-closure-of-a-jerusalem-cafe-open-on-shabbat-is-another-step-into-the-dark/000001a0-7327-d91b-abba-fff7fbc70000,Haaretz,Haaretz Editorial,2026-09-06T02:43:57,2026-09-06 05:34:44.946364,https://www.haaretz.com/opinion/editorial/2026-09-06/ty-article-opinion/the-closure-of-a-jerusalem-cafe-open-on-shabbat-is-another-step-into-the-dark/000001a0-7327-d91b-abba-fff7fbc70000
"Israel strikes southern Lebanon after Hezbollah drone launch, IDF says",,https://www.haaretz.com/israel-news/israel-security/2026-09-06/ty-article-live/irgc-says-it-struck-a-u-s-aircraft-carrier-destroyer-with-cruise-missiles/000001a0-74ad-d957-ade9-76bd56390004,Haaretz,Haaretz,2026-09-06T03:07:27,2026-09-06 05:34:44.946323,https://www.haaretz.com/israel-news/israel-security/2026-09-06/ty-article-live/irgc-says-it-struck-a-u-s-aircraft-carrier-destroyer-with-cruise-missiles/000001a0-74ad-d957-ade9-76bd56390004
A personal encounter with antisemitism,Is Jew-hatred the new normal in middle-class America?,https://www.jns.org/opinion/israel-ellis/a-personal-encounter-with-antisemitism,JNS,Israel Ellis,2026-09-06T03:00:00,2026-09-06 05:34:37.405055,https://www.jns.org/opinion/israel-ellis/a-personal-encounter-with-antisemitism
‘Fauda’ star reveals Season 5 had to be entirely rewritten after Oct. 7,Actor and co-creator of the series shared the difficulties in filming abroad in the wake of the Hamas-led massacre and rising antisemitism.,https://www.jns.org/news/israel-news/fauda-star-reveals-season-5-had-to-be-entirely-rewritten-after-oct-7,JNS,JNS Staff,2026-09-06T04:57:29,2026-09-06 05:34:37.405020,https://www.jns.org/news/israel-news/fauda-star-reveals-season-5-had-to-be-entirely-rewritten-after-oct-7
The 360-degree approach to Jewish civic engagement,The entire community must be mobilized to fight antisemitism.,https://www.jns.org/opinion/daniel-rosen/the-360-degree-approach-to-jewish-civic-engagement,JNS,Daniel Rosen,2026-09-06T00:30:00,2026-09-06 00:38:18.682519,https://www.jns.org/opinion/daniel-rosen/the-360-degree-approach-to-jewish-civic-engagement
Senior rabbi removes one of Knesset's longest-serving members from Haredi party slate,Senior rabbi Dov Landau told veteran lawmakers Moshe Gafni and Uri Maklev they would leave the Knesset to make way for new representatives. Gafni first entered the Knesset in 1988,https://www.haaretz.com/israel-news/elections/2026-09-06/ty-article/.premium/israels-most-senior-lawmaker-removed-from-haredi-slate-by-spiritual-leader/000001a0-7398-d957-ade9-73bc3f500000,Haaretz,Aaron Rabinowitz,2026-09-05T22:26:23,2026-09-05 22:41:15.493249,https://www.haaretz.com/israel-news/elections/2026-09-06/ty-article/.premium/israels-most-senior-lawmaker-removed-from-haredi-slate-by-spiritual-leader/000001a0-7398-d957-ade9-73bc3f500000
Former PM Lapid unveils Yesh Atid election slate amid poor polls,"Lapid unveils slate as part of planned merger with former Prime Minister Naftali Bennett's party, with polls projecting just six or seven MKs and most current lawmakers either departing or unlikely to secure realistic spots on the joint list",https://www.haaretz.com/israel-news/elections/2026-09-05/ty-article/.premium/former-pm-lapid-unveils-yesh-atid-election-slate-amid-poor-polls/000001a0-72ae-df95-a9b3-fbff29590000,Haaretz,Jonathan Lis,2026-09-05T19:06:01,2026-09-05 20:57:30.430859,https://www.haaretz.com/israel-news/elections/2026-09-05/ty-article/.premium/former-pm-lapid-unveils-yesh-atid-election-slate-amid-poor-polls/000001a0-72ae-df95-a9b3-fbff29590000
Border police conscript fatally shot after firing on officers in central Israel,"Police received reports of an armed man with a long gun roaming between homes in the city. Large forces were dispatched to the scene, and a shootout developed between the sides. The suspect was seriously wounded, and no other people were hurt",https://www.haaretz.com/israel-news/israel-security/2026-09-05/ty-article/.premium/police-man-fatally-shot-after-firing-on-officers-source-shooter-was-conscript/000001a0-72c1-df8f-a3f4-7eddf6780000,Haaretz,Yair Foldes,2026-09-05T19:49:52,2026-09-05 20:57:30.430832,https://www.haaretz.com/israel-news/israel-security/2026-09-05/ty-article/.premium/police-man-fatally-shot-after-firing-on-officers-source-shooter-was-conscript/000001a0-72c1-df8f-a3f4-7eddf6780000
Ultra-Orthodox protesters block Jerusalem entrance over Shabbat bus services,"Ultra-Orthodox demonstrations in Jerusalem follow weeks of clashes, including a protest earlier Saturday targeting a coffee stand outside the Jerusalem café at the center of a dispute over businesses operating on Shabbat",https://www.haaretz.com/israel-news/2026-09-05/ty-article/.premium/ultra-orthodox-protesters-block-jerusalem-entrance-over-shabbat-bus-services/000001a0-726a-d7b7-a1af-faee77210000,Haaretz,Nir Hasson,2026-09-05T17:40:17,2026-09-05 18:49:13.367790,https://www.haaretz.com/israel-news/2026-09-05/ty-article/.premium/ultra-orthodox-protesters-block-jerusalem-entrance-over-shabbat-bus-services/000001a0-726a-d7b7-a1af-faee77210000
"Gloria Steinem was a feminist icon – and ""wherever there's antisemitism, a Jew""","The influential writer and activist who died this week was a trailblazer for women in journalism and politics. Throughout her life, she showed a willingness to learn from her critics and adapt to new political realities",https://www.haaretz.com/opinion/2026-09-05/ty-article-opinion/.premium/gloria-steinem-was-a-feminist-icon-and-wherever-theres-antisemitism-a-jew/000001a0-71a6-dec9-a7ff-f1a738bb0000,Haaretz,Dahlia Lithwick,2026-09-05T13:24:41,2026-09-05 16:35:02.999276,https://www.haaretz.com/opinion/2026-09-05/ty-article-opinion/.premium/gloria-steinem-was-a-feminist-icon-and-wherever-theres-antisemitism-a-jew/000001a0-71a6-dec9-a7ff-f1a738bb0000
Hadash meets to replace Knesset candidate who withdrew over sexual harassment claims,"Jafar Farah's replacement would take the fourth spot on the Joint List. Dozens of his supporters protested the selection process, as a senior Hadash official warned it could face a legal challenge",https://www.haaretz.com/israel-news/elections/2026-09-05/ty-article/.premium/hadash-meets-to-replace-candidate-who-withdrew-over-sexual-harassment-claims/000001a0-7199-dfd9-abe2-fbdbb0a80000,Haaretz,Jack Khoury,2026-09-05T15:11:09,2026-09-05 16:35:02.999240,https://www.haaretz.com/israel-news/elections/2026-09-05/ty-article/.premium/hadash-meets-to-replace-candidate-who-withdrew-over-sexual-harassment-claims/000001a0-7199-dfd9-abe2-fbdbb0a80000
U.S. military says it struck three Iranian crude oil carriers near Kharg Island,"The U.S. strike on Iranian vessels, amidst renewed hostilities in recent days, comes after a month-long relative calm in the U.S.-Iran conflict",https://www.haaretz.com/middle-east-news/iran/2026-09-05/ty-article/u-s-military-says-it-struck-three-iranian-crude-oil-carriers-near-kharg-island/000001a0-71f1-def7-a7f7-79f77a680000,Haaretz,Reuters,2026-09-05T15:19:21,2026-09-05 16:35:02.999205,https://www.haaretz.com/middle-east-news/iran/2026-09-05/ty-article/u-s-military-says-it-struck-three-iranian-crude-oil-carriers-near-kharg-island/000001a0-71f1-def7-a7f7-79f77a680000
"IDF hits Hezbollah terrorists, infrastructure after drone launched at soldiers",The troops downed the UAV.,https://www.jns.org/news/israel-news/idf-hits-hezbollah-terrorists-infrastructure-after-drone-launched-at-soldiers,JNS,JNS Staff,2026-09-05T13:38:15,2026-09-05 16:34:55.436305,https://www.jns.org/news/israel-news/idf-hits-hezbollah-terrorists-infrastructure-after-drone-launched-at-soldiers
"Ben-Gvir unveils voluntary Gaza emigration plan, vows implementation after election",Israel’s national security minister said his party aims to facilitate the relocation of about 1.86 million Gazans within seven years.,https://www.jns.org/news/israel-news/ben-gvir-unveils-voluntary-gaza-emigration-plan-vows-implementation-after-election,JNS,JNS Staff,2026-09-05T14:56:14,2026-09-05 16:34:55.436279,https://www.jns.org/news/israel-news/ben-gvir-unveils-voluntary-gaza-emigration-plan-vows-implementation-after-election
US forces destroy three IRGC oil tankers after coming under Iranian fire,"“Let the message to the IRGC be clear: If you shoot at two of our ships, we will impose an even higher economic cost—taking out three of yours.”",https://www.jns.org/news/u-s-news/us-forces-destroy-three-irgc-oil-tankers-after-coming-under-iranian-fire,JNS,JNS Staff,2026-09-05T15:48:13,2026-09-05 16:34:55.436247,https://www.jns.org/news/u-s-news/us-forces-destroy-three-irgc-oil-tankers-after-coming-under-iranian-fire
IDF chief: Israel ‘fundamentally changed its security doctrine’ after Oct. 7,Lt. Gen. Zamir also said the military must be expanded with the necessary manpower and equipped with advanced capabilities to meet its evolving missions.,https://www.jns.org/news/israel-news/idf-chief-israel-fundamentally-changed-its-security-doctrine-after-oct-7,JNS,JNS Staff,2026-09-05T16:30:50,2026-09-05 16:34:55.436206,https://www.jns.org/news/israel-news/idf-chief-israel-fundamentally-changed-its-security-doctrine-after-oct-7
Iran accuses U.S. of striking oil tanker near key Persian Gulf terminal,"Iranian state media said four U.S. missiles struck the tanker near Kharg Island, Iran's main oil export hub. The U.S. military did not immediately comment on the report",https://www.haaretz.com/middle-east-news/iran/2026-09-05/ty-article/iran-accuses-u-s-of-striking-oil-tanker-near-key-persian-gulf-terminal/000001a0-715d-def7-a7f7-79ff2f360000,Haaretz,Reuters,2026-09-05T11:45:07,2026-09-05 13:23:22.348375,https://www.haaretz.com/middle-east-news/iran/2026-09-05/ty-article/iran-accuses-u-s-of-striking-oil-tanker-near-key-persian-gulf-terminal/000001a0-715d-def7-a7f7-79ff2f360000
"Huckabee calls settler attacks 'acts of terror', urges prosecution during West Bank visit","The U.S. ambassador met Palestinian Americans in a West Bank town repeatedly targeted by settlers, saying Washington is working on a mechanism to curb violence and that U.S. citizens there are 'our responsibility'",https://www.haaretz.com/west-bank/2026-09-05/ty-article/huckabee-calls-settler-attacks-acts-of-terror-during-west-bank-visit/000001a0-710a-d1e9-ade0-f1db9d010000,Haaretz,Liza Rozovsky,2026-09-05T12:16:33,2026-09-05 13:23:22.348340,https://www.haaretz.com/west-bank/2026-09-05/ty-article/huckabee-calls-settler-attacks-acts-of-terror-during-west-bank-visit/000001a0-710a-d1e9-ade0-f1db9d010000
Israel’s capture of Hamas security chief shows it is changing the rules of the game in Gaza,"The arrest of Muein al-Arabid in the heart of Gaza City is a strategic message underscoring that Israel is not returning to full-scale war, but is also not allowing Hamas to exploit the ceasefire to rebuild its military capabilities.",https://www.jns.org/analysis/israels-capture-of-hamas-security-chief-shows-it-is-changing-the-rules-of-the-game-in-gaza,JNS,Yoni Ben Menachem,2026-09-05T12:34:28,2026-09-05 13:23:15.080964,https://www.jns.org/analysis/israels-capture-of-hamas-security-chief-shows-it-is-changing-the-rules-of-the-game-in-gaza
"Jerusalem cafe bows to Haredi protests, will no longer open on Shabbat","(JTA) — Cafe Basimta, the Jerusalem coffee shop that became a flashpoint in the city’s long-running dispute over Shabbat observance, will stop opening on Saturdays beginning this weekend after two months of weekly ultra-Orthodox protests. The cafe said Thursday that the decision was made “after prolonged deliberation and with a heavy heart,” out of a... The post Jerusalem cafe bows to Haredi protests, will no longer open on Shabbat appeared first on The Forward .",https://forward.com/fast-forward/848525/jerusalem-cafe-bows-to-haredi-protests-will-no-longer-open-on-shabbat/,The Forward,Deborah Danan,2026-09-05T10:15:23,2026-09-05 13:23:08.634089,https://forward.com/?p=848525
JD Vance refuses to disavow Tucker Carlson,"(JTA) — Vice President JD Vance acknowledged that he has “political disagreements” with Tucker Carlson, the former Fox News personality who has spread antisemitic conspiracy theories and sparked a rift within the Republican Party. But that won’t impact their friendship, Vance said during a press conference on Thursday at the White House. “Everybody knows that... The post JD Vance refuses to disavow Tucker Carlson appeared first on The Forward .",https://forward.com/fast-forward/848510/jd-vance-refuses-to-disavow-tucker-carlson/,The Forward,Joseph Strauss,2026-09-05T10:30:30,2026-09-05 13:23:08.634008,https://forward.com/?p=848510
"We met the Syrian spies by the border. Later, we learned they were planning to behead us",I ran agents for Israeli Military Intelligence Unit 504. I kept this story to myself for 50 years,https://www.haaretz.com/israel-news/israel-security/2026-09-05/ty-article-magazine/.highlight/we-met-the-syrian-spies-by-the-border-they-were-planning-to-behead-us/000001a0-6fe1-dec9-a7ff-efe13e860000,Haaretz,Uzi Mahnaimi,2026-09-05T05:53:13,2026-09-05 10:04:15.424907,https://www.haaretz.com/israel-news/israel-security/2026-09-05/ty-article-magazine/.highlight/we-met-the-syrian-spies-by-the-border-they-were-planning-to-behead-us/000001a0-6fe1-dec9-a7ff-efe13e860000
Sexual harassment allegations against a senior politician test an evolving Arab society in Israel,"Claims against a high-ranking Hadash figure first surfaced in 2019. Feminist activists say the response this time points to a broader shift, as women challenge a deeply rooted culture of silence around sexual violence",https://www.haaretz.com/israel-news/israel-politics/2026-09-05/ty-article-magazine/.premium/sexual-harassment-allegations-test-an-evolving-arab-society-in-israel/000001a0-6fd6-d240-a3a8-efd75bbf0000,Haaretz,Adi Hashmonai,2026-09-05T06:32:59,2026-09-05 10:04:15.424878,https://www.haaretz.com/israel-news/israel-politics/2026-09-05/ty-article-magazine/.premium/sexual-harassment-allegations-test-an-evolving-arab-society-in-israel/000001a0-6fd6-d240-a3a8-efd75bbf0000
Israel restores school transportation for students in unrecognized Bedouin villages,"The Association for Civil Rights in Israel warned the ministry that the policy was 'illegal, arbitrary and improper,' saying it infringed students' right to education and pressured families to leave homes facing demolition",https://www.haaretz.com/israel-news/2026-09-05/ty-article/.premium/israel-restores-transportation-for-students-in-unrecognized-bedouin-villages/000001a0-6fd2-d7cf-a9a3-7fd6c4e00000,Haaretz,Eden Solomon,2026-09-05T07:35:39,2026-09-05 10:04:15.424846,https://www.haaretz.com/israel-news/2026-09-05/ty-article/.premium/israel-restores-transportation-for-students-in-unrecognized-bedouin-villages/000001a0-6fd2-d7cf-a9a3-7fd6c4e00000
Queers for Palestine? The complicated politics of being LGBTQ in Israel,"With a fateful election looming in under two months, we spoke to LGBTQ Israelis of every stripe about how their identities shape – or possibly clash – with their politics, how Oct. 7 and the Gaza war affected them, and what they fear most during this turbulent campaign season",https://www.haaretz.com/israel-news/elections/2026-09-05/ty-article-magazine/.highlight/queers-for-palestine-the-complicated-politics-of-being-lgbtq-in-israel/000001a0-7090-def7-a7f7-78f7d48e0000,Haaretz,Esther Solomon,2026-09-05T09:36:15,2026-09-05 10:04:15.424812,https://www.haaretz.com/israel-news/elections/2026-09-05/ty-article-magazine/.highlight/queers-for-palestine-the-complicated-politics-of-being-lgbtq-in-israel/000001a0-7090-def7-a7f7-78f7d48e0000
Report: Pentagon gave dozens of Joint Staff members polygraph tests in leak probe,"About 50 military officers and civilian employees were questioned over disclosures to the press, including reports that the Iran war has depleted U.S. munitions stockpiles, The New York Times reported",https://www.haaretz.com/us-news/2026-09-05/ty-article/report-pentagon-gave-dozens-of-joint-staff-members-polygraphs-in-leak-probe/000001a0-70ab-d45c-a7aa-f2ffa0c30000,Haaretz,Haaretz,2026-09-05T09:57:14,2026-09-05 10:04:15.424766,https://www.haaretz.com/us-news/2026-09-05/ty-article/report-pentagon-gave-dozens-of-joint-staff-members-polygraphs-in-leak-probe/000001a0-70ab-d45c-a7aa-f2ffa0c30000
Spain’s Jewish federation reports over 200 antisemitic incidents in 2025,"(JTA) — MADRID — Spain’s Jewish umbrella organization and a watchdog group have reported that antisemitic incidents rose 14.5% in 2025, warning that hatred was being “normalized.” The Federation of Jewish Communities of Spain (FCJE) recorded 221 antisemitic incidents in Spain last year, up from 193 in 2024, in a report released Wednesday together with... The post Spain’s Jewish federation reports over 200 antisemitic incidents in 2025 appeared first on The Forward .",https://forward.com/fast-forward/848477/spains-jewish-federation-reports-over-200-antisemitic-incidents-in-2025/,The Forward,Shira Li Bartov,2026-09-05T10:00:59,2026-09-05 10:04:01.850326,https://forward.com/?p=848477
U.S. sanctions Turkish financial institution for aiding Iran's Revolutionary Guard,,https://www.haaretz.com/israel-news/israel-security/2026-09-05/ty-article-live/u-s-sanctions-turkish-financial-body-for-aiding-irans-revolutionary-guard/000001a0-6f42-ddf3-a1e9-6f53a7970000,Haaretz,Haaretz,2026-09-05T02:15:56,2026-09-05 05:18:46.862699,https://www.haaretz.com/israel-news/israel-security/2026-09-05/ty-article-live/u-s-sanctions-turkish-financial-body-for-aiding-irans-revolutionary-guard/000001a0-6f42-ddf3-a1e9-6f53a7970000
NYT: U.S. intelligence believes Iran wants to escalate war before Midterms,"The documents reportedly say Iran has gained a better understanding of the leverage afforded by its control of the Strait of Hormuz. U.S. President Donald Trump threatened to attack 'if anything goes bad,' saying Washington may bomb Pickaxe Mountain 'very soon'",https://www.haaretz.com/middle-east-news/iran/2026-09-05/ty-article/nyt-u-s-intelligence-believes-iran-wants-to-escalate-war-before-midterms/000001a0-6f96-def7-a7f7-6ff705150000,Haaretz,Haaretz,2026-09-05T03:51:03,2026-09-05 05:18:46.862666,https://www.haaretz.com/middle-east-news/iran/2026-09-05/ty-article/nyt-u-s-intelligence-believes-iran-wants-to-escalate-war-before-midterms/000001a0-6f96-def7-a7f7-6ff705150000
"Israeli settlers' weekend hike: Palestinian teenager killed, home torched, windows smashed","Settlers come to the town of Sa'ir for a pogrom-type outing. Residents throw stones at them to drive them away, and a 16-year-old Palestinian boy is shot dead from a distance. Police arrest only the stone-throwers, while the shooter remains free",https://www.haaretz.com/israel-news/twilight-zone/2026-09-05/ty-article-magazine/.highlight/a-settlers-weekend-hike-teenager-killed-home-torched-windows-smashed/000001a0-67e6-dca9-a1e2-77fe35610000,Haaretz,Gideon Levy,2026-09-05T04:37:24,2026-09-05 05:18:46.862624,https://www.haaretz.com/israel-news/twilight-zone/2026-09-05/ty-article-magazine/.highlight/a-settlers-weekend-hike-teenager-killed-home-torched-windows-smashed/000001a0-67e6-dca9-a1e2-77fe35610000
"IDF launches new strikes in Lebanon, cites attempted Hezbollah drone attack","At least two people were reportedly killed in earlier Israeli strikes in Lebanon, and local authorities in northern Israel told residents to expect explosions and gunfire throughout the evening as part of 'routine' IDF activity",https://www.haaretz.com/middle-east-news/lebanonnews/2026-09-05/ty-article/.premium/idf-launches-new-strikes-in-lebanon-cites-attempted-hezbollah-drone-attack/000001a0-6e87-d4dc-a3ba-6ef7c77b0000,Haaretz,Yaniv Kubovich,2026-09-04T23:28:26,2026-09-05 00:38:53.485669,https://www.haaretz.com/middle-east-news/lebanonnews/2026-09-05/ty-article/.premium/idf-launches-new-strikes-in-lebanon-cites-attempted-hezbollah-drone-attack/000001a0-6e87-d4dc-a3ba-6ef7c77b0000
Hollywood’s Jews take sides in Mark Ruffalo-Paramount antisemitism row,The actor has come under fire for his language linking a media merger to Israel's actions in Gaza. -- The post Hollywood&#8217;s Jews take sides in Mark Ruffalo-Paramount antisemitism row appeared first on Jewish Telegraphic Agency .,https://www.jta.org/2026/09/04/united-states/hollywoods-jews-take-sides-in-mark-ruffalo-paramount-antisemitism-row,JTA,Andrew Lapin,2026-09-04T23:00:36,2026-09-05 00:38:36.478669,https://www.jta.org/?p=1907430
Sunnyvale’s Sephardic congregation is attracting a young crowd,"When Leo Lazar and his wife Becky moved to Cupertino eight years ago with their two preschool-age daughters, finding a Jewish community that felt familiar, welcoming, family-oriented and rooted in [&#8230;]",https://jweekly.com/2026/09/04/sunnyvales-sephardic-congregation-is-attracting-a-young-crowd/,J. Weekly,Emma Goss,2026-09-05T00:07:30,2026-09-05 00:38:31.898592,https://jweekly.com/?p=310746
HHS Issues New Guidance on Antisemitism in Health Care,The US Department of Health and Human Services (HHS) on Thursday issued new guidance on civil rights and antisemitism in...,https://www.algemeiner.com/2026/09/04/hhs-issues-new-guidance-antisemitism-health-care/,Algemeiner,Dion J. Pierre,2026-09-04T21:02:16,2026-09-04 22:48:39.960341,https://www.algemeiner.com/?p=779088
"‘Jews for Abdul’ Co-Founder Slams El-Sayed’s Views on Israel, Says Candidate Struggling to Reach Jewish Voters","The co-founder of &#8220;Jews for Abdul,&#8221; an effort of Democratic nominee Abdul El-Sayed&#8217;s US Senate campaign in Michigan, acknowledged during...",https://www.algemeiner.com/2026/09/04/jews-abdul-co-founder-slams-el-sayeds-views-israel-says-candidate-struggling-reach-jewish-voters/,Algemeiner,Corey Walker,2026-09-04T21:44:17,2026-09-04 22:48:39.960312,https://www.algemeiner.com/?p=779098
European Rabbis Unveil Seven-Point Plan to Confront ‘Infrastructure of Hatred’ Amid Rising Antisemitic Violence,"As antisemitic attacks, threats, and extremist intimidation continue to unsettle Jewish communities across Europe, the Conference of European Rabbis (CER)...",https://www.algemeiner.com/2026/09/04/european-rabbis-unveil-seven-point-plan-confront-infrastructure-hatred-amid-rising-antisemitic-violence/,Algemeiner,Ailin Vilches Arguello,2026-09-04T21:50:22,2026-09-04 22:48:39.960274,https://www.algemeiner.com/?p=779106
Nonprofit trains Queens seniors to be social media keyboard warriors against Jew-hatred,"“Not everyone can go to a rally,” Aaron Herman, who leads the nonprofit IMPACT, told JNS. “Not everyone can go out in the streets, but they can go from their couch.”",https://www.jns.org/news/u-s-news/nonprofit-trains-queens-seniors-to-be-social-media-keyboard-warriors-against-jew-hatred,JNS,Rebecca Szlechter,2026-09-04T20:32:34,2026-09-04 22:48:37.737050,https://www.jns.org/news/u-s-news/nonprofit-trains-queens-seniors-to-be-social-media-keyboard-warriors-against-jew-hatred
"Catholic nuns, cardinal sue Illinois over assisted-suicide law","""Our residents come to us at one of the most vulnerable moments of their lives,"" Mother Mary Rose Heery said. ""Illinois cannot ask us to replace that promise with help ending their lives.""",https://www.jns.org/news/u-s-news/catholic-nuns-cardinal-sue-illinois-over-assisted-suicide-law,JNS,Jessica Russak-Hoffman,2026-09-04T20:35:37,2026-09-04 22:48:37.737011,https://www.jns.org/news/u-s-news/catholic-nuns-cardinal-sue-illinois-over-assisted-suicide-law
"‘He’s in wrong party,’ Jared Moskowitz’s GOP challenger tells JNS","“Voters in this district now finally have a choice of a true defender of Israel with a record of results, who’s not beholden to party leadership that is increasingly out of whack with what most of us feel,” said Scott Singer, mayor of Boca Raton.",https://www.jns.org/news/u-s-news/hes-in-wrong-party-jared-moskowitzs-gop-challenger-tells-jns,JNS,Andrew Bernard,2026-09-04T21:20:47,2026-09-04 22:48:37.736977,https://www.jns.org/news/u-s-news/hes-in-wrong-party-jared-moskowitzs-gop-challenger-tells-jns
"Mamdani got ‘warm welcome’ at Brooklyn Judaica store, his office tells JNS","Sam Raskin, a spokesman for the mayor, said that Mamdani talked to shoppers at Eichler's and ""heard directly from community members about the issues facing the neighborhood and how the administration can best support its residents.”",https://www.jns.org/news/u-s-news/mamdani-got-warm-welcome-at-brooklyn-judaica-store-his-office-tells-jns,JNS,Rikki Zagelbaum,2026-09-04T21:47:25,2026-09-04 22:48:37.736914,https://www.jns.org/news/u-s-news/mamdani-got-warm-welcome-at-brooklyn-judaica-store-his-office-tells-jns
Repair the World and Hillel International Engaging 800+ College Students in 9/11 Volunteer Program,Both Repair the World and Hillel are helping Jewish young adults connect with the spirit of civic engagement and collective responsibility for those in their community. The post Repair the World and Hillel International Engaging 800+ College Students in 9/11 Volunteer Program appeared first on Jewish Journal .,https://jewishjournal.com/community/391871/repair-the-world-and-hillel-international-engaging-800-college-students-in-9-11-volunteer-program/,Jewish Journal,Kylie Ora Lobell,2026-09-04T20:32:29,2026-09-04 22:48:35.257821,https://jewishjournal.com/?p=391871
Steve Ballmer and the Ecstasy of Hubris,The art of humility may be the toughest. Who wants to look weak and admit mistakes? We much prefer to win. It’s not clear how humility can get us there. The post Steve Ballmer and the Ecstasy of Hubris appeared first on Jewish Journal .,https://jewishjournal.com/commentary/columnist/editors-note/391874/steve-ballmer-and-the-ecstasy-of-hubris/,Jewish Journal,David Suissa,2026-09-04T20:42:07,2026-09-04 22:48:35.257774,https://jewishjournal.com/?p=391874
Why is JD Vance talking about the Antichrist?,"JD Vance said he might be bringing about the End Times, adding that he would not be “shocked if the Antichrist was walking among us.” Vance was speaking on the Christian YouTube show The Bryce Crawford Podcast about his memoir, Communion, which covers his conversion to Catholicism from Protestantism. Numerous Catholics online reacted to his... The post Why is JD Vance talking about the Antichrist? appeared first on The Forward .",https://forward.com/culture/848663/jd-vance-antichrist-end-times-peter-thiel-catholicism/,The Forward,Mira Fox,2026-09-04T21:52:04,2026-09-04 22:48:30.995046,https://forward.com/?p=848663
Updated: Free or low-cost High Holiday services in the Bay Area,Welcome to our annual list of free and low-cost High Holiday services open to the public. All services listed here cost $100 or less per person. (Many accept donations or [&#8230;],https://jweekly.com/2026/09/04/free-or-low-cost-rosh-hashanah-and-yom-kippur-services-around-the-bay-area/,J. Weekly,Rahel Knight,2026-09-04T21:45:22,2026-09-04 22:48:23.987439,https://jweekly.com/?p=310102
Ex-Likud MK nixes new party as blocs consolidate ahead of party list deadline,Erdan – one of the proponents of a Zionist unity government – said he had concluded that his Unity Party's support 'is not likely to be sufficient to clear the electoral threshold.' Eisenkot welcomed Erdan's 'responsible' decision,https://www.haaretz.com/israel-news/elections/2026-09-04/ty-article/.premium/ex-likud-mk-nixes-new-party-as-blocs-consolidate-ahead-of-party-list-deadline/000001a0-6d81-d45c-a7aa-ffffc75d0000,Haaretz,Noa Shpigel,2026-09-04T18:42:12,2026-09-04 20:22:36.348330,https://www.haaretz.com/israel-news/elections/2026-09-04/ty-article/.premium/ex-likud-mk-nixes-new-party-as-blocs-consolidate-ahead-of-party-list-deadline/000001a0-6d81-d45c-a7aa-ffffc75d0000
Far-right ex-general could be a hypocrite enough to drop Netanyahu for Eisenkot,Ofer Winter has an inconvenient past went it comes to being fair with soldiers. Will such a flawed character lead him to reverse his endorsement for prime minister?,https://www.haaretz.com/opinion/2026-09-04/ty-article-opinion/.premium/far-right-ex-general-could-be-a-hypocrite-enough-to-drop-netanyahu-for-eisenkot/000001a0-6d63-d1e9-ade0-fdf3e4300000,Haaretz,Raviv Drucker,2026-09-04T18:46:18,2026-09-04 20:22:36.348288,https://www.haaretz.com/opinion/2026-09-04/ty-article-opinion/.premium/far-right-ex-general-could-be-a-hypocrite-enough-to-drop-netanyahu-for-eisenkot/000001a0-6d63-d1e9-ade0-fdf3e4300000
Israel Says It Has Cleared Hezbollah Fighters From Tunnels Under Key Lebanon Ridge,"Israel&#8216;s military has cleared Hezbollah fighters holed up in tunnels under the strategic Ali al-Taher ridge in southern Lebanon, Israeli Defense Minister Israel Katz said on Friday, though the Iran-backed terrorist group did...",https://www.algemeiner.com/2026/09/04/israel-says-cleared-hezbollah-fighters-tunnels-key-lebanon-ridge/,Algemeiner,Reuters and Algemeiner Staff,2026-09-04T17:47:26,2026-09-04 20:22:29.803623,https://www.algemeiner.com/?p=779073
"US and Allies Push IAEA Board to Report Iran to UN Security Council, Diplomats Say","The United States, Britain, France, and Germany are seeking a resolution by the UN nuclear watchdog&#8217;s board next week reporting Iran to the UN Security Council for the...",https://www.algemeiner.com/2026/09/04/us-allies-push-iaea-board-report-iran-un-security-council-diplomats-say/,Algemeiner,Reuters and Algemeiner Staff,2026-09-04T17:51:42,2026-09-04 20:22:29.803592,https://www.algemeiner.com/?p=779075
"Hillel International, Repair the World Expand Popular Fellowship for Jewish and Non-Jewish Students","Hillel International and Repair the World are kicking off the 2026-2027 academic year with major news for Jewish campus life,...",https://www.algemeiner.com/2026/09/04/hillel-international-repair-the-world-expand-popular-fellowship-jewish-non-jewish-students/,Algemeiner,Dion J. Pierre,2026-09-04T18:20:35,2026-09-04 20:22:29.803563,https://www.algemeiner.com/?p=778963
Kosher Community Fridge in Illinois Dedicated to Murdered Hamas Hostage Hersh Goldberg-Polin,"A new kosher community refrigerator in Skokie, Illinois, that offers free food around the clock to those in need was...",https://www.algemeiner.com/2026/09/04/kosher-community-fridge-illinois-dedicated-murdered-hamas-hostage-hersh-goldberg-polin/,Algemeiner,Shiryn Ghermezian,2026-09-04T18:24:05,2026-09-04 20:22:29.803536,https://www.algemeiner.com/?p=779054
"Northern Ireland Triathlon Bans Israeli Athletes Citing Public Safety Concerns, Support for Palestinians",Israeli athletes set to compete in a triathlon in Northern Ireland on Saturday have been banned from participating in the...,https://www.algemeiner.com/2026/09/04/northern-ireland-triathlon-bans-israeli-athletes-citing-public-safety-concerns-support-palestinians/,Algemeiner,Shiryn Ghermezian,2026-09-04T18:32:03,2026-09-04 20:22:29.803509,https://www.algemeiner.com/?p=779022
"80-Year-Old Israeli Tourist Brutally Attacked in Paris Hotel Room, Suffers Severe Facial Fractures","An elderly Israeli tourist was brutally attacked in her Paris hotel room early Friday, suffering multiple severe facial fractures, with...",https://www.algemeiner.com/2026/09/04/80-year-old-israeli-tourist-brutally-attacked-paris-hotel-room-suffers-severe-facial-fractures/,Algemeiner,Ailin Vilches Arguello,2026-09-04T18:34:23,2026-09-04 20:22:29.803481,https://www.algemeiner.com/?p=779079
Huckabee Warns Settler Violence Is Damaging Israel’s Global Standing as Attacks Mount,US Ambassador to Israel Mike Huckabee warned Friday that violence by a small fringe of Jewish extremists in the West...,https://www.algemeiner.com/2026/09/04/huckabee-warns-settler-violence-is-damaging-israels-global-standing-as-attacks-mount/,Algemeiner,Gabriel Ostrovsky,2026-09-04T19:48:55,2026-09-04 20:22:29.803446,https://www.algemeiner.com/?p=779046
"Mamdani’s visit to Brooklyn Judaica store sets ‘wrong example’ ahead of High Holidays, Jewish NYC councilwoman says","“By welcoming Mamdani into a Jewish space as if he were safe, we tell Jews to lower their guard and tell everyone else that our concerns are overblown,” Inna Vernikov told JNS. “They are not.”",https://www.jns.org/news/u-s-news/mamdanis-visit-to-brooklyn-judaica-store-sets-wrong-example-ahead-of-high-holidays-jewish-nyc-councilwoman-says,JNS,Mike Wagenheim,2026-09-04T17:29:11,2026-09-04 20:22:27.483956,https://www.jns.org/news/u-s-news/mamdanis-visit-to-brooklyn-judaica-store-sets-wrong-example-ahead-of-high-holidays-jewish-nyc-councilwoman-says
"Israel, Venezuela discuss expanded economic cooperation, use of Israeli tech","The two countries “will continue working to deepen our cooperation, both internationally and at the United Nations,” Danny Danon, Israel's U.N. ambassador, wrote.",https://www.jns.org/news/israel-news/israel-venezuela-discuss-expanded-economic-cooperation-use-of-israeli-tech,JNS,Mike Wagenheim,2026-09-04T17:58:03,2026-09-04 20:22:27.483921,https://www.jns.org/news/israel-news/israel-venezuela-discuss-expanded-economic-cooperation-use-of-israeli-tech
"US sanctions Turkish bank over alleged Iran, IRGC financial ties","“Financial institutions continue to find out the hard way that we are serious” about cutting off support for Tehran, Scott Bessent, the U.S. treasury secretary, stated.",https://www.jns.org/news/u-s-news/us-sanctions-turkish-bank-over-alleged-iran-irgc-financial-ties,JNS,,2026-09-04T18:16:00,2026-09-04 20:22:27.483892,https://www.jns.org/news/u-s-news/us-sanctions-turkish-bank-over-alleged-iran-irgc-financial-ties
"US-Saudi nuclear deal ‘glide path’ to bomb, senior House Dem tells JNS","“Although we all worry about an Iranian nuclear program, we should not feel any better about a Saudi nuclear weapons program,” Rep. Brad Sherman said.",https://www.jns.org/news/u-s-news/us-saudi-nuclear-deal-glide-path-to-bomb-senior-house-dem-tells-jns,JNS,Aaron Bandler,2026-09-04T18:37:26,2026-09-04 20:22:27.483861,https://www.jns.org/news/u-s-news/us-saudi-nuclear-deal-glide-path-to-bomb-senior-house-dem-tells-jns
EU Parliament blocks proposal to fund Iran's ‘reconstruction’,"The amendment to the European Union's 2027 budget called for increased funding for the bloc’s Southern Neighbourhood, including resources to rebuild Gaza, Lebanon, Syria and Iran.",https://www.jns.org/news/world/eu-parliament-blocks-proposal-to-fund-irans-reconstruction,JNS,Jessica Russak-Hoffman,2026-09-04T19:00:50,2026-09-04 20:22:27.483830,https://www.jns.org/news/world/eu-parliament-blocks-proposal-to-fund-irans-reconstruction
"Austin initiative hosts public training on recognizing, combating Jew-hatred","Jackie Nirenberg, regional director of ADL Austin, told JNS that many participants ""were genuinely surprised by what they learned about the Jewish community.""",https://www.jns.org/news/u-s-news/austin-initiative-hosts-public-training-on-recognizing-combating-jew-hatred,JNS,Jessica Russak-Hoffman,2026-09-04T19:09:43,2026-09-04 20:22:27.483797,https://www.jns.org/news/u-s-news/austin-initiative-hosts-public-training-on-recognizing-combating-jew-hatred
"With the approach of the High Holidays, we must remember not to be alone",This season is the time when we are most aware of our mortality.,https://www.jns.org/opinion/rabbi-cary-kozberg/with-the-approach-of-the-high-holidays-we-must-remember-not-to-be-alone,JNS,Rabbi Cary Kozberg,2026-09-04T19:45:00,2026-09-04 20:22:27.483769,https://www.jns.org/opinion/rabbi-cary-kozberg/with-the-approach-of-the-high-holidays-we-must-remember-not-to-be-alone
Mamdani announces one-year ban on AI use in NYC public schools,The policy bars generative AI tools for public-school students through eighth grade while limiting high school use to teacher-supervised programs.,https://www.jns.org/news/u-s-news/mamdani-announces-one-year-ban-on-ai-use-in-nyc-public-schools,JNS,,2026-09-04T19:46:26,2026-09-04 20:22:27.483741,https://www.jns.org/news/u-s-news/mamdani-announces-one-year-ban-on-ai-use-in-nyc-public-schools
University of Washington delays vote on student conduct code changes,The university is seeking more feedback on proposed revisions following criticism of its handling of antisemitism and destructive anti-Israel protests.,https://www.jns.org/news/u-s-news/university-of-washington-delays-vote-on-student-conduct-code-changes,JNS,Jessica Russak-Hoffman,2026-09-04T19:58:37,2026-09-04 20:22:27.483704,https://www.jns.org/news/u-s-news/university-of-washington-delays-vote-on-student-conduct-code-changes
Jim Joseph Foundation Releases Unprecedented Research on Jewish Young Adults,[&#8230;] The post Jim Joseph Foundation Releases Unprecedented Research on Jewish Young Adults appeared first on Jewish Journal .,https://jewishjournal.com/community/391866/jim-joseph-foundation-releases-unprecedented-research-on-jewish-young-adults/,Jewish Journal,Kylie Ora Lobell,2026-09-04T18:48:53,2026-09-04 20:22:25.086730,https://jewishjournal.com/?p=391866
"‘New year, play a happy tune’","צום נײַעם יאָר שיקן מיר אַ באַגריסונג צו די לייענער מיט אַ וווּנטש זיי זאָלן זיך אויסבעטן אַ גוט־יאָר — אַ יאָר פֿון גליק, געזונט, מזל און שלום. זאָל דעם ייִדישן פֿאָלק באַשערט זײַן צו לעבן אין פֿרידלעכע צײַטן און זאָל דער פֿאָרווערטס ממשיך זײַן, ווי ביז אַהער, זײַן ראָלע ווי אַ שײַנטורעם פֿון ליכט... The post ‘New year, play a happy tune’ appeared first on The Forward .",https://forward.com/yiddish/848603/new-year-play-a-happy-tune/,The Forward,חנה מלאָטעק,2026-09-04T18:11:37,2026-09-04 20:22:20.760006,https://forward.com/?p=848603
"In upcoming Israeli election, Netanyahu is preparing to blame a loss on conspiracy","On the morning of Oct. 7, 2023, retired Maj. Gen. Yair Golan woke to sirens and reports of something terrible happening in southern Israel. At around 8 a.m., as the scale of the Hamas invasion was becoming clear, the former deputy chief of staff told his wife he had to go back to the army,... The post In upcoming Israeli election, Netanyahu is preparing to blame a loss on conspiracy appeared first on The Forward .",https://forward.com/opinion/848228/netanyahu-conspiracy-campaign-strategy/,The Forward,Dan Perry,2026-09-04T18:36:03,2026-09-04 20:22:20.759959,https://forward.com/?p=848228
How I learned to stop worrying and love my Jewish curls,"When I was a kid, my hair was a constant battle. By the time I was in elementary school, my hair went past my waist, and every time my parents decided it was time for a trim — which my dad performed — I resisted strenuously, and after just a few inches were removed, I... The post How I learned to stop worrying and love my Jewish curls appeared first on The Forward .",https://forward.com/forward-newsletters/looking-forward/848720/jewish-hair-curly-straightening-frizz/,The Forward,Mira Fox,2026-09-04T20:03:23,2026-09-04 20:22:20.759907,https://forward.com/?p=848720
Jewish institutions spend record-high $1 billion on security,"Plus, a Judaica shop distances itself from Mamdani after the mayor's visit. -- The post Jewish institutions spend record-high $1 billion on security appeared first on Jewish Telegraphic Agency .",https://www.jta.org/2026/09/04/ny/jewish-institutions-spend-record-high-1-billion-on-security,JTA,New York Jewish Week Staff,2026-09-04T19:29:42,2026-09-04 20:22:18.242166,https://www.jta.org/?p=1907540
House passes bill stripping funds from universities that boycott Israel,(JTA) — The U.S. House of Representatives on Thursday approved a bill that would prevent federal funds from going to academic institutions that participate in commercial boycotts of Israel. The [&#8230;],https://jweekly.com/2026/09/04/us-house-passes-bill-stripping-federal-funds-from-universities-that-boycott-israel/,J. Weekly,Sharon Udasin,2026-09-04T17:38:42,2026-09-04 20:22:13.641004,https://jweekly.com/?p=310715
JD Vance refuses to disavow Tucker Carlson,"(JTA) — Vice President JD Vance acknowledged that he has “political disagreements” with Tucker Carlson, the former Fox News personality who has spread antisemitic conspiracy theories and sparked a rift [&#8230;]",https://jweekly.com/2026/09/04/jd-vance-refuses-to-disavow-tucker-carlson/,J. Weekly,Joseph Strauss,2026-09-04T18:09:32,2026-09-04 20:22:13.640969,https://jweekly.com/?p=310731
"Comings and goings, happenings, opportunities — August 2026","COMINGS AND GOINGS Dianne Taube, chairman and chief executive officer of Taube Philanthropies, has been named honorary consul of the Republic of Poland for the Bay Area. She succeeds her [&#8230;]",https://jweekly.com/2026/09/04/comings-and-goings-happenings-opportunities-august-2026/,J. Weekly,Rahel Knight,2026-09-04T18:40:47,2026-09-04 20:22:13.640924,https://jweekly.com/?p=310675
Settler arrested for violating IDF order over alleged violence against Palestinians,Tal Yinon Dardik was charged with violating an order by the IDF's West Bank chief after failing to report to a police station as he was required. The order alleges he was involved in physical and sexual abuse of a Palestinian,https://www.haaretz.com/israel-news/israel-security/2026-09-04/ty-article/.premium/settler-accused-of-violating-idf-order-over-alleged-attacks-on-palestinians/000001a0-6c05-dd23-affe-fe3520610000,Haaretz,Nir Hasson,2026-09-04T14:34:20,2026-09-04 17:23:45.861615,https://www.haaretz.com/israel-news/israel-security/2026-09-04/ty-article/.premium/settler-accused-of-violating-idf-order-over-alleged-attacks-on-palestinians/000001a0-6c05-dd23-affe-fe3520610000
Left-wing Hadash Knesset candidate quits slate after Haaretz reveals sexual allegations against him,Hadash has reportedly received seven testimonies from women alleging that Jafar Farah sexually harassed them. The party will choose his replacement for the fourth place on the Joint List on Saturday,https://www.haaretz.com/israel-news/israel-politics/2026-09-04/ty-article/.premium/hadash-knesset-candidate-quits-slate-after-sexual-misconduct-allegations/000001a0-6cfe-d7e4-afae-7efef17f0000,Haaretz,Adi Hashmonai,2026-09-04T15:52:15,2026-09-04 17:23:45.861585,https://www.haaretz.com/israel-news/israel-politics/2026-09-04/ty-article/.premium/hadash-knesset-candidate-quits-slate-after-sexual-misconduct-allegations/000001a0-6cfe-d7e4-afae-7efef17f0000
Trump wants to stop the fighting. Iran has trouble knowing when to quit,"Iran's leaders are wracked by power struggles, indecision and an inability to admit mistakes. Economic pressure might push them toward a political resolution",https://www.haaretz.com/middle-east-news/iran/2026-09-04/ty-article/.premium/trump-wants-to-stop-the-fighting-iran-has-trouble-knowing-when-to-quit/000001a0-6bd2-d60b-a1f2-efdee54c0000,Haaretz,Zvi Bar'el,2026-09-04T16:26:33,2026-09-04 17:23:45.861555,https://www.haaretz.com/middle-east-news/iran/2026-09-04/ty-article/.premium/trump-wants-to-stop-the-fighting-iran-has-trouble-knowing-when-to-quit/000001a0-6bd2-d60b-a1f2-efdee54c0000
"As revenge killings claim four lives in a day, Nazareth braces for the next murder","Residents say calls for revenge have been circulating on social media among people identified with both sides of a feud between two families. 'People in the city feel that something bigger has started,' said one Nazareth resident",https://www.haaretz.com/israel-news/israel-crime/2026-09-04/ty-article/after-four-murders-in-a-day-nazareth-residents-anxiously-await-the-next/000001a0-6c5f-defd-a1b0-eeffd12b0000,Haaretz,Deiaa Haj Yahia,2026-09-04T16:50:15,2026-09-04 17:23:45.861521,https://www.haaretz.com/israel-news/israel-crime/2026-09-04/ty-article/after-four-murders-in-a-day-nazareth-residents-anxiously-await-the-next/000001a0-6c5f-defd-a1b0-eeffd12b0000
Is the Palestinian Authority Planning to Cancel Elections Again?,"Is the Palestinian Authority (PA) already preparing the excuses it could use to cancel its next elections, currently scheduled for...",https://www.algemeiner.com/2026/09/04/is-palestinian-authority-planning-cancel-elections-again/,Algemeiner,Ephraim D. Tepler and Itamar Marcus,2026-09-04T16:05:21,2026-09-04 17:23:41.434870,https://www.algemeiner.com/?p=779036
The Lesson That Parshat Nitzavim Has for Each of Us Today,"Victor Lustig was born in 1890 in Arnau, today known as Hostinné, a small town in Bohemia. Later in life,...",https://www.algemeiner.com/2026/09/04/lesson-that-parshat-nitzavim-has-each-us-today/,Algemeiner,Pini Dunner,2026-09-04T16:20:08,2026-09-04 17:23:41.434843,https://www.algemeiner.com/?p=779027
"George Clooney, Mark Ruffalo, and the Free Speech Straw Man: How Cowardice Sanitizes Hate","&#8220;We&#8217;re not going to ban speech,&#8221; George Clooney declared at the Venice Film Festival, casually swatting away questions about Mark...",https://www.algemeiner.com/2026/09/04/george-clooney-mark-ruffalo-free-speech-straw-man-how-cowardice-sanitizes-hate/,Algemeiner,Erez Levin,2026-09-04T16:27:05,2026-09-04 17:23:41.434816,https://www.algemeiner.com/?p=779032
Why I Built a Publishing House for the Jewish Stories That the Mass Media Refused to Sell,"After Oct. 7, I went through all the stages of grief and anger, and then thought about what I could...",https://www.algemeiner.com/2026/09/04/why-i-built-publishing-house-jewish-stories-mass-media-refused-sell/,Algemeiner,Howard Lovy,2026-09-04T16:36:47,2026-09-04 17:23:41.434782,https://www.algemeiner.com/?p=779024
"IRS, US Treasury Department propose revoking tax exemptions from private schools that use racial preferences","The proposed rule would cover admissions, scholarships, athletics and other school programs but allow faith-based schools to continue to select students based on religious affiliation.",https://www.jns.org/news/u-s-news/irs-us-treasury-department-propose-revoking-tax-exemptions-from-private-schools-that-use-racial-preferences,JNS,,2026-09-04T13:30:00,2026-09-04 17:23:39.198735,https://www.jns.org/news/u-s-news/irs-us-treasury-department-propose-revoking-tax-exemptions-from-private-schools-that-use-racial-preferences
"Jewish institutional spending on security surpasses $1 billion annually, Jewish Federation says","“The fact that Jewish communal spending has shot up 33% is a measure of how much more dangerous life has become for Jewish Americans,” stated Eric Fingerhut, president and CEO of the Jewish Federations of North America.",https://www.jns.org/news/u-s-news/jewish-institutional-spending-on-security-surpasses-1-billion-annually-jewish-federation-says,JNS,,2026-09-04T14:00:00,2026-09-04 17:23:39.198705,https://www.jns.org/news/u-s-news/jewish-institutional-spending-on-security-surpasses-1-billion-annually-jewish-federation-says
Alarming levels of K-12 antisemitism demand responses,"While most teachers and administrators have no interest in making Jewish children uncomfortable, they have never been trained to recognize the problem when it appears.",https://www.jns.org/wire/the-focus-project/alarming-levels-of-k-12-antisemitism-demand-responses,JNS,,2026-09-04T14:00:00,2026-09-04 17:23:39.198671,https://www.jns.org/wire/the-focus-project/alarming-levels-of-k-12-antisemitism-demand-responses
Legal scholars warn of 'anti-Zionist exception' to civil rights law,"UCLA law professor Jon Michaels told JNS that a forthcoming ""Cardozo Law Review"" essay is a ""reckoning with what Jewish plaintiffs, and plaintiffs who are coded as Jewish allies, are confronting.""",https://www.jns.org/news/u-s-news/legal-scholars-warn-of-anti-zionist-exception-to-civil-rights-law,JNS,Jessica Russak-Hoffman,2026-09-04T14:30:00,2026-09-04 17:23:39.198643,https://www.jns.org/news/u-s-news/legal-scholars-warn-of-anti-zionist-exception-to-civil-rights-law
What public school parents and yeshivah families agree on this school season,"The Federal Scholarship Tax Credit Program exists, whether or not New Yorkers participate, and Albany appropriates nothing to fund it.",https://www.jns.org/opinion/sydney-altfield/what-public-school-parents-and-yeshivah-families-agree-on-this-school-season,JNS,Sydney Altfield,2026-09-04T14:45:00,2026-09-04 17:23:39.198615,https://www.jns.org/opinion/sydney-altfield/what-public-school-parents-and-yeshivah-families-agree-on-this-school-season
"Six in 10 young Americans first learned about 9/11 in school, per Pew study","The survey found that 93% of those who were at least 10-years-old at the time recall ""exactly where they were or what they were doing when they heard the news.""",https://www.jns.org/news/u-s-news/six-in-10-young-americans-first-learned-about-9-11-in-school-per-pew-study,JNS,,2026-09-04T15:00:00,2026-09-04 17:23:39.198587,https://www.jns.org/news/u-s-news/six-in-10-young-americans-first-learned-about-9-11-in-school-per-pew-study
Trump hosts historic White House meeting with Hasidic leaders,The meeting included a reunion between two Satmar rebbes who have been at odds since a succession dispute divided the community after their father’s death in 2006.,https://www.jns.org/news/u-s-news/trump-hosts-historic-white-house-meeting-with-hasidic-leaders,JNS,Mike Wagenheim,2026-09-04T15:57:31,2026-09-04 17:23:39.198554,https://www.jns.org/news/u-s-news/trump-hosts-historic-white-house-meeting-with-hasidic-leaders
"Jews, tea and war in Sri Lanka","Hopefully, recent violence against a Chabad center will prove to be a footnote to a long saga.",https://www.jns.org/opinion/column/michael-freund/jews-tea-and-war-in-sri-lanka,JNS,Michael Freund,2026-09-04T16:00:00,2026-09-04 17:23:39.198508,https://www.jns.org/opinion/column/michael-freund/jews-tea-and-war-in-sri-lanka
‘The Bridge’ Between Rock Music and Healing,"“The Bridge” follows 10 Israelis affected by the Oct. 7 attacks, and what they experienced in Los Angeles at Rock ’n’ Roll Fantasy Camp The post ‘The Bridge’ Between Rock Music and Healing appeared first on Jewish Journal .",https://jewishjournal.com/culture/arts/film/391859/the-bridge-between-rock-music-and-healing/,Jewish Journal,Brian Fishbach,2026-09-04T17:16:48,2026-09-04 17:23:36.884751,https://jewishjournal.com/?p=391859
A play about racism in America was a hit in Warsaw in 1935,"„מיסיסיפּי“ פֿון לײב מלאך האָט געבראַכט די אַמעריקאַנער ראַסע־פּראָבלעם אױף דער ייִדישער בינע אין פּױלן סקאָטסבאָראָ, אַ שטעטל אין אַלאַבאַמע, איז אין די 1930ער יאָרן באַקאַנט געװאָרן איבער דער גאַנצער װעלט צוליב דעם געריכט־פּראָצעס איבער נײַן אַפֿריקאַנער־אַמעריקאַנער יונגע לײַט, װעלכע זײַנען פֿאַלש באַשולדיקט געװאָרן אין פֿאַרגװאַלדיקן צװײ יונגע װײַסע פֿרױען. די געריכט־פּראָצעסן האָבן זיך געצויגן... The post A play about racism in America was a hit in Warsaw in 1935 appeared first on The Forward .",https://forward.com/yiddish/848555/a-play-about-racism-in-america-was-a-hit-in-warsaw-in-1935/,The Forward,מיכאל קרוטיקאָװ,2026-09-04T14:43:48,2026-09-04 17:23:32.647052,https://forward.com/?p=848555
How Hamas still holds Gaza captive,"Almost 10 months after the October 2025 President Trump‑brokered ceasefire and hostage‑release agreement that formally ended the war between Israel and Hamas, the conflict is anything but over. For there to be real progress, both sides of this discourse need to confront an uncomfortable truth: Palestinians retain real agency even within a profound power imbalance,... The post How Hamas still holds Gaza captive appeared first on The Forward .",https://forward.com/opinion/848177/gaza-hamas-palestinians-hostages/,The Forward,Ahmed Fouad Alkhatib,2026-09-04T16:30:26,2026-09-04 17:23:32.646993,https://forward.com/?p=848177
Spanish far-right activists use Nazi-style salutes in anti-migrant protests,The group Núcleo Nacional said the gesture “represents our ancestors.” -- The post Spanish far-right activists use Nazi-style salutes in anti-migrant protests appeared first on Jewish Telegraphic Agency .,https://www.jta.org/2026/09/04/global/spanish-far-right-activists-use-nazi-style-salutes-in-anti-migrant-protests,JTA,Shira Li Bartov,2026-09-04T16:44:50,2026-09-04 17:23:30.195170,https://www.jta.org/?p=1907513
"Your Daily Phil: Jewish security spending topped $1 billion in 2025, JFNA finds","The post Your Daily Phil: Jewish security spending topped $1 billion in 2025, JFNA finds appeared first on eJewishPhilanthropy .",https://ejewishphilanthropy.com/your-daily-phil-jewish-security-spending-topped-1-billion-in-2025-jfna-finds/,eJewish Philanthropy,EJP,2026-09-04T14:11:02,2026-09-04 17:23:28.034095,https://ejewishphilanthropy.com/?p=179744
"Death announcements for the week of Sept. 4, 2026","Obituaries are underwritten by Sinai Memorial, the Bay Area’s nonprofit Jewish funeral home. Harold Belmont Jan. 30, 1944–Aug. 15, 2026 Harold (Hal) Belmont peacefully passed away on August 15, 2026, surrounded by [&#8230;]",https://jweekly.com/2026/09/04/death-announcements-for-the-week-of-sept-4-2026/,J. Weekly,J. Staff,2026-09-04T14:00:00,2026-09-04 17:23:25.696979,https://jweekly.com/?p=310652
"Lifecycles announcements for the week of Sept. 4, 2026","Birth Bailey and Elior Shayer are very happy to announce the birth of their daughter, Zohar Julia Shayer, on May 27, 2026 (11 Sivan). This is the first grandchild for [&#8230;]",https://jweekly.com/2026/09/04/lifecycles-announcements-for-the-week-of-sept-4-2026/,J. Weekly,J. Staff,2026-09-04T14:01:00,2026-09-04 17:23:25.696931,https://jweekly.com/?p=310668
Israeli charged for alleged role in influence campaign by hostile actors,"At Haaretz's request, the court allowed publication that the citizen was investigated by the Shin Bet security service and the police, who say he was involved in foreign influence activity. State filed request to detain him until the end of proceedings",https://www.haaretz.com/israel-news/israel-security/2026-09-04/ty-article/israeli-charged-for-alleged-role-in-influence-campaign-by-hostile-actors/000001a0-6be7-dc8d-a3a7-ebef878b0000,Haaretz,Liza Rozovsky,2026-09-04T10:29:16,2026-09-04 13:12:08.488818,https://www.haaretz.com/israel-news/israel-security/2026-09-04/ty-article/israeli-charged-for-alleged-role-in-influence-campaign-by-hostile-actors/000001a0-6be7-dc8d-a3a7-ebef878b0000
"Israel's water crisis eases, but algae bloom still threatens desalination","Israel's Water Authority said supplies to households and agriculture have stabilized through controlled desalination, increased flows from the Sea of Galilee and hundreds of groundwater wells, but it gave no estimate for when the algae bloom will subside",https://www.haaretz.com/science-and-health/2026-09-04/ty-article/.premium/israels-water-crisis-eases-but-algae-bloom-still-threatens-desalination/000001a0-6b8d-d6d9-a5b4-7bef06d70000,Haaretz,Zafrir Rinat,2026-09-04T11:41:49,2026-09-04 13:12:08.488786,https://www.haaretz.com/science-and-health/2026-09-04/ty-article/.premium/israels-water-crisis-eases-but-algae-bloom-still-threatens-desalination/000001a0-6b8d-d6d9-a5b4-7bef06d70000
Ben-Gvir reserves second Otzma Yehudit slot for firebrand MK Tally Gotliv after Likud exit,"Gotliv, who was pushed down to the 20th place on Likud's slot and said she was the victim of a political 'targeted assassination,' was commended by Ben-Gvir for her 'fight against the deep-state and the attorney general'",https://www.haaretz.com/israel-news/elections/2026-09-04/ty-article/.premium/ben-gvir-reserves-second-otzma-yehudit-slot-for-mk-tally-gotliv-after-likud-exit/000001a0-6c1b-d09b-afb5-7f7fa64f0001,Haaretz,Noa Shpigel,2026-09-04T11:49:13,2026-09-04 13:12:08.488755,https://www.haaretz.com/israel-news/elections/2026-09-04/ty-article/.premium/ben-gvir-reserves-second-otzma-yehudit-slot-for-mk-tally-gotliv-after-likud-exit/000001a0-6c1b-d09b-afb5-7f7fa64f0001
Inside Trump's Gaza plan and its collision with Netanyahu's political survival,"Trump's Gaza plan rests on reciprocity between Israeli withdrawal and Hamas' disarmament. But Netanyahu's government is blocking key steps, raising the question of whether security concerns – or electoral calculations – are driving Israel's resistance",https://www.haaretz.com/gaza/2026-09-04/ty-article/.premium/inside-trumps-gaza-plan-and-its-collision-with-netanyahus-political-survival/000001a0-6b28-d09b-afb5-7b7d426f0000,Haaretz,Liza Rozovsky,2026-09-04T12:27:15,2026-09-04 13:12:08.488720,https://www.haaretz.com/gaza/2026-09-04/ty-article/.premium/inside-trumps-gaza-plan-and-its-collision-with-netanyahus-political-survival/000001a0-6b28-d09b-afb5-7b7d426f0000
What would it take for Israel's war-torn northernmost city to turn on Netanyahu?,"On the Lebanese border, Kiryat Shmona has come under more intense bombardment than any other Israeli city in recent years. Supporters of the anti-Netanyahu bloc hope it will prompt voters in this Likud stronghold to rethink their loyalties, but they are likely to be disappointed",https://www.haaretz.com/israel-news/elections/2026-09-04/ty-article-magazine/.premium/what-does-it-take-for-israels-war-torn-northernmost-city-to-turn-on-netanyahu/000001a0-5219-d276-a7a1-fedbd93e0000,Haaretz,Judy Maltz,2026-09-04T12:30:31,2026-09-04 13:12:08.488677,https://www.haaretz.com/israel-news/elections/2026-09-04/ty-article-magazine/.premium/what-does-it-take-for-israels-war-torn-northernmost-city-to-turn-on-netanyahu/000001a0-5219-d276-a7a1-fedbd93e0000
"Israel releases five Lebanese detainees, tightens hold on Southern Lebanon security zone",The diplomatic move comes as Israel presses for Hezbollah’s disarmament.,https://www.jns.org/news/israel-news/israel-releases-five-lebanese-detainees-tightens-hold-on-southern-lebanon-security-zone,JNS,JNS Staff,2026-09-04T09:51:34,2026-09-04 13:12:00.886770,https://www.jns.org/news/israel-news/israel-releases-five-lebanese-detainees-tightens-hold-on-southern-lebanon-security-zone
"IDF busts terror cell plotting attacks, detains wanted suspects in Samaria ops",Five terrorists apprehended in the Qabatiya area and more than 10 near Nablus.,https://www.jns.org/news/israel-news/idf-busts-terror-cell-plotting-attacks-detains-wanted-suspects-in-samaria-ops,JNS,JNS Staff,2026-09-04T10:36:13,2026-09-04 13:12:00.886740,https://www.jns.org/news/israel-news/idf-busts-terror-cell-plotting-attacks-detains-wanted-suspects-in-samaria-ops
Vance connects with younger voters at RJC summit in Vegas,His willingness to speak plainly is as welcome as it is timely.,https://www.jns.org/opinion/lee-zeldin/vance-connects-with-younger-voters-at-rjc-summit-in-vegas,JNS,Lee Zeldin,2026-09-04T11:00:00,2026-09-04 13:12:00.886707,https://www.jns.org/opinion/lee-zeldin/vance-connects-with-younger-voters-at-rjc-summit-in-vegas
EU commissioner defends Jewish rites amid Belgian 'milah' row,"Olivér Várhelyi said Europe cannot claim Jewish life belongs while making religious practice “increasingly difficult, if not impossible.”",https://www.jns.org/news/world/eu-commissioner-defends-jewish-rites-amid-belgian-milah-row,JNS,Canaan Lidor,2026-09-04T11:45:57,2026-09-04 13:12:00.886680,https://www.jns.org/news/world/eu-commissioner-defends-jewish-rites-amid-belgian-milah-row
Now they want us to commit suicide,"Are we supposed to conclude that antisemitism, which history has proved time and again is innately genocidal, is a minor irritant when compared to our collective carbon footprint?",https://www.jns.org/opinion/column/ben-cohen/now-they-want-us-to-commit-suicide,JNS,Ben Cohen,2026-09-04T12:30:00,2026-09-04 13:12:00.886645,https://www.jns.org/opinion/column/ben-cohen/now-they-want-us-to-commit-suicide
Israeli biotech firm picks Indiana for North American headquarters,"IBI Ag's decision is ""a testament to our state's dominance in the agricultural sector and our intentional and persistent pursuit of innovation,"" stated Indiana Gov. Mike Braun.",https://www.jns.org/news/u-s-news/israeli-biotech-firm-picks-indiana-for-north-american-headquarters,JNS,,2026-09-04T13:00:00,2026-09-04 13:12:00.886607,https://www.jns.org/news/u-s-news/israeli-biotech-firm-picks-indiana-for-north-american-headquarters
"Josh, Elly Goldberg commit $6M to boost Richmond, Va., Jewish day school, wider community","Josh and Elly Goldberg committed $6 million over the next five years to the Jewish Community Federation of Richmond (Va.) to expand and subsidize its Jewish day school and generally support the city’s Jewish community, the federation announced on Thursday. “We believe deeply in the importance of strong Jewish education, and that the values taught... Read More The post Josh, Elly Goldberg commit $6M to boost Richmond, Va., Jewish day school, wider community appeared first on eJewishPhilanthropy .",https://ejewishphilanthropy.com/josh-elly-goldberg-commit-6m-to-boost-richmond-va-jewish-day-school-wider-community/,eJewish Philanthropy,Judah Ari Gross,2026-09-04T08:49:33,2026-09-04 13:11:48.800439,https://ejewishphilanthropy.com/?p=179718
"With leading $1M gift from Gutnicks, Chabad relaunches membership model for its development fund","Four decades after its founding, Chabads Machne Israel Development Fund (MIDF) has relaunched a membership-based funding model that the Lubavitcher Rebbe, Rabbi Menachem Mendel Schneerson, established in 1985, which fell out of use just a few years later, when the Rebbe’s health declined. Under the original model, members paid annual dues to join the fund... Read More The post With leading $1M gift from Gutnicks, Chabad relaunches membership model for its development fund appeared first on eJewishPhilanthropy .",https://ejewishphilanthropy.com/with-leading-1m-gift-from-gutnicks-chabad-relaunches-membership-model-for-its-development-fund/,eJewish Philanthropy,Nira Dayanim,2026-09-04T12:17:06,2026-09-04 13:11:48.800385,https://ejewishphilanthropy.com/?p=179719
Synagogues as relational playgrounds,"If you happen to go on a Shabbat morning to Kehillat Ramot Zion in Jerusalem’s French Hill neighborhood, you will find an 85-year-old guard sitting outside. He comes every single week, rain or shine. He wears a big cowboy hat and has a smile on his face. He hasnt used his gun in 50 years.... Read More The post Synagogues as relational playgrounds appeared first on eJewishPhilanthropy .",https://ejewishphilanthropy.com/synagogues-as-relational-playgrounds/,eJewish Philanthropy,Assael Romanelli,2026-09-04T13:05:53,2026-09-04 13:11:48.800322,https://ejewishphilanthropy.com/?p=179710
