title,description,link,source,author,published,scraped_at,guid
Shipping industry warns proposed Iran-Oman Hormuz deal could prove unworkable,Industry sources said U.S. sanctions and insurance restrictions would make it difficult to implement any agreement that allowed Iran to charge or oversee commercial shipping through the strategic waterway,https://www.haaretz.com/middle-east-news/iran/2026-08-07/ty-article/shipping-industry-warns-proposed-iran-oman-hormuz-deal-could-prove-unworkable/0000019f-daf0-d7e2-a39f-fff29dd60000,Haaretz,Reuters,2026-08-07T06:58:49,2026-08-07 07:16:19.025419,https://www.haaretz.com/middle-east-news/iran/2026-08-07/ty-article/shipping-industry-warns-proposed-iran-oman-hormuz-deal-could-prove-unworkable/0000019f-daf0-d7e2-a39f-fff29dd60000
How to read the polls if you really want to get Israel's elections,"Sensational headlines and 'percentage among those with an opinion' can mislead, but consistent trends and bloc trajectories reveal genuine shifts. A special guide to reading election polls - in Israel or anywhere",https://www.haaretz.com/israel-news/elections/2026-08-07/ty-article-magazine/.premium/how-to-read-the-polls-if-you-really-want-to-get-israels-elections/0000019f-d7ff-dc86-a59f-d7ffe2b80000,Haaretz,Dahlia Scheindlin,2026-08-07T07:12:43,2026-08-07 07:16:19.025378,https://www.haaretz.com/israel-news/elections/2026-08-07/ty-article-magazine/.premium/how-to-read-the-polls-if-you-really-want-to-get-israels-elections/0000019f-d7ff-dc86-a59f-d7ffe2b80000
Antisemites worldwide grow more brazen in public and online attacks,A government minister in the United Kingdom said security at Jewish schools now rivals the British equivalent of the National Security Agency.,https://www.jns.org/wire/the-focus-project/antisemites-worldwide-grow-more-brazen-in-public-and-online-attacks,JNS,,2026-08-07T06:30:00,2026-08-07 07:16:11.724872,https://www.jns.org/wire/the-focus-project/antisemites-worldwide-grow-more-brazen-in-public-and-online-attacks
Uganda approves troop deployment to Gaza,Kampala said it is prepared to contribute forces to a multinational stabilization mission if the U.S.-backed plan for the Strip moves forward.,https://www.jns.org/news/israel-news/uganda-approves-troop-deployment-to-gaza,JNS,JNS Staff,2026-08-07T06:32:33,2026-08-07 07:16:11.724842,https://www.jns.org/news/israel-news/uganda-approves-troop-deployment-to-gaza
Sa’ar: ‘Golden age’ in Israel-Colombia ties begins as new president takes office,"The incoming government has pledged to restore full diplomatic ties, move Bogota’s embassy to Jerusalem, renew coal exports to Israel and withdraw from the International Criminal Court case.",https://www.jns.org/news/israel-news/saar-golden-age-in-israel-colombia-ties-begins-as-new-president-takes-office,JNS,JNS Staff,2026-08-07T06:51:15,2026-08-07 07:16:11.724813,https://www.jns.org/news/israel-news/saar-golden-age-in-israel-colombia-ties-begins-as-new-president-takes-office
Convicted hate offender quits UK election race,Joshua Bonehill-Paine said he'd deradicalized after 2.5 years in prison for antisemitic incitement.,https://www.jns.org/news/antisemitism/convicted-hate-offender-quits-uk-election-race,JNS,JNS Staff,2026-08-07T07:03:15,2026-08-07 07:16:11.724772,https://www.jns.org/news/antisemitism/convicted-hate-offender-quits-uk-election-race
Where Beauty Culture Fails,Humanity was created for greater things than the perfect selfie. The post Where Beauty Culture Fails appeared first on Jewish Journal .,https://jewishjournal.com/judaism/390925/where-beauty-culture-fails/,Jewish Journal,Chaim Steinmetz,2026-08-07T07:14:55,2026-08-07 07:16:09.443380,https://jewishjournal.com/?p=390925
Fighting antisemitism takes courage — including the courage to look within,"It’s been nearly 20 years since I last spent a summer at Camp Harlam, a picturesque Shangri-La of Jewish life in Pennsylvania’s Pocono Mountains (we even had pagodas). The camp’s full name, the Joseph and Betty Harlam Camp Institute for Living Judaism, reflected the camp’s program and purpose: for four- or eight-week sessions, American Jewish... Read More The post Fighting antisemitism takes courage — including the courage to look within appeared first on eJewishPhilanthropy .",https://ejewishphilanthropy.com/fighting-antisemitism-takes-courage-including-the-courage-to-look-within/,eJewish Philanthropy,Jonah Kaplan,2026-08-07T06:04:49,2026-08-07 07:15:59.082060,https://ejewishphilanthropy.com/?p=178360
"Sa’ar accuses Turkey of hypocrisy over Syria, vows Israel will keep defending itself",The Israeli foreign minister said Ankara occupies parts of Syria while criticizing Jerusalem for maintaining a narrow security buffer against terrorist threats.,https://www.jns.org/news/israel-news/saar-accuses-turkey-of-hypocrisy-over-syria-vows-israel-will-keep-defending-itself,JNS,JNS Staff,2026-08-07T04:51:10,2026-08-07 05:40:23.473486,https://www.jns.org/news/israel-news/saar-accuses-turkey-of-hypocrisy-over-syria-vows-israel-will-keep-defending-itself
The collapse of Israel’s Haredi draft compromises,"At its core, the dispute is about what military service, Torah study and citizenship mean in the Jewish state.",https://www.jns.org/feature/the-collapse-of-israels-haredi-draft-compromises,JNS,Shimon Sherman,2026-08-07T05:19:41,2026-08-07 05:40:23.473453,https://www.jns.org/feature/the-collapse-of-israels-haredi-draft-compromises
"SCOOP: Russia, US lead 78-country roster of 'olim' recruits in latest IDF draft",A military official told JNS the cohort includes 392 new immigrants—246 men and 146 women.,https://www.jns.org/news/israel-news/scoop-russia-us-lead-78-country-roster-of-olim-recruits-in-latest-idf-draft,JNS,JNS Staff,2026-08-07T05:20:31,2026-08-07 05:40:23.473415,https://www.jns.org/news/israel-news/scoop-russia-us-lead-78-country-roster-of-olim-recruits-in-latest-idf-draft
Houthi attack on Saudi Arabia wounds 11 civilians as kingdom warns of wider threat,,https://www.haaretz.com/israel-news/israel-security/2026-08-07/ty-article-live/houthi-attack-on-saudi-arabia-wounds-11-as-kingdom-warns-of-wider-threat/0000019f-d9f3-d315-a1df-fbfff5c80000,Haaretz,Haaretz,2026-08-07T02:11:31,2026-08-07 03:49:39.234769,https://www.haaretz.com/israel-news/israel-security/2026-08-07/ty-article-live/houthi-attack-on-saudi-arabia-wounds-11-as-kingdom-warns-of-wider-threat/0000019f-d9f3-d315-a1df-fbfff5c80000
Hormuz deal would hand Iran an unprecedented geopolitical victory,"Tehran – and to a lesser extent, the United States – could point to achievements in the new regional arrangement taking shape, while Israel can only see the downside ■ Israel's defense minister is not the only person to pay a price for the decision to fire a top army general ■ Before it tries to tackle overseas influence campaigns, Netanyahu's government needs to get its own house in order",https://www.haaretz.com/israel-news/israel-security/2026-08-07/ty-article/.premium/hormuz-deal-would-hand-iran-an-unprecedented-geopolitical-victory/0000019f-d8c8-d315-a1df-fbeebfb60000,Haaretz,Amos Harel,2026-08-07T03:03:38,2026-08-07 03:49:39.234737,https://www.haaretz.com/israel-news/israel-security/2026-08-07/ty-article/.premium/hormuz-deal-would-hand-iran-an-unprecedented-geopolitical-victory/0000019f-d8c8-d315-a1df-fbeebfb60000
"The smear campaign against Eisenkot backfires, and Netanyahu's paying price in Likud",It's not just Minister Dudi Amsalem who opposes Netanyahu. The Likud primaries are shaking the party like a Super El Niño. Gilad Erdan is playing the bad boy. And does Avigdor Lieberman plan to blackmail Eisenkot into a rotation?,https://www.haaretz.com/israel-news/elections/2026-08-07/ty-article/.premium/smearing-eisenkot-backfires-and-netanyahus-paying-the-price-in-likud/0000019f-d8a1-d315-a1df-fbaf36ca0000,Haaretz,Yossi Verter,2026-08-07T03:04:47,2026-08-07 03:49:39.234684,https://www.haaretz.com/israel-news/elections/2026-08-07/ty-article/.premium/smearing-eisenkot-backfires-and-netanyahus-paying-the-price-in-likud/0000019f-d8a1-d315-a1df-fbaf36ca0000
Why a free Iran may not be in everyone’s interest,"It could emerge as a major economic power, thanks to its vast energy resources and strategic geographic position.",https://www.jns.org/opinion/farid-alamdar/why-a-free-iran-may-not-be-in-everyones-interest,JNS,Farid Alamdar,2026-08-07T02:00:00,2026-08-07 03:49:32.585711,https://www.jns.org/opinion/farid-alamdar/why-a-free-iran-may-not-be-in-everyones-interest
"Trump admin announces probes of San Francisco State, San José State over alleged Jew-hatred","“We will investigate these allegations, ensure the safety of Jewish students and protect the right of every student in America to an education free from discrimination,” the U.S. assistant secretary of education for civil rights stated.",https://www.jns.org/news/u-s-news/trump-admin-announces-probes-of-san-francisco-state-san-jose-state-over-alleged-jew-hatred,JNS,Aaron Bandler,2026-08-07T02:22:22,2026-08-07 03:49:32.585673,https://www.jns.org/news/u-s-news/trump-admin-announces-probes-of-san-francisco-state-san-jose-state-over-alleged-jew-hatred
A summer dish that only gets better after a night in the fridge,"This cold Italian pasta salad consists of a mix of tomatoes, basil and some leftover cheeses",https://www.haaretz.com/jewish/food/2026-08-06/ty-article-recipe/.premium/a-summer-dish-that-only-gets-better-after-a-night-in-the-fridge/0000019f-d23b-d7e2-a39f-f7fba93a0000,Haaretz,David Shushan,2026-08-06T14:30:01,2026-08-07 00:40:32.774947,https://www.haaretz.com/jewish/food/2026-08-06/ty-article-recipe/.premium/a-summer-dish-that-only-gets-better-after-a-night-in-the-fridge/0000019f-d23b-d7e2-a39f-f7fba93a0000
This Israeli frog was considered extinct. Now more than 250 small survivors are returning home,"For more than 50 years, the Hula painted frog, a species unique to the Hula Valley in northern Israel, was considered extinct. This week, the breeding program marked an exciting milestone",https://www.haaretz.com/science-and-health/nature-environment/2026-08-06/ty-article-magazine/.premium/this-israeli-frog-was-considered-extinct-now-250-of-them-are-returning-home/0000019f-d1b6-de94-adbf-d7ff797e0000,Haaretz,Zafrir Rinat,2026-08-06T14:35:25,2026-08-07 00:40:32.774923,https://www.haaretz.com/science-and-health/nature-environment/2026-08-06/ty-article-magazine/.premium/this-israeli-frog-was-considered-extinct-now-250-of-them-are-returning-home/0000019f-d1b6-de94-adbf-d7ff797e0000
"Israel, Lebanon hold talks as overnight IDF strikes wound eight, Lebanese reports say","The IDF said it struck weapons storage facilities and a command center following the killing of two IDF soldiers by an explosive device. Meanwhile, the third day of talks in Rome concluded, with reportedly no progress on pilot zones",https://www.haaretz.com/middle-east-news/lebanonnews/2026-08-06/ty-article/.premium/israel-lebanon-talks-continue-as-overnight-idf-strikes-wound-8-medics-say/0000019f-d65c-d310-a3df-d65f45a10000,Haaretz,Rawan Suleiman,2026-08-06T15:11:29,2026-08-07 00:40:32.774872,https://www.haaretz.com/middle-east-news/lebanonnews/2026-08-06/ty-article/.premium/israel-lebanon-talks-continue-as-overnight-idf-strikes-wound-8-medics-say/0000019f-d65c-d310-a3df-d65f45a10000
Iran warns Gulf states: tell Trump to stop U.S. strikes or we hit you hard,"The ‌warning envisaged attacks on the energy facilities, oil fields, refineries, electricity grids, water infrastructure, transport networks and other strategic assets of Washington's closest Arab allies, according to a senior Iranian official",https://www.haaretz.com/middle-east-news/iran/2026-08-06/ty-article/iran-warns-gulf-states-tell-trump-to-stop-u-s-strikes-or-we-hit-you-hard/0000019f-d76a-d310-a3df-d76bb32a0000,Haaretz,Reuters,2026-08-06T15:25:24,2026-08-07 00:40:32.774842,https://www.haaretz.com/middle-east-news/iran/2026-08-06/ty-article/iran-warns-gulf-states-tell-trump-to-stop-u-s-strikes-or-we-hit-you-hard/0000019f-d76a-d310-a3df-d76bb32a0000
Israel charges couple with photographing homes and sites for Iran,"Prosecutors said the two, an Israeli man and a Ukrainian woman, received cryptocurrency worth about $4,470 for carrying out assignments for an Iranian handler. A planned $1,500 mission was thwarted after their arrest",https://www.haaretz.com/israel-news/israel-security/2026-08-06/ty-article/.premium/israel-charges-couple-with-photographing-homes-and-sites-for-iran/0000019f-d72d-d09d-a59f-f73d4f1e0000,Haaretz,Yair Foldes,2026-08-06T15:40:57,2026-08-07 00:40:32.774811,https://www.haaretz.com/israel-news/israel-security/2026-08-06/ty-article/.premium/israel-charges-couple-with-photographing-homes-and-sites-for-iran/0000019f-d72d-d09d-a59f-f73d4f1e0000
"The buried history of Tel Aviv's Hilton Hotel, told through its vintage china",An exhibition at Liebling Haus – the White City Center looks into the past for clues about the city's future. Also this week: An Israeli musicial duo offers hope in dark times and movie about a troubled family wins record nominations for Israel's Oscars,https://www.haaretz.com/life/2026-08-06/ty-article-magazine/.premium/the-buried-history-of-tel-avivs-hilton-hotel-told-through-its-vintage-china/0000019f-d71f-dc86-a59f-d71f7b8f0000,Haaretz,Avshalom Halutz,2026-08-06T15:45:20,2026-08-07 00:40:32.774783,https://www.haaretz.com/life/2026-08-06/ty-article-magazine/.premium/the-buried-history-of-tel-avivs-hilton-hotel-told-through-its-vintage-china/0000019f-d71f-dc86-a59f-d71f7b8f0000
"As the IDF storms a Palestinian refugee camp, turning homes into outposts, locals fear it's only the start","The IDF began its raid on the Qalandiyah refugee camp north of Jerusalem early Wednesday, seizing homes and converting them into military positions. After months of calm, residents questioned the timing of the operation, accusing the government of political motives",https://www.haaretz.com/west-bank/2026-08-06/ty-article-magazine/.premium/palestinians-report-assaults-vandalism-as-idf-storms-west-bank-refugee-camp/0000019f-d771-dc86-a59f-d775efaf0000,Haaretz,Jack Khoury,2026-08-06T15:51:07,2026-08-07 00:40:32.774750,https://www.haaretz.com/west-bank/2026-08-06/ty-article-magazine/.premium/palestinians-report-assaults-vandalism-as-idf-storms-west-bank-refugee-camp/0000019f-d771-dc86-a59f-d775efaf0000
"70-year-old Israeli man dies of complications tied to West Nile Fever, health officials say","According to the ministry, ten cases have been diagnosed since the start of the summer, and three of those patients remain hospitalized. Meanwhile, mosquitoes carrying the virus have been reportedly detected in several communities in central Israel",https://www.haaretz.com/science-and-health/2026-08-06/ty-article/70-year-old-israeli-man-dies-of-west-nile-fever-health-officials-say/0000019f-d782-d7e2-a39f-f7e23aac0000,Haaretz,Yair Foldes,2026-08-06T15:57:26,2026-08-07 00:40:32.774719,https://www.haaretz.com/science-and-health/2026-08-06/ty-article/70-year-old-israeli-man-dies-of-west-nile-fever-health-officials-say/0000019f-d782-d7e2-a39f-f7e23aac0000
U.K. regulator to probe charities over funding of Israeli settlements in West Bank,A U.K. charity regulator has opened a probe into funding for West Bank settlements after allegations that dozens of nonprofits transferred large sums to communities considered illegal under international law,https://www.haaretz.com/west-bank/2026-08-06/ty-article/u-k-regulator-to-probe-charities-over-funding-of-israeli-west-bank-settlements/0000019f-d7b5-dc86-a59f-d7b5d39b0000,Haaretz,Haaretz,2026-08-06T17:10:28,2026-08-07 00:40:32.774690,https://www.haaretz.com/west-bank/2026-08-06/ty-article/u-k-regulator-to-probe-charities-over-funding-of-israeli-west-bank-settlements/0000019f-d7b5-dc86-a59f-d7b5d39b0000
Don't let the price of Israel's Big Mac get you down,"The Israeli burger came out near the top of The Economist's Big Mac index, but that says more about the value of the shekel than the cost of living",https://www.haaretz.com/israel-news/2026-08-06/ty-article/.premium/dont-let-the-price-of-israels-big-mac-get-you-down/0000019f-d70e-d09d-a59f-f71e15830000,Haaretz,David Rosenberg,2026-08-06T17:20:23,2026-08-07 00:40:32.774663,https://www.haaretz.com/israel-news/2026-08-06/ty-article/.premium/dont-let-the-price-of-israels-big-mac-get-you-down/0000019f-d70e-d09d-a59f-f71e15830000
"America First, antisemitism second: The dangers of Tucker Carlson mulling electoral politics","Backed by Republicans who have been burned by President Trump, the former Fox News host appears to be ready to launch a new party. Such a move could usher in a new political dynamic, in which antisemitism is normalized",https://www.haaretz.com/israel-news/haaretz-today/2026-08-06/ty-article/.highlight/america-1st-antisemitism-2nd-the-dangers-of-tucker-carlson-entering-politics/0000019f-d79d-d315-a1df-ffbf1ad20000,Haaretz,Ben Samuels,2026-08-06T17:35:02,2026-08-07 00:40:32.774636,https://www.haaretz.com/israel-news/haaretz-today/2026-08-06/ty-article/.highlight/america-1st-antisemitism-2nd-the-dangers-of-tucker-carlson-entering-politics/0000019f-d79d-d315-a1df-ffbf1ad20000
Ex-Likud lawmakers launch party in bid to woo right-wingers opposed to Netanyahu,Knesset Speaker Yuli Edelstein and ex-MK Gilad Erdan launched a right-wing alternative aimed at voters who support Netanyahu's coalition but oppose Haredi draft exemptions and seek a 'national' probe into the failures that led to the Oct. 7 attack,https://www.haaretz.com/israel-news/elections/2026-08-06/ty-article/.premium/ex-likud-lawmakers-launch-party-in-bid-to-woo-right-wingers-opposed-to-netanyahu/0000019f-d810-dc86-a59f-df14871f0000,Haaretz,Michael Hauser Tov,2026-08-06T18:44:09,2026-08-07 00:40:32.774599,https://www.haaretz.com/israel-news/elections/2026-08-06/ty-article/.premium/ex-likud-lawmakers-launch-party-in-bid-to-woo-right-wingers-opposed-to-netanyahu/0000019f-d810-dc86-a59f-df14871f0000
Mossad chief removes senior officials amid failed effort to topple Iran regime,"Mossad chief Gofman removed the heads of the agency's Intelligence Directorate and Iran Division following the failure. One source criticized Gofman's decision to dismiss the two senior officials, saying that he was a key supporter of regime change",https://www.haaretz.com/israel-news/israel-security/2026-08-06/ty-article/.premium/mossad-chief-removes-senior-officials-after-failed-iran-operation/0000019f-d845-d7e2-a39f-ffe774a80000,Haaretz,Michael Hauser Tov,2026-08-06T18:58:28,2026-08-07 00:40:32.774569,https://www.haaretz.com/israel-news/israel-security/2026-08-06/ty-article/.premium/mossad-chief-removes-senior-officials-after-failed-iran-operation/0000019f-d845-d7e2-a39f-ffe774a80000
Body of missing man found in central Israel; friends suspected of murder,"Eldar Dayan, 23, was last seen 19 days ago. Police suspected that he was hiding following his alleged involvement in a fight between friends and had listed him as wanted for questioning. A court extended the detention of the suspects, two of his friends, by seven days",https://www.haaretz.com/israel-news/israel-crime/2026-08-06/ty-article/.premium/body-of-missing-man-was-found-in-central-israel-friends-suspected-of-murder/0000019f-d825-dc86-a59f-df2574ef0000,Haaretz,Yair Foldes,2026-08-06T20:48:20,2026-08-07 00:40:32.774539,https://www.haaretz.com/israel-news/israel-crime/2026-08-06/ty-article/.premium/body-of-missing-man-was-found-in-central-israel-friends-suspected-of-murder/0000019f-d825-dc86-a59f-df2574ef0000
Haaretz Cartoon,,https://www.haaretz.com/opinion/daily-cartoon/2026-08-06/ty-article-opinion/haaretz-cartoon/0000019f-d8d1-d315-a1df-fbffdc990000,Haaretz,Eran Wolkowski,2026-08-06T20:49:54,2026-08-07 00:40:32.774508,https://www.haaretz.com/opinion/daily-cartoon/2026-08-06/ty-article-opinion/haaretz-cartoon/0000019f-d8d1-d315-a1df-fbffdc990000
"Aliases, unpaid bills and special treatment: How the Netanyahus worked Israel's public healthcare system","They flouted the law, failed to pay for treatments not covered by the national health basket and used fake names. The Netanyahu family's seeds of misrule were sown as early as the 1990s",https://www.haaretz.com/israel-news/israel-politics/2026-08-06/ty-article-magazine/.highlight/aliases-and-unpaid-bills-how-the-netanyahus-worked-israels-healthcare-system/0000019f-d71c-d09d-a59f-f71cd1060000,Haaretz,Uri Misgav,2026-08-06T20:53:41,2026-08-07 00:40:32.774485,https://www.haaretz.com/israel-news/israel-politics/2026-08-06/ty-article-magazine/.highlight/aliases-and-unpaid-bills-how-the-netanyahus-worked-israels-healthcare-system/0000019f-d71c-d09d-a59f-f71cd1060000
A symbol of the Israeli-Palestinian conflict: How grapevines left behind in 1948 survived against all odds,"Grapevines left uncultivated on Israel's coastal plain tell a forgotten story in the history of local farming, and offer a key to coping with the climate crisis",https://www.haaretz.com/food/2026-08-07/ty-article-magazine/.highlight/how-grapevines-left-behind-in-1948-survived-against-all-odds/0000019f-d6fb-d09d-a59f-f6fbf43c0000,Haaretz,Ronit Vered,2026-08-06T21:33:15,2026-08-07 00:40:32.774456,https://www.haaretz.com/food/2026-08-07/ty-article-magazine/.highlight/how-grapevines-left-behind-in-1948-survived-against-all-odds/0000019f-d6fb-d09d-a59f-f6fbf43c0000
"Tax revenues shrinking as migration by the rich steps up, study warns","Doctors and high-tech are overrepresented in migration data while emigration rates among lower-income groups hasn't changed, Tax Authority research shows",https://www.haaretz.com/israel-news/business/economy-finance/2026-08-07/ty-article/.premium/tax-revenues-shrinking-as-migration-by-the-rich-steps-up-study-warns/0000019f-d6f0-d310-a3df-d6f37bff0000,Haaretz,Efrat Neuman,2026-08-06T22:06:07,2026-08-07 00:40:32.774428,https://www.haaretz.com/israel-news/business/economy-finance/2026-08-07/ty-article/.premium/tax-revenues-shrinking-as-migration-by-the-rich-steps-up-study-warns/0000019f-d6f0-d310-a3df-d6f37bff0000
How the pro-Netanyahu Channel 14 turned Israel's identity politics on its head,"Discussing opposition politician Gadi Eisenkot, the pro-Netanyahu channel achieved the identity-politics singularity: ethnicity is no longer inherited but determined at the ballot box. All you need to do is ask how someone votes. Bibi? You're Mizrahi. Anti-Bibi? Mazel tov, you're Ashkenazi",https://www.haaretz.com/opinion/2026-08-07/ty-article-opinion/.premium/how-the-pro-netanyahu-channel-14-turned-israels-identity-politics-on-its-head/0000019f-d878-d310-a3df-dc7be0e20000,Haaretz,Carolina Landsmann,2026-08-06T22:20:06,2026-08-07 00:40:32.774402,https://www.haaretz.com/opinion/2026-08-07/ty-article-opinion/.premium/how-the-pro-netanyahu-channel-14-turned-israels-identity-politics-on-its-head/0000019f-d878-d310-a3df-dc7be0e20000
Israel's most powerful defense systems are indifference and belief,"Less faith and more reason – that's what Israelis need in confusing times like these, when war has become the default mode, and peace is an illusory hope that deserves our contempt",https://www.haaretz.com/opinion/2026-08-07/ty-article-opinion/.premium/israels-most-powerful-defense-systems-are-indifference-and-belief/0000019f-d879-d09d-a59f-fa79e8c60000,Haaretz,Ksenia Svetlova,2026-08-06T22:21:27,2026-08-07 00:40:32.774369,https://www.haaretz.com/opinion/2026-08-07/ty-article-opinion/.premium/israels-most-powerful-defense-systems-are-indifference-and-belief/0000019f-d879-d09d-a59f-fa79e8c60000
Likud appeals Israeli court's ban on apps reporting voter identity at polling places,"The party, which has made extensive use of the app, which one campaign source claimed won it an additional 3-5 Knesset seats in the last election, said that the decision constitutes a 'change in the rules of the game.'",https://www.haaretz.com/israel-news/elections/2026-08-07/ty-article/.premium/likud-appeals-israels-ban-on-apps-reporting-voter-identity-at-polling-places/0000019f-d8a2-d09d-a59f-faba3d300000,Haaretz,Chen Maanit,2026-08-06T22:23:25,2026-08-07 00:40:32.774334,https://www.haaretz.com/israel-news/elections/2026-08-07/ty-article/.premium/likud-appeals-israels-ban-on-apps-reporting-voter-identity-at-polling-places/0000019f-d8a2-d09d-a59f-faba3d300000
Justice for Awdah Hathaleen depends on ending the occupation,,https://www.haaretz.com/opinion/editorial/2026-08-07/ty-article-opinion/justice-for-awdah-hathaleen-depends-on-ending-the-occupation/0000019f-d8af-d315-a1df-fbaf90670000,Haaretz,Haaretz Editorial,2026-08-06T22:28:01,2026-08-07 00:40:32.774292,https://www.haaretz.com/opinion/editorial/2026-08-07/ty-article-opinion/justice-for-awdah-hathaleen-depends-on-ending-the-occupation/0000019f-d8af-d315-a1df-fbaf90670000
How NBC Used Its News Coverage to Promote a Libel Against Israel,NBC’s Senior White House Correspondent Gabe Gutierrez irresponsibly editorialized his coverage of the Iran conflict this week to insinuate that...,https://www.algemeiner.com/2026/08/06/how-nbc-used-its-news-coverage-to-promote-a-libel-against-israel/,Algemeiner,Aaron Goren,2026-08-06T16:44:11,2026-08-07 00:40:28.197035,https://www.algemeiner.com/?p=777356
Palestinians Rejected Partition in Order to Destroy Israel,Official Palestinian Authority (PA) daily columnist Omar Hilmi Al-Ghoul has invoked the 1947 UN partition proposal to demand territory that...,https://www.algemeiner.com/2026/08/06/palestinians-rejected-partition-in-order-to-destroy-israel/,Algemeiner,Ephraim D. Tepler,2026-08-06T16:44:16,2026-08-07 00:40:28.197007,https://www.algemeiner.com/?p=777352
How Iran Uses Dealmaking to Advance Its Extremist Agenda,It is widely believed that the United States under President Trump has encountered unexpected challenges from Iran and is now...,https://www.algemeiner.com/2026/08/06/how-iran-uses-dealmaking-to-advance-its-extremist-agenda/,Algemeiner,Shay Shabtai,2026-08-06T16:44:19,2026-08-07 00:40:28.196982,https://www.algemeiner.com/?p=777347
"During Changing Times, the Torah Must Stay Consistent","The railway is one of the greatest inventions in human history. It conquered distance, accelerated commerce, and made travel safer,...",https://www.algemeiner.com/2026/08/06/during-changing-times-the-torah-must-stay-consistent/,Algemeiner,Pini Dunner,2026-08-06T16:44:22,2026-08-07 00:40:28.196957,https://www.algemeiner.com/?p=777345
Avi Nesher’s Oct. 7 Drama ‘Our Loves’ Set to Make World Premiere at Toronto Film Festival,The Toronto International Film Festival (TIFF) announced this week its 2026 Centrepiece program lineup and the selection includes the world...,https://www.algemeiner.com/2026/08/06/avi-neshers-oct-7-drama-our-loves-set-to-make-world-premiere-at-toronto-film-festival/,Algemeiner,Shiryn Ghermezian,2026-08-06T18:48:07,2026-08-07 00:40:28.196932,https://www.algemeiner.com/?p=777368
Italy Orders Rome Airport to Replace Israeli Counter-Drone System in Latest European Move to Isolate Jewish State,Italian authorities have ordered Rome’s main international airport to replace an Israeli-led consortium developing its counter-drone protection system with an...,https://www.algemeiner.com/2026/08/06/italy-orders-rome-airport-to-replace-israeli-counter-drone-system-in-latest-european-move-to-isolate-jewish-state/,Algemeiner,Ailin Vilches Arguello,2026-08-06T18:48:31,2026-08-07 00:40:28.196903,https://www.algemeiner.com/?p=777378
Iranian Authorities Exploit ‘Wartime Conditions’ to Accelerate Executions,"As American aircraft struck military and infrastructure targets across southern Iran in July, another campaign of repression was accelerating in...",https://www.algemeiner.com/2026/08/06/iranian-authorities-exploit-wartime-conditions-to-accelerate-executions/,Algemeiner,Maddie Ali,2026-08-06T18:54:21,2026-08-07 00:40:28.196859,https://www.algemeiner.com/?p=777386
Largest Catholic Civil Rights Group in US Urges Mamdani to Skip 9/11 Memorial Ceremony,The nation’s largest Catholic civil rights organization has asked New York City Mayor Zohran Mamdani to skip the ceremony marking...,https://www.algemeiner.com/2026/08/06/largest-catholic-civil-rights-group-in-us-urges-mamdani-to-skip-9-11-memorial-ceremony/,Algemeiner,Shiryn Ghermezian,2026-08-06T18:58:58,2026-08-07 00:40:28.196830,https://www.algemeiner.com/?p=777361
Cruz Sounds Alarm on Muslim Brotherhood Network as Democrats Boycott Hearing,Sen. Ted Cruz (R-TX) used a Senate Judiciary subcommittee hearing Wednesday to argue that the United States has failed to...,https://www.algemeiner.com/2026/08/06/muslim-brotherhood-committee-calls-attention-to-increasing-reach-of-terrorist-group-in-us-institutions/,Algemeiner,Corey Walker,2026-08-06T21:55:40,2026-08-07 00:40:28.196799,https://www.algemeiner.com/?p=777379
Italian Jewish Teenagers Targeted in Antisemitic Attack at Bulgarian Summer Camp Amid Escalating Hostility Across Europe,Italian Jewish teenagers attending a summer camp in Bulgaria became the latest targets of antisemitic abuse after being harassed by...,https://www.algemeiner.com/2026/08/06/italian-jewish-teenagers-targeted-in-antisemitic-attack-at-bulgarian-summer-camp-amid-escalating-hostility-across-europe/,Algemeiner,Ailin Vilches Arguello,2026-08-06T21:56:17,2026-08-07 00:40:28.196765,https://www.algemeiner.com/?p=777369
The activist capture of the K-12 classroom,Progressive groups are channeling anti-Israel and anti-American propaganda into educational materials.,https://www.jns.org/opinion/melissa-brodsky/the-activist-capture-of-the-k-12-classroom,JNS,Melissa Brodsky,2026-08-06T14:15:53,2026-08-07 00:40:25.862373,https://www.jns.org/opinion/melissa-brodsky/the-activist-capture-of-the-k-12-classroom
"As wildfires ravage Spokane, Chabad rabbi steps up to help","""All things considered, thank God, there's no loss of life in this incident,"" Yisroel Hahn told JNS. ""There's a tremendous loss of property. It's just unimaginable.""",https://www.jns.org/news/u-s-news/as-wildfires-ravage-spokane-chabad-rabbi-steps-up-to-help,JNS,Jessica Russak-Hoffman,2026-08-06T15:50:49,2026-08-07 00:40:25.862350,https://www.jns.org/news/u-s-news/as-wildfires-ravage-spokane-chabad-rabbi-steps-up-to-help
"El-Sayed, the Democrats, AIPAC and the war on American Jews",The Michigan primary was a referendum on the Jewish presence in the public square. The consequences of normalizing his antisemitism will impact much more than the pro-Israel group.,https://www.jns.org/opinion/column/jonathan-s-tobin/el-sayed-the-democrats-aipac-and-the-war-on-american-jews,JNS,Jonathan S. Tobin,2026-08-06T16:00:00,2026-08-07 00:40:25.862323,https://www.jns.org/opinion/column/jonathan-s-tobin/el-sayed-the-democrats-aipac-and-the-war-on-american-jews
Federal appeals court revives Hasidic inmate’s claims over alleged Iowa prison religious violations,"The court ruled that Lawrence Hamby may proceed with several claims alleging Iowa prison officials failed to accommodate his requests for kosher food, Shabbat candles and other religious needs.",https://www.jns.org/news/u-s-news/federal-appeals-court-revives-hasidic-inmates-claims-over-alleged-iowa-prison-religious-violations,JNS,Mike Wagenheim,2026-08-06T16:49:16,2026-08-07 00:40:25.862297,https://www.jns.org/news/u-s-news/federal-appeals-court-revives-hasidic-inmates-claims-over-alleged-iowa-prison-religious-violations
Boy George has more courage than many Jewish leaders,Silence creates a vacuum that is always filled by the haters.,https://www.jns.org/opinion/rachel-sapoznik/boy-george-has-more-courage-than-many-jewish-leaders,JNS,Rachel Sapoznik,2026-08-06T17:45:00,2026-08-07 00:40:25.862268,https://www.jns.org/opinion/rachel-sapoznik/boy-george-has-more-courage-than-many-jewish-leaders
Golan Druze community marks a new chapter with Birthright Israel project,"“On Oct. 8, we accepted the Jews and Israelis as our home. Now, the Jews finally accepted us. We arrived first; you met us there,” said Dolan Abu Saleh, head of the Majdal Shams Municipality.",https://www.jns.org/wire/birthright-israel/golan-druze-community-marks-a-new-chapter-with-birthright-israel-project,JNS,,2026-08-06T18:30:00,2026-08-07 00:40:25.862245,https://www.jns.org/wire/birthright-israel/golan-druze-community-marks-a-new-chapter-with-birthright-israel-project
Mixed primary results leave Jewish Democrats divided over party’s future,The Michigan and Missouri races offered contrasting outcomes for Jewish Democrats as they grapple with the Democratic Party’s evolving stance toward Israel.,https://www.jns.org/news/u-s-news/mixed-primary-results-leave-jewish-democrats-divided-over-partys-future,JNS,Jonathan D. Salant,2026-08-06T18:38:22,2026-08-07 00:40:25.862212,https://www.jns.org/news/u-s-news/mixed-primary-results-leave-jewish-democrats-divided-over-partys-future
Anti-Israel protesters target tactical gear company at Brooklyn Navy Yard,"Activists, who protested and allegedly vandalized the property, called on the industrial park to evict Crye Precision.",https://www.jns.org/news/u-s-news/anti-israel-protesters-target-tactical-gear-company-at-brooklyn-navy-yard,JNS,Jessica Russak-Hoffman,2026-08-06T18:46:02,2026-08-07 00:40:25.862184,https://www.jns.org/news/u-s-news/anti-israel-protesters-target-tactical-gear-company-at-brooklyn-navy-yard
"To defeat Islamist terror, it’s time to change the rules","“Think Twice” with Jonathan Tobin and guest Jonathan Schanzer, Ep. 233",https://www.jns.org/jns-tv/to-defeat-islamist-terror-its-time-to-change-the-rules,JNS,Jonathan S. Tobin,2026-08-06T19:00:00,2026-08-07 00:40:25.862158,https://www.jns.org/jns-tv/to-defeat-islamist-terror-its-time-to-change-the-rules
California jury convicts man of arson for burning Berkeley Hillel 'mezuzah',Alameda County prosecutors said David William Denton targeted the Jewish religious symbol during a February incident at the Berkeley student center.,https://www.jns.org/news/u-s-news/california-jury-convicts-man-of-arson-for-burning-berkeley-hillel-mezuzah,JNS,,2026-08-06T19:02:01,2026-08-07 00:40:25.862133,https://www.jns.org/news/u-s-news/california-jury-convicts-man-of-arson-for-burning-berkeley-hillel-mezuzah
Cruz accuses El-Sayed of links to Muslim Brotherhood,"“Behind El-Sayed’s political rise sits a much older and more entrenched institutional network,” the Texas senator said, of the Democratic nominee for Senate in Michigan.",https://www.jns.org/news/u-s-news/cruz-accuses-el-sayed-of-links-to-muslim-brotherhood,JNS,Andrew Bernard,2026-08-06T19:22:00,2026-08-07 00:40:25.862103,https://www.jns.org/news/u-s-news/cruz-accuses-el-sayed-of-links-to-muslim-brotherhood
"Iceland, the EU and Israel",Criticism of Israeli policies in the Nordic island nation has at times expanded into campaigns for Israel’s economic and cultural isolation.,https://www.jns.org/opinion/sharon-pardo/iceland-the-eu-and-israel,JNS,Sharon Pardo,2026-08-06T19:35:00,2026-08-07 00:40:25.862076,https://www.jns.org/opinion/sharon-pardo/iceland-the-eu-and-israel
"When it hosts antisemitic streamer Hasan Piker in January, University of Washington suggests attendees pay $10 per ticket","Democratic state representative Roger Goodman, co-chair of the legislative Jewish caucus, told JNS that it could be a “misstep” for the public school to invite the “divisive” commentator.",https://www.jns.org/news/u-s-news/when-it-hosts-antisemitic-streamer-hasan-piker-in-january-university-of-washington-suggests-attendees-pay-10-per-ticket,JNS,Jessica Russak-Hoffman,2026-08-06T20:47:02,2026-08-07 00:40:25.862049,https://www.jns.org/news/u-s-news/when-it-hosts-antisemitic-streamer-hasan-piker-in-january-university-of-washington-suggests-attendees-pay-10-per-ticket
A few concrete blocks will shape the fate of the entire Middle East,"The ""yellow line"" is at the center of the debate over Gaza’s future, but its effects will be felt across the region.",https://www.jns.org/opinion/amit-segal/a-few-concrete-blocks-will-shape-the-fate-of-the-entire-middle-east/,JNS,Amit Segal,2026-08-06T21:00:00,2026-08-07 00:40:25.862017,https://www.jns.org/opinion/amit-segal/a-few-concrete-blocks-will-shape-the-fate-of-the-entire-middle-east/
Canadian gov report finds 90% of Jewish students in country saw or were victims of Jew-hatred,"“When people read the statistics, it’s damning, and it should be a wake-up call to university leadership, to the government and frankly to all Canadians,” Jay Solomon, chief advancement officer at Hillel Ontario.",https://www.jns.org/news/world/canadian-gov-report-finds-90-of-jewish-students-in-country-saw-or-were-victims-of-jew-hatred,JNS,Dave Gordon,2026-08-06T21:27:54,2026-08-07 00:40:25.861988,https://www.jns.org/news/world/canadian-gov-report-finds-90-of-jewish-students-in-country-saw-or-were-victims-of-jew-hatred
"Despite Mamdani's boycott stance, NYC funds Cornell Tech's tree canopy project tied to Israel's Technion","“This funding directly connects Cornell Tech’s technical capabilities with New York City’s recent policy goal of reaching 30% tree canopy coverage to combat extreme heat and climate change,” Michael Samuelian of Cornell Tech told JNS.",https://www.jns.org/news/u-s-news/despite-mamdanis-boycott-stance-nyc-funds-cornell-techs-tree-canopy-project-tied-to-israels-technion,JNS,Debra Nussbaum Cohen,2026-08-06T21:30:22,2026-08-07 00:40:25.861956,https://www.jns.org/news/u-s-news/despite-mamdanis-boycott-stance-nyc-funds-cornell-techs-tree-canopy-project-tied-to-israels-technion
The suicidal significance of the Michigan Democratic primary,Anti-Zionism and hatred of Israel are the Trojan horse for Islamization.,https://www.jns.org/opinion/column/melanie-phillips/the-suicidal-significance-of-the-michigan-democratic-primary,JNS,Melanie Phillips,2026-08-06T21:45:00,2026-08-07 00:40:25.861923,https://www.jns.org/opinion/column/melanie-phillips/the-suicidal-significance-of-the-michigan-democratic-primary
"Schumer, Democrats are 'cowards' for backing El-Sayed, RJC says","""Where Democrats failed, Republicans will clean up their mess,"" Sam Markstein, political director of the Republican Jewish Coalition, told JNS.",https://www.jns.org/news/u-s-news/schumer-democrats-are-cowards-for-backing-el-sayed-rjc-says,JNS,Jessica Russak-Hoffman,2026-08-06T21:47:57,2026-08-07 00:40:25.861899,https://www.jns.org/news/u-s-news/schumer-democrats-are-cowards-for-backing-el-sayed-rjc-says
Met Gala to celebrate British designer despite his history of Jew-hatred,"The 2027 Costume Institute exhibition and gala will examine John Galliano’s career and, the Met said, will address the conduct that led to his firing from Dior and a hate crime conviction in France.",https://www.jns.org/news/u-s-news/met-gala-to-celebrate-british-designer-despite-his-history-of-jew-hatred,JNS,Rikki Zagelbaum,2026-08-06T21:48:56,2026-08-07 00:40:25.861857,https://www.jns.org/news/u-s-news/met-gala-to-celebrate-british-designer-despite-his-history-of-jew-hatred
"Israel on Campus Coalition gathering in DC proof it’s possible to convene pro-Israel Dems, Republicans, ICC head says","“The fact that we don’t have encampments on campus doesn’t mean that the problems don’t exist,” Jacob Baime told JNS.",https://www.jns.org/news/u-s-news/israel-on-campus-coalition-gathering-in-dc-proof-its-possible-to-convene-pro-israel-dems-republicans-icc-head-says,JNS,Andrew Bernard,2026-08-06T21:51:25,2026-08-07 00:40:25.861826,https://www.jns.org/news/u-s-news/israel-on-campus-coalition-gathering-in-dc-proof-its-possible-to-convene-pro-israel-dems-republicans-icc-head-says
"New Gaza nutrition data coordinated with UNICEF 'shows facts prevail over fiction,' Danon says","""Israel is not starving children,"" stated the Jewish state's envoy to the United Nations in New York. ""Israel is fighting Hamas terrorism, while Hamas uses civilians in Gaza as human shields.""",https://www.jns.org/news/israel-news/new-gaza-nutrition-data-coordinated-with-unicef-shows-facts-prevail-over-fiction-danon-says,JNS,Rebecca Szlechter,2026-08-06T22:11:41,2026-08-07 00:40:25.861795,https://www.jns.org/news/israel-news/new-gaza-nutrition-data-coordinated-with-unicef-shows-facts-prevail-over-fiction-danon-says
State Department announces charity with terrorism ties among partners in ‘historic’ $2 billion global health funding,"World Vision was found to have provided funding to a U.S. sanctioned organization, and Israel jailed its Gaza operations manager for diverting as much as $50 million to Hamas.",https://www.jns.org/news/u-s-news/state-department-announces-charity-with-terrorism-ties-among-partners-in-historic-2-billion-global-health-funding,JNS,Mike Wagenheim,2026-08-06T22:29:54,2026-08-07 00:40:25.861765,https://www.jns.org/news/u-s-news/state-department-announces-charity-with-terrorism-ties-among-partners-in-historic-2-billion-global-health-funding
"Belgian activist not a recognized rabbi, ‘harms the Jewish people,’ US envoy to the kingdom says","Echoing what Jewish leaders have said, Amb. Bill White stated that Moshe Aryeh Friedman “has no mandate whatsoever to speak on behalf of the Jewish community.”",https://www.jns.org/news/world/belgian-activist-not-a-recognized-rabbi-harms-the-jewish-people-us-envoy-to-the-kingdom-says,JNS,Rikki Zagelbaum,2026-08-06T22:48:09,2026-08-07 00:40:25.861726,https://www.jns.org/news/world/belgian-activist-not-a-recognized-rabbi-harms-the-jewish-people-us-envoy-to-the-kingdom-says
"Print Issue: “I Stand With the Jews” | August 7, 2026","Why international celebrity and singer Boy George risked his career to stand with Israel. The post Print Issue: &#8220;I Stand With the Jews&#8221; | August 7, 2026 appeared first on Jewish Journal .",https://jewishjournal.com/print-issue/390879/print-issue-i-stand-with-the-jews-august-7-2026/,Jewish Journal,Jewish Journal Staff,2026-08-06T15:13:05,2026-08-07 00:40:23.474841,https://jewishjournal.com/?p=390879
Ulysses’ Restraint by Homer and Ben Zoma but Not by Zionists,[&#8230;] The post Ulysses’ Restraint by Homer and Ben Zoma but Not by Zionists appeared first on Jewish Journal .,https://jewishjournal.com/spiritual/poetry/390885/ulysses-restraint-by-homer-and-ben-zoma-but-not-by-zionists/,Jewish Journal,Gershon Hepner,2026-08-06T21:56:15,2026-08-07 00:40:23.474808,https://jewishjournal.com/?p=390885
A Bisl Torah — Commuting,"When taken with someone special, appreciate the commute. The post A Bisl Torah — Commuting appeared first on Jewish Journal .",https://jewishjournal.com/judaism/a-bisl-torah/390889/commuting/,Jewish Journal,Rabbi Nicole Guzik,2026-08-06T22:11:55,2026-08-07 00:40:23.474777,https://jewishjournal.com/?p=390889
"A Moment in Time: God Laughs, We Discover","[&#8230;] The post A Moment in Time: God Laughs, We Discover appeared first on Jewish Journal .",https://jewishjournal.com/commentary/blogs/390857/a-moment-in-time-god-laughs-we-discover/,Jewish Journal,Rabbi Zach Shapiro,2026-08-06T22:17:48,2026-08-07 00:40:23.474746,https://jewishjournal.com/?p=390857
Can We Make Anti-Zionism as Taboo as Anti-Semitism?,"It’s a crucial but bedeviling mission, but one thing that might be useful to add would be showing Zionism as a blessing rather than a sin. The post Can We Make Anti-Zionism as Taboo as Anti-Semitism? appeared first on Jewish Journal .",https://jewishjournal.com/commentary/columnist/editors-note/390898/can-we-make-anti-zionism-as-taboo-as-anti-semitism/,Jewish Journal,David Suissa,2026-08-06T22:55:32,2026-08-07 00:40:23.474716,https://jewishjournal.com/?p=390898
Two Mountains — A poem for Parsha Re’eh by Rick Lupert,I see two mountains... The post Two Mountains — A poem for Parsha Re&#8217;eh by Rick Lupert appeared first on Jewish Journal .,https://jewishjournal.com/judaism/390807/two-mountains-a-poem-for-parsha-reeh-by-rick-lupert/,Jewish Journal,Rick Lupert,2026-08-06T23:00:17,2026-08-07 00:40:23.474671,https://jewishjournal.com/?p=390807
‘Uncommitted’ founder who pushed Democrats to vote against Biden over Gaza wins primary,"(JTA) — Abbas Alawieh, a founder of the Uncommitted movement that pressured former President Joe Biden to change his Israel policy, is the projected winner of a Democratic primary for Michigan’s state Senate. Alawieh rose to national prominence as a key architect of the campaign to withhold votes from Biden during Michigan’s presidential primary in... The post &#8216;Uncommitted&#8217; founder who pushed Democrats to vote against Biden over Gaza wins primary appeared first on The Forward .",https://forward.com/fast-forward/843611/uncommitted-founder-who-pushed-democrats-to-vote-against-biden-over-gaza-wins-primary/,The Forward,Shira Li Bartov,2026-08-06T15:29:28,2026-08-07 00:40:19.142873,https://forward.com/?p=843611
"Sing to me, Muse, of two Moshes and their Odysseys!","If you have read any one of the at least 60 English translations of Homer’s Odyssey or have seen Christopher Nolan’s new Odyssey movie, then you are probably aware that Odysseus leads a more active life than the average person. As if living through the Trojan War weren’t hard enough, he blinds the cyclops Polyphemus... The post Sing to me, Muse, of two Moshes and their Odysseys! appeared first on The Forward .",https://forward.com/uncategorized/842906/sing-to-me-muse-of-two-moshes-and-their-odysseys/,The Forward,Clara Shapiro,2026-08-06T15:56:02,2026-08-07 00:40:19.142826,https://forward.com/?p=842906
5 important questions for Abdul El-Sayed,"Abdul El-Sayed’s narrow victory in the Michigan Democratic primary means he’s going to have to work hard to persuade skeptical liberal Michigan voters. I’m not from Michigan, but I am liberal. And I am skeptical. I appreciate El-Sayed’s political skills and his relentless focus on the health and economic disparities that undermine the American dream... The post 5 important questions for Abdul El-Sayed appeared first on The Forward .",https://forward.com/opinion/843647/5-important-questions-for-abdul-el-sayed/,The Forward,Rob Eshman,2026-08-06T16:26:54,2026-08-07 00:40:19.142783,https://forward.com/?p=843647
"For poet Velvl Chernin, life is interwoven with the sword","אַז אַ פּאָעט באַטיטלט זײַן נײַ בוך „לעבן מיט אַ שװערד“ איז שׂכלדיק צו שטעלן צװײ פֿראַגעס: װעמענס לעבן, און װעלכע שװערד? אין דער פּאָעזיע־קריטיק איז מען אָפֿט מאָל פֿאָרזיכטיק אַװעקצושטעלן אַ קלאָרן אונטערשײד צװישן דעם נאַראַטאָר פֿון די לידער, דאָס הײסט, דאָס קול, װאָס רעדט, און דעם פּאָעט אַלײן, דעם בעל־מחבר. דער נאַראַטאָר פֿון... The post For poet Velvl Chernin, life is interwoven with the sword appeared first on The Forward .",https://forward.com/yiddish/843638/for-poet-velvl-chernin-life-is-interwoven-with-the-sword/,The Forward,שלום בערגער,2026-08-06T17:21:48,2026-08-07 00:40:19.142739,https://forward.com/?p=843638
Is it time for a Wendy Wasserstein renaissance?,"Is it time for a reassessment of Wendy Wasserstein’s 1997 An American Daughter, which she described as “darker” than her 20th century hits? On Aug. 11, when La Femme Theatre Productions opens the first major New York revival at the Signature Center’s Irene Diamond Stage, audiences will find out. Wasserstein was among the most commercially... The post Is it time for a Wendy Wasserstein renaissance? appeared first on The Forward .",https://forward.com/culture/842825/wendy-wasserstein-an-american-daughter-second-wave-feminism-la-femme/,The Forward,Rachel Shteir,2026-08-06T17:59:29,2026-08-07 00:40:19.142694,https://forward.com/?p=842825
‘Time to double down’: Why AIPAC sees El Sayed’s win as a sign to spend still more,"Abdul El-Sayed&#8217;s narrow victory over Rep. Haley Stevens for an open Michigan Senate seat prompted an immediate split reaction as the Democratic Party endures a historic internal fight over U.S. support for Israel. To progressives, the result showed that even more than $60 million in outside spending — including more than $30 million by AIPAC,... The post ‘Time to double down’: Why AIPAC sees El Sayed’s win as a sign to spend still more appeared first on The Forward .",https://forward.com/news/843659/el-sayed-michigan-aipac-israel/,The Forward,Jacob Kornbluh,2026-08-06T18:53:45,2026-08-07 00:40:19.142647,https://forward.com/?p=843659
A Jewish philanthropist funded this pioneering school for Black students. Now it’s getting a second life.,"A small Kentucky town has saved a piece of Black history, with a little-known Jewish connection. This summer, Sadieville, Kentucky — population 320 — opened an exhibit in a one-room schoolhouse that served Black students during segregation. Built between 1917 and 1920, the school was partly funded by Jewish philanthropist Julius Rosenwald, an owner of... The post A Jewish philanthropist funded this pioneering school for Black students. Now it&#8217;s getting a second life. appeared first on The Forward .",https://forward.com/news/843761/julius-rosenwald-school-sadieville-kentucky-national-park/,The Forward,Hannah Feuer,2026-08-06T20:32:39,2026-08-07 00:40:19.142591,https://forward.com/?p=843761
"25 years ago, my daughter was killed in the Sbarro bombing. Why is her killer still free?","The father of Malki Roth calls for pressure on the Jordanian government. -- The post 25 years ago, my daughter was killed in the Sbarro bombing. Why is her killer still free? appeared first on Jewish Telegraphic Agency .",https://www.jta.org/2026/08/06/ideas/25-years-ago-my-daughter-was-killed-in-the-sbarro-bombing-why-is-her-killer-still-free,JTA,Arnold Roth,2026-08-06T20:20:32,2026-08-07 00:40:16.718205,https://www.jta.org/?p=1905429
Over 95% of Canadian Jewish university students report exposure to antisemitism in new survey,One-fifth of students said they experienced or witnessed physical violence. -- The post Over 95% of Canadian Jewish university students report exposure to antisemitism in new survey appeared first on Jewish Telegraphic Agency .,https://www.jta.org/2026/08/06/global/over-95-of-canadian-jewish-university-students-report-exposure-to-antisemitism,JTA,Shira Li Bartov,2026-08-06T20:44:24,2026-08-07 00:40:16.718171,https://www.jta.org/?p=1905750
Lawmakers seek 100-foot buffer zone around houses of worship to protect prayer goers from protests,"“The First Amendment guarantees every American the right to freely exercise their faith,” Sen. Ted Cruz said. -- The post Lawmakers seek 100-foot buffer zone around houses of worship to protect prayer goers from protests appeared first on Jewish Telegraphic Agency .",https://www.jta.org/2026/08/06/politics/lawmakers-seek-100-foot-buffer-zone-around-houses-of-worship-to-protect-prayer-goers-from-protests,JTA,Grace Gilson,2026-08-06T22:03:48,2026-08-07 00:40:16.718135,https://www.jta.org/?p=1905761
Did Cori Bush’s focus on AIPAC doom her Missouri Democratic primary bid?,"The former congresswoman pledged to tear down the pro-Israel lobby's ""kingdom."" Now, they're the ones still standing. -- The post Did Cori Bush’s focus on AIPAC doom her Missouri Democratic primary bid? appeared first on Jewish Telegraphic Agency .",https://www.jta.org/2026/08/06/politics/did-cori-bushs-focus-on-aipac-doom-her-missouri-democratic-primary-bid,JTA,by Sharon Udasin,2026-08-06T22:57:27,2026-08-07 00:40:16.718087,https://www.jta.org/?p=1905748
"Your Daily Phil: What’s in a name? A lot, if it’s ‘Zionism’","The post Your Daily Phil: What’s in a name? A lot, if it’s ‘Zionism’ appeared first on eJewishPhilanthropy .",https://ejewishphilanthropy.com/your-daily-phil-whats-in-a-name-a-lot-if-its-zionism/,eJewish Philanthropy,EJP,2026-08-06T14:21:49,2026-08-07 00:40:14.434871,https://ejewishphilanthropy.com/?p=178354
Christopher Nolan’s ‘Odyssey’ is a Talmud-quoting Tisha B’Av epic,"This story was originally published in the Forward. Click here to get the Forward&#8217;s free email newsletters delivered to your inbox. “Before there were Jews… there was ‘The Odyssey,’” a [&#8230;]",https://jweekly.com/2026/08/06/christopher-nolans-odyssey-is-a-talmud-quoting-tisha-bav-epic/,J. Weekly,PJ Grisar,2026-08-06T16:56:13,2026-08-07 00:40:12.142087,https://jweekly.com/?p=309380
Orthodox Jews are scootering to synagogue. Will Shabbat ever be the same?,"This story was originally published in the Forward. Click here to get the Forward&#8217;s free email newsletters delivered to your inbox. LOS ANGELES – For thousands of years, the Jews [&#8230;]",https://jweekly.com/2026/08/06/orthodox-jews-are-scootering-to-synagogue-will-shabbat-ever-be-the-same/,J. Weekly,Louis Keene,2026-08-06T17:01:20,2026-08-07 00:40:12.142053,https://jweekly.com/?p=309384
PODCAST | ‘Everybody's equal’: Senior shares advice with Contra Costa teens,"Burt Feldstein wasn’t much into religion as a kid. “I grew up an Orthodox family,” said Feldstein, 84. “Basically that turned me off of Judaism.” But finding friendship and a [&#8230;]",https://jweekly.com/2026/08/06/everybodys-equal-senior-citizen-shares-life-advice-with-contra-costa-teens/,J. Weekly,Bina Podcast from Contra Costa Midrasha,2026-08-06T18:51:42,2026-08-07 00:40:12.142018,https://jweekly.com/?p=309388
TORAH | How to help the vulnerable while preserving their dignity,"Re’ehDeuteronomy 11:26-16:17 The Torah column is supported by a generous donation from Eve Gordon-Ramek in memory of Kenneth Gordon. The Book of Deuteronomy is packed with commandments. Some are repeats, [&#8230;]",https://jweekly.com/2026/08/06/how-to-help-the-vulnerable-while-preserving-their-dignity/,J. Weekly,Rabbi Joey Felsen,2026-08-06T18:59:12,2026-08-07 00:40:12.141983,https://jweekly.com/?p=309401
"A sea captain, a will and some treasure for the Jewish Home","Once upon a time, a sea captain died and, having no heirs, left his estate to charity. Eighteen years later, that charity — the Hebrew Home for the Aged — [&#8230;]",https://jweekly.com/2026/08/06/a-sea-captain-a-will-and-some-treasure-for-the-jewish-home/,J. Weekly,Maya Mirsky,2026-08-06T19:09:28,2026-08-07 00:40:12.141944,https://jweekly.com/?p=309411
"This synagogue has supported families with disabled kids, now adults, for 20 years","On the last Saturday evening in July, 15 adults with disabilities, including autism and Down syndrome, gathered at a horse therapy ranch in Sonoma County to socialize and participate in [&#8230;]",https://jweekly.com/2026/08/06/cotati-synagoge-has-supported-families-with-disabled-kids-now-adults-for-20-years/,J. Weekly,Aaron Levy-Wolins,2026-08-06T20:05:30,2026-08-07 00:40:12.141865,https://jweekly.com/?p=309435
Israel issues rare indictment against settler who killed Palestinian activist,Settler activist Yinon Levi was charged with reckless homicide for the killing of Umm al-Kheir resident Awdah Hathaleen. An Israeli rights group found that only three percent of cases opened over Israelis' violence against Palestinians led to conviction,https://www.haaretz.com/israel-news/israel-crime/2026-08-06/ty-article/.premium/israeli-settler-who-killed-palestinian-activist-indicted-one-year-later/0000019f-d681-d09d-a59f-f699522c0000,Haaretz,Matan Golan,2026-08-06T12:26:53,2026-08-06 14:10:25.327193,https://www.haaretz.com/israel-news/israel-crime/2026-08-06/ty-article/.premium/israeli-settler-who-killed-palestinian-activist-indicted-one-year-later/0000019f-d681-d09d-a59f-f699522c0000
A pro-Israel victory in Michigan offers important lessons for Democrats,"While the headlines this week focused on Michigan's Senate primary, a proud supporter of Israel and a critic of its far-right government won a key Congressional race in the state. Jeremy Moss' victory tells a more complicated story about Israel and the Democratic Party",https://www.haaretz.com/opinion/2026-08-06/ty-article-opinion/.premium/a-pro-israeli-victory-in-michigan-offers-important-lessons-for-democrats/0000019f-d6fa-d09d-a59f-f6fa2dba0000,Haaretz,Danit Schinagel,2026-08-06T12:33:41,2026-08-06 14:10:25.327163,https://www.haaretz.com/opinion/2026-08-06/ty-article-opinion/.premium/a-pro-israeli-victory-in-michigan-offers-important-lessons-for-democrats/0000019f-d6fa-d09d-a59f-f6fa2dba0000
"From Jerusalem to Herzliya, Israel's Jewish battle over Shabbat turns violent","In Jerusalem, ultra-Orthodox extremists are targeting a café that opens on Shabbat. In Ramat Gan businesses have been torched or vandalized. The battle is not only over the Jewish day of rest, but over Israel's identity",https://www.haaretz.com/jewish/2026-08-06/ty-article-magazine/.premium/from-jerusalem-to-herzliya-israels-jewish-battle-over-shabbat-turns-violent/0000019f-d14c-d315-a1df-fb6e5db60000,Haaretz,Sivan Klingbail,2026-08-06T12:35:05,2026-08-06 14:10:25.327133,https://www.haaretz.com/jewish/2026-08-06/ty-article-magazine/.premium/from-jerusalem-to-herzliya-israels-jewish-battle-over-shabbat-turns-violent/0000019f-d14c-d315-a1df-fb6e5db60000
Two lion cubs rescued from traffickers in Israel relocated to South African sanctuary,Ben Tzur and Ori were among six cubs rescued from the illegal wildlife trade in 2025 and spent the past year at a northern Israeli zoo before being moved to a big cat sanctuary,https://www.haaretz.com/science-and-health/nature-environment/2026-08-06/ty-article/.premium/two-lion-cubs-rescued-from-traffickers-in-israel-relocated-to-south-africa/0000019f-d720-d315-a1df-ff2e84040000,Haaretz,Moshe Gilad,2026-08-06T13:12:33,2026-08-06 14:10:25.327101,https://www.haaretz.com/science-and-health/nature-environment/2026-08-06/ty-article/.premium/two-lion-cubs-rescued-from-traffickers-in-israel-relocated-to-south-africa/0000019f-d720-d315-a1df-ff2e84040000
"Medics, press blocked from Palestinian refugee camp under IDF siege for second day in a row","Residents say Palestinians are barred from leaving their homes and are being detained and interrogated by Israeli forces, as the Red Crescent says ten people were treated for injuries caused by Israeli military violence",https://www.haaretz.com/west-bank/2026-08-06/ty-article/.premium/palestinian-refugee-camp-under-idf-siege-for-second-day-medics-press-blocked/0000019f-d719-d310-a3df-d71b6b290000,Haaretz,Jack Khoury,2026-08-06T13:36:10,2026-08-06 14:10:25.327073,https://www.haaretz.com/west-bank/2026-08-06/ty-article/.premium/palestinian-refugee-camp-under-idf-siege-for-second-day-medics-press-blocked/0000019f-d719-d310-a3df-d71b6b290000
"'I saw pictures of dead children. In the Israeli army, they told us we only kill terrorists'","After helping direct artillery fire that claimed civilian lives in Gaza, former Israeli combat medic Yael is struggling with debilitating trauma and remorse. Her long wait for treatment highlights the military's failure to care for soldiers scarred by war",https://www.haaretz.com/israel-news/israel-security/2026-08-06/ty-article-magazine/i-saw-pictures-of-dead-kids-in-the-army-they-told-us-we-only-kill-terrorists/0000019f-d5bc-d825-afbf-f7fe8de90000,Haaretz,Tom Levinson,2026-08-06T13:54:50,2026-08-06 14:10:25.327035,https://www.haaretz.com/israel-news/israel-security/2026-08-06/ty-article-magazine/i-saw-pictures-of-dead-kids-in-the-army-they-told-us-we-only-kill-terrorists/0000019f-d5bc-d825-afbf-f7fe8de90000
"Palestinian Authority banks to expedite 4.5-billion-shekel transfer to Bank of Israel, sources tell JNS",The announcement comes as Israeli banks are expected to end correspondent banking services to Palestinian counterparts.,https://www.jns.org/news/israel-news/palestinian-authority-banks-to-expedite-4-5-billion-shekel-transfer-to-bank-of-israel-sources-tell-jns,JNS,Akiva Van Koningsveld,2026-08-06T11:42:04,2026-08-06 14:10:18.473263,https://www.jns.org/news/israel-news/palestinian-authority-banks-to-expedite-4-5-billion-shekel-transfer-to-bank-of-israel-sources-tell-jns
Michigan Democratic primaries reflect party's divide over Israel,"An anti-Israel challenger unseated Rep. Shri Thanedar in the state's 13th District, while pro-Israel state senator Jeremy Moss won the Democratic nomination for Rep. Haley Stevens' open House seat in the neighboring 11th District.",https://www.jns.org/news/u-s-news/michigan-democratic-primaries-reflect-partys-divide-over-israel,JNS,,2026-08-06T14:00:41,2026-08-06 14:10:18.473230,https://www.jns.org/news/u-s-news/michigan-democratic-primaries-reflect-partys-divide-over-israel
‘Uncommitted’ founder who pushed Democrats to vote against Biden over Gaza wins primary,"Abbas Alawieh, who captured the Democratic nomination for a Michigan state Senate seat, said he recently met with former Vice President Kamala Harris. -- The post &#8216;Uncommitted&#8217; founder who pushed Democrats to vote against Biden over Gaza wins primary appeared first on Jewish Telegraphic Agency .",https://www.jta.org/2026/08/06/politics/uncommitted-founder-who-pushed-democrats-to-vote-against-biden-over-gaza-wins-primary,JTA,Shira Li Bartov,2026-08-06T12:49:56,2026-08-06 14:10:08.552108,https://www.jta.org/?p=1905735
"What’s in a name? A lot, if it’s ‘Zionism’","There is a saying that every driver in Israel is familiar with: You can be right, or you can be smart. That choice —between standing on principle and adapting to an unfair reality (that car forcibly merging despite my having the right of way) —is increasingly playing out in American Jewish communal organizations over the... Read More The post What&#8217;s in a name? A lot, if it&#8217;s &#8216;Zionism&#8217; appeared first on eJewishPhilanthropy .",https://ejewishphilanthropy.com/whats-in-a-name-a-lot-if-its-zionism/,eJewish Philanthropy,Judah Ari Gross,2026-08-06T12:18:39,2026-08-06 14:10:06.213264,https://ejewishphilanthropy.com/?p=178310
A Sapir essay imagined ‘Jewish thriving.’ Atlanta’s Dupree built it a home.,"Walk into Atlanta’s Dupree Center and, as community leader Michelle Simon puts it, “It’s like ‘Cheers’; everyone knows your name.” In his 2023 Sapir essay “Three Falsehoods About Antisemitism—and One Truth,” Bret Stephens drew a distinction between “thriving Jews” who succeed as individuals and the collective flourishing that he referred to as “Jewish thriving.” At... Read More The post A Sapir essay imagined &#8216;Jewish thriving.&#8217; Atlanta&#8217;s Dupree built it a home. appeared first on eJewishPhilanthropy .",https://ejewishphilanthropy.com/a-sapir-essay-imagined-jewish-thriving-atlantas-dupree-built-it-a-home/,eJewish Philanthropy,Justin Hayet,2026-08-06T12:21:51,2026-08-06 14:10:06.213219,https://ejewishphilanthropy.com/?p=178309
Why do we ignore the synagogue?,"I love synagogues. I love watching them grow, change, innovate and — most of all — persevere. In 1917, Mordecai Kaplan wrote that the synagogue is the principal means of keeping alive the Jewish consciousness. Citing Kaplan’s work seventy years later, Abraham Karp argued that despite declining membership, the synagogue remained the preeminent institution in... Read More The post Why do we ignore the synagogue? appeared first on eJewishPhilanthropy .",https://ejewishphilanthropy.com/why-do-we-ignore-the-synagogue/,eJewish Philanthropy,Rabbi Joshua Rabin,2026-08-06T12:42:32,2026-08-06 14:10:06.213169,https://ejewishphilanthropy.com/?p=178315
The false choice between funding camp and day school,"A major Jewish philanthropist recently asked me a serious question: Should our next dollar go to day schools or to summer camps? The money is finite, the needs are not, and the two compete for the same donors. It is a fair question — and it is the wrong one. Day school and camp are... Read More The post The false choice between funding camp and day school appeared first on eJewishPhilanthropy .",https://ejewishphilanthropy.com/the-false-choice-between-funding-camp-and-day-school/,eJewish Philanthropy,David Zalik,2026-08-06T13:41:30,2026-08-06 14:10:06.213115,https://ejewishphilanthropy.com/?p=178308
Poll: Eisenkot's Yashar party leads over Netanyahu's Likud by one seat,"The new 'Zionist Home' centrist party is not projected to receive enough votes, leaving the anti-Netanyahu bloc at 58 seats without Arab parties. The poll also tested a scenario in which the United Arab List rose to seven seats after recruiting a lawmaker from Yair Lapid's party",https://www.haaretz.com/israel-news/elections/2026-08-06/ty-article/poll-opposition-bloc-slips-to-58-seats-as-zionist-home-misses-threshold/0000019f-d5ca-d315-a1df-ffeedf480000,Haaretz,Haaretz,2026-08-06T09:05:07,2026-08-06 11:23:36.008332,https://www.haaretz.com/israel-news/elections/2026-08-06/ty-article/poll-opposition-bloc-slips-to-58-seats-as-zionist-home-misses-threshold/0000019f-d5ca-d315-a1df-ffeedf480000
"Netanyahu confidant Ron Dermer met Trump officials to ease rift over Hamas deal, sources say","Despite not having an official Israeli role, Ron Dermer was sent to Washington to defuse a diplomatic crisis with the U.S. over Israel's objections to the agreement struck between the Gaza Board of Peace and Hamas, a source says",https://www.haaretz.com/gaza/2026-08-06/ty-article/.premium/sources-netanyahu-confidant-met-trump-officials-to-ease-rift-over-hamas-deal/0000019f-d5f7-deff-a5bf-fdffc7180000,Haaretz,Liza Rozovsky,2026-08-06T09:32:43,2026-08-06 11:23:36.008298,https://www.haaretz.com/gaza/2026-08-06/ty-article/.premium/sources-netanyahu-confidant-met-trump-officials-to-ease-rift-over-hamas-deal/0000019f-d5f7-deff-a5bf-fdffc7180000
"Report: Trump, Hegseth clash over missile shortage that could limit Iran strikes","According to the Washington Post, the president confronted the defense secretary for not being informed of the severe ammunition shortage, which Hegseth blamed on his deputy. The White House denied the report",https://www.haaretz.com/us-news/2026-08-06/ty-article/report-trump-hegseth-clash-over-missile-shortage-that-could-limit-iran-strikes/0000019f-d616-dabd-abdf-ff56d47e0000,Haaretz,Ben Samuels,2026-08-06T09:36:20,2026-08-06 11:23:36.008265,https://www.haaretz.com/us-news/2026-08-06/ty-article/report-trump-hegseth-clash-over-missile-shortage-that-could-limit-iran-strikes/0000019f-d616-dabd-abdf-ff56d47e0000
Like we did in the summer of '62: The year the twist took over Tel Aviv,"'The hips have a great future': In 1962, a Haaretz reporter went hunting for the dance craze gripping Hebrew youth. It led him to a Tel Aviv ballroom school whose family story now stretches from Thessaloniki to Elvis's Graceland",https://www.haaretz.com/life/2026-08-06/ty-article-magazine/.premium/like-we-did-in-the-summer-of-62-the-year-the-twist-took-over-tel-aviv/0000019f-d155-dbf7-afbf-ddd759d60000,Haaretz,Ofer Aderet,2026-08-06T10:45:58,2026-08-06 11:23:36.008233,https://www.haaretz.com/life/2026-08-06/ty-article-magazine/.premium/like-we-did-in-the-summer-of-62-the-year-the-twist-took-over-tel-aviv/0000019f-d155-dbf7-afbf-ddd759d60000
"Hezbollah and Iran have no seats at the table, but could very well derail Lebanon-Israel talks","U.S.-brokered talks on an Israeli withdrawal from southern Lebanon hinge on keeping Hezbollah from setting the terms and conditions on the ground. But as regional players shape the postwar order, Israel risks being left outside the emerging political framework",https://www.haaretz.com/middle-east-news/lebanonnews/2026-08-06/ty-article/.premium/hezbollah-has-no-seat-the-table-but-could-very-well-derail-lebanon-israel-talks/0000019f-d55f-d310-a3df-d55f51800000,Haaretz,Zvi Bar'el,2026-08-06T10:49:08,2026-08-06 11:23:36.008194,https://www.haaretz.com/middle-east-news/lebanonnews/2026-08-06/ty-article/.premium/hezbollah-has-no-seat-the-table-but-could-very-well-derail-lebanon-israel-talks/0000019f-d55f-d310-a3df-d55f51800000
An alternative to the two-state solution,Arab Palestinians can integrate and become part of Israeli society while retaining a separate identity.,https://www.jns.org/opinion/moshe-dann/an-alternative-to-the-two-state-solution,JNS,Moshe Dann,2026-08-06T06:00:00,2026-08-06 11:23:28.619843,https://www.jns.org/opinion/moshe-dann/an-alternative-to-the-two-state-solution
Jerusalem has another ancient defender,"Beyond Israel, another ancient people sees Jerusalem as part of its inheritance.",https://www.jns.org/opinion/habtom-ghebrezghiabher/jerusalem-has-another-ancient-defender,JNS,Habtom Ghebrezghiabher,2026-08-06T08:00:00,2026-08-06 11:23:28.619810,https://www.jns.org/opinion/habtom-ghebrezghiabher/jerusalem-has-another-ancient-defender
Is the world making the same mistake with Hamas?,"“Israel Undiplomatic” brings sharp insight and spirited debate to the stories shaping Israel and the Middle East. Hosted by JNS senior contributing editor Ruthie Blum and former ambassador Mark Regev, both former advisers to the Prime Minister’s Office, the show goes beyond talking points to tackle Israel’s toughest political, diplomatic and security dilemmas head-on. From Gaza ceasefire negotiations to U.S.-Israel relations and from Iran’s nuclear ambitions to the war on terror, Blum and Regev dissect the week’s headlines with authority, candor and a touch of humor. What sets “Israel Undiplomatic” apart is the dynamic between its hosts: Two seasoned insiders often agree on the goals but clash on the details. Their conversations reveal how even shared worldviews can lead to different conclusions about policy, diplomacy and the future of Israel. Whether analyzing the latest Middle East peace proposals, exposing Western double standards or weighing the political fallout of Israel’s military actions, “Israel Undiplomatic” delivers smart, unscripted dialogue that cuts through spin and gets to the truth. Because in politics, as in life, the devil is always in the details. See more at: @JNS_TV and subscribe to our YouTube channel.",https://www.jns.org/jns-tv/israel-undiplomatic/is-the-world-making-the-same-mistake-with-hamas,JNS,Mark Regev,2026-08-06T09:03:33,2026-08-06 11:23:28.619777,https://www.jns.org/jns-tv/israel-undiplomatic/is-the-world-making-the-same-mistake-with-hamas
Trump: US has ‘massive amounts’ of munitions,The president pledged to prosecute those leaking secrets regarding weapons stockpiles amid the ongoing war with the Islamic Republic.,https://www.jns.org/news/u-s-news/trump-us-has-massive-amounts-of-munitions,JNS,JNS Staff,2026-08-06T09:32:06,2026-08-06 11:23:28.619651,https://www.jns.org/news/u-s-news/trump-us-has-massive-amounts-of-munitions
Britain’s new leadership means a tougher Israel policy,Andy Burnham’s government is already showing signs of adopting a hardline approach to the Jewish state.,https://www.jns.org/opinion/anna-stanley/britains-new-leadership-means-a-tougher-israel-policy,JNS,Anna Stanley,2026-08-06T10:30:00,2026-08-06 11:23:28.619621,https://www.jns.org/opinion/anna-stanley/britains-new-leadership-means-a-tougher-israel-policy
New peer-reviewed study reveals pervasive and persisting antisemitism in healthcare,Report highlights that fewer than 2% of U.S. institutions have reportedly incorporated antisemitism into their anti-discrimination training.,https://www.jns.org/wire/American-Jewish-Medical-Association/new-peer-reviewed-study-reveals-pervasive-and-persisting-antisemitism-in-healthcare,JNS,,2026-08-06T11:09:03,2026-08-06 11:23:28.619583,https://www.jns.org/wire/American-Jewish-Medical-Association/new-peer-reviewed-study-reveals-pervasive-and-persisting-antisemitism-in-healthcare
A Brave Voice: Why Boy George Risked His Career to Stand With the Jews,"Here was an artist with no personal stake in the Israeli-Palestinian conflict, who understood the potential consequences of publicly taking a position, yet chose to publicly support Israel and what he believed was right. The post A Brave Voice: Why Boy George Risked His Career to Stand With the Jews appeared first on Jewish Journal .",https://jewishjournal.com/culture/arts/music/390859/a-brave-voice-why-boy-george-risked-his-career-to-stand-with-the-jews/,Jewish Journal,Ayala Or-El,2026-08-06T08:46:17,2026-08-06 11:23:26.267064,https://jewishjournal.com/?p=390859
The Antizionist’s Dilemma,It’s not easy being an antizionist these days. Especially if you’re determined to live in accordance with your most important moral imperative: the denigration of the world’s only Jewish state. The post The Antizionist’s Dilemma appeared first on Jewish Journal .,https://jewishjournal.com/commentary/opinion/390863/the-antizionists-dilemma/,Jewish Journal,Peter Himmelman,2026-08-06T08:49:39,2026-08-06 11:23:26.267016,https://jewishjournal.com/?p=390863
Table for Five: Re’eh,Flesh And Blood The post Table for Five: Re’eh appeared first on Jewish Journal .,https://jewishjournal.com/judaism/390866/reeh/,Jewish Journal,Salvador Litvak,2026-08-06T08:55:53,2026-08-06 11:23:26.266978,https://jewishjournal.com/?p=390866
More Than Flavor: The Healing Power of Herbs and Spices,"This week, Rachel and I share our column with our good friend Jill Sharfman. The post More Than Flavor: The Healing Power of Herbs and Spices appeared first on Jewish Journal .",https://jewishjournal.com/culture/food/390869/more-than-flavor-the-healing-power-of-herbs-and-spices/,Jewish Journal,Sharon Gomperts and Rachel Emquies Sheff,2026-08-06T09:01:09,2026-08-06 11:23:26.266944,https://jewishjournal.com/?p=390869
Bringing Israeli Doctors Back,ScienceAbroad works with two groups in medicine: physicians who leave Israel for fellowships and Israeli students who attend medical school in Europe. The post Bringing Israeli Doctors Back appeared first on Jewish Journal .,https://jewishjournal.com/community/390872/bringing-israeli-doctors-back/,Jewish Journal,Brian Fishbach,2026-08-06T09:04:16,2026-08-06 11:23:26.266909,https://jewishjournal.com/?p=390872
Beyond the Nebbish: New Hollywood Initiative Seeks to Transform Jewish Representation on Screen,"The writers described the experience as personally meaningful, saying it strengthened their connection to Judaism, influenced the stories they wanted to tell and helped build a new sense of community. The post Beyond the Nebbish: New Hollywood Initiative Seeks to Transform Jewish Representation on Screen appeared first on Jewish Journal .",https://jewishjournal.com/culture/arts/film/390875/beyond-the-nebbish-new-hollywood-initiative-seeks-to-transform-jewish-representation-on-screen/,Jewish Journal,Ayala Or-El,2026-08-06T09:07:44,2026-08-06 11:23:26.266868,https://jewishjournal.com/?p=390875
Orthodox Jews are scootering to synagogue. Will Shabbat ever be the same?,"LOS ANGELES – For thousands of years, the Jews have walked. Dispatched by God to the promised land of Canaan, Abraham walked. When the Israelites became a nation in the desert, they camped, kvetched, warred, and worshiped, but mostly walked. And on Shabbat — when the Torah forbids riding horses, carriages, trains or cars — observant... The post Orthodox Jews are scootering to synagogue. Will Shabbat ever be the same? appeared first on The Forward .",https://forward.com/culture/842981/shabbat-scooters-jewish/,The Forward,Louis Keene,2026-08-06T09:00:27,2026-08-06 11:23:21.381247,https://forward.com/?p=842981
"Herzl’s grandparents reburied on Mount Herzl, fulfilling Zionist leader’s final wish","(JTA) — JERUSALEM — When World Zionist Organization officials working with the Israeli Foreign Ministry opened the grave of Theodor Herzl’s grandfather on July 29 in Zemun, Serbia, they found it empty. Shimon Leib Herzl was not buried beneath his tombstone. So they kept digging to the side of his wife Rivka’s grave and found... The post Herzl&#8217;s grandparents reburied on Mount Herzl, fulfilling Zionist leader&#8217;s final wish appeared first on The Forward .",https://forward.com/fast-forward/843539/herzls-grandparents-reburied-on-mount-herzl-fulfilling-zionist-leaders-final-wish/,The Forward,Theia Chatelle,2026-08-06T09:10:52,2026-08-06 11:23:21.381186,https://forward.com/?p=843539
Do marks on ancient obsidian arrowheads in Anatolia have meaning?,"Analysis of incised volcanic glass arrowheads shows effort was expended, even if no coherent graphic language seems to have yet emerged in Neolithic Turkey",https://www.haaretz.com/archaeology/2026-08-06/ty-article-magazine/do-marks-on-ancient-obsidian-arrowheads-in-anatolia-have-meaning/0000019f-d1f4-d310-a3df-d5f76e8b0000,Haaretz,Ruth Schuster,2026-08-06T07:02:46,2026-08-06 08:36:40.081240,https://www.haaretz.com/archaeology/2026-08-06/ty-article-magazine/do-marks-on-ancient-obsidian-arrowheads-in-anatolia-have-meaning/0000019f-d1f4-d310-a3df-d5f76e8b0000
"Israel-Lebanon talks to crash if IDF discovers Hezbollah breached military lines, killing two reservists","If a Hezbollah cell managed to infiltrate territory held by the Israeli military and detonate the explosive device remotely, it would represent an operational vulnerability as well as a deliberate violation of Israel's agreement with Lebanon, which could potentially derail the Washington-backed talks",https://www.haaretz.com/israel-news/israel-security/2026-08-06/ty-article/.premium/israel-lebanon-talks-hinge-on-if-hezbollah-infiltrated-idf-lines-killing-two/0000019f-d4a6-dc86-a59f-d7a6681b0000,Haaretz,Amos Harel,2026-08-06T08:12:15,2026-08-06 08:36:40.081211,https://www.haaretz.com/israel-news/israel-security/2026-08-06/ty-article/.premium/israel-lebanon-talks-hinge-on-if-hezbollah-infiltrated-idf-lines-killing-two/0000019f-d4a6-dc86-a59f-d7a6681b0000
Back to the source: kayaks return to Israel's north. Will Israelis?,A paddle down the Hatzbani reveals a landscape that feels untouched by war and a tourism industry still struggling to recover,https://www.haaretz.com/israel-news/travel/2026-08-06/ty-article-magazine/.premium/back-to-the-source-kayaks-return-to-israels-north-will-israelis/0000019f-d186-dbf7-afbf-dd87a7ef0000,Haaretz,Moshe Gilad,2026-08-06T08:19:32,2026-08-06 08:36:40.081170,https://www.haaretz.com/israel-news/travel/2026-08-06/ty-article-magazine/.premium/back-to-the-source-kayaks-return-to-israels-north-will-israelis/0000019f-d186-dbf7-afbf-dd87a7ef0000
140 new immigrants from France arrive in Israel on 'Families Flight',"The flight, organized by Israel's Ministry of Aliyah and Integration and The Jewish Agency for Israel in partnership with the International Christian Embassy Jerusalem, brought dozens of young families to Israel as aliyah from France continues to rise.",https://www.jns.org/wire/the-jewish-agency/140-new-immigrants-from-france-arrive-in-israel-on-families-flight,JNS,,2026-08-06T05:52:58,2026-08-06 08:36:32.664924,https://www.jns.org/wire/the-jewish-agency/140-new-immigrants-from-france-arrive-in-israel-on-families-flight
Five Palestinians accused in Hamas terror plot to appear in Cyprus court,"The charges include terrorism, conspiracy to murder, participation in a criminal organization and money laundering.",https://www.jns.org/news/world/five-palestinians-accused-in-hamas-terror-plot-to-appear-in-cyprus-court,JNS,Kostis Konstantinou/TPS-IL,2026-08-06T07:30:54,2026-08-06 08:36:32.664889,https://www.jns.org/news/world/five-palestinians-accused-in-hamas-terror-plot-to-appear-in-cyprus-court
IDF chief in Gaza: We've changed the security reality,"Eyal Zamir toured the Strip with Southern Command brass, vowing to hunt down every Nukhba terrorist involved in the Oct. 7 massacre ""sooner or later.""",https://www.jns.org/news/israel-news/idf-chief-in-gaza-weve-changed-the-security-reality,JNS,JNS Staff,2026-08-06T07:53:18,2026-08-06 08:36:32.664860,https://www.jns.org/news/israel-news/idf-chief-in-gaza-weve-changed-the-security-reality
Israeli FM's official visit to Ecuador the first in 44 years,"Jerusalem and Quito signed a memorandum of understanding on counterterrorism cooperation and agreed to expand trade, innovation and agricultural ties.",https://www.jns.org/news/israel-news/israeli-fms-official-visit-to-ecuador-the-first-in-44-years,JNS,JNS Staff,2026-08-06T08:14:32,2026-08-06 08:36:32.664803,https://www.jns.org/news/israel-news/israeli-fms-official-visit-to-ecuador-the-first-in-44-years
"Two Israeli reservists killed, four wounded in southern Lebanon explosion",Major (Res.) Harel Birenstock and Chief Master Sergeant (Res.) Tamir Vaknin are the first IDF fatalities in Lebanon since the end of June,https://www.haaretz.com/israel-news/israel-security/2026-08-06/ty-article/.premium/two-israeli-reservists-killed-four-wounded-in-southern-lebanon-explosion/0000019f-d519-d310-a3df-d51b82b10000,Haaretz,Yaniv Kubovich,2026-08-06T03:41:06,2026-08-06 05:49:18.329046,https://www.haaretz.com/israel-news/israel-security/2026-08-06/ty-article/.premium/two-israeli-reservists-killed-four-wounded-in-southern-lebanon-explosion/0000019f-d519-d310-a3df-d51b82b10000
Gaza Board of Peace ‘influenced by Qatar and Turkey’,Former Israeli security officials tell JNS Hamas’s offer to place its weapons under a new Palestinian committee is designed to help the terror group survive and rebuild.,https://www.jns.org/analysis/gaza-board-of-peace-influenced-by-qatar-and-turkey,JNS,Yaakov Lappin,2026-08-06T02:48:17,2026-08-06 05:49:11.336131,https://www.jns.org/analysis/gaza-board-of-peace-influenced-by-qatar-and-turkey
Israeli scientist helps unlock new possibilities for light-based technologies,"The development could advance future optical computing, communications, imaging and sensing systems.",https://www.jns.org/news/israel-news/israeli-scientist-helps-unlock-new-possibilities-for-light-based-technologies,JNS,Pesach Benson/TPS-IL,2026-08-06T04:07:00,2026-08-06 05:49:11.336096,https://www.jns.org/news/israel-news/israeli-scientist-helps-unlock-new-possibilities-for-light-based-technologies
Beyond the battlefield: Israeli initiatives help soldiers transition to civilian life,"Employment, housing and resilience programs support IDF troops as they rebuild their futures.",https://www.jns.org/feature/beyond-the-battlefield-israeli-initiatives-help-soldiers-transition-to-civilian-life,JNS,Josh Hasten,2026-08-06T04:45:20,2026-08-06 05:49:11.336068,https://www.jns.org/feature/beyond-the-battlefield-israeli-initiatives-help-soldiers-transition-to-civilian-life
"Two IDF soldiers killed, four severely wounded in Southern Lebanon","The fatalities were identified as Maj. (res.) Harel Birenstock, 34, from Nokdim, and Chief Master Sgt. (res.) Tamir Vaknin, 33, from Eilat.",https://www.jns.org/news/israel-news/two-idf-soldiers-killed-in-southern-lebanon,JNS,JNS Staff,2026-08-06T05:29:33,2026-08-06 05:49:11.336035,https://www.jns.org/news/israel-news/two-idf-soldiers-killed-in-southern-lebanon
Why did Moses command Jews to choose between a blessing and a curse?,"אין פּרשת ראה רופֿט משה רבינו דאָס ייִדישע פֿאָלק צו זען די ברכה און די קללה, וואָס דער באַשעפֿער גיט פֿאַרן מקיים זײַן אָדער, חלילה, פֿאַרן עובֿר זײַן אויף זײַנע מיצוות. „ראה, אָנוכי נותן לפֿניכם היום ברכה וקללה“ — זעט, איך גיב אײַך הײַנט אַ ברכה און אַ קללה. אין די פֿאָריקע פּרשיות האָבן מיר... The post Why did Moses command Jews to choose between a blessing and a curse? appeared first on The Forward .",https://forward.com/yiddish/843383/why-did-moses-command-jews-to-choose-between-a-blessing-and-a-curse/,The Forward,יואל מאַטוועיעוו,2026-08-06T02:45:55,2026-08-06 05:49:04.385614,https://forward.com/?p=843383
Palestinians shouldn't have to negotiate with Israel for the right to live,,https://www.haaretz.com/opinion/2026-08-06/ty-article-opinion/.premium/palestinians-shouldnt-have-to-negotiate-with-israel-for-the-right-to-live/0000019f-d2f5-d7e2-a39f-f7f7b4990000,Haaretz,Tamer Nafar,2026-08-06T00:20:31,2026-08-06 02:35:44.233160,https://www.haaretz.com/opinion/2026-08-06/ty-article-opinion/.premium/palestinians-shouldnt-have-to-negotiate-with-israel-for-the-right-to-live/0000019f-d2f5-d7e2-a39f-f7f7b4990000
"Reports: At least five injured, including two children, as settlers torch West Bank homes",,https://www.haaretz.com/israel-news/israel-security/2026-08-06/ty-article-live/report-at-least-5-hurt-including-2-children-as-settlers-torch-west-bank-homes/0000019f-d4d2-d315-a1df-fffeca5b0000,Haaretz,Haaretz,2026-08-06T02:17:17,2026-08-06 02:35:44.233124,https://www.haaretz.com/israel-news/israel-security/2026-08-06/ty-article-live/report-at-least-5-hurt-including-2-children-as-settlers-torch-west-bank-homes/0000019f-d4d2-d315-a1df-fffeca5b0000
The case for finishing the war against Iran,"The rights of Iranians must be protected, and the Iranian regime must face consequences.",https://www.jns.org/opinion/walter-e-block/the-case-for-finishing-the-war-against-iran,JNS,James Delmore,2026-08-06T02:00:00,2026-08-06 02:35:37.356043,https://www.jns.org/opinion/walter-e-block/the-case-for-finishing-the-war-against-iran
Netanyahu is leaving behind scorched earth and Israel needs to be healed,,https://www.haaretz.com/opinion/2026-08-06/ty-article-opinion/.premium/netanyahu-is-leaving-behind-scorched-earth-and-israel-needs-to-be-healed/0000019f-d2f5-d04a-a3df-d6f596710000,Haaretz,Uri Misgav,2026-08-05T23:27:44,2026-08-06 00:00:26.287279,https://www.haaretz.com/opinion/2026-08-06/ty-article-opinion/.premium/netanyahu-is-leaving-behind-scorched-earth-and-israel-needs-to-be-healed/0000019f-d2f5-d04a-a3df-d6f596710000
"Training Leadership of the Head, the Hand and the Heart","[&#8230;] The post Training Leadership of the Head, the Hand and the Heart appeared first on Jewish Journal .",https://jewishjournal.com/judaism/390852/training-leadership-of-the-head-the-hand-and-the-heart/,Jewish Journal,"Rabbi Michael Marmur, Ph.D.",2026-08-05T23:12:41,2026-08-06 00:00:16.749978,https://jewishjournal.com/?p=390852
Theodor Herzl's grandparents reinterred in Jerusalem after remains brought from Serbia,"Shimon and Rivka Herzl, who were buried in Serbia, were reinterred in a state ceremony on Mount Herzl in Jerusalem. Theodor Herzl had requested in his will that his closest family members be brought for burial in Israel",https://www.haaretz.com/jewish/history/2026-08-06/ty-article/.premium/a-century-after-herzls-death-his-grandparents-are-laid-to-rest-in-israel/0000019f-d353-d3b8-ad9f-f7f3bd930000,Haaretz,Ofer Aderet,2026-08-05T21:16:59,2026-08-05 22:59:28.132900,https://www.haaretz.com/jewish/history/2026-08-06/ty-article/.premium/a-century-after-herzls-death-his-grandparents-are-laid-to-rest-in-israel/0000019f-d353-d3b8-ad9f-f7f3bd930000
"From Umm al-Fahm to Tel Aviv, Israel police are policing politics",The path to changing this situation doesn't stop at demonstrations; it also passes through the ballot box. The voter turnout in Arab society will be one of the factors determining whether the policy of recent years will continue,https://www.haaretz.com/opinion/2026-08-06/ty-article-opinion/.premium/from-umm-al-fahm-to-tel-aviv-israel-police-are-policing-politics/0000019f-d2f6-d315-a1df-fbfe6b3f0000,Haaretz,Yanal Jbareen,2026-08-05T21:34:50,2026-08-05 22:59:28.132870,https://www.haaretz.com/opinion/2026-08-06/ty-article-opinion/.premium/from-umm-al-fahm-to-tel-aviv-israel-police-are-policing-politics/0000019f-d2f6-d315-a1df-fbfe6b3f0000
A teenager exposed the truth behind Israel's Gaza 'voluntary emigration' plan,"The journalistic value is clear: The boy revealed Feiglin's true face. And more importantly, he revealed the despicable lie of ""voluntary emigration."" No one is leaving voluntarily. It's just putting them on trucks and shipping them out",https://www.haaretz.com/opinion/2026-08-06/ty-article-opinion/.premium/a-teenager-exposed-the-truth-behind-israels-gaza-voluntary-emigration-plan/0000019f-d2f5-d310-a3df-d6f79c8a0000,Haaretz,Gideon Levy,2026-08-05T21:42:24,2026-08-05 22:59:28.132839,https://www.haaretz.com/opinion/2026-08-06/ty-article-opinion/.premium/a-teenager-exposed-the-truth-behind-israels-gaza-voluntary-emigration-plan/0000019f-d2f5-d310-a3df-d6f79c8a0000
Police officer faces indictment in fatal shooting of Bedouin man in southern Israel,"Officer faces negligence charge in fatal shooting of Mohammed Hussein Tarabin al-Sana, claiming self-defense and alleging the victim had a knife, though investigators found no weapon at the scene",https://www.haaretz.com/israel-news/israel-crime/2026-08-06/ty-article/.premium/police-officer-faces-indictment-in-fatal-shooting-of-bedouin-man-in-south-israel/0000019f-d398-d0c6-adbf-f3bed05f0000,Haaretz,Eden Solomon,2026-08-05T22:18:35,2026-08-05 22:59:28.132807,https://www.haaretz.com/israel-news/israel-crime/2026-08-06/ty-article/.premium/police-officer-faces-indictment-in-fatal-shooting-of-bedouin-man-in-south-israel/0000019f-d398-d0c6-adbf-f3bed05f0000
Freeing Rabin's killer is no longer unthinkable in violence-infested Israel,,https://www.haaretz.com/opinion/editorial/2026-08-06/ty-article-opinion/freeing-rabins-killer-is-no-longer-unthinkable-in-violence-infested-israel/0000019f-d38e-d310-a3df-d78f36630000,Haaretz,Haaretz Editorial,2026-08-05T22:37:48,2026-08-05 22:59:28.132765,https://www.haaretz.com/opinion/editorial/2026-08-06/ty-article-opinion/freeing-rabins-killer-is-no-longer-unthinkable-in-violence-infested-israel/0000019f-d38e-d310-a3df-d78f36630000
No Mayor Decides Who Belongs in New York,"In December 2024, months before winning City Hall, Zohran Mamdani declared that, as mayor, New York would arrest Israeli Prime Minister...",https://www.algemeiner.com/2026/08/05/no-mayor-decides-who-belongs-in-new-york/,Algemeiner,Samuel J. Abrams,2026-08-05T21:40:10,2026-08-05 22:59:23.646176,https://www.algemeiner.com/?p=777326
"El-Sayed Underperforms in Senate Primary Victory, Major Questions Linger Ahead of General Election","Progressive firebrand Abdul El-Sayed limped across the finish line on Tuesday night, winning the Michigan Democratic Senate primary competition by...",https://www.algemeiner.com/2026/08/05/el-sayed-underperforms-in-senate-primary-victory-major-questions-linger-ahead-of-general-election/,Algemeiner,Corey Walker,2026-08-05T21:51:48,2026-08-05 22:59:23.646147,https://www.algemeiner.com/?p=777311
"Israel Receives Most Advanced and Expensive Submarine Ever Built for Its Navy, Strengthening Underwater Deterrence","Israel has officially received the INS Drakon submarine from Germany, the most expensive submarine ever delivered to the Israeli Navy,...",https://www.algemeiner.com/2026/08/05/israel-receives-most-advanced-and-expensive-submarine-ever-built-for-its-navy-strengthening-underwater-deterrence/,Algemeiner,Ailin Vilches Arguello,2026-08-05T21:52:22,2026-08-05 22:59:23.646118,https://www.algemeiner.com/?p=777328
Anti-Israel Democrats Suffer Key Primary Defeats Despite El-Sayed Wins,"While progressives celebrated several high-profile victories in Michigan on Tuesday, candidates backed by the Democratic Socialists of America (DSA) and...",https://www.algemeiner.com/2026/08/05/anti-israel-democrats-suffer-key-primary-defeats-despite-el-sayed-wins/,Algemeiner,Corey Walker,2026-08-05T22:45:06,2026-08-05 22:59:23.646081,https://www.algemeiner.com/?p=777340
Court weighs Jewish school's bid to join Oklahoma charter school program,"""The court should reject the state's religious ban and let Ben Gamla compete with other private schools on equal terms,"" said Peter Deutsch of the National Ben Gamla Jewish Charter School Foundation.",https://www.jns.org/news/u-s-news/court-weighs-jewish-schools-bid-to-join-oklahoma-charter-school-program,JNS,,2026-08-05T21:18:54,2026-08-05 22:59:21.386100,https://www.jns.org/news/u-s-news/court-weighs-jewish-schools-bid-to-join-oklahoma-charter-school-program
Republican hopeful seeks to debate congressman Adam Smith,"Doug Basler told JNS that he is happy to ""listen patiently while he talks, and hopefully he listens patiently while I talk.""",https://www.jns.org/news/u-s-news/republican-hopeful-seeks-to-debate-congressman-adam-smith,JNS,Jessica Russak-Hoffman,2026-08-05T21:38:53,2026-08-05 22:59:21.386057,https://www.jns.org/news/u-s-news/republican-hopeful-seeks-to-debate-congressman-adam-smith
"SCOOP: Ethnic studies workshop at UC Berkeley to feature teacher, who said ‘ethnic studies means free Palestine’","The Berkeley project “has a record of promoting anti-Israel and antisemitic agendas,” Oleg Ivanov, of StandWithUs, told JNS. “We are deeply concerned that the same thing will happen in this training.”",https://www.jns.org/news/u-s-news/scoop-ethnic-studies-workshop-at-uc-berkeley-to-feature-teacher-who-said-ethnic-studies-means-free-palestine,JNS,Aaron Bandler,2026-08-05T21:59:01,2026-08-05 22:59:21.386026,https://www.jns.org/news/u-s-news/scoop-ethnic-studies-workshop-at-uc-berkeley-to-feature-teacher-who-said-ethnic-studies-means-free-palestine
New York’s medical aid-in-dying law takes effect after years of debate,"“It isn't assisted suicide,” bioethicist Arthur Caplan told JNS. “It is managing dying in a more humane way.”",https://www.jns.org/news/u-s-news/new-yorks-medical-aid-in-dying-law-takes-effect-after-years-of-debate,JNS,Debra Nussbaum Cohen,2026-08-05T22:19:13,2026-08-05 22:59:21.385983,https://www.jns.org/news/u-s-news/new-yorks-medical-aid-in-dying-law-takes-effect-after-years-of-debate
"Herzl’s grandparents are reburied in Jerusalem, fulfilling Zionist leader’s final wish","""When Zion brings her children home, she also brings home their forebears,"" said one leader involved in the effort. -- The post Herzl&#8217;s grandparents are reburied in Jerusalem, fulfilling Zionist leader&#8217;s final wish appeared first on Jewish Telegraphic Agency .",https://www.jta.org/2026/08/05/israel/herzls-grandparents-are-reburied-on-mount-herzl-fulfilling-zionist-leaders-final-wish,JTA,Theia Chatelle,2026-08-05T21:41:18,2026-08-05 22:59:12.262281,https://www.jta.org/?p=1905709
El-Sayed’s narrow Michigan win sets up a reckoning among Jewish Democrats,"Jews who backed Rep. Haley Stevens are weighing whether they can support an avowed critic of Israel, though some find solace in his razor-thin victory. -- The post El-Sayed’s narrow Michigan win sets up a reckoning among Jewish Democrats appeared first on Jewish Telegraphic Agency .",https://www.jta.org/2026/08/05/politics/el-sayeds-narrow-michigan-win-sets-up-a-reckoning-among-jewish-democrats,JTA,Grace Gilson,2026-08-05T22:58:44,2026-08-05 22:59:12.262233,https://www.jta.org/?p=1905722
JFNA cuts PR consultant after blowback for messaging plan recommending terms other than ‘Zionism’,"Jewish Federations of North America abruptly cut the contract of Matthew Berger, a communications professional, on Wednesday after facing blowback for a seminar about a new messaging strategy about Israel that recommended using “terms that have broader appeal” besides Zionism during a National Young Leadership Cabinet retreat this week, JFNA confirmed to eJewishPhilanthropy. The controversy... Read More The post JFNA cuts PR consultant after blowback for messaging plan recommending terms other than ‘Zionism’ appeared first on eJewishPhilanthropy .",https://ejewishphilanthropy.com/jfna-cuts-pr-consultant-after-catching-flak-for-messaging-strategy-to-use-terms-other-than-zionism/,eJewish Philanthropy,Judah Ari Gross,2026-08-05T22:16:16,2026-08-05 22:59:09.662964,https://ejewishphilanthropy.com/?p=178274
Berkeley man convicted of burning Hillel mezuzah in hate crime case,A jury convicted David William Denton of arson and vandalism of religious property on Aug. 3 for setting fire to a mezuzah at Berkeley Hillel earlier this year. A judge [&#8230;],https://jweekly.com/2026/08/05/berkeley-man-convicted-of-burning-hillel-mezuzah-in-hate-crime-case/,J. Weekly,Lea Loeb,2026-08-05T22:52:05,2026-08-05 22:59:06.651830,https://jweekly.com/?p=309374
Haaretz Cartoon,,https://www.haaretz.com/opinion/daily-cartoon/2026-08-05/ty-article-opinion/haaretz-cartoon/0000019f-d3b0-d7e2-a39f-f7f2775e0000,Haaretz,Amos Biderman,2026-08-05T20:51:19,2026-08-05 21:09:14.471079,https://www.haaretz.com/opinion/daily-cartoon/2026-08-05/ty-article-opinion/haaretz-cartoon/0000019f-d3b0-d7e2-a39f-f7f2775e0000
"With Jewish Establishment’s Help, A Black Political Group Battles the Left - Inside an under-the-radar organization opposing the pro-Palestine left in Democratic primaries",,https://jewishcurrents.org/with-jewish-establishments-help-a-black-political-group-battles-the-left,Jewish Currents,Alex Kane,2026-08-04T20:25:00,2026-08-05 21:09:12.028598,https://jewishcurrents.org/with-jewish-establishments-help-a-black-political-group-battles-the-left
"Israeli Prosecutors Will File Charges Against Settler Who Shot Activist Awdah Hathaleen - In a rare prosecution for settler violence, Yinon Levi will face manslaughter charges.",,https://jewishcurrents.org/israeli-prosecutors-will-file-charges-against-settler-who-shot-activist-awdah-hathaleen,Jewish Currents,Maya Rosen,2026-08-05T20:03:00,2026-08-05 21:09:12.028555,https://jewishcurrents.org/israeli-prosecutors-will-file-charges-against-settler-who-shot-activist-awdah-hathaleen
General Election Fight Looms After Abdul El-Sayed’s Narrow Win in Michigan - The Democratic candidate survived record spending by AIPAC,,https://jewishcurrents.org/general-election-fight-looms-after-abdul-el-sayeds-narrow-win-in-michigan,Jewish Currents,Alex Kane,2026-08-05T20:04:00,2026-08-05 21:09:12.028520,https://jewishcurrents.org/general-election-fight-looms-after-abdul-el-sayeds-narrow-win-in-michigan
"'No one should count pro-Israel Democrats out,' Democratic Majority for Israel PAC president tells JNS","The Michigan Democratic Senate primary reflected anti-establishment sentiment but did not diminish the strength of pro-Israel Democrats nationwide, according to Brian Romick.",https://www.jns.org/news/u-s-news/no-one-should-count-pro-israel-democrats-out-democratic-majority-for-israel-pac-president-tells-jns,JNS,Rebecca Szlechter,2026-08-05T19:53:52,2026-08-05 21:09:07.053834,https://www.jns.org/news/u-s-news/no-one-should-count-pro-israel-democrats-out-democratic-majority-for-israel-pac-president-tells-jns
"After El-Sayed secures Michigan Dem Senate nod, Jews should vote for those who prioritize their safety, ZOA head says","""When someone is only condemning the policies of Israel and not saying a word about the policies of Sudan or Somalia or Iran or Iraq or Syria or Turkey, then one has to become suspicious that it’s really Jew-hatred,” Morton Klein told JNS.",https://www.jns.org/news/u-s-news/after-el-sayed-secures-michigan-dem-senate-nod-jews-should-vote-for-those-who-prioritize-their-safety-zoa-head-says,JNS,Rebecca Szlechter,2026-08-05T20:33:54,2026-08-05 21:09:07.053801,https://www.jns.org/news/u-s-news/after-el-sayed-secures-michigan-dem-senate-nod-jews-should-vote-for-those-who-prioritize-their-safety-zoa-head-says
SCOOP: NY state approves first ‘cholov Yisroel’ kosher infant formula in low-income WIC program,"“It’s a small technical change, but it’s obviously going to make a very significant difference by opening this up to the lowest-income New Yorkers, who struggle to make ends meet,” David Greenfield, of Met Council, told JNS.",https://www.jns.org/news/u-s-news/scoop-ny-state-approves-first-cholov-yisroel-kosher-infant-formula-in-low-income-wic-program,JNS,Rikki Zagelbaum,2026-08-05T21:01:59,2026-08-05 21:09:07.053750,https://www.jns.org/news/u-s-news/scoop-ny-state-approves-first-cholov-yisroel-kosher-infant-formula-in-low-income-wic-program
How the Supreme Court Adapted Parshat Shoftim,"The Torah offers a better model than avenging and avoiding. It offers a safe opportunity for parties to meet and peacefully explain their perspectives, which might have been misunderstood. They can offer apologies and, where necessary, make amends for harms caused. The post How the Supreme Court Adapted Parshat Shoftim appeared first on Jewish Journal .",https://jewishjournal.com/judaism/390843/how-the-supreme-court-adapted-parshat-shoftim/,Jewish Journal,Mitchell Keiter,2026-08-05T20:44:07,2026-08-05 21:09:04.595834,https://jewishjournal.com/?p=390843
Rosner’s Domain | Are They Disarming Hamas or Netanyahu?,This war over narrative won't just be between Israel and Hamas. It will also be an internal war over the narrative as Israel’s election is getting closer. The post Rosner&#8217;s Domain | Are They Disarming Hamas or Netanyahu? appeared first on Jewish Journal .,https://jewishjournal.com/rosnersdomain/390846/are-they-disarming-hamas-or-netanyahu/,Jewish Journal,Shmuel Rosner,2026-08-05T20:51:10,2026-08-05 21:09:04.595787,https://jewishjournal.com/?p=390846
"In the Michigan Senate race, Jews should (and will) vote for democracy","Michigan Jews are feeling the ground shifting beneath us. For the first time, the Democratic candidate to represent Michigan in the United States Senate is not an advocate of unconditional support for Israel’s government. And he is one of a growing number of progressive leaders pushing the Democratic establishment to fight for the values it... The post In the Michigan Senate race, Jews should (and will) vote for democracy appeared first on The Forward .",https://forward.com/opinion/843488/abdul-el-sayed-detroit-rabbi/,The Forward,Alana Alpert,2026-08-05T20:16:29,2026-08-05 21:09:00.201156,https://forward.com/?p=843488
OPINION | Settlements in antisemitism lawsuits threaten education,A dangerous new trend is undermining freedom of speech and academic freedom in the name of combating antisemitism.&#160; Public schools accused of antisemitism are signing private legal settlements that impose [&#8230;],https://jweekly.com/2026/08/05/private-settlements-in-antisemitism-lawsuits-are-a-threat-to-students-and-teachers/,J. Weekly,Stephen Rohde,2026-08-05T19:51:01,2026-08-05 21:08:52.516921,https://jweekly.com/?p=308948
She’s newly ordained and now the only pulpit cantor in Sonoma County,"When Cantor Erica Wisner first walked into Congregation Shomrei Torah in Santa Rosa, she wasn’t looking for a career. She was newly married and had recently relocated from New York [&#8230;]",https://jweekly.com/2026/08/05/shes-newly-ordained-and-now-the-only-pulpit-cantor-in-sonoma-county/,J. Weekly,Lea Loeb,2026-08-05T19:54:00,2026-08-05 21:08:52.516885,https://jweekly.com/?p=308038
Chabad is giving a San Francisco mortuary a second life,"On the southern edge of San Francisco’s Mission District, there stands a massive cream, mint green and terra cotta edifice that has served the city’s mourners for more than a [&#8230;]",https://jweekly.com/2026/08/05/chabad-is-breathing-new-life-into-a-mortuary-in-san-franciscos-mission-district/,J. Weekly,Lea Loeb,2026-08-05T19:57:17,2026-08-05 21:08:52.516841,https://jweekly.com/?p=308567
"UN: More than 360,000 Lebanese remain displaced as Israel-Lebanon talks continue",The second day of U.S.-mediated talks opened amid reports of Israeli strikes in southern Lebanon despite the ongoing cease-fire that took effect in April,https://www.haaretz.com/middle-east-news/lebanonnews/2026-08-05/ty-article/.premium/un-more-than-360-000-lebanese-remain-displaced-as-israel-lebanon-talks-continue/0000019f-d1ee-d6df-a1bf-dbff51e90000,Haaretz,Rawan Suleiman,2026-08-05T17:43:35,2026-08-05 19:35:07.861764,https://www.haaretz.com/middle-east-news/lebanonnews/2026-08-05/ty-article/.premium/un-more-than-360-000-lebanese-remain-displaced-as-israel-lebanon-talks-continue/0000019f-d1ee-d6df-a1bf-dbff51e90000
"Far-right rapper 'The Shadow', three police officers questioned after Haaretz investigation","Haaretz found that far-right influencer and Rapper Yoav Eliasi, known by his stage name The Shadow, used police connections to benefit an entertainment complex in which he was a partner. His lawyer denied any wrongdoing",https://www.haaretz.com/israel-news/israel-crime/2026-08-05/ty-article/.premium/far-right-rapper-three-police-officers-questioned-after-haaretz-investigation/0000019f-d22a-d6df-a1bf-dbff73310000,Haaretz,Josh Breiner,2026-08-05T18:03:33,2026-08-05 19:35:07.861743,https://www.haaretz.com/israel-news/israel-crime/2026-08-05/ty-article/.premium/far-right-rapper-three-police-officers-questioned-after-haaretz-investigation/0000019f-d22a-d6df-a1bf-dbff73310000
What the Democrats must learn from El-Sayed's Michigan primary win,"Despite a lack of support from most of the Democratic establishment and in spite of $30 million spent against him by AIPAC - Abdul El-Sayed has secured the nomination. But the smaller than expected margins should raise concerns for Democrats, who are hoping to retake the Senate",https://www.haaretz.com/israel-news/haaretz-today/2026-08-05/ty-article/.highlight/what-the-democrats-must-learn-from-el-sayeds-michigan-primary-win/0000019f-d27d-d04a-a3df-d6fde03c0000,Haaretz,Etan Nechin,2026-08-05T18:20:26,2026-08-05 19:35:07.861718,https://www.haaretz.com/israel-news/haaretz-today/2026-08-05/ty-article/.highlight/what-the-democrats-must-learn-from-el-sayeds-michigan-primary-win/0000019f-d27d-d04a-a3df-d6fde03c0000
El Al doubles profit after Iran war disruptions as rivals delay return to Israel,"The Israeli airline reported a 100 percent jump in second-quarter profit, capturing 92.3% of U.S.-Israel flights, boosting revenue growth despite higher jet fuel prices",https://www.haaretz.com/israel-news/business/economy-finance/2026-08-05/ty-article/el-al-doubles-profit-after-iran-war-disruptions-as-rivals-delay-return-to-israel/0000019f-d2f5-d04a-a3df-d6f588a80000,Haaretz,Yoram Gabison,2026-08-05T19:27:30,2026-08-05 19:35:07.861687,https://www.haaretz.com/israel-news/business/economy-finance/2026-08-05/ty-article/el-al-doubles-profit-after-iran-war-disruptions-as-rivals-delay-return-to-israel/0000019f-d2f5-d04a-a3df-d6f588a80000
UK Antisemitic Incidents Rise 21% During First Half of 2026 as Fears for Jewish Safety Grow,"Antisemitic incidents across the United Kingdom surged 21 percent during the first half of 2026, reaching the second-highest total ever...",https://www.algemeiner.com/2026/08/05/uk-antisemitic-incidents-rise-21-during-first-half-of-2026-as-fears-for-jewish-safety-grow/,Algemeiner,Ailin Vilches Arguello,2026-08-05T19:24:21,2026-08-05 19:35:03.155755,https://www.algemeiner.com/?p=777314
"Eighteen lawyers, zero Jews",What is the significance of Mayor Zohran Mamdani’s decision to exclude Jews from New York City’s judicial screening panel?,https://www.jns.org/news/antisemitism/gregg-mashberg/eighteen-lawyers-zero-jews,JNS,Gregg Mashberg,2026-08-05T18:00:00,2026-08-05 19:35:00.858844,https://www.jns.org/news/antisemitism/gregg-mashberg/eighteen-lawyers-zero-jews
"Israel more united than it seems, Netanyahu says at ceremony reburying remains of Herzl's grandparents in Israel","The bodies of Shimon and Rivka Herzl, which were exhumed last week from graves in Belgrade, Serbia, were buried next to their grandson on Mount Herzl 77 years to the day that the Zionist visionary and his parents were reburied there.",https://www.jns.org/news/israel-news/israel-more-united-than-it-seems-netanyahu-says-at-ceremony-reburying-remains-of-herzls-grandparents-in-israel,JNS,Etgar Lefkovits,2026-08-05T18:14:13,2026-08-05 19:35:00.858824,https://www.jns.org/news/israel-news/israel-more-united-than-it-seems-netanyahu-says-at-ceremony-reburying-remains-of-herzls-grandparents-in-israel
Syracuse man charged with hate crime for anti-white threats,"Kelvin Tanksley ""allegedly directed threatening and derogatory statements toward the victims, because they were white,"" according to New York State Police.",https://www.jns.org/news/u-s-news/syracuse-man-charged-with-hate-crime-for-anti-white-threats,JNS,,2026-08-05T18:19:11,2026-08-05 19:35:00.858798,https://www.jns.org/news/u-s-news/syracuse-man-charged-with-hate-crime-for-anti-white-threats
AIPAC-backed candidates advance to November elections after primary wins across five states,"The pro-Israel lobbying group said more than 215 candidates it has supported this election cycle have now secured nominations, while pledging to oppose Michigan Democratic Senate nominee Abdul El-Sayed in November.",https://www.jns.org/news/u-s-news/aipac-backed-candidates-advance-to-november-elections-after-primary-wins-across-five-states,JNS,Rebecca Szlechter,2026-08-05T18:22:06,2026-08-05 19:35:00.858775,https://www.jns.org/news/u-s-news/aipac-backed-candidates-advance-to-november-elections-after-primary-wins-across-five-states
Missouri police seek leads one year after antisemitic arson attack,The Clayton Police Department released surveillance footage of the suspect accused of setting three vehicles on fire.,https://www.jns.org/news/u-s-news/missouri-police-seek-leads-one-year-after-antisemitic-arson-attack,JNS,,2026-08-05T18:23:16,2026-08-05 19:35:00.858744,https://www.jns.org/news/u-s-news/missouri-police-seek-leads-one-year-after-antisemitic-arson-attack
"Study: Conspiracy theories are ‘bridge’ between Jew-hatred, anti-Israel beliefs","“A meaningful quantum of anti-Israel sentiment seems to be informed by old-time antisemitism,” study co-author Kent Harber told JNS.",https://www.jns.org/news/u-s-news/study-conspiracy-theories-are-bridge-between-jew-hatred-anti-israel-beliefs,JNS,Aaron Bandler,2026-08-05T18:50:39,2026-08-05 19:35:00.858722,https://www.jns.org/news/u-s-news/study-conspiracy-theories-are-bridge-between-jew-hatred-anti-israel-beliefs
"'A lot of votes left to count,' Washington state Jewish caucus co-chair says","Jesse Salomon, a Democrat, trailed 513 votes behind progressive challenger Cindy Ryu after the first ballot drop.",https://www.jns.org/news/u-s-news/a-lot-of-votes-left-to-count-washington-state-jewish-caucus-co-chair-says,JNS,Jessica Russak-Hoffman,2026-08-05T19:10:41,2026-08-05 19:35:00.858697,https://www.jns.org/news/u-s-news/a-lot-of-votes-left-to-count-washington-state-jewish-caucus-co-chair-says
Harris backs El-Sayed following Michigan Senate primary win,"“Abdul El-Sayed needs us all to get behind him so he can fend off the attacks coming from Republicans across the country, and keep this critical Senate seat blue,” the former U.S. vice president wrote.",https://www.jns.org/news/u-s-news/harris-backs-el-sayed-following-michigan-senate-primary-win,JNS,,2026-08-05T19:12:43,2026-08-05 19:35:00.858669,https://www.jns.org/news/u-s-news/harris-backs-el-sayed-following-michigan-senate-primary-win
"On El-Sayed, Michigan’s Jewish Democrats aren’t all ready to unite behind nominee","Following Abdul El-Sayed&#8217;s narrow win of the Democratic nomination for Michigan&#8217;s open Senate seat, the state&#8217;s Jewish Democrats are reflecting on whether the divisions El-Sayed’s candidacy brought to the fore can be bridged before November. Jewish voters make up just 1.4% of the electorate in Michigan. But the community had become deeply invested in the... The post On El-Sayed, Michigan&#8217;s Jewish Democrats aren’t all ready to unite behind nominee appeared first on The Forward .",https://forward.com/news/843437/abdul-el-sayed-michigan-midterm-election-haley-stevens/,The Forward,Hannah Feuer,2026-08-05T18:07:42,2026-08-05 19:34:53.835534,https://forward.com/?p=843437
El-Sayed decried AIPAC. Now he hopes to win over pro-Israel Democrats.,El-Sayed devoted a chunk of his primary victory speech to promising Michigan’s Jews that he cared about their safety. -- The post El-Sayed decried AIPAC. Now he hopes to win over pro-Israel Democrats. appeared first on Jewish Telegraphic Agency .,https://www.jta.org/2026/08/05/politics/el-sayed-decried-aipac-now-he-hopes-to-win-over-pro-israel-democrats,JTA,Ron Kampeas,2026-08-05T18:02:57,2026-08-05 19:34:51.276205,https://www.jta.org/?p=1905692
El-Sayed decried AIPAC. Now he hopes to win over pro-Israel Democrats.,"(JTA) — In the first 90 seconds of his victory speech in Detroit Wednesday, Abdul El-Sayed both lambasted the influence of AIPAC and appealed to his rival Haley Stevens, who [&#8230;]",https://jweekly.com/2026/08/05/el-sayed-decried-aipac-now-he-hopes-to-win-over-pro-israel-democrats/,J. Weekly,Ron Kampeas,2026-08-05T18:15:24,2026-08-05 19:34:46.424120,https://jweekly.com/?p=308043
"Israel critics win big in Michigan primaries, flop in Missouri","State Rep. Donavan McKinney beat two-term Rep. Shri Thanedar, a former DSA-member who was backed by AIPAC. In 7th District, William Lawrence won over two moderates",https://www.haaretz.com/us-news/2026-08-05/ty-article/.premium/israel-critics-win-big-in-michigan-primaries-flop-in-missouri/0000019f-d272-d315-a1df-fb7e73ec0000,Haaretz,Etan Nechin,2026-08-05T15:12:56,2026-08-05 17:37:56.587773,https://www.haaretz.com/us-news/2026-08-05/ty-article/.premium/israel-critics-win-big-in-michigan-primaries-flop-in-missouri/0000019f-d272-d315-a1df-fb7e73ec0000
Was grandpa a Nazi? New databases are helping Germans find out,German newspapers and magazines have expanded on an effort by the U.S. National Archives and created user-friendly databases that provide answers to not-so-friendly questions,https://www.haaretz.com/world-news/europe/2026-08-05/ty-article-magazine/.premium/was-grandpa-a-nazi-new-databases-are-helping-germans-find-out/0000019f-cd0e-d147-adff-ed3ff9ac0000,Haaretz,Vera Weidenbach,2026-08-05T15:28:00,2026-08-05 17:37:56.587745,https://www.haaretz.com/world-news/europe/2026-08-05/ty-article-magazine/.premium/was-grandpa-a-nazi-new-databases-are-helping-germans-find-out/0000019f-cd0e-d147-adff-ed3ff9ac0000
Israel's High Court freezes coalition funds earmarked for ultra-Orthodox projects and settlements,The temporary injunction halts the transfer of 366 million shekels ($108 million) after petitions argued the money was approved through an improper parliamentary process during the election period,https://www.haaretz.com/israel-news/israel-politics/2026-08-05/ty-article/.premium/israeli-top-court-freezes-government-funds-for-haredim-west-bank-settlements/0000019f-d1b9-d8c0-adff-ddb9bd120004,Haaretz,Avi Bar-Eli,2026-08-05T15:39:04,2026-08-05 17:37:56.587716,https://www.haaretz.com/israel-news/israel-politics/2026-08-05/ty-article/.premium/israeli-top-court-freezes-government-funds-for-haredim-west-bank-settlements/0000019f-d1b9-d8c0-adff-ddb9bd120004
"One killed in Israeli strikes, Lebanon says; IDF cites Hezbollah cease-fire violation","The Israeli military also ordered residents of a southern Lebanese village to evacuate, for the first time in over a month. Meanwhile, U.S.-mediated talks between Israel and Lebanon took place in Rome",https://www.haaretz.com/middle-east-news/lebanonnews/2026-08-05/ty-article/.premium/idf-says-it-struck-in-southern-lebanon-citing-hezbollah-cease-fire-violation/0000019f-d22a-d04a-a3df-d6ea94fb0000,Haaretz,Rawan Suleiman,2026-08-05T16:07:58,2026-08-05 17:37:56.587687,https://www.haaretz.com/middle-east-news/lebanonnews/2026-08-05/ty-article/.premium/idf-says-it-struck-in-southern-lebanon-citing-hezbollah-cease-fire-violation/0000019f-d22a-d04a-a3df-d6ea94fb0000
AIPAC indicates it will continue spending against Abdul El-Sayed in Michigan's general election,"The lobby has rarely involved itself in general election spending, instead deploying millions in intraparty primary battles",https://www.haaretz.com/us-news/2026-08-05/ty-article/.premium/aipac-indicates-it-will-continue-spending-against-el-sayed-through-november/0000019f-d2c7-d310-a3df-d6c76d530000,Haaretz,Etan Nechin,2026-08-05T17:17:22,2026-08-05 17:37:56.587656,https://www.haaretz.com/us-news/2026-08-05/ty-article/.premium/aipac-indicates-it-will-continue-spending-against-el-sayed-through-november/0000019f-d2c7-d310-a3df-d6c76d530000
UN says Iran executed at least 56 people on security charges since March,The UN human rights chief said more than 100 others remained at risk of execution and urged Tehran to halt executions and ensure fair trials,https://www.haaretz.com/middle-east-news/iran/2026-08-05/ty-article/un-says-iran-executed-at-least-56-people-on-security-charges-since-march/0000019f-d24c-d315-a1df-fb6e04120000,Haaretz,Reuters,2026-08-05T17:17:36,2026-08-05 17:37:56.587629,https://www.haaretz.com/middle-east-news/iran/2026-08-05/ty-article/un-says-iran-executed-at-least-56-people-on-security-charges-since-march/0000019f-d24c-d315-a1df-fb6e04120000
Election committee ends parties' real-time tracking of voters on Election Day,"Central Elections Committee chairman Justice Noam Sohlberg said sharing information about voters who have cast ballots violates privacy law, ending a practice that allowed parties to track turnout in real time and encourage supporters who had not yet cast ballots to vote",https://www.haaretz.com/israel-news/elections/2026-08-05/ty-article/.premium/israels-election-committee-bans-parties-from-tracking-who-has-cast-ballots/0000019f-d29b-dbf7-afbf-de9f61c40000,Haaretz,Chen Maanit,2026-08-05T17:35:45,2026-08-05 17:37:56.587594,https://www.haaretz.com/israel-news/elections/2026-08-05/ty-article/.premium/israels-election-committee-bans-parties-from-tracking-who-has-cast-ballots/0000019f-d29b-dbf7-afbf-de9f61c40000
No Tickets Distributed to Irish Soccer Fans for Controversy UEFA Nations League Match Against Israel,The Football Association of Ireland (FAI) confirmed on Tuesday that no tickets will be sold to Republic of Ireland supporters...,https://www.algemeiner.com/2026/08/05/no-tickets-distributed-to-irish-soccer-fans-for-controversy-uefa-nations-league-match-against-israel/,Algemeiner,Shiryn Ghermezian,2026-08-05T17:08:47,2026-08-05 17:37:51.677801,https://www.algemeiner.com/?p=777305
Boy George Claims Bandcamp ‘Bowed to the Pressure of Antisemites’ After Its Removes Pro-Israel Song ‘We Will Dance Again’,British pop icon Boy George accused the online music distribution platform Bandcamp on Tuesday of “bowing to the pressure of...,https://www.algemeiner.com/2026/08/05/boy-george-claims-bandcamp-bowed-to-the-pressure-of-antisemites-after-its-removes-pro-israel-song-we-will-dance-again/,Algemeiner,Shiryn Ghermezian,2026-08-05T17:09:03,2026-08-05 17:37:51.677774,https://www.algemeiner.com/?p=777298
The Growing Threat From Iran’s Proxies in Iraq,"Iran’s proxies are once again in the headlines, having caused havoc and instability in the Middle East over the past...",https://www.algemeiner.com/2026/08/05/the-growing-threat-from-irans-proxies-in-iraq/,Algemeiner,Chaim Lax,2026-08-05T17:09:16,2026-08-05 17:37:51.677742,https://www.algemeiner.com/?p=777295
Palestinian Elections Will Happen in 2026; Will They Lead to Real Change?,"The October 7 war effectively came to an end with the ceasefire that entered into force on October 10, 2025,...",https://www.algemeiner.com/2026/08/05/palestinian-elections-will-happen-in-2026-will-they-lead-to-real-change/,Algemeiner,Shaul Bartal,2026-08-05T17:09:19,2026-08-05 17:37:51.677712,https://www.algemeiner.com/?p=777286
Negotiating with Iran Won’t Change the Regime’s Fundamental Ideology,"The 47-year-war launched against the US by the Ayatollah regime, since 1979, predates &#8212; and is independent of &#8212; any...",https://www.algemeiner.com/2026/08/05/negotiating-with-iran-wont-change-the-regimes-fundamental-ideology/,Algemeiner,Yoram Ettinger,2026-08-05T17:09:22,2026-08-05 17:37:51.677678,https://www.algemeiner.com/?p=777288
A cesspool of hatred,"Britain’s Green Party is now institutionally racist, anti-Zionist and antisemitic.",https://www.jns.org/opinion/jeremy-havardi/a-cesspool-of-hatred,JNS,Jeremy Havardi,2026-08-05T16:00:00,2026-08-05 17:37:49.423983,https://www.jns.org/opinion/jeremy-havardi/a-cesspool-of-hatred
"Israeli ambassador halts talks with Lebanon, cites Beirut’s ‘repeated misleading leaks,’ source tells JNS",Jerusalem and Beirut and their American mediators are still expected to conclude the latest round of negotiations on Thursday.,https://www.jns.org/news/israel-news/israeli-ambassador-halts-talks-with-lebanon-cites-beiruts-repeated-misleading-leaks-source-tells-jns,JNS,Mike Wagenheim,2026-08-05T16:16:01,2026-08-05 17:37:49.423948,https://www.jns.org/news/israel-news/israeli-ambassador-halts-talks-with-lebanon-cites-beiruts-repeated-misleading-leaks-source-tells-jns
SCOOP: Jewish Federations of North America dismisses comms adviser after JNS reports he said to avoid using term ‘Zionism’,The Federation told JNS exclusively that it is ending its engagement with a consultant who headed one of its communications projects after JNS reported that he advised attendees at a Federations conference to avoid using the word “Zionism.”,https://www.jns.org/news/u-s-news/scoop-jewish-federations-of-north-america-dismisses-comms-adviser-after-jns-reports-he-said-to-avoid-using-term-zionism,JNS,Andrew Bernard,2026-08-05T16:56:38,2026-08-05 17:37:49.423895,https://www.jns.org/news/u-s-news/scoop-jewish-federations-of-north-america-dismisses-comms-adviser-after-jns-reports-he-said-to-avoid-using-term-zionism
In praise of difficult languages,"די גאַנצע וועלט מיינט, אַז לערנען זיך ענגליש איז גרינג ווײַל ענגליש האָט אַזוי ווינציק סופֿיקסן: כּמעט אַלע סובסטאַנטיוון פֿורעמען דעם פּלוראַל אויף -s; ווערבאַלע קאָניוגאַציעס זענען זייער פּשוט; נישטאָ קיין גראַמאַטישער מין, בשעת פֿראַנצייזיש און שפּאַניש האָבן צו צוויי גראַמאַטישע מינים און רײַכע ווערבאַלע קאָניוגאַציעס. וואָס שייך דײַטשיש און ייִדיש האָבן זיי אַלץ וואָס... The post In praise of difficult languages appeared first on The Forward .",https://forward.com/yiddish/843299/in-praise-of-difficult-languages/,The Forward,הערשל גלעזער,2026-08-05T16:13:12,2026-08-05 17:37:42.907250,https://forward.com/?p=843299
"Antisemitic incidents in Britain rose 21% in first half of 2026, remaining near record levels","(JTA) — Britain’s antisemitism watchdog says it received reports of nearly 2,000 incidents in the first half of 2026 — the second-most its recorded ever for the time period, following only the first half of 2024. The new figures released Wednesday by the Community Security Trust represent a 21% increase in reported incidents over the same... The post Antisemitic incidents in Britain rose 21% in first half of 2026, remaining near record levels appeared first on The Forward .",https://forward.com/fast-forward/843365/antisemitic-incidents-in-britain-rose-21-in-first-half-of-2026-remaining-near-record-levels/,The Forward,Kelly Hartog,2026-08-05T16:40:07,2026-08-05 17:37:42.907204,https://forward.com/?p=843365
"Christopher Nolan’s ‘Odyssey’ is a Talmud-quoting, Tisha B’Av epic","“Before there were Jews… there was ‘The Odyssey,’” a theater manager infamously posted on a marquee in Portland, Oregon. While the mythic, Bronze Age events recounted in the blockbuster film likely never transpired, Homer’s epic poem is by any measure younger than the Jewish people. And Christopher Nolan’s Odyssey, now a proxy for a pitched... The post Christopher Nolan’s ‘Odyssey’ is a Talmud-quoting, Tisha B’Av epic appeared first on The Forward .",https://forward.com/culture/film-tv/843305/christopher-nolan-odyssey-zeus-law-xenia-golden-rule-talmud-jewish/,The Forward,PJ Grisar,2026-08-05T16:42:03,2026-08-05 17:37:42.907151,https://forward.com/?p=843305
‘The Yiddish Teacher’ (Poem),"One thing about the late Forverts staff writer and critic Miriam Hoffman — she cooked a heavenly eggplant in tomato sauce. And why do I know this about one of our writers? Hoffman, a veritable lexicon-caldron of Yiddish sayings and terms she’d archived from her own mother’s distinct poylish dialect, was many things: A distinguished... The post ‘The Yiddish Teacher’ (Poem) appeared first on The Forward .",https://forward.com/yiddish-world/843410/the-yiddish-teacher-poem/,The Forward,Chana Pollack,2026-08-05T17:27:31,2026-08-05 17:37:42.907093,https://forward.com/?p=843410
"Antisemitic incidents in Britain rose 21% in first half of 2026, remaining near record levels","Britain’s Community Service Trust says assaults, attacks on Jewish institutions and online abuse increased as anti-Jewish hate remained well above pre-Oct. 7 levels. -- The post Antisemitic incidents in Britain rose 21% in first half of 2026, remaining near record levels appeared first on Jewish Telegraphic Agency .",https://www.jta.org/2026/08/05/global/antisemitic-incidents-in-britain-rose-21-in-first-half-of-2026-remaining-near-record-levels,JTA,Kelly Hartog,2026-08-05T16:27:06,2026-08-05 17:37:40.473304,https://www.jta.org/?p=1905667
"After five weeks in state custody, Israeli authorities release body of Arab citizen shot by police",The State Prosecutor's Office had sought to delay the release so the military could examine whether the body could be used in future negotiations over Israeli hostages and missing persons,https://www.haaretz.com/israel-news/israel-crime/2026-08-05/ty-article/.premium/after-five-weeks-in-state-custody-body-of-arab-citizen-shot-by-police-released/0000019f-d0fc-d455-a7df-f4fcbc770000,Haaretz,Yair Foldes,2026-08-05T14:04:41,2026-08-05 15:13:57.416126,https://www.haaretz.com/israel-news/israel-crime/2026-08-05/ty-article/.premium/after-five-weeks-in-state-custody-body-of-arab-citizen-shot-by-police-released/0000019f-d0fc-d455-a7df-f4fcbc770000
"Chuck Schumer endorses El-Sayed after win, knocks Rogers as 'Trump rubber stamp'","Schumer, who had backed Rep. Haley Stevens in race against El-Sayed, says Democrats are united by common purpose: 'putting a check on Donald Trump by defeating his Republican enablers and taking back the Senate'",https://www.haaretz.com/us-news/2026-08-05/ty-article/.premium/chuck-schumer-endorses-el-sayed-after-win-knocks-rogers-as-trump-rubber-stamp/0000019f-d25c-dc86-a59f-d75ce8ec0000,Haaretz,Etan Nechin,2026-08-05T14:46:21,2026-08-05 15:13:57.416099,https://www.haaretz.com/us-news/2026-08-05/ty-article/.premium/chuck-schumer-endorses-el-sayed-after-win-knocks-rogers-as-trump-rubber-stamp/0000019f-d25c-dc86-a59f-d75ce8ec0000
"AIPAC must return to its roots: education, not political intimidation",The powerful lobby group made a disastrous choice by becoming an active player in intra-party politics. It's not too late to change course,https://www.haaretz.com/opinion/2026-08-05/ty-article-opinion/.premium/aipac-must-return-to-its-roots-education-not-political-intimidation/0000019f-d181-d315-a1df-fbafce3d0000,Haaretz,Ken Toltz,2026-08-05T14:47:53,2026-08-05 15:13:57.416073,https://www.haaretz.com/opinion/2026-08-05/ty-article-opinion/.premium/aipac-must-return-to-its-roots-education-not-political-intimidation/0000019f-d181-d315-a1df-fbafce3d0000
"After weeks-long delay, hundreds attend funeral of Lod resident shot dead by police",Police released the body of 28-year-old Sami Ahmed Ja'asous just hours before they were due to respond to a High Court petition challenging its continued detention. Relatives accused authorities of trying to conceal evidence by forcing a nighttime burial,https://www.haaretz.com/israel-news/israel-crime/2026-08-05/ty-article/.premium/after-weeks-long-delay-hundreds-attend-funeral-of-lod-man-shot-dead-by-police/0000019f-d181-d90c-abff-f5e95d720000,Haaretz,Yair Foldes,2026-08-05T14:50:09,2026-08-05 15:13:57.416035,https://www.haaretz.com/israel-news/israel-crime/2026-08-05/ty-article/.premium/after-weeks-long-delay-hundreds-attend-funeral-of-lod-man-shot-dead-by-police/0000019f-d181-d90c-abff-f5e95d720000
El-Sayed's small victory spells big trouble for Israel,"The Michigan Senate primary was closer than polls had predicted, but Abdul El-Sayed's victory shouldn't be dismissed. In some ways, it is more consequential for Israel and U.S. Jews than Mamdani's rise in NYC",https://www.haaretz.com/opinion/2026-08-05/ty-article-opinion/.premium/el-sayeds-small-victory-spells-big-trouble-for-israel/0000019f-d097-d015-a3df-feb78e3c0000,Haaretz,Eli W. Kowaz,2026-08-05T14:51:23,2026-08-05 15:13:57.416004,https://www.haaretz.com/opinion/2026-08-05/ty-article-opinion/.premium/el-sayeds-small-victory-spells-big-trouble-for-israel/0000019f-d097-d015-a3df-feb78e3c0000
IDF dismisses right-wing reservist amid political intervention,"The IDF denied the reservist was reinstated following intervention by the defense minister's office, saying he returned only after pledging to follow regulations. A military source said he was removed again after thanking the minister and lawmakers for helping reinstate him",https://www.haaretz.com/israel-news/israel-security/2026-08-05/ty-article/.premium/idf-dismisses-right-wing-reservist-amid-political-intervention/0000019f-ccaf-d312-a3ff-eeaf58630000,Haaretz,Bar Peleg,2026-08-05T15:03:29,2026-08-05 15:13:57.415970,https://www.haaretz.com/israel-news/israel-security/2026-08-05/ty-article/.premium/idf-dismisses-right-wing-reservist-amid-political-intervention/0000019f-ccaf-d312-a3ff-eeaf58630000
"25 years after suicide bomber killed Malki Roth at Sbarro in Jerusalem, her grieving parents feel alone, wonder when she’ll get justice",The Conference of Presidents told JNS exclusively that it is writing to the U.S. secretary of state urging him to tell Jordanian King Abdullah II to extradite the terrorist who planned the attack immediately.,https://www.jns.org/news/u-s-news/exclusive-25-years-after-suicide-bomber-killed-malki-roth-at-sbarro-in-jerusalem-her-grieving-parents-feel-alone-wonder-when-shell-get-justice,JNS,Mike Wagenheim,2026-08-05T13:00:00,2026-08-05 15:13:50.347671,https://www.jns.org/news/u-s-news/exclusive-25-years-after-suicide-bomber-killed-malki-roth-at-sbarro-in-jerusalem-her-grieving-parents-feel-alone-wonder-when-shell-get-justice
The folly of negotiating with Islamists,"Societies that celebrate violence, reward terrorism and teach successive generations that coexistence is treason cannot produce leaders capable of making peace.",https://www.jns.org/opinion/column/mitchell-bard/the-folly-of-negotiating-with-islamists,JNS,Mitchell Bard,2026-08-05T13:00:00,2026-08-05 15:13:50.347640,https://www.jns.org/opinion/column/mitchell-bard/the-folly-of-negotiating-with-islamists
"SCOOP: Avoid saying ‘Zionism,’ head of Jewish Federations comms project says in presentation to young leaders","“My jaw kind of hit the floor for a second,” an attendee of the event told JNS.",https://www.jns.org/news/u-s-news/scoop-avoid-saying-zionism-head-of-jewish-federations-comms-project-says-in-presentation-to-young-leaders,JNS,Andrew Bernard,2026-08-05T13:23:33,2026-08-05 15:13:50.347616,https://www.jns.org/news/u-s-news/scoop-avoid-saying-zionism-head-of-jewish-federations-comms-project-says-in-presentation-to-young-leaders
"'AP' calls Michigan primary for El-Sayed, RJC says Dems elected 'most antisemitic US Senate candidate in America'","With 99% of votes counted, Dr. Abdul El-Sayed leads Rep. Haley Stevens by one percentage point, roughly 15,000 votes.",https://www.jns.org/news/u-s-news/in-michigan-primary-ap-has-yet-to-call-rjc-says-dems-elected-most-antisemitic-u-s-senate-candidate-in-america,JNS,JNS Staff,2026-08-05T13:41:27,2026-08-05 15:13:50.347583,https://www.jns.org/news/u-s-news/in-michigan-primary-ap-has-yet-to-call-rjc-says-dems-elected-most-antisemitic-u-s-senate-candidate-in-america
JBI Library expands free accessible High Holy Day resources,"Braille edition of Machzor Lev Shalem headlines newly expanded collection of free braille, large print, audio and downloadable resources for Rosh Hashanah and Yom Kippur; order deadline August 28.",https://www.jns.org/wire/jbilibrary-org/jbi-library-expands-free-accessible-high-holy-day-resources,JNS,,2026-08-05T14:44:12,2026-08-05 15:13:50.347557,https://www.jns.org/wire/jbilibrary-org/jbi-library-expands-free-accessible-high-holy-day-resources
"United Nations has long said UNRWA is irreplaceable, but lawyer for Palestinians who received its services admits agency can be legally bypassed","Israel has “a right to kick out and stop working with UNRWA any time it wants,” the legal scholar Eugene Kontorovich told JNS. “Moreover, it’s not even obligated to work with any U.N. agency, only to ensure that certain humanitarian needs are met.”",https://www.jns.org/news/world/united-nations-has-long-said-unrwa-is-irreplaceable-but-lawyer-for-palestinians-who-received-its-services-admits-agency-can-be-legally-bypassed,JNS,Mike Wagenheim,2026-08-05T15:05:17,2026-08-05 15:13:50.347521,https://www.jns.org/news/world/united-nations-has-long-said-unrwa-is-irreplaceable-but-lawyer-for-palestinians-who-received-its-services-admits-agency-can-be-legally-bypassed
Abdul El-Sayed is right about the future of Israel and Palestinians,"No doubt, many liberal Jews are uneasy regarding Abdul El-Sayed’s narrow victory in yesterday’s Michigan Democratic primary. Even if they support many of his domestic policy positions — Medicare for All, taxes on billionaires — El-Sayed’s views on Israel may trouble them. But those views merit a second look. Yes, like New York City Mayor... The post Abdul El-Sayed is right about the future of Israel and Palestinians appeared first on The Forward .",https://forward.com/opinion/843260/abdul-el-sayed-future-israel-palestinians/,The Forward,Jay Michaelson,2026-08-05T14:26:41,2026-08-05 15:13:42.142808,https://forward.com/?p=843260
"William Lawrence, El-Sayed-aligned progressive, takes Democratic House nomination","A climate activist who accuses Israel of genocide, Lawrence bested two centrist candidates who split the vote. -- The post William Lawrence, El-Sayed-aligned progressive, takes Democratic House nomination appeared first on Jewish Telegraphic Agency .",https://www.jta.org/2026/08/04/politics/william-lawrence-el-sayed-aligned-progressive-takes-democratic-house-nomination-in-michigan-battleground-race,JTA,Andrew Lapin,2026-08-05T03:53:36,2026-08-05 15:13:39.487847,https://www.jta.org/?p=1905614
"Donavan McKinney, who pledged to end Israel aid, defeats pro-Israel incumbent in Michigan House race","McKinney has linked the concerns of marginalized and poor people in his district to the military funds sent abroad. -- The post Donavan McKinney, who pledged to end Israel aid, defeats pro-Israel incumbent in Michigan House race appeared first on Jewish Telegraphic Agency .",https://www.jta.org/2026/08/05/politics/donavan-mckinney-who-pledged-to-end-israel-aid-holds-narrow-lead-over-pro-israel-incumbent-in-michigan-house-race,JTA,Shira Li Bartov,2026-08-05T13:04:33,2026-08-05 15:13:39.487805,https://www.jta.org/?p=1905657
"Your Daily Phil: After bankruptcy, nearly 2 dozen camps sell at auction","The post Your Daily Phil: After bankruptcy, nearly 2 dozen camps sell at auction appeared first on eJewishPhilanthropy .",https://ejewishphilanthropy.com/your-daily-phil-after-bankruptcy-nearly-2-dozen-camps-sell-at-auction/,eJewish Philanthropy,Rachel Kohn,2026-08-05T14:11:35,2026-08-05 15:13:36.578182,https://ejewishphilanthropy.com/?p=178254
Uniforms as a ticket into Israeli society: The Filipino community honors its IDF veterans,"At a ceremony in Tel Aviv, Israel's Filipino community celebrated dozens of its members who served in the IDF. But while those onstage wore uniforms that had secured their place in Israeli society, children in the audience looked on, their own futures still uncertain",https://www.haaretz.com/israel-news/israel-security/2026-08-05/ty-article-magazine/.premium/uniforms-as-a-ticket-into-israeli-society-migrants-honor-their-idf-veterans/0000019f-cbbc-dbcf-a1ff-fbfeca210000,Haaretz,Ran Shimoni,2026-08-05T10:47:55,2026-08-05 12:52:46.482585,https://www.haaretz.com/israel-news/israel-security/2026-08-05/ty-article-magazine/.premium/uniforms-as-a-ticket-into-israeli-society-migrants-honor-their-idf-veterans/0000019f-cbbc-dbcf-a1ff-fbfeca210000
IDF says 'not possible' to determine who shot Israeli settler in deadly West Bank clash,"The military said it could not determine what killed Benayahu Mellet, finding that troops were deployed only after settlers entered and spent several hours in areas A and B, and that the force was too small for the scale of the violence",https://www.haaretz.com/israel-news/israel-security/2026-08-05/ty-article/.premium/idf-says-not-possible-to-determine-who-shot-israeli-in-deadly-west-bank-clash/0000019f-d133-d344-a3df-f3f778c60000,Haaretz,Yaniv Kubovich,2026-08-05T11:28:30,2026-08-05 12:52:46.482552,https://www.haaretz.com/israel-news/israel-security/2026-08-05/ty-article/.premium/idf-says-not-possible-to-determine-who-shot-israeli-in-deadly-west-bank-clash/0000019f-d133-d344-a3df-f3f778c60000
"Israel captured 230 square miles of Lebanon, razed villages and built new bases","The IDF has seized 230 square miles of Lebanese territory, where extensive construction is underway – including a base far from the Israeli border. Negotiations with Lebanon resumed today",https://www.haaretz.com/israel-news/security-aviation/2026-08-05/ty-article-magazine/israel-captured-230-square-miles-of-lebanon-razed-villages-and-built-new-bases/0000019f-cc0c-db9d-a9ff-fdbcb2660000,Haaretz,Yarden Michaeli,2026-08-05T11:42:00,2026-08-05 12:52:46.482519,https://www.haaretz.com/israel-news/security-aviation/2026-08-05/ty-article-magazine/israel-captured-230-square-miles-of-lebanon-razed-villages-and-built-new-bases/0000019f-cc0c-db9d-a9ff-fdbcb2660000
"Excavations uncover altar of Vilnius' Great Synagogue, destroyed in the Holocaust","Archaeologists uncovered parts of the prayer hall, the women's atrium, colorful floors and plaques with names of congregation members, providing a 'moving, almost personal familiarity with the people who prayed here and communal life,' Israel's Antiquities Authority said",https://www.haaretz.com/archaeology/2026-08-05/ty-article/excavations-uncover-altar-of-vilnius-great-synagogue-destroyed-in-holocaust/0000019f-d089-db33-a5ff-f2fda4e20000,Haaretz,Ofer Aderet,2026-08-05T12:27:42,2026-08-05 12:52:46.482485,https://www.haaretz.com/archaeology/2026-08-05/ty-article/excavations-uncover-altar-of-vilnius-great-synagogue-destroyed-in-holocaust/0000019f-d089-db33-a5ff-f2fda4e20000
Abdul El-Sayed claims victory in Michigan Democratic Senate primary,"The high-stakes race, crucial to Democrats' hopes of retaking the Senate in November, pitted progressive Israel critic Abdul El-Sayed against AIPAC-backed establishment candidate Haley Stevens, who performed far better than predictions of a landslide defeat",https://www.haaretz.com/us-news/2026-08-05/ty-article/abdul-el-sayed-claims-victory-in-michigan-democratic-senate-primary/0000019f-ceb9-d312-a3ff-eeb923860000,Haaretz,Etan Nechin,2026-08-05T12:29:30,2026-08-05 12:52:46.482452,https://www.haaretz.com/us-news/2026-08-05/ty-article/abdul-el-sayed-claims-victory-in-michigan-democratic-senate-primary/0000019f-ceb9-d312-a3ff-eeb923860000
Don't feed the hasbara machine: Yonit Levi's antisemitism novel gets lost in translation,"Apart from the celebrity appeal of a book co-written by one of the faces of Channel 12 News, there is little justification for translating ""Don't Feed the Lion"" into Hebrew. The novel was written to help young Jews in the Diaspora confront antisemitism",https://www.haaretz.com/life/books/2026-08-05/ty-article-magazine/.premium/dont-feed-the-hasbara-machine-yonit-levis-novel-gets-lost-in-translation/0000019f-d0aa-df52-a19f-d5fbf2060000,Haaretz,Itay Ziv,2026-08-05T12:29:35,2026-08-05 12:52:46.482414,https://www.haaretz.com/life/books/2026-08-05/ty-article-magazine/.premium/dont-feed-the-hasbara-machine-yonit-levis-novel-gets-lost-in-translation/0000019f-d0aa-df52-a19f-d5fbf2060000
A Palestinian doctor's crime is refusing to abandon his patients,"A beloved 71-year-old family physician from Ramallah is in his seventh week in an Israeli prison, subjected to the neglect and starvation now standard for Palestinian detainees",https://www.haaretz.com/opinion/2026-08-05/ty-article-opinion/.premium/a-palestinian-doctors-crime-is-refusing-to-abandon-his-patients/0000019f-d1a4-d7e2-a39f-f7e653a30000,Haaretz,Amira Hass,2026-08-05T12:42:49,2026-08-05 12:52:46.482372,https://www.haaretz.com/opinion/2026-08-05/ty-article-opinion/.premium/a-palestinian-doctors-crime-is-refusing-to-abandon-his-patients/0000019f-d1a4-d7e2-a39f-f7e653a30000
Far-left Israelis target Religious Zionism Party HQ,"The far-left protesters “besieged” employees in their headquarters, the Religious Zionism Party said in a statement.",https://www.jns.org/news/israel-news/anti-war-activists-storm-offices-of-israeli-finance-ministers-party,JNS,Amelie Botbol,2026-08-05T10:46:38,2026-08-05 12:52:39.869588,https://www.jns.org/news/israel-news/anti-war-activists-storm-offices-of-israeli-finance-ministers-party
El Al doubles second-quarter net profit,"Israel’s flag carrier reported a quarterly net profit of $132 million, up from $66 million a year earlier, amid ongoing regional tensions following the war with Iran.",https://www.jns.org/news/israel-news/el-al-doubles-second-quarter-net-profit,JNS,Etgar Lefkovits,2026-08-05T11:40:04,2026-08-05 12:52:39.869558,https://www.jns.org/news/israel-news/el-al-doubles-second-quarter-net-profit
Nefesh B'Nefesh launches teacher aliyah program,The initiative with two government ministries aims to place North American educators in Israeli classrooms by the 2027-2028 school year.,https://www.jns.org/news/israel-news/nefesh-bnefesh-launches-teacher-aliyah-program,JNS,JNS Staff,2026-08-05T12:07:22,2026-08-05 12:52:39.869519,https://www.jns.org/news/israel-news/nefesh-bnefesh-launches-teacher-aliyah-program
British Conservatives face backlash for nominating a former neo-Nazi for local office,Joshua Bonehill-Paine was convicted of racially aggravated harassment against a Jewish lawmaker before becoming a counter-extremism campaigner. -- The post British Conservatives face backlash for nominating a former neo-Nazi for local office appeared first on Jewish Telegraphic Agency .,https://www.jta.org/2026/08/05/global/british-conservatives-face-backlash-for-nominating-a-former-neo-nazi-for-local-office,JTA,Kelly Hartog,2026-08-05T12:35:22,2026-08-05 12:52:30.687663,https://www.jta.org/?p=1905527
"23 Shabsels’ camps sell at auction, many for well over their asking price","Traditionally, the majority of American summer camps have run as community nonprofits with a small number of family-owned for-profit camps. This is especially true in the Jewish world, where more than 345 nonprofit camps fall under Foundation for Jewish Camp’s umbrella. But in 2006, New York–based real estate investors Michael and David Shabsels began snapping... Read More The post 23 Shabsels’ camps sell at auction, many for well over their asking price appeared first on eJewishPhilanthropy .",https://ejewishphilanthropy.com/23-shabsels-camps-sell-at-auction-many-for-well-over-their-asking-price/,eJewish Philanthropy,Jay Deitcher,2026-08-05T10:52:29,2026-08-05 12:52:28.421415,https://ejewishphilanthropy.com/?p=178240
Pro-Israel Jewish Democrat Jeremy Moss wins Michigan congressional primary,"Michigan's only Jewish state senator, Jeremy Moss, is poised to enter Congress after winning the primary to succeed Haley Stevens in a heavily Democratic, Jewish district. In August 2023, he joined protests against Benjamin Netanyahu's government in Tel Aviv",https://www.haaretz.com/us-news/2026-08-05/ty-article/.premium/jeremy-moss-wins-michigan-democratic-congressional-primary/0000019f-d0d7-d147-adff-f1ff0a520000,Haaretz,Haaretz,2026-08-05T07:48:39,2026-08-05 10:35:32.738864,https://www.haaretz.com/us-news/2026-08-05/ty-article/.premium/jeremy-moss-wins-michigan-democratic-congressional-primary/0000019f-d0d7-d147-adff-f1ff0a520000
AIPAC-backed Democrat defeats BDS supporter Cori Bush in Missouri primary,"Congressman Wesley Bell, who ousted Bush in 2024, defeated her comeback bid in another race shaped by divisions over Israel and Gaza. Bell has become a reliable pro-Israel vote in Congress, including backing sanctions on the ICC",https://www.haaretz.com/us-news/2026-08-05/ty-article/aipac-backed-democrat-defeats-aoc-ally-cori-bush-in-missouri-primary/0000019f-d0c5-db33-a5ff-f2f501d10000,Haaretz,The Associated Press,2026-08-05T08:18:03,2026-08-05 10:35:32.738832,https://www.haaretz.com/us-news/2026-08-05/ty-article/aipac-backed-democrat-defeats-aoc-ally-cori-bush-in-missouri-primary/0000019f-d0c5-db33-a5ff-f2f501d10000
Azerbaijani official confirms Israel froze plan to recognize Armenian genocide after Baku pressure,"A top adviser to the Azerbaijani president said Israel took Baku's objections 'seriously' and prevented the issue from advancing to a government vote, corroborating earlier Haaretz reporting that Netanyahu reversed the scheduled decision",https://www.haaretz.com/israel-news/israel-politics/2026-08-05/ty-article/.premium/azerbaijani-official-baku-pushed-israel-to-halt-armenian-genocide-recognition/0000019f-d0f3-d5c8-a1bf-d1fb870d0000,Haaretz,Liza Rozovsky,2026-08-05T09:53:30,2026-08-05 10:35:32.738774,https://www.haaretz.com/israel-news/israel-politics/2026-08-05/ty-article/.premium/azerbaijani-official-baku-pushed-israel-to-halt-armenian-genocide-recognition/0000019f-d0f3-d5c8-a1bf-d1fb870d0000
"Israeli FM heads to Ecuador, Colombia in Latin America push","Gideon Sa'ar's stop in Quito is the first by an Israeli foreign minister in 44 years, ahead of Colombian President-elect de la Espriella's inauguration.",https://www.jns.org/news/israel-news/israeli-fm-heads-to-ecuador-colombia-in-latin-america-push,JNS,JNS Staff,2026-08-05T08:13:43,2026-08-05 10:35:25.770469,https://www.jns.org/news/israel-news/israeli-fm-heads-to-ecuador-colombia-in-latin-america-push
US-brokered Israel-Lebanon talks resume in Rome,"Technical teams from both governments are working on Hezbollah disarmament, pilot zones and an Israeli pullback from Southern Lebanon.",https://www.jns.org/news/israel-news/u-s-brokered-israel-lebanon-talks-resume-in-rome,JNS,JNS Staff,2026-08-05T08:50:28,2026-08-05 10:35:25.770442,https://www.jns.org/news/israel-news/u-s-brokered-israel-lebanon-talks-resume-in-rome
Israeli envoy slams German ruling on Nazism comparison,Ron Prosor said the regional court's decision allowing Nazi imagery to equate Israel with the Third Reich undermines efforts to combat antisemitism.,https://www.jns.org/news/world/israeli-envoy-slams-german-ruling-on-nazism-comparison,JNS,JNS Staff,2026-08-05T09:19:34,2026-08-05 10:35:25.770415,https://www.jns.org/news/world/israeli-envoy-slams-german-ruling-on-nazism-comparison
Jewish National Fund-USA advances rehabilitation in Israel's South,"Support advances care for individuals with disabilities, wounded soldiers and families rebuilding their lives in the Negev.",https://www.jns.org/wire/ Jewish-National-Fund-USA/jewish-national-fund-usa-advances-rehabilitation-in-israels-south,JNS,,2026-08-05T09:50:03,2026-08-05 10:35:25.770382,https://www.jns.org/wire/ Jewish-National-Fund-USA/jewish-national-fund-usa-advances-rehabilitation-in-israels-south
Israel’s Next Front: The Power of Attraction,"Universities, hospitals, cultural and sporting institutions, technology companies and philanthropic foundations increasingly shape a country’s international influence. The post Israel’s Next Front: The Power of Attraction appeared first on Jewish Journal .",https://jewishjournal.com/commentary/opinion/390819/israels-next-front-the-power-of-attraction/,Jewish Journal,Sharon Pardo,2026-08-05T08:09:39,2026-08-05 10:35:23.585410,https://jewishjournal.com/?p=390819
Is Mamdani Helping Bibi?,"By explicitly linking Mamdani’s efforts to rising levels of antisemitism, Netanyahu was able to frame himself as a defender of Israel against growing international hostility. The post Is Mamdani Helping Bibi? appeared first on Jewish Journal .",https://jewishjournal.com/commentary/columnist/390822/is-mamdani-helping-bibi/,Jewish Journal,Dan Schnur,2026-08-05T08:16:57,2026-08-05 10:35:23.585374,https://jewishjournal.com/?p=390822
How To Get Right the Woke-Right,"The right was supposed to be the safe zone, and recent polling suggests that assumption is weakening. The post How To Get Right the Woke-Right appeared first on Jewish Journal .",https://jewishjournal.com/commentary/opinion/390825/how-to-get-right-the-woke-right/,Jewish Journal,Eran Shayshon,2026-08-05T08:24:11,2026-08-05 10:35:23.585338,https://jewishjournal.com/?p=390825
The Forgotten Artist Who Fought Hitler with Faith,"During World War II, his reach was breathtaking and he sought to stem the tide of Hitler's march of death and settled in America for good. The post The Forgotten Artist Who Fought Hitler with Faith appeared first on Jewish Journal .",https://jewishjournal.com/culture/arts/books/390828/the-forgotten-artist-who-fought-hitler-with-faith/,Jewish Journal,Rabbi Dr. Stuart Halpern,2026-08-05T08:27:21,2026-08-05 10:35:23.585309,https://jewishjournal.com/?p=390828
Life Lessons in Old Age,"Hardship and joy are present at every step. There is no time when it will be all good, so focus on the good and carry on. There are always moments to savor and appreciate. The post Life Lessons in Old Age appeared first on Jewish Journal .",https://jewishjournal.com/commentary/opinion/390833/life-lessons-in-old-age/,Jewish Journal,Paul Socken,2026-08-05T08:34:47,2026-08-05 10:35:23.585275,https://jewishjournal.com/?p=390833
"Lies, Damned Lies and the Right Side of History","One question alone matters these days: Does this fact strengthen my tribe, or is it bad for it? If bad, it must be suppressed, denied, explained away. The higher truth is the narrative that serves the cause, the quest of the righteous and true. The post Lies, Damned Lies and the Right Side of History appeared first on Jewish Journal .",https://jewishjournal.com/commentary/opinion/390836/lies-damned-lies-and-the-right-side-of-history/,Jewish Journal,Kathleen Hayes,2026-08-05T08:38:22,2026-08-05 10:35:23.585234,https://jewishjournal.com/?p=390836
Can One Be a Non-Observant Orthodox Jew?,"The tradition has always been bigger than any one person's grip on it. What draws me is simple: I think these texts are a good part of why we are still here as a people. I want to know them and, in my own way, embrace them. Orthodox is where I turn. The post Can One Be a Non-Observant Orthodox Jew? appeared first on Jewish Journal .",https://jewishjournal.com/judaism/390840/can-one-be-a-non-observant-orthodox-jew/,Jewish Journal,Mauricio Karchmer,2026-08-05T08:44:31,2026-08-05 10:35:23.585191,https://jewishjournal.com/?p=390840
Archaeologists uncover treasures of Vilnius’ Great Synagogue as Jews dispute its future,"(JTA) — VILNIUS, Lithuania — Archaeologists have uncovered the full floor of Lithuania’s historic Great Synagogue, revealing treasures nearly erased by Nazi and Soviet occupations — and exposing rifts between Lithuanian Jews over how to preserve and interpret what survived. Locals walking through the center of Vilnius now pass a hole in the ground, a... The post Archaeologists uncover treasures of Vilnius’ Great Synagogue as Jews dispute its future appeared first on The Forward .",https://forward.com/fast-forward/842915/archaeologists-uncover-treasures-of-vilnius-great-synagogue-as-jews-dispute-its-future/,The Forward,Shira Li Bartov,2026-08-05T08:58:59,2026-08-05 10:35:19.263702,https://forward.com/?p=842915
A craven attempt to undermine the IDF — from one of Netanyahu’s top allies,"For your weekly reminder of what is wrong in Israel, consider the bizarre spectacle that unfolded this weekend as Defense Minister Israel Katz announced during a Sunday television interview that he was replacing Maj. Gen. Avi Bluth, commander of the IDF&#8217;s Central Command, which in effect controls the combustible West Bank. What was remarkable is:... The post A craven attempt to undermine the IDF — from one of Netanyahu&#8217;s top allies appeared first on The Forward .",https://forward.com/opinion/842942/israel-katz-avi-bluth-netanyahu/,The Forward,Dan Perry,2026-08-05T10:20:49,2026-08-05 10:35:19.263646,https://forward.com/?p=842942
AIPAC-backed Wesley Bell defeats Cori Bush in Missouri Democratic primary,The race for Bell’s congressional seat was a rematch between candidates who take sharply different stances on Israel. -- The post AIPAC-backed Wesley Bell defeats Cori Bush in Missouri Democratic primary appeared first on Jewish Telegraphic Agency .,https://www.jta.org/2026/08/04/politics/cori-bush-and-wesley-bell-compete-for-votes-in-a-missouri-democratic-primary-heavily-focused-on-aipac,JTA,Sharon Udasin,2026-08-04T23:58:40,2026-08-05 10:35:16.682950,https://www.jta.org/?p=1905579
Jewish Democrat Jeremy Moss wins primary for Haley Stevens’ old Michigan House seat,"Moss, who has railed against antisemitism, claimed victory as Jewish Democrats have voiced concern about the rise of pro-Palestinian progressives. -- The post Jewish Democrat Jeremy Moss wins primary for Haley Stevens’ old Michigan House seat appeared first on Jewish Telegraphic Agency .",https://www.jta.org/2026/08/04/default/jewish-democrat-jeremy-moss-wins-primary-for-haley-stevens-old-michigan-house-seat,JTA,Andrew Lapin,2026-08-05T02:22:59,2026-08-05 10:35:16.682905,https://www.jta.org/?p=1905592
"America at 250: Faith communities need each other, and America needs us, too","In September 1774, before formal business even began at the First Continental Congress, a motion for an opening prayer sparked one of our nations first major debates. With delegates representing diverse traditions, who should lead it? Founding father John Jay, who eventually became the first chief justice of the U.S. Supreme Court, declared that the... Read More The post America at 250: Faith communities need each other, and America needs us, too appeared first on eJewishPhilanthropy .",https://ejewishphilanthropy.com/america-at-250-faith-communities-need-each-other-and-america-needs-us-too/,eJewish Philanthropy,Michael Trice,2026-08-05T08:38:00,2026-08-05 10:35:13.975707,https://ejewishphilanthropy.com/?p=178227
"Trump: Hormuz Strait 'gonna be open very soon, or Iran is gonna get hit'","Trump told Fox News that Iran doesn't want to 'admit' that they're having 'good discussions' with the United States. Meanwhile, reports have emerged that the U.S. Army has used 'virtually all' of its global stockpile of highly accurate long-range missiles",https://www.haaretz.com/middle-east-news/iran/2026-08-05/ty-article/trump-hormuz-strait-gonna-be-open-very-soon-or-iran-is-gonna-get-hit/0000019f-d06a-d147-adff-f17f2d820000,Haaretz,Reuters,2026-08-05T06:28:43,2026-08-05 07:39:20.840253,https://www.haaretz.com/middle-east-news/iran/2026-08-05/ty-article/trump-hormuz-strait-gonna-be-open-very-soon-or-iran-is-gonna-get-hit/0000019f-d06a-d147-adff-f17f2d820000
Michigan Senate race too close to call as El-Sayed holds lead over Stevens,Israel critic Abdul El-Sayed is narrowly leading AIPAC-backed moderate Haley Stevens in the most expensive Democratic primary in history – a race that has become a referendum on U.S.-Israel relations and a test of the lobby's influence,https://www.haaretz.com/us-news/2026-08-05/ty-article/.premium/michigan-senate-race-too-close-to-call-as-el-sayed-holds-lead-over-stevens/0000019f-d09e-d312-a3ff-fe9fc6430002,Haaretz,Etan Nechin,2026-08-05T06:46:14,2026-08-05 07:39:20.840214,https://www.haaretz.com/us-news/2026-08-05/ty-article/.premium/michigan-senate-race-too-close-to-call-as-el-sayed-holds-lead-over-stevens/0000019f-d09e-d312-a3ff-fe9fc6430002
"Dem senate primary in Michigan too close to call, as vote counting continues overnight","At press time, El-Sayed held a narrow lead of 49.7% over Stevens’s 46.3%, with 69% of votes counted.",https://www.jns.org/news/u-s-news/dem-senate-primary-in-michigan-too-close-to-call-as-vote-counting-continues-overnight,JNS,Andrew Bernard,2026-08-05T04:47:38,2026-08-05 07:39:14.001370,https://www.jns.org/news/u-s-news/dem-senate-primary-in-michigan-too-close-to-call-as-vote-counting-continues-overnight
Israeli archaeologists uncover historic heart of Great Synagogue of Vilna,"The excavation revealed the synagogue’s central ""bimah,"" worshippers’ seating plaques and other remnants of one of Europe’s most important Jewish religious centers.",https://www.jns.org/news/israel-news/israeli-archaeologists-uncover-historic-heart-of-great-synagogue-of-vilna,JNS,Pesach Benson/TPS-IL,2026-08-05T04:58:55,2026-08-05 07:39:14.001342,https://www.jns.org/news/israel-news/israeli-archaeologists-uncover-historic-heart-of-great-synagogue-of-vilna
"They see smoke, grab their gear and run",Inside Israel's battle against suspected arson fires in Judea and Samaria,https://www.jns.org/feature/they-see-smoke-grab-their-gear-and-run,JNS,Pesach Benson and Omer Novoselsky/TPS-IL,2026-08-05T05:08:00,2026-08-05 07:39:14.001313,https://www.jns.org/feature/they-see-smoke-grab-their-gear-and-run
"‘Excited district is recognizing need to reject job-killing socialism,” Basler tells JNS, after advancing in Wash. state’s 9th","The Republican advanced in the open primary, as did Rep. Adam Smith, who was some 30 points ahead of Basler.",https://www.jns.org/news/u-s-news/excited-district-is-recognizing-need-to-reject-job-killing-socialism-basler-tells-jns-after-advancing-in-wash-states-9th,JNS,Jessica Russak-Hoffman,2026-08-05T05:12:03,2026-08-05 07:39:14.001289,https://www.jns.org/news/u-s-news/excited-district-is-recognizing-need-to-reject-job-killing-socialism-basler-tells-jns-after-advancing-in-wash-states-9th
Italian Jewish teens intimidated at hotel in Bulgaria,"Several men shouted ""Sieg Heil"" at the visitors, who were there for a summer camp, outside their hotel.",https://www.jns.org/news/antisemitism/italian-jewish-teens-intimidated-at-hotel-in-bulgaria,JNS,Canaan Lidor,2026-08-05T05:23:41,2026-08-05 07:39:14.001259,https://www.jns.org/news/antisemitism/italian-jewish-teens-intimidated-at-hotel-in-bulgaria
The IDF must produce warriors,"Armies must channel, not suppress aggression to win wars.",https://www.jns.org/opinion/ari-kalker/the-idf-must-produce-warriors,JNS,Ari Kalker,2026-08-05T06:00:00,2026-08-05 07:39:14.001233,https://www.jns.org/opinion/ari-kalker/the-idf-must-produce-warriors
"Where David met Abigail, a Judean Desert-area trail is reviving Biblical romance","The new nature trail follows the setting of the royal courtship, drawing visitors, marriage proposals and hopes for renewed faith-based tourism.",https://www.jns.org/feature/where-david-met-abigail-a-judean-desert-area-trail-is-reviving-biblical-romance,JNS,Etgar Lefkovits,2026-08-05T06:09:00,2026-08-05 07:39:14.001210,https://www.jns.org/feature/where-david-met-abigail-a-judean-desert-area-trail-is-reviving-biblical-romance
Rights group rep resigns after Hezbollah-symbol controversy,Aziz Ghali quit the International Federation for Human Rights following an ethics probe after images surfaced of him displaying the terrorist group's symbols.,https://www.jns.org/news/antisemitism/rights-group-rep-resigns-after-hezbollah-symbol-controversy,JNS,Canaan Lidor,2026-08-05T06:09:31,2026-08-05 07:39:14.001180,https://www.jns.org/news/antisemitism/rights-group-rep-resigns-after-hezbollah-symbol-controversy
Trump: Iran will 'get hit really hard' if it backs out again,"The president vowed that the Islamic Republic would never have a nuclear weapon, as the U.S., Iran and Oman neared a deal to reopen the Strait of Hormuz.",https://www.jns.org/news/u-s-news/trump-iran-will-get-hit-really-hard-if-it-backs-out-again,JNS,Joshua Marks,2026-08-05T06:23:58,2026-08-05 07:39:14.001146,https://www.jns.org/news/u-s-news/trump-iran-will-get-hit-really-hard-if-it-backs-out-again
Heroes To Heroes Foundation closes after 16 years,"After serving more than 700 American and Israel Defense Forces veterans, the foundation is concluding its mission.",https://www.jns.org/wire/Heroes-to-Heroes-Foundation/heroes-to-heroes-foundation-closes-after-16-years,JNS,,2026-08-05T06:57:08,2026-08-05 07:39:14.001115,https://www.jns.org/wire/Heroes-to-Heroes-Foundation/heroes-to-heroes-foundation-closes-after-16-years
"UK antisemitic incidents stay near record high, watchdog says",CST's report came as an appeals court upheld a ruling that University of Bristol unlawfully fired anti-Zionist academic David Miller.,https://www.jns.org/news/antisemitism/uk-antisemitic-incidents-stay-near-record-high-watchdog-says,JNS,Canaan Lidor,2026-08-05T07:18:38,2026-08-05 07:39:14.001061,https://www.jns.org/news/antisemitism/uk-antisemitic-incidents-stay-near-record-high-watchdog-says
Armed man charged after arrest at Trump's LA golf club,"Jeanine John Taele, 38, allegedly told federal agents he was on a State Department security detail.",https://www.jns.org/news/u-s-news/armed-man-charged-after-arrest-at-trumps-la-golf-club,JNS,JNS Staff,2026-08-05T07:21:39,2026-08-05 07:39:14.001031,https://www.jns.org/news/u-s-news/armed-man-charged-after-arrest-at-trumps-la-golf-club
Netanyahu: IDF won’t withdraw from Gaza before Hamas disarms,"“We are standing firm on our interests,” Israel’s prime minister said in relation to the Board of Peace’s 15-point Roadmap for Gaza.",https://www.jns.org/news/israel-news/idf-wont-withdraw-from-gaza-before-hamas-disarms-netanyahu-reiterates,JNS,JNS Staff,2026-08-05T07:32:05,2026-08-05 07:39:14.000997,https://www.jns.org/news/israel-news/idf-wont-withdraw-from-gaza-before-hamas-disarms-netanyahu-reiterates
"William Lawrence, El-Sayed-aligned progressive, takes Democratic House nomination in Michigan battleground race","(JTA) — An outspoken pro-Palestinian progressive who campaigned with Michigan Senate candidate Abdul El-Sayed bested two establishment-backed picks in a Democratic House primary for a battleground district in the state on Tuesday. William Lawrence, a co-founder of the climate advocacy group Sunrise Movement, took the Democratic nomination in the state’s 7th District, with the Associated... The post William Lawrence, El-Sayed-aligned progressive, takes Democratic House nomination in Michigan battleground race appeared first on The Forward .",https://forward.com/fast-forward/843101/william-lawrence-el-sayed-aligned-progressive-takes-democratic-house-nomination-in-michigan-battleground-race/,The Forward,Andrew Lapin,2026-08-05T05:24:35,2026-08-05 07:39:07.376385,https://forward.com/?p=843101
AIPAC-backed Wesley Bell defeats Cori Bush in Missouri Democratic primary,"(JTA) — Missouri incumbent Rep. Wesley Bell registered a resounding victory in Tuesday’s Democratic primary against Cori Bush, a prominent Democratic socialist and ardent critic of Israel. The Associated Press called the race just an hour after polls closed, at 8:02pm local time. By the time 99% of the vote was counted, Bell had garnered... The post AIPAC-backed Wesley Bell defeats Cori Bush in Missouri Democratic primary appeared first on The Forward .",https://forward.com/fast-forward/843005/aipac-backed-wesley-bell-defeats-cori-bush-in-missouri-democratic-primary/,The Forward,Sharon Udasin,2026-08-05T05:38:11,2026-08-05 07:39:07.376324,https://forward.com/?p=843005
"Nearly 2,000 antisemitism incidents recorded across U.K. in first half of year","Community Security Trust reports 1,926 anti-Jewish hate incidents in the first half of 2026, keeping figures at near record levels following a surge sparked by the war with Iran",https://www.haaretz.com/jewish/2026-08-05/ty-article/nearly-2-000-antisemitism-incidents-recorded-across-u-k-in-first-half-of-year/0000019f-cf4a-d312-a3ff-ef4b4d230000,Haaretz,Reuters,2026-08-05T00:42:23,2026-08-05 04:10:06.015685,https://www.haaretz.com/jewish/2026-08-05/ty-article/nearly-2-000-antisemitism-incidents-recorded-across-u-k-in-first-half-of-year/0000019f-cf4a-d312-a3ff-ef4b4d230000
Netanyahu says no Israeli withdrawal from Gaza until Hamas has been completely disarmed,,https://www.haaretz.com/israel-news/israel-security/2026-08-05/ty-article-live/netanyahu-says-no-israeli-withdrawal-from-gaza-until-hamas-completely-disarmed/0000019f-cf85-db33-a5ff-fff5da0d0000,Haaretz,Haaretz,2026-08-05T01:43:11,2026-08-05 04:10:06.015653,https://www.haaretz.com/israel-news/israel-security/2026-08-05/ty-article-live/netanyahu-says-no-israeli-withdrawal-from-gaza-until-hamas-completely-disarmed/0000019f-cf85-db33-a5ff-fff5da0d0000
Netanyahu struggles to balance Likud's extremist base with the moderate right,"The prime minister is looking for a statesmanlike counterweight to rebellious figures like Katz, Levin and Gotliv - who are expected to dominate the party's primaries. Yet, his base's fierce anti-establishment rhetoric is driving away the very moderate figures he hopes to attract",https://www.haaretz.com/israel-news/elections/2026-08-05/ty-article/.premium/netanyahu-struggles-to-balance-likuds-extremist-base-with-the-moderate-right/0000019f-cf0f-d312-a3ff-ef0fe3500000,Haaretz,Ravit Hecht,2026-08-05T03:00:57,2026-08-05 04:10:06.015615,https://www.haaretz.com/israel-news/elections/2026-08-05/ty-article/.premium/netanyahu-struggles-to-balance-likuds-extremist-base-with-the-moderate-right/0000019f-cf0f-d312-a3ff-ef0fe3500000
Wesley Bell defeats Cori Bush in Missouri,The pro-Israel moderate prevailed in a rematch of one of the most closely watched races of 2024.,https://www.jns.org/news/u-s-news/wesley-bell-defeats-cori-bush-in-missouri,JNS,Andrew Bernard,2026-08-05T02:04:11,2026-08-05 04:09:58.949174,https://www.jns.org/news/u-s-news/wesley-bell-defeats-cori-bush-in-missouri
Ad for Republican Colorado governor candidate depicts Jewish opponent with horns,"An attack ad on the Jewish Democratic candidate for governor of Colorado has depicted him with red horns, drawing condemnation from the state Democratic party — and the apparent approval of the Republican nominee. Invoking an ancient antisemitic canard that Jews have horns, the ad, created in support of Republican nominee Victor Marx and circulating... The post Ad for Republican Colorado governor candidate depicts Jewish opponent with horns appeared first on The Forward .",https://forward.com/news/842930/colorado-governor-race-antisemitism-horns-weiser-marx/,The Forward,Louis Keene,2026-08-05T00:33:00,2026-08-05 04:09:52.178258,https://forward.com/?p=842930
"The real Jewish story of Ceuta, Spain’s migrant-magnet neighbor to Morocco","For all of us who don’t know much about geography, international political crises are always welcome. Since the start of Trump 2.0, we have been discovering places we never knew existed, but now present existential threats. From straits — think Hormuz and Bab al-Mandab — to islands — whether Greenland or Heard and McDonald —... The post The real Jewish story of Ceuta, Spain’s migrant-magnet neighbor to Morocco appeared first on The Forward .",https://forward.com/opinion/843032/the-jewish-history-of-ceuta-spain-migrants-morocco/,The Forward,Robert Zaretsky,2026-08-05T00:59:15,2026-08-05 04:09:52.178209,https://forward.com/?p=843032
Michigan Democrats await Senate winner in party’s biggest test yet on Israel,"The Democratic primary for the open Senate seat in Michigan appeared too close to call Tuesday night, with Dr. Abdul El-Sayed and Rep. Haley Stevens locked in a tight race that had become a proxy fight over the Gaza war and a referendum on Israel supporters’ influence in Democratic politics. According to unofficial results, El-Sayed,... The post Michigan Democrats await Senate winner in party’s biggest test yet on Israel appeared first on The Forward .",https://forward.com/news/843020/michigan-senate-results-el-sayed-stevens-israel/,The Forward,Jacob Kornbluh,2026-08-05T03:59:40,2026-08-05 04:09:52.178155,https://forward.com/?p=843020
Jewish Democrat Jeremy Moss wins primary for Haley Stevens’ old Michigan House seat,"Moss, who has railed against antisemitism, claimed victory as Jewish Democrats have voiced concern about the rise of pro-Palestinian progressives. -- The post Jewish Democrat Jeremy Moss wins primary for Haley Stevens’ old Michigan House seat appeared first on Jewish Telegraphic Agency .",https://www.jta.org/2026/08/04/politics/jewish-democrat-jeremy-moss-wins-primary-for-haley-stevens-old-michigan-house-seat,JTA,Andrew Lapin,2026-08-05T02:22:59,2026-08-05 04:09:49.578220,https://www.jta.org/?p=1905592
"William Lawrence, El-Sayed-aligned progressive, takes Democratic House nomination in Michigan battleground race","A climate activist who accuses Israel of genocide, Lawrence bested two centrist candidates who split the vote. -- The post William Lawrence, El-Sayed-aligned progressive, takes Democratic House nomination in Michigan battleground race appeared first on Jewish Telegraphic Agency .",https://www.jta.org/2026/08/04/default/william-lawrence-el-sayed-aligned-progressive-takes-democratic-house-nomination-in-michigan-battleground-race,JTA,Andrew Lapin,2026-08-05T03:53:36,2026-08-05 04:09:49.578167,https://www.jta.org/?p=1905614
Decision day in Michigan: El-Sayed and Stevens thrust Democratic Party battles over Israel to the fore,The race is widely seen as a must-win for Democrats in their bid to retake control of the Senate. -- The post Decision day in Michigan: El-Sayed and Stevens thrust Democratic Party battles over Israel to the fore appeared first on Jewish Telegraphic Agency .,https://www.jta.org/2026/08/04/politics/decision-day-in-michigan-el-sayed-and-stevens-thrust-democratic-party-battles-over-israel-to-the-fore,JTA,Grace Gilson,2026-08-04T23:12:07,2026-08-05 00:11:46.470185,https://www.jta.org/?p=1905576
Cori Bush and Wesley Bell compete for votes in a Missouri Democratic primary heavily focused on AIPAC,The race for Bell’s congressional seat is a rematch between candidates who take sharply different stances on Israel. -- The post Cori Bush and Wesley Bell compete for votes in a Missouri Democratic primary heavily focused on AIPAC appeared first on Jewish Telegraphic Agency .,https://www.jta.org/2026/08/04/default/cori-bush-and-wesley-bell-compete-for-votes-in-a-missouri-democratic-primary-heavily-focused-on-aipac,JTA,Sharon Udasin,2026-08-04T23:58:40,2026-08-05 00:11:46.470137,https://www.jta.org/?p=1905579
Films made at ‘Amadeus’ producer’s Berkeley studio get spotlight at BAMPFA,"This article first appeared in Berkeleyside and is reprinted with permission. Few film producers were better at balancing art and commerce than Saul Zaentz, who&#160;died in 2014 at age 92.&#160; With [&#8230;]",https://jweekly.com/2026/08/04/films-made-at-amadeus-producers-berkeley-studio-get-spotlight-at-bampfa/,J. Weekly,Andrew Gilbert,2026-08-04T17:57:00,2026-08-05 00:11:41.224104,https://jweekly.com/?p=307985
Jewish student’s antisemitic remark about peer draws scrutiny to Silicon Valley high school,A public high school in the South Bay is facing scrutiny after a Jewish student made an antisemitic comment about another Jewish student to a teacher earlier this year.&#160; The [&#8230;],https://jweekly.com/2026/08/04/jewish-students-antisemitic-remark-about-peer-draws-scrutiny-to-silicon-valley-high-school/,J. Weekly,Emma Goss,2026-08-04T23:54:14,2026-08-05 00:11:41.224050,https://jweekly.com/?p=307980
My niece was born into safety. Gaza's babies were born into war,"Since the genocide, it's impossible to look at babies and not think of the babies and children of Gaza. It's hard to bear the knowledge that less than 100 kilometers away, babies the age of my niece were killed and are being killed",https://www.haaretz.com/opinion/2026-08-05/ty-article-opinion/.premium/my-niece-was-born-into-safety-gazas-babies-were-born-into-war/0000019f-ce0f-d970-adff-ce7f95820000,Haaretz,Hanin Majadli,2026-08-04T21:15:51,2026-08-04 23:04:19.684032,https://www.haaretz.com/opinion/2026-08-05/ty-article-opinion/.premium/my-niece-was-born-into-safety-gazas-babies-were-born-into-war/0000019f-ce0f-d970-adff-ce7f95820000
Israel's new definition of victory is endless war,"Like the calendar soldiers used to count down till the day they can leave the army, Israelis are marking a big X on the calendar for each day that passes and brings us closer to electoral redemption. The revolution is on the way, the polls promise us",https://www.haaretz.com/opinion/2026-08-05/ty-article-opinion/.premium/israels-new-definition-of-victory-is-endless-war/0000019f-ce10-db33-a5ff-fe74322d0000,Haaretz,Zvi Bar'el,2026-08-04T21:21:32,2026-08-04 23:04:19.684000,https://www.haaretz.com/opinion/2026-08-05/ty-article-opinion/.premium/israels-new-definition-of-victory-is-endless-war/0000019f-ce10-db33-a5ff-fe74322d0000
Israel must end the siege and say yes to a Gaza deal,"Contrary to what the public thinks and what the media tells itself and the public, Hamas may control about one-third of Gaza's territory, but the blockade that Israel is imposing on the Strip gives Israel a stake in the future of Gaza's residents",https://www.haaretz.com/opinion/editorial/2026-08-05/ty-article-opinion/israel-must-end-the-siege-and-say-yes-to-a-gaza-deal/0000019f-ce65-d147-adff-ef7d4b9c0000,Haaretz,Haaretz Editorial,2026-08-04T21:32:22,2026-08-04 23:04:19.683963,https://www.haaretz.com/opinion/editorial/2026-08-05/ty-article-opinion/israel-must-end-the-siege-and-say-yes-to-a-gaza-deal/0000019f-ce65-d147-adff-ef7d4b9c0000
How did Netanyahu convince Trump's Board of Peace to rewrite its Gaza deal with Hamas?,"Although Israel agreed to halt most of its strikes, the refusal to pull back any IDF forces in Gaza raises questions over implementation of the cease-fire agreement. In many ways, this is yet another link in the chain of questionable achievements of Trumpist diplomacy",https://www.haaretz.com/israel-news/israel-security/2026-08-05/ty-article/.premium/netanyahu-convinced-trumps-board-of-peace-to-rewrite-its-gaza-deal-with-hamas/0000019f-ceec-d7cc-a99f-effc7ba60000,Haaretz,Liza Rozovsky,2026-08-04T22:55:32,2026-08-04 23:04:19.683925,https://www.haaretz.com/israel-news/israel-security/2026-08-05/ty-article/.premium/netanyahu-convinced-trumps-board-of-peace-to-rewrite-its-gaza-deal-with-hamas/0000019f-ceec-d7cc-a99f-effc7ba60000
"Chile, Honduras Restore Ambassadors to Israel After Nearly Two Years of Diplomatic Strains Over Gaza War","Chile and Honduras officially restored full ambassadorial representation to Israel on Monday, marking a significant diplomatic breakthrough after more than...",https://www.algemeiner.com/2026/08/04/chile-honduras-restore-ambassadors-to-israel-after-nearly-two-years-of-diplomatic-strains-over-gaza-war/,Algemeiner,Ailin Vilches Arguello,2026-08-04T21:46:48,2026-08-04 23:04:14.894606,https://www.algemeiner.com/?p=777260
‘This Is Our Holy Mission’: Accused Hamas Financier Tied to Official Who Denied Oct. 7 Atrocities on Piers Morgan,A Turkish man accused by US prosecutors of funneling money and supplies to Hamas through a purported humanitarian organization worked...,https://www.algemeiner.com/2026/08/04/this-is-our-holy-mission-accused-hamas-financier-tied-to-official-who-denied-oct-7-atrocities-on-piers-morgan/,Algemeiner,Debbie Weiss,2026-08-04T21:57:30,2026-08-04 23:04:14.894567,https://www.algemeiner.com/?p=777274
Anti-Israel Billboard Truck Targets Haley Stevens With Dual-Loyalty Message,A mobile billboard truck contrasting Abdul El-Sayed as representing “Michigan’s future” with Rep. Haley Stevens as representing “Israel’s future” was...,https://www.algemeiner.com/2026/08/04/anti-israel-billboard-truck-targets-haley-stevens-with-dual-loyalty-message/,Algemeiner,Corey Walker,2026-08-04T22:10:07,2026-08-04 23:04:14.894528,https://www.algemeiner.com/?p=777271
Mamdani releases documentary that neglects tenant union's anti-Israel roots,The union is tied to a group that says that people struggling with their living conditions in Brooklyn are connected to the Palestinian cause.,https://www.jns.org/news/u-s-news/mamdani-releases-documentary-that-neglects-tenant-unions-anti-israel-roots,JNS,Rikki Zagelbaum,2026-08-04T21:59:35,2026-08-04 23:04:12.562112,https://www.jns.org/news/u-s-news/mamdani-releases-documentary-that-neglects-tenant-unions-anti-israel-roots
Beyond making films: The next challenge for Israeli cinema,"I recently returned to New York from a week at the Jerusalem Film Festival, where I had the honor of serving on the jury for the Spirit of Freedom Award. Beyond seeing an extraordinary lineup of films, I spent the week meeting with filmmakers, producers and industry leaders, gaining an even deeper understanding of the... Read More The post Beyond making films: The next challenge for Israeli cinema appeared first on eJewishPhilanthropy .",https://ejewishphilanthropy.com/beyond-making-films-the-next-challenge-for-israeli-cinema/,eJewish Philanthropy,Isaac Zablocki,2026-08-04T21:34:02,2026-08-04 23:04:00.357703,https://ejewishphilanthropy.com/?p=178220
Upcoming events: ‘Bay Mitzvah’ with Oakland Ballers,"So much happens in our community every day that it can be hard to sift through all of the events. We’re highlighting a few here, in every corner of the [&#8230;]",https://jweekly.com/2026/08/04/upcoming-events-oakland-ballers-bay-mitzvah-hiking-swimming-picnics/,J. Weekly,Rahel Knight,2026-08-04T20:13:54,2026-08-04 23:03:57.622335,https://jweekly.com/?p=307945
Treasures of Vilnius synagogue uncovered as local Jews debate its future,"(JTA) — VILNIUS, Lithuania — Archaeologists have uncovered the full floor of Lithuania’s historic Great Synagogue, revealing treasures nearly erased by Nazi and Soviet occupations — and exposing rifts between [&#8230;]",https://jweekly.com/2026/08/04/archaeologists-uncover-treasures-of-vilnius-great-synagogue-as-lithuanian-jews-debate-its-future/,J. Weekly,Shira Li Bartov,2026-08-04T22:42:47,2026-08-04 23:03:57.622290,https://jweekly.com/?p=307964
A retired judge needed four Torahs rescued from Indiana. So he called his rabbi. And his dentist.,This story was originally published in the Forward. Click here to get the Forward&#8217;s free email newsletters delivered to your inbox. Early on a Sunday morning in July a dentist [&#8230;],https://jweekly.com/2026/08/04/a-retired-judge-needed-four-torahs-rescued-from-indiana-so-he-called-his-rabbi-and-his-dentist/,J. Weekly,Benyamin Cohen,2026-08-04T22:48:11,2026-08-04 23:03:57.622223,https://jweekly.com/?p=307973
Haaretz Cartoon,,https://www.haaretz.com/opinion/daily-cartoon/2026-08-04/ty-article-opinion/haaretz-cartoon/0000019f-ce7f-d147-adff-ef7facaa0000,Haaretz,Eran Wolkowski,2026-08-04T20:42:14,2026-08-04 21:14:59.339920,https://www.haaretz.com/opinion/daily-cartoon/2026-08-04/ty-article-opinion/haaretz-cartoon/0000019f-ce7f-d147-adff-ef7facaa0000
"U.S. used 'virtually all' its long-range missiles during Iran war, sources say","The missiles are the Army's surface-to-surface weapons, known as Army Tactical Missile Systems and Precision Strike Missiles. Analysts say such weapons – which cost over $1 million each – would also be important in any conflict with China",https://www.haaretz.com/us-news/2026-08-05/ty-article/u-s-used-virtually-all-its-long-range-missiles-during-iran-war-sources-say/0000019f-cca7-db33-a5ff-fef70b2d0000,Haaretz,Reuters,2026-08-04T21:03:31,2026-08-04 21:14:59.339886,https://www.haaretz.com/us-news/2026-08-05/ty-article/u-s-used-virtually-all-its-long-range-missiles-during-iran-war-sources-say/0000019f-cca7-db33-a5ff-fef70b2d0000
"One Year On in Australia: The Bridge Protest Was Not the Cause of Bondi, But It Was a Warning","On Sunday, August 3, 2025, Sydney’s most recognizable landmark became the stage for one of the largest anti-Israel mobilizations Australia...",https://www.algemeiner.com/2026/08/04/one-year-on-in-australia-the-bridge-protest-was-not-the-cause-of-bondi-but-it-was-a-warning/,Algemeiner,Michael Gencher,2026-08-04T20:15:30,2026-08-04 21:14:54.233446,https://www.algemeiner.com/?p=777228
We All Want Peace — But a Militarized Palestinian State That Allows Terrorism Will Not Lead to It,"For decades, world leaders have spoken about a two-state solution as though repeating the phrase often enough would eventually turn...",https://www.algemeiner.com/2026/08/04/we-all-want-peace-but-a-militarized-palestinian-state-that-allows-terrorism-will-not-lead-to-it/,Algemeiner,Sabine Sterk,2026-08-04T20:15:33,2026-08-04 21:14:54.233417,https://www.algemeiner.com/?p=777233
Antisemitism Now Speaks in Code — and We Need to Be Aware of Those Symbols and Phrases,"Since October 7, 2023, antisemitism has surged across the globe &#8212; not only through physical attacks or explicit rhetoric, but...",https://www.algemeiner.com/2026/08/04/antisemitism-now-speaks-in-code-and-we-need-to-be-aware-of-those-symbols-and-phrases/,Algemeiner,Nira Broner Worcman,2026-08-04T20:15:35,2026-08-04 21:14:54.233388,https://www.algemeiner.com/?p=777236
Palestinian Authority Once Again Says That Martyrdom Is the Highest Ideal in Its Society,"At a recent graduation ceremony for released terrorists and students at Al-Quds Open University, the Palestinian Authority (PA)&#8217;s District Governor...",https://www.algemeiner.com/2026/08/04/palestinian-authority-once-again-says-that-martyrdom-is-the-highest-ideal-in-its-society/,Algemeiner,Nan Jacques Zilberdik,2026-08-04T20:15:39,2026-08-04 21:14:54.233357,https://www.algemeiner.com/?p=777241
Israel Secures Its First Medal Win at World Lacrosse Women’s Championship,Israel completed a historic 7-4 win and took home the bronze medal at the Nissin Foods 2026 World Lacrosse Women’s...,https://www.algemeiner.com/2026/08/04/israel-secures-its-first-medal-win-at-world-lacrosse-womens-championship/,Algemeiner,Shiryn Ghermezian,2026-08-04T20:15:49,2026-08-04 21:14:54.233328,https://www.algemeiner.com/?p=777245
Anna Wintour Consulted With Jewish Leaders About Met Gala Honoree John Galliano’s Antisemitic Comments,Vogue’s global editorial director and Met trustee Anna Wintour met with Jewish leaders in New York City to discuss issues...,https://www.algemeiner.com/2026/08/04/anna-wintour-consulted-with-jewish-leaders-about-met-gala-honoree-john-gallianos-antisemitic-comments/,Algemeiner,Shiryn Ghermezian,2026-08-04T20:16:00,2026-08-04 21:14:54.233297,https://www.algemeiner.com/?p=777251
US Supreme Court Allows For Enforcement of $656 Million Lawsuit Against PA and PLO,The U.S. Supreme Court has declined to halt enforcement of a $656 million judgment against the Palestinian Authority (PA) and...,https://www.algemeiner.com/2026/08/04/us-supreme-court-allows-for-enforcement-of-656-million-lawsuit-against-pa-and-plo/,Algemeiner,Corey Walker,2026-08-04T20:17:08,2026-08-04 21:14:54.233258,https://www.algemeiner.com/?p=777262
Irish Government Removes Israeli-Made Navigation System From €53 Million State Jet in Latest Move Targeting Israel,Ireland’s anti-Israel procurement policy has left Prime Minister Micheál Martin’s new €53 million government jet without a standard Israeli-made vision...,https://www.algemeiner.com/2026/08/04/irish-government-removes-israeli-made-navigation-system-from-e53-million-state-jet-in-latest-move-targeting-israel/,Algemeiner,Ailin Vilches Arguello,2026-08-04T20:19:26,2026-08-04 21:14:54.233222,https://www.algemeiner.com/?p=777266
"OU, Kof-K haven’t heard from Mamdani about kosher food at city-run groceries, agencies tell JNS","New York City’s request for proposal states that operators at the five city groceries must offer “kosher, halal, gluten free, dairy-free, vegan, diabetic options.”",https://www.jns.org/news/u-s-news/ou-kof-k-havent-heard-from-mamdani-about-kosher-food-at-city-run-groceries-agencies-tell-jns,JNS,Rikki Zagelbaum,2026-08-04T19:47:40,2026-08-04 21:14:51.924517,https://www.jns.org/news/u-s-news/ou-kof-k-havent-heard-from-mamdani-about-kosher-food-at-city-run-groceries-agencies-tell-jns
Digital antisemitism threatens the West,America’s adversaries use online tools to demonize Jews worldwide.,https://www.jns.org/opinion/ron-jager/digital-antisemitism-threatens-the-west,JNS,Ron Jager,2026-08-04T21:00:00,2026-08-04 21:14:51.924474,https://www.jns.org/opinion/ron-jager/digital-antisemitism-threatens-the-west
A retired judge needed four Torahs rescued from Indiana. So he called his rabbi. And his dentist.,"Early on a Sunday morning in July a dentist pointed his black Toyota Sequoia south out of the Chicago suburbs, a rented box trailer swaying behind the hitch. In Champaign, Illinois, a rabbi who had spent the night at his mother’s house pulled onto the highway heading east. Their rendezvous: a century-old synagogue in Terre... The post A retired judge needed four Torahs rescued from Indiana. So he called his rabbi. And his dentist. appeared first on The Forward .",https://forward.com/news/842828/terre-haute-torah-united-hebrew-congregation-jerry-orbach/,The Forward,Benyamin Cohen,2026-08-04T20:02:23,2026-08-04 21:14:45.056357,https://forward.com/?p=842828
Archaeologists uncover treasures of Vilnius’ Great Synagogue as Lithuanian Jews dispute its future,"Plans for the recovered ruins have sparked a debate over what should be built on the site, and who gets to decide. -- The post Archaeologists uncover treasures of Vilnius&#8217; Great Synagogue as Lithuanian Jews dispute its future appeared first on Jewish Telegraphic Agency .",https://www.jta.org/2026/08/04/global/archaeologists-uncover-treasures-of-vilnius-great-synagogue-as-jews-dispute-its-future,JTA,Shira Li Bartov,2026-08-04T20:01:46,2026-08-04 21:14:42.553174,https://www.jta.org/?p=1905544
"With 2 current films, director Rachel Israel offers comic relief for Jewish trauma","In ""The Floaters"" and ""Influenced,"" the New York filmmaker shows Jewish identity as the backdrop for friendship, family and ambition rather than antisemitism or crisis. -- The post With 2 current films, director Rachel Israel offers comic relief for Jewish trauma appeared first on Jewish Telegraphic Agency .",https://www.jta.org/2026/08/04/culture/with-2-current-films-director-rachel-israel-offers-comic-relief-for-jewish-trauma,JTA,Stephen Silver,2026-08-04T20:23:05,2026-08-04 21:14:42.553125,https://www.jta.org/?p=1905553
Top court: Racial violence against Arabs 'contrary to Israel's core values',"The court increased the sentence of an Israeli man from nine months of community service to two years in prison for his role in a 2021 assault on two Arab men, saying racist violence 'harms the delicate fabric of relations between the different sectors in the country'",https://www.haaretz.com/israel-news/israel-crime/2026-08-04/ty-article/.premium/top-court-racial-violence-against-arabs-contrary-to-israels-core-values/0000019f-cd52-d024-adbf-ffdb45410000,Haaretz,Chen Maanit,2026-08-04T17:58:22,2026-08-04 19:37:59.899725,https://www.haaretz.com/israel-news/israel-crime/2026-08-04/ty-article/.premium/top-court-racial-violence-against-arabs-contrary-to-israels-core-values/0000019f-cd52-d024-adbf-ffdb45410000
"Israel, Ceuta and 'the real story': How to spot conspiratorial hogwash","No actual researcher, journalist or scholar should ever traffic in conspiracy theories. Our currency is empirical evidence. A search for the truth should start by admitting we don't have it – and then looking for evidence before drawing conclusions, not after",https://www.haaretz.com/israel-news/haaretz-today/2026-08-04/ty-article/.highlight/israel-ceuta-and-the-real-story-how-to-spot-conspiratorial-hogwash/0000019f-cd36-d312-a3ff-ef3fd1a90000,Haaretz,Dahlia Scheindlin,2026-08-04T18:22:32,2026-08-04 19:37:59.899690,https://www.haaretz.com/israel-news/haaretz-today/2026-08-04/ty-article/.highlight/israel-ceuta-and-the-real-story-how-to-spot-conspiratorial-hogwash/0000019f-cd36-d312-a3ff-ef3fd1a90000
"Israel limits Gaza assassinations, allows strikes if 'imminent danger' present",IDF's new directive allows strikes only in cases of 'imminent danger' as Palestinian officials accuse Israel of blocking progress and Netanyahu says Israel will not withdraw until Hamas is disarmed,https://www.haaretz.com/israel-news/israel-security/2026-08-04/ty-article/.premium/israel-limits-gaza-assassinations-allows-strikes-if-imminent-danger-present/0000019f-cd9b-d970-adff-cdfb061c0000,Haaretz,Yaniv Kubovich,2026-08-04T18:55:26,2026-08-04 19:37:59.899643,https://www.haaretz.com/israel-news/israel-security/2026-08-04/ty-article/.premium/israel-limits-gaza-assassinations-allows-strikes-if-imminent-danger-present/0000019f-cd9b-d970-adff-cdfb061c0000
Ohio Jewish congressman calls for ethics investigation on self over abuse allegations,"Rep. Max Miller said he would file for a House Ethics Committee investigation on himself after his ex-father-in-law, Sen. Bernie Moreno, called for him to resign over allegations of domestic abuse.",https://www.jns.org/news/u-s-news/ohio-jewish-congressman-calls-for-ethics-investigation-on-self-over-abuse-allegations,JNS,Andrew Bernard,2026-08-04T18:12:47,2026-08-04 19:37:52.318232,https://www.jns.org/news/u-s-news/ohio-jewish-congressman-calls-for-ethics-investigation-on-self-over-abuse-allegations
"More than half of professors teaching on Judaism, Israel at US colleges attack Jewish state publicly, per AI analysis","Miriam Elman of the Academic Engagement Network told JNS that “just because you sign a statement or position, it doesn’t mean you are teaching in a prejudicial way.”",https://www.jns.org/news/u-s-news/more-than-half-of-professors-teaching-on-judaism-israel-at-us-colleges-attack-jewish-state-publicly-per-ai-analysis,JNS,Debra Nussbaum Cohen,2026-08-04T18:26:03,2026-08-04 19:37:52.318194,https://www.jns.org/news/u-s-news/more-than-half-of-professors-teaching-on-judaism-israel-at-us-colleges-attack-jewish-state-publicly-per-ai-analysis
The genocide genie,No amount of argument will stop a word that gives permission to hate.,https://www.jns.org/opinion/daniel-winston/the-genocide-genie,JNS,Daniel Winston,2026-08-04T18:30:00,2026-08-04 19:37:52.318158,https://www.jns.org/opinion/daniel-winston/the-genocide-genie
The antisemites are converging—and Jews will not be fooled,The neo-Nazi siege of Jewish teens in Bulgaria exposed a disturbing reality: Jew-hatred from the far right and far left is increasingly feeding off the same hatred.,https://www.jns.org/opinion/column/fiamma-nirenstein/the-antisemites-are-converging-and-jews-will-not-be-fooled,JNS,Fiamma Nirenstein,2026-08-04T19:00:18,2026-08-04 19:37:52.318132,https://www.jns.org/opinion/column/fiamma-nirenstein/the-antisemites-are-converging-and-jews-will-not-be-fooled
"'We're still carrying,' Maryland synagogue security volunteers say, defying county gun ban","""I'd rather be judged by 12 than carried by six,"" an Orthodox Jewish volunteer in Silver Spring, Md., told JNS, after he brought his gun to synagogue as usual despite a recent ordinance.",https://www.jns.org/news/u-s-news/were-still-carrying-maryland-synagogue-security-volunteers-say-defying-county-gun-ban,JNS,Jessica Russak-Hoffman,2026-08-04T19:11:00,2026-08-04 19:37:52.318092,https://www.jns.org/news/u-s-news/were-still-carrying-maryland-synagogue-security-volunteers-say-defying-county-gun-ban
Justice Department pledges action on antisemitic hate crimes in New York as it recognizes Ari Halberstam murder as civil rights case,"More than 30 years after Ari Halberstam was killed in one of New York&#8217;s deadliest antisemitic attacks, the U.S. Justice Department has formally acknowledged that if his murder had happened today, it would be investigated as a federal hate crime and civil rights violation. At the same time, the Justice Department also pledged that it... The post Justice Department pledges action on antisemitic hate crimes in New York as it recognizes Ari Halberstam murder as civil rights case appeared first on The Forward .",https://forward.com/news/842804/justice-ari-halberstam-hate-crime-antisemitism/,The Forward,Jacob Kornbluh,2026-08-04T18:33:50,2026-08-04 19:37:45.676424,https://forward.com/?p=842804
Conservative rabbis just told interfaith couples they don’t count — again,"Acting improv students learn a fundamental tool called “Yes. . . And.” As you step into a scene, you take what you are given, you don’t ignore it, you don’t try to change it. YES, this is what I have to work with. Then comes the AND: here’s how I build on it. The guidance... The post Conservative rabbis just told interfaith couples they don’t count — again appeared first on The Forward .",https://forward.com/opinion/842786/conservative-rabbis-interfaith-weddings/,The Forward,Debbie Reichmann,2026-08-04T18:38:20,2026-08-04 19:37:45.676366,https://forward.com/?p=842786
A Maimonides statue in Córdoba was defaced. His writings have an answer to hate.,A rabbi explores how the great Jewish thinker understood antisemitism — and why he believed attempts to erase the Jews are doomed. -- The post A Maimonides statue in Córdoba was defaced. His writings have an answer to hate. appeared first on Jewish Telegraphic Agency .,https://www.jta.org/2026/08/04/ideas/a-maimonides-statue-in-cordoba-was-defaced-his-writings-have-an-answer-to-hate,JTA,Rabbi Jeffrey K. Salkin,2026-08-04T18:39:23,2026-08-04 19:37:43.207525,https://www.jta.org/?p=1905495
"Iran considered strikes on Ukraine as Caspian Sea tensions escalated, adviser says","Iran's warning of retaliation against Ukraine comes as both sides trade accusations over a strike that killed one Iranian crew member and wounded three others. 'Even if it was a mistake, it still requires compensation,' Mohsen Rezaee, a senior adviser to Iran's leadership, said",https://www.haaretz.com/middle-east-news/iran/2026-08-04/ty-article/.premium/iran-considered-strikes-on-ukraine-as-caspian-sea-tensions-spiked-adviser-says/0000019f-cc29-ddc4-adbf-deaf05830000,Haaretz,Haaretz,2026-08-04T15:32:20,2026-08-04 17:49:14.494937,https://www.haaretz.com/middle-east-news/iran/2026-08-04/ty-article/.premium/iran-considered-strikes-on-ukraine-as-caspian-sea-tensions-spiked-adviser-says/0000019f-cc29-ddc4-adbf-deaf05830000
Jewish billionaire and megadonor Ron Lauder reportedly stopped donating to GOP,"The 82-year-old president of the World Jewish Congress, one of New York's most reliable Republican donors, has made no political contributions this year, The New York Times reported",https://www.haaretz.com/us-news/2026-08-04/ty-article/ron-lauder-billionaire-megadonor-reportedly-stopped-donating-to-gop/0000019f-cd41-d970-adff-cd733fe60000,Haaretz,Haaretz,2026-08-04T16:22:24,2026-08-04 17:49:14.494913,https://www.haaretz.com/us-news/2026-08-04/ty-article/ron-lauder-billionaire-megadonor-reportedly-stopped-donating-to-gop/0000019f-cd41-d970-adff-cd733fe60000
Must the sex symbol suffer? A diss track of Saint Levant asks what famous Palestinians should be,"For Palestinian artists, invoking the cause invites accusations of exploiting it, while ignoring it invites accusations of abandoning it",https://www.haaretz.com/life/2026-08-04/ty-article-magazine/.premium/a-diss-track-of-rapper-saint-levant-asks-what-famous-palestinians-should-be/0000019f-ccfc-db33-a5ff-fefc6c000000,Haaretz,Nagham Zbeedat,2026-08-04T17:11:38,2026-08-04 17:49:14.494876,https://www.haaretz.com/life/2026-08-04/ty-article-magazine/.premium/a-diss-track-of-rapper-saint-levant-asks-what-famous-palestinians-should-be/0000019f-ccfc-db33-a5ff-fefc6c000000
Catholic League head urges Mamdani to skip Sept. 11 ceremony,"""Your reluctance to speak negatively about the role of radical Muslims in fostering oppression and warfare, including the attacks on 9/11, makes you unsuitable to preside over the ceremony honoring these innocent Americans,"" Bill Donohue said.",https://www.jns.org/news/u-s-news/catholic-league-head-urges-mamdani-to-skip-sept-11-ceremony,JNS,,2026-08-04T16:09:15,2026-08-04 17:49:07.526391,https://www.jns.org/news/u-s-news/catholic-league-head-urges-mamdani-to-skip-sept-11-ceremony
Fauci’s diary shows that Israeli data indicated waning COVID vaccine efficiency,Newly released records suggest Washington relied heavily on Israeli real-world evidence as it debated boosters.,https://www.jns.org/analysis/faucis-diary-shows-that-israeli-data-indicated-waning-covid-vaccine-efficiency,JNS,JNS Staff,2026-08-04T16:23:12,2026-08-04 17:49:07.526369,https://www.jns.org/analysis/faucis-diary-shows-that-israeli-data-indicated-waning-covid-vaccine-efficiency
Board of Peace briefs congressional leaders on implementing Israel-Hamas peace plan,"The board “emphasized the determination to work with Congress in a bipartisan manner to advance peace, security, governance and reconstruction in Gaza,” a Board of Peace official said.",https://www.jns.org/news/u-s-news/board-of-peace-briefs-congressional-leaders-on-implementing-israel-hamas-peace-plan,JNS,Mike Wagenheim,2026-08-04T16:26:18,2026-08-04 17:49:07.526346,https://www.jns.org/news/u-s-news/board-of-peace-briefs-congressional-leaders-on-implementing-israel-hamas-peace-plan
Lawmakers prepare federal bill to protect access to houses of worship,"Sen. Ted Cruz and Reps. Brad Knott and Tom Suozzi plan to introduce the Right to Worship Act, which would establish a 100-foot buffer zone around houses of worship during religious services.",https://www.jns.org/news/u-s-news/lawmakers-prepare-federal-bill-to-protect-access-to-houses-of-worship,JNS,,2026-08-04T16:35:31,2026-08-04 17:49:07.526325,https://www.jns.org/news/u-s-news/lawmakers-prepare-federal-bill-to-protect-access-to-houses-of-worship
"Can't just 'arrest our way out of hate,' JCRC head says, of NYPD hate crime data for July",Mark Treyger called for a broader citywide strategy to combat hate after new NYPD data showed Jewish New Yorkers continued to be targeted in the majority of reported hate crimes in New York City.,https://www.jns.org/news/u-s-news/cant-just-arrest-our-way-out-of-hate-jcrc-head-says-of-nypd-hate-crime-data-for-july,JNS,Rebecca Szlechter,2026-08-04T16:36:56,2026-08-04 17:49:07.526302,https://www.jns.org/news/u-s-news/cant-just-arrest-our-way-out-of-hate-jcrc-head-says-of-nypd-hate-crime-data-for-july
Trump’s Iran strategy validates Netanyahu’s war management,"As Washington balances military pressure with diplomacy toward Tehran, the U.S. leader is confronting many of the same strategic constraints that have shaped Israel’s multifront war.",https://www.jns.org/opinion/alex-traiman/trumps-iran-strategy-validates-netanyahus-war-management,JNS,Alex Traiman,2026-08-04T17:05:50,2026-08-04 17:49:07.526275,https://www.jns.org/opinion/alex-traiman/trumps-iran-strategy-validates-netanyahus-war-management
Cori Bush promised to bury AIPAC. Her rematch with Wesley Bell in Missouri tests that.,"The pro-Israel lobby is once again working to boost Bell, whose support for the Jewish state has remained strong heading into Tuesday's Democratic congressional primary. -- The post Cori Bush promised to bury AIPAC. Her rematch with Wesley Bell in Missouri tests that. appeared first on Jewish Telegraphic Agency .",https://www.jta.org/2026/08/03/politics/cori-bush-promised-to-bury-aipac-her-rematch-with-wesley-bell-in-missouri-tests-that,JTA,Sharon Udasin,2026-08-04T02:52:21,2026-08-04 17:48:57.905461,https://www.jta.org/?p=1905482
Reform UK deputy leader faces inquiry over Israel visit,Richard Tice says the complaint stems from what he describes as antisemitic claims of “pro-Israel influence.” -- The post Reform UK deputy leader faces inquiry over Israel visit appeared first on Jewish Telegraphic Agency .,https://www.jta.org/2026/08/04/culture/reform-uk-deputy-leader-faces-inquiry-over-israel-visit,JTA,Kelly Hartog,2026-08-04T16:21:51,2026-08-04 17:48:57.905423,https://www.jta.org/?p=1905437
RECIPE | Roasted salmon works wonderfully in nicoise salad,"Food coverage is supported by a generous donation from Susan and Moses Libitzky. If nicoise salad is on the menu, there’s a 99% chance I’m ordering it. Most of my [&#8230;]",https://jweekly.com/2026/08/04/roasted-salmon-smashed-potatoes-work-wonderfully-in-nicoise-salad/,J. Weekly,Micah Siva,2026-08-04T17:05:28,2026-08-04 17:48:53.029074,https://jweekly.com/?p=307939
"Israel captured 230 square miles of Lebanon, razed villages and built new bases","The IDF has seized 230 square miles of Lebanese territory, where extensive construction is underway – including a base far from the Israeli border. Negotiations with Lebanon resumed today",https://www.haaretz.com/israel-news/security-aviation/2026-08-04/ty-article-magazine/.premium/new-bases-razed-villages-idf-entrenching-itself-deep-inside-southern-lebanon/0000019f-cc0c-db9d-a9ff-fdbcb2660000,Haaretz,Yarden Michaeli,2026-08-04T13:52:23,2026-08-04 15:27:18.712817,https://www.haaretz.com/israel-news/security-aviation/2026-08-04/ty-article-magazine/.premium/new-bases-razed-villages-idf-entrenching-itself-deep-inside-southern-lebanon/0000019f-cc0c-db9d-a9ff-fdbcb2660000
A concentration camp turned paintball arena is testing Serbia's Holocaust memory,"In 1941, some 6,500 Jewish and Roma men were murdered after being held at Topovske Šupe in Belgrade, one of the first camps the German invaders set up with the Jews in mind. Today, the site is crumbling, contested and close-to forgotten",https://www.haaretz.com/world-news/europe/2026-08-04/ty-article-magazine/.premium/a-concentration-camp-turned-paintball-arena-is-testing-serbias-holocaust-memory/0000019f-cbc3-db33-a5ff-fbf786220000,Haaretz,Ivana Nikolic,2026-08-04T14:30:23,2026-08-04 15:27:18.712784,https://www.haaretz.com/world-news/europe/2026-08-04/ty-article-magazine/.premium/a-concentration-camp-turned-paintball-arena-is-testing-serbias-holocaust-memory/0000019f-cbc3-db33-a5ff-fbf786220000
When prey becomes predator: A plant that Darwin thought was carnivorous really is,"Sticky hairs on the alpine flower Saxifraga led Darwin to posit that it might eat animals and 150+ years later, that has been shown to be true",https://www.haaretz.com/science-and-health/2026-08-04/ty-article/vindicated-a-plant-that-darwin-thought-was-carnivorous-really-is/0000019f-c19f-d3b5-a99f-edff31700000,Haaretz,Ruth Schuster,2026-08-04T15:01:05,2026-08-04 15:27:18.712744,https://www.haaretz.com/science-and-health/2026-08-04/ty-article/vindicated-a-plant-that-darwin-thought-was-carnivorous-really-is/0000019f-c19f-d3b5-a99f-edff31700000
Michigan's Democratic voters head to polls in 2026's most consequential primary on Israel,Today marks the end of what might be the most expensive Democratic primary in history. The battle between Haley Stevens and Abdul El-Sayed has shaped into a referendum on U.S.-Israel relations and a test of AIPAC's influence,https://www.haaretz.com/us-news/2026-08-04/ty-article-magazine/.premium/michigan-voters-head-to-polls-in-2026s-most-consequential-primary-on-israel/0000019f-cd32-d312-a3ff-ef3ba7820000,Haaretz,Etan Nechin,2026-08-04T15:13:24,2026-08-04 15:27:18.712707,https://www.haaretz.com/us-news/2026-08-04/ty-article-magazine/.premium/michigan-voters-head-to-polls-in-2026s-most-consequential-primary-on-israel/0000019f-cd32-d312-a3ff-ef3ba7820000
New public charter school offering Hebrew education to open outside Las Vegas,"“We're seeing real and growing demand for Hebrew charter schools, particularly from families who have concerns about their public-school options,” Valerie Khaytina of Hebrew Public told JNS.",https://www.jns.org/news/u-s-news/new-public-charter-school-offering-hebrew-education-to-open-outside-las-vegas,JNS,Mike Wagenheim,2026-08-04T13:15:00,2026-08-04 15:27:11.788565,https://www.jns.org/news/u-s-news/new-public-charter-school-offering-hebrew-education-to-open-outside-las-vegas
"To antisemites, Israel and the Jews are the reason for everything","Blaming the Jews for a crisis in a Spanish enclave in Morocco shows how “genocide” blood libels spread. Meanwhile, Europeans face a real problem: Muslim immigration.",https://www.jns.org/opinion/column/jonathan-s-tobin/to-antisemites-israel-and-the-jews-are-the-reason-for-everything,JNS,Jonathan S. Tobin,2026-08-04T14:00:00,2026-08-04 15:27:11.788528,https://www.jns.org/opinion/column/jonathan-s-tobin/to-antisemites-israel-and-the-jews-are-the-reason-for-everything
"Not ‘helpful’ to discuss Turkey occupying Cyprus, UN says after JNS asks why Guterres singles out Israeli action in Syria","“As long as Israel continues to be judged by a different set of standards, confidence in the United Nations and its institutions will continue to erode,"" Israeli envoy Danny Danon told JNS.",https://www.jns.org/news/world/not-helpful-to-discuss-turkey-occupying-cyprus-un-says-after-jns-asks-why-guterres-singles-out-israeli-action-in-syria,JNS,Mike Wagenheim,2026-08-04T14:18:53,2026-08-04 15:27:11.788493,https://www.jns.org/news/world/not-helpful-to-discuss-turkey-occupying-cyprus-un-says-after-jns-asks-why-guterres-singles-out-israeli-action-in-syria
In a new essay Rabbi Anchelle Perl makes the Jewish case for burial over cremation,The essay examines the religious and historical foundations of Jewish burial and presents a Torah-based perspective on honoring a loved one's final wishes.,https://www.jns.org/wire/chabad-mineola/in-a-new-essay-rabbi-anchelle-perl-makes-the-jewish-case-for-burial-over-cremation,JNS,,2026-08-04T14:24:57,2026-08-04 15:27:11.788456,https://www.jns.org/wire/chabad-mineola/in-a-new-essay-rabbi-anchelle-perl-makes-the-jewish-case-for-burial-over-cremation
Federal judge dismisses lawsuit alleging ‘pervasive and severe’ Jew-hatred at George Washington University,U.S. District Judge Trevor N. McFadden ruled that the nearly 200-page complaint against George Washington University violated federal pleading rules because it was excessively long but gave the plaintiffs 30 days to file a revised version.,https://www.jns.org/news/u-s-news/federal-judge-dismisses-lawsuit-alleging-pervasive-and-severe-jew-hatred-at-george-washington-university,JNS,,2026-08-04T15:21:32,2026-08-04 15:27:11.788418,https://www.jns.org/news/u-s-news/federal-judge-dismisses-lawsuit-alleging-pervasive-and-severe-jew-hatred-at-george-washington-university
"In a world of AI run amok, Yiddish folktales are making these theater wizards ‘cranky’","A unique theatrical performance inspired by Yiddish folk tales features dead Jews dancing at a cemetery, a prophet appearing in the form of a bunny rabbit and a stone-munching worm named Shamir. It all takes place within the confines of a 2’ X 4’ box known as a cranky and it’s coming to New York... The post In a world of AI run amok, Yiddish folktales are making these theater wizards &#8216;cranky&#8217; appeared first on The Forward .",https://forward.com/culture/842603/shterna-and-the-lost-voice-yiddish-folktales-cranky/,The Forward,Jon Kalish,2026-08-04T14:00:12,2026-08-04 15:27:04.926641,https://forward.com/?p=842603
"Lawn signs for Abdul, door knocking for Haley: Michigan Jews split in Senate Democratic primary","(JTA) — OAK PARK, Michigan – Karen Bick has spent the days leading up to Michigan’s Democratic Senate primary fielding calls from Jewish friends urging her to vote for U.S. Rep. Haley Stevens. Despite the pressure, Bick, 69, said she plans to sit out the race altogether. As much as she is compelled by the... The post Lawn signs for Abdul, door knocking for Haley: Michigan Jews split in Senate Democratic primary appeared first on The Forward .",https://forward.com/fast-forward/842768/lawn-signs-for-abdul-door-knocking-for-haley-michigan-jews-split-in-senate-democratic-primary/,The Forward,Grace Gilson,2026-08-04T14:02:03,2026-08-04 15:27:04.926570,https://forward.com/?p=842768
Your Daily Phil: Mandel Foundation boosts rabbinic pipeline with $1M grant,The post Your Daily Phil: Mandel Foundation boosts rabbinic pipeline with $1M grant appeared first on eJewishPhilanthropy .,https://ejewishphilanthropy.com/your-daily-phil-mandel-foundation-boosts-rabbinic-pipeline-with-1m-grant/,eJewish Philanthropy,Contributing Author,2026-08-04T14:22:35,2026-08-04 15:27:00.067900,https://ejewishphilanthropy.com/?p=178210
"Michigan's largest synagogue is rebuilding, but trauma of March attack is here to stay","The car-ramming and shooting attack on Michigan's Reform synagogue in March was 'one more reason for there to be mistrust between communities,' according to Rabbi Josh Bennet. Despite toxic politics and safety concerns, he says the congregation's commitment to Zionism is unwavering",https://www.haaretz.com/jewish/2026-08-04/ty-article-magazine/.premium/ai-cameras-bulletproof-windows-how-michigans-temple-israel-is-rebuilding/0000019f-c8ed-db33-a5ff-fafd421d0000,Haaretz,Etan Nechin,2026-08-03T21:20:56,2026-08-04 13:02:58.617320,https://www.haaretz.com/jewish/2026-08-04/ty-article-magazine/.premium/ai-cameras-bulletproof-windows-how-michigans-temple-israel-is-rebuilding/0000019f-c8ed-db33-a5ff-fafd421d0000
"U.S., Iran trade conflicting claims over talks as Hormuz tensions persist","Trump said negotiations are underway, calling it Iran's 'last chance' for a deal, while Tehran has insisted no talks are planned and says discussions are limited to the Strait of Hormuz",https://www.haaretz.com/middle-east-news/iran/2026-08-04/ty-article/u-s-iran-trade-conflicting-claims-over-talks-as-hormuz-tensions-persist/0000019f-cbcd-db33-a5ff-fbfd85c20000,Haaretz,Reuters,2026-08-04T10:52:31,2026-08-04 13:02:58.617258,https://www.haaretz.com/middle-east-news/iran/2026-08-04/ty-article/u-s-iran-trade-conflicting-claims-over-talks-as-hormuz-tensions-persist/0000019f-cbcd-db33-a5ff-fbfd85c20000
"Israelis abroad removed from voter roll, compromising voting eligibility ahead of upcoming election","Citizens planning to fly home to vote struggled to verify or restore their registration, prompting a slew of complaints that eventually led to an extension of the appeals deadline",https://www.haaretz.com/israel-news/elections/2026-08-04/ty-article/.premium/israelis-abroad-removed-from-voter-rolls-ahead-of-upcoming-election/0000019f-cc4f-db33-a5ff-fe7f9e3e0000,Haaretz,Ran Shimoni,2026-08-04T12:34:27,2026-08-04 13:02:58.617227,https://www.haaretz.com/israel-news/elections/2026-08-04/ty-article/.premium/israelis-abroad-removed-from-voter-rolls-ahead-of-upcoming-election/0000019f-cc4f-db33-a5ff-fe7f9e3e0000
The time has come to move beyond Zionism and become Israelis,It is impossible to build a shared future on an idea with which a large proportion of the country's citizens cannot identify,https://www.haaretz.com/opinion/2026-08-04/ty-article-opinion/.premium/the-time-has-come-to-move-beyond-zionism-and-become-israelis/0000019f-cc98-d970-adff-ccfbc4910000,Haaretz,Yehudit Karp,2026-08-04T12:37:08,2026-08-04 13:02:58.617190,https://www.haaretz.com/opinion/2026-08-04/ty-article-opinion/.premium/the-time-has-come-to-move-beyond-zionism-and-become-israelis/0000019f-cc98-d970-adff-ccfbc4910000
British MP probed for not disclosing Israel trip in speech,"Antisemitism was behind the framing of a debate on the ""pro-Israel lobby,"" triggering an ethics investigation against him, according to Reform UK Deputy Leader Richard Tice.",https://www.jns.org/news/antisemitism/british-mp-probed-for-not-disclosing-israel-trip-in-speech,JNS,Canaan Lidor,2026-08-04T10:44:31,2026-08-04 13:02:51.723054,https://www.jns.org/news/antisemitism/british-mp-probed-for-not-disclosing-israel-trip-in-speech
Piers Morgan to Hamas spokesman: Why kidnap a baby?,"The British broadcaster blasted Ghazi Hamad over the terror group's Oct. 7 massacre and hostage-taking, drawing denials and deflection.",https://www.jns.org/news/israel-news/piers-morgan-to-hamas-spokesman-why-kidnap-a-baby,JNS,JNS Staff,2026-08-04T11:49:31,2026-08-04 13:02:51.723026,https://www.jns.org/news/israel-news/piers-morgan-to-hamas-spokesman-why-kidnap-a-baby
The madness of anti-Zionism,"People are so entrenched in their worldviews that they have lost the ability to judge themselves, their actions and their values, and refuse to be challenged with counter-information.",https://www.jns.org/opinion/column/yisrael-medad/the-madness-of-anti-zionism,JNS,Yisrael Medad,2026-08-04T12:05:00,2026-08-04 13:02:51.722998,https://www.jns.org/opinion/column/yisrael-medad/the-madness-of-anti-zionism
Hezbollah chief slams ‘humiliation’ of Israel-Lebanon talks in Rome,"Nasrallah's successor hinted Iran's Axis of Resistance would not back down until Israel's ""complete withdrawal"" from Lebanon.",https://www.jns.org/news/israel-news/hezbollah-chief-slams-humiliation-of-israel-lebanon-talks-in-rome,JNS,JNS Staff,2026-08-04T12:21:47,2026-08-04 13:02:51.722969,https://www.jns.org/news/israel-news/hezbollah-chief-slams-humiliation-of-israel-lebanon-talks-in-rome
Liberman says he would never trust opposition partner with defense portfolio,"In an early sign of opposition infighting, Avigdor Liberman of the Yisrael Beiteinu Party expressed his distrust of fellow opposition partner the Democrats Party.",https://www.jns.org/news/israel-news/liberman-says-he-would-never-trust-opposition-partner-with-defense-portfolio,JNS,JNS Staff,2026-08-04T12:23:31,2026-08-04 13:02:51.722918,https://www.jns.org/news/israel-news/liberman-says-he-would-never-trust-opposition-partner-with-defense-portfolio
Mladenov after talks with Netanyahu: Gaza plan entering ‘hard phase’,"""Not much of what we do now is dramatic. It is slow, grinding and technical work,” said the high representative for Gaza.",https://www.jns.org/news/israel-news/mladenov-after-talks-with-netanyahu-gaza-plan-entering-hard-phase,JNS,JNS Staff,2026-08-04T12:31:20,2026-08-04 13:02:51.722883,https://www.jns.org/news/israel-news/mladenov-after-talks-with-netanyahu-gaza-plan-entering-hard-phase
How Tehran is preparing to influence Israel’s elections,"Iranian influence operations are already underway, and security officials warn of an attempt to deepen divisions within Israeli society.",https://www.jns.org/analysis/how-tehran-is-preparing-to-influence-israels-elections,JNS,Danny Citrinowicz,2026-08-04T12:40:04,2026-08-04 13:02:51.722849,https://www.jns.org/analysis/how-tehran-is-preparing-to-influence-israels-elections
"Hamas will likely not comply with Gaza peace plan, says Netanyahu","The Israeli premier pledged that reconstruction of the Strip won’t start before its full demilitarization, adding that Gazans should be permitted to voluntarily leave.",https://www.jns.org/news/israel-news/hamas-will-likely-not-comply-with-gaza-peace-plan-says-netanyahu,JNS,JNS Staff,2026-08-04T12:40:20,2026-08-04 13:02:51.722812,https://www.jns.org/news/israel-news/hamas-will-likely-not-comply-with-gaza-peace-plan-says-netanyahu
"Lawn signs for Abdul, door knocking for Haley: Michigan Jews split in Senate Democratic primary","Abdul El-Sayed’s critical rhetoric on Israel has pushed some Jewish voters into the arms of opponent Haley Stevens – but attracted others. -- The post Lawn signs for Abdul, door knocking for Haley: Michigan Jews split in Senate Democratic primary appeared first on Jewish Telegraphic Agency .",https://www.jta.org/2026/08/04/politics/lawn-signs-for-abdul-door-knocking-for-haley-michigan-jews-split-in-senate-democratic-primary,JTA,Grace Gilson,2026-08-04T12:23:45,2026-08-04 13:02:42.224395,https://www.jta.org/?p=1905507
Anti-Jewish hate crimes in New York grow even as violent crime across the city decreases,A string of high-profile attacks last month have Jews on alert. -- The post Anti-Jewish hate crimes in New York grow even as violent crime across the city decreases appeared first on Jewish Telegraphic Agency .,https://www.jta.org/2026/08/04/ny/anti-jewish-hate-crimes-in-new-york-grow-even-as-violent-crime-across-the-city-decreases,JTA,Shira Li Bartov,2026-08-04T12:28:05,2026-08-04 13:02:42.224343,https://www.jta.org/?p=1905509
Adelson Family Foundation taps former IAC CEO Shoham Nicolet as next president,"The Adelson Family Foundation has appointed Shoham Nicolet as its next president, the organization announced on Tuesday. Nicolet will succeed Michael Bohnen, who has retired after 20 years in the role. Born in Israel, Nicolet has long maintained close ties with the Adelson family. In 2006, Nicolet became the founding CEO of the Israeli-American Council... Read More The post Adelson Family Foundation taps former IAC CEO Shoham Nicolet as next president appeared first on eJewishPhilanthropy .",https://ejewishphilanthropy.com/adelson-family-foundatipn-taps-former-iac-ceo-shoahm-nicolet-as-next-president/,eJewish Philanthropy,Judah Ari Gross,2026-08-04T11:19:13,2026-08-04 13:02:39.980574,https://ejewishphilanthropy.com/?p=178188
"Joining DAF Keshet’s board, Israeli entrepreneur Alon Arvatz hopes to recruit fellow tech founders","In a bustling WeWork alongside the Ayalon where his AI startup sits, Alon Arvatz looks like a typical Tel Aviv techie in a casual polo, wedding ring, jeans and even a kippa. Yet hes chasing something bigger than his next “exit” —the sale of a startup to a larger firm. Having recently joined the board... Read More The post Joining DAF Keshet’s board, Israeli entrepreneur Alon Arvatz hopes to recruit fellow tech founders appeared first on eJewishPhilanthropy .",https://ejewishphilanthropy.com/joining-daf-keshets-board-israeli-entrepreneur-alon-arvatz-hopes-to-recruit-fellow-tech-founders/,eJewish Philanthropy,Justin Hayet,2026-08-04T11:39:42,2026-08-04 13:02:39.980518,https://ejewishphilanthropy.com/?p=178197
Documents reveal how Israel's Elbit armed the United Arab Emirates,"Just weeks after Iran's proxy struck Abu Dhabi, Israel's largest arms manufacturer proposed supplying the UAE with a fleet of dozens of strategic drones. Leaked internal documents allegedly reveal the array of weapons systems sold to the Gulf state",https://www.haaretz.com/israel-news/security-aviation/2026-08-03/ty-article-magazine/israel-iran-elbit-armed-uae/0000019f-c256-d2d0-af9f-faf6c5730000,Haaretz,Oded Yaron,2026-08-03T11:05:00,2026-08-04 10:39:51.331165,https://www.haaretz.com/israel-news/security-aviation/2026-08-03/ty-article-magazine/israel-iran-elbit-armed-uae/0000019f-c256-d2d0-af9f-faf6c5730000
"Israel, Lebanon begin next round of talks; U.S. urges Hezbollah disarmament, IDF withdrawal from pilot zones","The three-day negotiations will focus on expanding pilot zones in southern Lebanon, as Washington presses Beirut to dismantle Hezbollah's infrastructure while urging both sides to maintain diplomatic momentum",https://www.haaretz.com/middle-east-news/lebanonnews/2026-08-04/ty-article/.premium/israel-lebanon-return-to-rome-for-seventh-round-of-u-s-brokered-talks/0000019f-cb81-d22f-a79f-cf99fae40000,Haaretz,Liza Rozovsky,2026-08-04T09:00:34,2026-08-04 10:39:51.331052,https://www.haaretz.com/middle-east-news/lebanonnews/2026-08-04/ty-article/.premium/israel-lebanon-return-to-rome-for-seventh-round-of-u-s-brokered-talks/0000019f-cb81-d22f-a79f-cf99fae40000
The ancient city in Israel that survived by being forgotten,"Hidden beneath a thick canopy in the western Galilee, Khirbet Tzonam, once a Byzantine town, has amazing stone arches, courtyards and ruins – and still feels like a discovery. For now",https://www.haaretz.com/israel-news/travel/2026-08-04/ty-article-magazine/the-ancient-city-in-israel-that-survived-by-being-forgotten/0000019f-cbc2-de93-a99f-efc606410000,Haaretz,Moshe Gilad,2026-08-04T10:24:18,2026-08-04 10:39:51.331014,https://www.haaretz.com/israel-news/travel/2026-08-04/ty-article-magazine/the-ancient-city-in-israel-that-survived-by-being-forgotten/0000019f-cbc2-de93-a99f-efc606410000
Risks for peace,"As members of the Board of Peace were working out details for some calm in Gaza, Hamas was handing out weapons to Arab citizens.",https://www.jns.org/opinion/sarah-n-stern/risks-for-peace,JNS,Sarah N. Stern,2026-08-04T08:30:00,2026-08-04 10:39:44.656075,https://www.jns.org/opinion/sarah-n-stern/risks-for-peace
"Swastika incident captures Spain's Jew-hate problem, group says","The scrawling of the Nazi symbol on a statue of Maimonides is indicative of an Islamist-neo-Nazi convergence under the current government, ACOM warned.",https://www.jns.org/news/antisemitism/swastika-incident-captures-spains-jew-hate-problem-group-says,JNS,Canaan Lidor,2026-08-04T08:46:53,2026-08-04 10:39:44.656049,https://www.jns.org/news/antisemitism/swastika-incident-captures-spains-jew-hate-problem-group-says
"'Israel's freedom of action is not subject to negotiation,' says Israeli lawmaker","While Israel respects U.S. President Donald Trump's duty to protect America's interests, Washington's priorities do not always coincide with Jerusalem's, Otzma Yehudit lawmaker Yitzhak Kroizer told JNS.",https://www.jns.org/news/israel-news/israels-freedom-of-action-is-not-subject-to-negotiation-says-israeli-lawmaker,JNS,Amelie Botbol,2026-08-04T08:47:55,2026-08-04 10:39:44.656021,https://www.jns.org/news/israel-news/israels-freedom-of-action-is-not-subject-to-negotiation-says-israeli-lawmaker
"Smotrich, Strook urge Netanyahu to cancel approval of US-brokered Gaza plan","The Board of Peace’s 15-point roadmap for Gaza is “fundamentally different” from the one formerly presented to Israel’s Security Cabinet, said Israeli Finance Minister Bezalel Smotrich.",https://www.jns.org/news/israel-news/smotrich-strook-urge-netanyahu-to-cancel-approval-of-us-brokered-gaza-plan,JNS,JNS Staff,2026-08-04T08:59:09,2026-08-04 10:39:44.655989,https://www.jns.org/news/israel-news/smotrich-strook-urge-netanyahu-to-cancel-approval-of-us-brokered-gaza-plan
Trump slams Iran's 'duplicitous' denial of diplomatic talks,The U.S. president insists that American naval forces are maintaining a strict blockade until Tehran agrees to a deal or total surrender.,https://www.jns.org/news/u-s-news/trump-slams-irans-duplicitous-denial-of-diplomatic-talks,JNS,Joshua Marks,2026-08-04T09:09:23,2026-08-04 10:39:44.655948,https://www.jns.org/news/u-s-news/trump-slams-irans-duplicitous-denial-of-diplomatic-talks
5 Muslim police officers in Toronto face punishment for controversial comments after Oct. 7,"(JTA) — Five Toronto police officers speaking on a Muslim outreach podcast after the Oct. 7, 2023, invasion of Israel “made statements that were biased or inappropriate,” violating police standards, and now face a penalty, the police said. Multiple people had complained about the March 10, 2025, episode of the “Project Olive Branch” podcast. The... The post 5 Muslim police officers in Toronto face punishment for controversial comments after Oct. 7 appeared first on The Forward .",https://forward.com/fast-forward/842612/5-muslim-police-officers-in-toronto-face-punishment-for-controversial-comments-after-oct-7/,The Forward,Ron Kampeas,2026-08-04T08:31:08,2026-08-04 10:39:37.322525,https://forward.com/?p=842612
"AIPAC gets a lot of attention in Michigan Senate primary, but voters say it’s not their top issue","(JTA) — OAK PARK, Mich. – Working as a morning producer for Detroit’s Local 4 television station, Noelle Gray has had a front-row seat to the flood of political advertising in Michigan’s Democratic Senate primary. Amid the barrage, one thing stood out to her: how much money AIPAC was pouring into the race between U.S.... The post AIPAC gets a lot of attention in Michigan Senate primary, but voters say it’s not their top issue appeared first on The Forward .",https://forward.com/fast-forward/842666/aipac-gets-a-lot-of-attention-in-michigan-senate-primary-but-voters-say-its-not-their-top-issue/,The Forward,Grace Gilson,2026-08-04T08:33:30,2026-08-04 10:39:37.322477,https://forward.com/?p=842666
"Spike in number of Israelis leaving country may be harmful to security and economy, new study warns","(JTA) — Israelis are exiting the country in high numbers, a trend that could harm the state’s future security and economy, according to a new demography study published Tuesday by Tel Aviv University. It showed that 268,509 Israelis left the country for a period of at least three consecutive months from 2023 to 2025, part... The post Spike in number of Israelis leaving country may be harmful to security and economy, new study warns appeared first on The Forward .",https://forward.com/fast-forward/842672/spike-in-number-of-israelis-leaving-country-may-be-harmful-to-security-and-economy-new-study-warns/,The Forward,Tovah Lazaroff,2026-08-04T08:34:54,2026-08-04 10:39:37.322429,https://forward.com/?p=842672
The Met’s plan to honor designer John Galliano puts Jewish ideas of repentance to the test,"(JTA) — Before the Metropolitan Museum of Art announced that it would honor fashion designer John Galliano with a major Costume Institute exhibition next spring, the museum convened at least two unusual meetings: a face-to-face with Galliano and a number of prominent rabbis, and a larger meeting with Vogue editor-in-chief Anna Wintour, museum officials and... The post The Met&#8217;s plan to honor designer John Galliano puts Jewish ideas of repentance to the test appeared first on The Forward .",https://forward.com/fast-forward/842708/the-mets-plan-to-honor-designer-john-galliano-puts-jewish-ideas-of-repentance-to-the-test/,The Forward,Andrew Silow-Carroll,2026-08-04T08:38:14,2026-08-04 10:39:37.322377,https://forward.com/?p=842708
Cori Bush promised to bury AIPAC. Her rematch with Wesley Bell in Missouri tests that.,"(JTA) — Missouri primary voters will travel back two years when they head to the polls on Tuesday. There they’ll confront a rematch of two candidates whose previous face-off was largely defined by an influx of AIPAC cash that helped oust one of Israel’s most ardent critics in Congress. In 2024, AIPAC “demonstrated its clout,”... The post Cori Bush promised to bury AIPAC. Her rematch with Wesley Bell in Missouri tests that. appeared first on The Forward .",https://forward.com/fast-forward/842720/cori-bush-promised-to-bury-aipac-her-rematch-with-wesley-bell-in-missouri-tests-that/,The Forward,Sharon Udasin,2026-08-04T08:42:48,2026-08-04 10:39:37.322320,https://forward.com/?p=842720
"Before we can speak with one voice, we must help more Jews discover theirs","The call for a coordinated Jewish strategy in Hadera Ishak’s recent opinion piece in eJewishPhilanthropy (The Jewish community doesn’t have a funding problem. It has a strategy problem.” July 23) is both timely and necessary. Jewish organizations cannot continue responding to systemic challenges through isolated programs, competing messages and perpetual emergency campaigns. We need shared... Read More The post Before we can speak with one voice, we must help more Jews discover theirs appeared first on eJewishPhilanthropy .",https://ejewishphilanthropy.com/before-we-can-speak-with-one-voice-we-must-help-more-jews-discover-theirs/,eJewish Philanthropy,Susan Weinberg,2026-08-04T08:00:00,2026-08-04 10:39:32.237938,https://ejewishphilanthropy.com/?p=178138
Mandel Foundation grants $1M over 3 years to Atra to improve rabbinate,"The Jack, Joseph and Morton Mandel Supporting Foundation is providing a $1 million, three-year grant to Atra: Center for Rabbinic Innovation to help train American rabbis, deepen their connections to one another and improve the rabbinate more generally, the organizations said on Monday. This donation —the Mandel Foundation’s largest to Atra — comes as more... Read More The post Mandel Foundation grants $1M over 3 years to Atra to improve rabbinate appeared first on eJewishPhilanthropy .",https://ejewishphilanthropy.com/mandel-foundation-grants-1m-over-3-years-to-atra-to-improve-rabbinate/,eJewish Philanthropy,Jay Deitcher,2026-08-04T10:23:58,2026-08-04 10:39:32.237873,https://ejewishphilanthropy.com/?p=178180
"A good visit to Israel, tainted by two disturbing incidents at the airport","As an Indian scholar focusing on antisemitism, I was honored to attend a conference at the University of Haifa last month. But the welcome I received at Ben-Gurion Airport will make me think twice before visiting Israel again",https://www.haaretz.com/opinion/2026-08-04/ty-article-opinion/.premium/a-good-visit-to-israel-tainted-by-two-disturbing-incidents-at-the-airport/0000019f-cb4f-ddc4-adbf-dfefbc380000,Haaretz,Sayan Lodh,2026-08-04T06:02:05,2026-08-04 07:40:18.835371,https://www.haaretz.com/opinion/2026-08-04/ty-article-opinion/.premium/a-good-visit-to-israel-tainted-by-two-disturbing-incidents-at-the-airport/0000019f-cb4f-ddc4-adbf-dfefbc380000
A Gaza stabilization force could end up stabilizing Hamas,Deploying an international force before Hamas is significantly disarmed could turn that force into a shield for Hamas’s continued rule.,https://www.jns.org/opinion/eyal-dror/a-gaza-stabilization-force-could-end-up-stabilizing-hamas,JNS,Eyal Dror,2026-08-04T05:00:00,2026-08-04 07:40:11.322488,https://www.jns.org/opinion/eyal-dror/a-gaza-stabilization-force-could-end-up-stabilizing-hamas
"Chile, Honduras restore ambassadors to Israel as six new envoys present credentials","The Chilean envoy told JNS his appointment marks ""an emotional moment” for him and signals a renewed commitment to strengthening bilateral ties.",https://www.jns.org/feature/chile-honduras-restore-ambassadors-to-israel-as-six-new-envoys-present-credentials,JNS,Sharon Altshul,2026-08-04T05:08:00,2026-08-04 07:40:11.322459,https://www.jns.org/feature/chile-honduras-restore-ambassadors-to-israel-as-six-new-envoys-present-credentials
The Palestinian Authority's massive army threatens millions of Israelis,"Israel must dismantle the P.A.'s 70,000-strong force to prevent a catastrophe potentially far worse than Oct. 7.",https://www.jns.org/opinion/lt-col-res-maurice-hirsch/the-palestinian-authoritys-massive-army-threatens-millions-of-israelis-within-just-22-kilometers,JNS,Lt. Col. (res.) Maurice Hirsch,2026-08-04T06:02:29,2026-08-04 07:40:11.322430,https://www.jns.org/opinion/lt-col-res-maurice-hirsch/the-palestinian-authoritys-massive-army-threatens-millions-of-israelis-within-just-22-kilometers
IDF kills Islamic Jihad terrorist who held Rom Braslavski captive,"Mahmoud Fatair was a Palestinian Islamic Jihad Nukhba commander who infiltrated Israel on Oct. 7, 2023.",https://www.jns.org/news/israel-news/idf-kills-islamic-jihad-terrorist-who-held-rom-braslavski-captive,JNS,JNS Staff,2026-08-04T06:12:44,2026-08-04 07:40:11.322404,https://www.jns.org/news/israel-news/idf-kills-islamic-jihad-terrorist-who-held-rom-braslavski-captive
Israel's Democrats Party embraces radical slate ahead of election,The platform has been criticized by both the left and right for extremism.,https://www.jns.org/analysis/radical-slate-of-israels-democrats-party-may-pose-problems-at-the-polls,JNS,David Isaac,2026-08-04T06:42:41,2026-08-04 07:40:11.322377,https://www.jns.org/analysis/radical-slate-of-israels-democrats-party-may-pose-problems-at-the-polls
Reinstated Labour lawmaker draws fire over Russia remarks,Diane Abbott faces fresh criticism over Ukraine comments days after returning from antisemitism-related suspension.,https://www.jns.org/news/world/reinstated-labour-lawmaker-draws-fire-over-russia-remarks,JNS,JNS Staff,2026-08-04T06:45:27,2026-08-04 07:40:11.322348,https://www.jns.org/news/world/reinstated-labour-lawmaker-draws-fire-over-russia-remarks
Inside the remarkable revival of the Mount of Olives,"Steve Linde is the JNS features editor and former editor-in-chief of The Jerusalem Post. Born in Zimbabwe and raised in South Africa, he made aliyah in 1988 and served in the IDF. A Jerusalem resident, he regularly interviews leading voices in the pro-Israel and Jewish spheres at the JNS Media Hub.",https://www.jns.org/jns-tv/inside-the-remarkable-revival-of-the-mount-of-olives,JNS,Steve Linde,2026-08-04T06:53:06,2026-08-04 07:40:11.322320,https://www.jns.org/jns-tv/inside-the-remarkable-revival-of-the-mount-of-olives
Is Hamas really disarming?,"“The Quad” is a dynamic weekly panel show hosted by Fleur Hassan-Nahoum, Israel’s innovation envoy and former deputy mayor of Jerusalem. The series brings together a powerhouse lineup of bold, insightful women to tackle the most pressing stories from Israel, the Middle East and the Jewish world. With Fleur at the helm, “The Quad” features regular co-hosts, including Shoshana Keats-Jaskel, founder of Chochmat Nashim; journalist and human-rights activist Emily Schrader and other leading voices shaping conversation and change. Through sharp analysis, diverse perspectives and unapologetic commentary, “The Quad” confronts the complex political, cultural and social challenges facing Israel and the Jewish people. Each episode cuts through noise and narrative spin to deliver insight and debate, and to empower female perspectives on issues that define our time. Bold, informed and refreshingly authentic, “The Quad” redefines how Israel and the Middle East are discussed, one conversation at a time. See more at: @JNS_TV and subscribe to our YouTube channel.",https://www.jns.org/jns-tv/the-quad/is-hamas-really-disarming,JNS,Fleur Hassan-Nahoum,2026-08-04T06:56:37,2026-08-04 07:40:11.322274,https://www.jns.org/jns-tv/the-quad/is-hamas-really-disarming
A $250 million network: Israeli report maps funding for anti-Israel US groups,"The report seeks to expose organizations operating in America that portray themselves as advocates of “social justice” or “human rights” while, in fact, promoting radical or antisemitic narratives.",https://www.jns.org/news/israel-news/a-250-million-network-israeli-report-maps-funding-for-anti-israel-us-groups,JNS,JNS Staff,2026-08-04T07:11:43,2026-08-04 07:40:11.322196,https://www.jns.org/news/israel-news/a-250-million-network-israeli-report-maps-funding-for-anti-israel-us-groups
Sotomayor refuses to block $655 million terror judgment vs PA,The Supreme Court justice rejected a request to pause a payout to U.S. victims of the 2002–2004 attacks.,https://www.jns.org/news/u-s-news/sotomayor-refuses-to-block-655-million-terror-judgment-vs-pa,JNS,JNS Staff,2026-08-04T07:18:16,2026-08-04 07:40:11.322162,https://www.jns.org/news/u-s-news/sotomayor-refuses-to-block-655-million-terror-judgment-vs-pa
Israeli elections 2026: Meet the parliament—MK Debbie Biton,The Yesh Atid lawmaker argues that the country’s recovery must begin with national healing.,https://www.jns.org/feature/israeli-elections-2026-meet-the-parliament-mk-debbie-biton,JNS,Amelie Botbol,2026-08-04T07:23:52,2026-08-04 07:40:11.322124,https://www.jns.org/feature/israeli-elections-2026-meet-the-parliament-mk-debbie-biton
"Every Jewish camp counselor is following Moses’ final lesson, and we should too","Every summer, thousands of Jewish camp counselors do something extraordinary: Like Moses in the final days of his life, they devote themselves to preparing a generation whose greatest achievements they may never live to see. I was reminded of that truth last week as I joined my fellow Foundation for Jewish Camp board members and... Read More The post Every Jewish camp counselor is following Moses’ final lesson, and we should too appeared first on eJewishPhilanthropy .",https://ejewishphilanthropy.com/every-jewish-camp-counselor-is-following-moses-final-lesson-and-we-should-too/,eJewish Philanthropy,Jeffrey M. Solomon,2026-08-04T05:52:00,2026-08-04 07:39:58.395853,https://ejewishphilanthropy.com/?p=178157
"Michigan's largest synagogue is rebuilding, but trauma of March attack is here to stay","Rebuilding the synagogue after the car-ramming attack has been a multi-million affair, not least because of the new security needs. The attack was 'one more reason for there to be mistrust between communities,' Rabbi Bennet says",https://www.haaretz.com/jewish/2026-08-04/ty-article-magazine/.premium/five-months-after-temple-israel-attack-rabbi-feels-like-an-alternate-universe/0000019f-c8ed-db33-a5ff-fafd421d0000,Haaretz,Etan Nechin,2026-08-03T21:20:56,2026-08-04 04:14:47.613535,https://www.haaretz.com/jewish/2026-08-04/ty-article-magazine/.premium/five-months-after-temple-israel-attack-rabbi-feels-like-an-alternate-universe/0000019f-c8ed-db33-a5ff-fafd421d0000
U.S. Supreme Court won't halt $655 million judgment against Palestinians,Supreme Court allowed suits against Palestinian authorities; plaintiffs won a $655.5 million judgment in 2015 having sued over 2002-2004 Jerusalem shootings and bombings,https://www.haaretz.com/us-news/2026-08-04/ty-article/u-s-supreme-court-wont-halt-655-million-judgment-against-palestinians/0000019f-c96a-d970-adff-cd7bcddf0000,Haaretz,Reuters,2026-08-04T01:08:50,2026-08-04 04:14:47.613504,https://www.haaretz.com/us-news/2026-08-04/ty-article/u-s-supreme-court-wont-halt-655-million-judgment-against-palestinians/0000019f-c96a-d970-adff-cd7bcddf0000
"As Board of Peace urges de-escalation, IDF strikes reportedly kill two in Gaza",,https://www.haaretz.com/israel-news/israel-security/2026-08-04/ty-article-live/as-board-of-peace-urges-de-escalation-idf-strikes-reportedly-kill-two-in-gaza/0000019f-ca64-db33-a5ff-fa7420cf0000,Haaretz,Haaretz,2026-08-04T01:39:38,2026-08-04 04:14:47.613480,https://www.haaretz.com/israel-news/israel-security/2026-08-04/ty-article-live/as-board-of-peace-urges-de-escalation-idf-strikes-reportedly-kill-two-in-gaza/0000019f-ca64-db33-a5ff-fa7420cf0000
"As Iran and Oman negotiate, Trump no longer has the upper hand on Hormuz","Decoupling the Hormuz issue from direct U.S. talks is a win for Tehran, but it now has an incentive to reach a deal on the strait – and so do the Gulf states",https://www.haaretz.com/middle-east-news/2026-08-04/ty-article/.premium/as-iran-and-oman-negotiate-trump-no-longer-has-the-upper-hand-on-hormuz/0000019f-c95e-d312-a3ff-ef5fb3150000,Haaretz,Zvi Bar'el,2026-08-04T03:00:07,2026-08-04 04:14:47.613456,https://www.haaretz.com/middle-east-news/2026-08-04/ty-article/.premium/as-iran-and-oman-negotiate-trump-no-longer-has-the-upper-hand-on-hormuz/0000019f-c95e-d312-a3ff-ef5fb3150000
"Like his campaign video, Israel's Minister of Jewish Terror is confused and inarticulate","Only a modern-day Herod - feeling compelled to feed the beast before it devours him - could manage to draw condemnation from both left and right. Even if it pays off for him in the Likud Central Committee, it already seems there has never been a defense minister so widely disrespected by the IDF General Staff",https://www.haaretz.com/israel-news/elections/2026-08-04/ty-article/.premium/like-his-video-israels-minister-of-jewish-terror-is-confused-and-inarticulate/0000019f-c939-db33-a5ff-fb7db5230000,Haaretz,Yossi Verter,2026-08-04T03:00:53,2026-08-04 04:14:47.613420,https://www.haaretz.com/israel-news/elections/2026-08-04/ty-article/.premium/like-his-video-israels-minister-of-jewish-terror-is-confused-and-inarticulate/0000019f-c939-db33-a5ff-fb7db5230000
The Haredi draft: How a limited deferment turned into a national dispute,"Originally intended to accommodate a few hundred Torah scholars, the exemption of ultra-Orthodox yeshivah students from IDF service evolved into one of Israel’s most contentious public policy issues.",https://www.jns.org/feature/the-haredi-draft-how-a-limited-deferment-turned-into-a-national-dispute,JNS,Shimon Sherman,2026-08-04T04:07:00,2026-08-04 04:14:40.627986,https://www.jns.org/feature/the-haredi-draft-how-a-limited-deferment-turned-into-a-national-dispute
How the Ceuta migration crisis became fodder for anti-Israel conspiracy theorists,"The sudden migration of an estimated 50,000 people from Morocco into the Spanish territory of Ceuta last week defied immediate explanation. Why now? Why all at once? Had someone sent them? To a certain crowd, all the answers could be found some 2,000 miles away, on the other end of the Mediterranean Sea. The reason... The post How the Ceuta migration crisis became fodder for anti-Israel conspiracy theorists appeared first on The Forward .",https://forward.com/news/842723/how-the-ceuta-migration-crisis-became-fodder-for-anti-israel-conspiracy-theorists/,The Forward,Louis Keene,2026-08-04T03:18:23,2026-08-04 04:14:32.711943,https://forward.com/?p=842723
Cori Bush promised to bury AIPAC. Her rematch with Wesley Bell in Missouri tests that.,"The pro-Israel lobby is once again working to boost Bell, whose support for the Jewish state has remained strong heading into Tuesday's Democratic congressional primary. -- The post Cori Bush promised to bury AIPAC. Her rematch with Wesley Bell in Missouri tests that. appeared first on Jewish Telegraphic Agency .",https://www.jta.org/2026/08/03/default/cori-bush-promised-to-bury-aipac-her-rematch-with-wesley-bell-in-missouri-tests-that,JTA,Sharon Udasin,2026-08-04T02:52:21,2026-08-04 04:14:29.953490,https://www.jta.org/?p=1905482
"Michigan's largest synagogue is rebuilding, but trauma of March attack is here to stay","Rebuilding the synagogue after the car-ramming attack has been a multi-million affair, not least because of the new security needs. The attack was 'one more reason for there to be mistrust between communities,' Rabbi Bennet says",https://www.haaretz.com/jewish/2026-08-04/ty-article-magazine/.premium/6-months-after-temple-israel-attack-rabbi-feels-like-an-alternate-universe/0000019f-c8ed-db33-a5ff-fafd421d0000,Haaretz,Etan Nechin,2026-08-03T21:20:56,2026-08-04 00:09:33.919286,https://www.haaretz.com/jewish/2026-08-04/ty-article-magazine/.premium/6-months-after-temple-israel-attack-rabbi-feels-like-an-alternate-universe/0000019f-c8ed-db33-a5ff-fafd421d0000
"From Javier Bardem to Candace Owens, How a Ceuta Border Crisis Became a 100 Million-View Israel Conspiracy Overnight",False claims that Israel orchestrated the migrant crisis in the Spanish enclave of Ceuta were viewed more than 100 million...,https://www.algemeiner.com/2026/08/03/777216/,Algemeiner,Debbie Weiss,2026-08-03T22:24:36,2026-08-04 00:09:28.790140,https://www.algemeiner.com/?p=777216
Israel’s Ceuta mistake could cost it a pro-Israel Spanish government in 2027,Ambassador to the United Nations Danny Danon has alienated both of Spain’s leading pro-Israel parties.,https://www.jns.org/opinion/brian-mcdonald/israels-ceuta-mistake-could-cost-it-a-pro-israel-spanish-government-in-2027,JNS,Brian McDonald,2026-08-03T23:15:00,2026-08-04 00:09:26.385621,https://www.jns.org/opinion/brian-mcdonald/israels-ceuta-mistake-could-cost-it-a-pro-israel-spanish-government-in-2027
The Met’s plan to honor designer John Galliano puts Jewish ideas of repentance to the test,"Before announcing a 2027 exhibition, the museum brought Galliano together with rabbis to discuss his 2011 antisemitic and racist remarks. -- The post The Met&#8217;s plan to honor designer John Galliano puts Jewish ideas of repentance to the test appeared first on Jewish Telegraphic Agency .",https://www.jta.org/2026/08/03/culture/the-mets-plan-to-honor-designer-john-galliano-puts-jewish-ideas-of-repentance-to-the-test,JTA,Andrew Silow-Carroll,2026-08-03T22:26:36,2026-08-04 00:09:16.213237,https://www.jta.org/?p=1905455
"After journalist's death, Jews in Queen believe they're being targeted",This story was originally published in the Forward. Click here to get the Forward&#8217;s free email newsletters delivered to your inbox. The unsolved murder of a Jewish man in a [&#8230;],https://jweekly.com/2026/08/03/man-charged-in-a-jewish-journalists-death-vandalized-a-jewish-business-days-before/,J. Weekly,Hannah Feuer,2026-08-03T16:00:00,2026-08-04 00:09:10.998823,https://jweekly.com/?p=307920
He stumbled upon Leonard Bernstein’s stubble on his way to finding a ‘Lost Mozart’,"This story was originally published in the Forward. Click here to get the Forward&#8217;s free email newsletters delivered to your inbox. David Israel needed an electric razor, so he borrowed [&#8230;]",https://jweekly.com/2026/08/03/he-stumbled-upon-leonard-bernsteins-stubble-on-his-way-to-finding-a-lost-mozart/,J. Weekly,PJ Grisar,2026-08-03T16:00:00,2026-08-04 00:09:10.998790,https://jweekly.com/?p=307916
New polls find race between Wiener and Chan closer than ever,"The gap between state Sen. Scott Wiener and San Francisco Supervisor Connie Chan in the race to replace retiring Rep. Nancy Pelosi in Congress appears to be narrowing, according to [&#8230;]",https://jweekly.com/2026/08/03/new-polls-find-race-between-wiener-and-chan-closer-than-ever/,J. Weekly,Cayla Labgold-Carroll,2026-08-03T23:58:23,2026-08-04 00:09:10.998742,https://jweekly.com/?p=307926
Defense minister refuses to answer vast majority of parliamentary questions on settler violence,"Katz responded to only four parliamentary questions on IDF policy in Gaza and the West Bank and violence against Palestinians. Since taking office in November 2024, he has received 135 questions from Knesset members and answered 44 of them",https://www.haaretz.com/israel-news/israel-security/2026-08-03/ty-article/.premium/defense-minister-refuses-to-answer-most-parliamentary-queries-on-jewish-violence/0000019f-c839-d058-a39f-ec3dc4de0000,Haaretz,Noa Shpigel,2026-08-03T20:35:10,2026-08-03 22:09:38.235754,https://www.haaretz.com/israel-news/israel-security/2026-08-03/ty-article/.premium/defense-minister-refuses-to-answer-most-parliamentary-queries-on-jewish-violence/0000019f-c839-d058-a39f-ec3dc4de0000
Beyond Michigan's Senate race: Four more primaries to watch Tuesday,"As the El-Sayed-Stevens Senate primary draws the spotlight, Tuesday's races in Michigan and Missouri could find four more candidates who believe Israel's actions in Gaza were a genocide and call for an end to US aid to Israel",https://www.haaretz.com/us-news/2026-08-03/ty-article/.premium/beyond-michigans-senate-race-four-more-primaries-to-watch-tuesday/0000019f-c8fd-ddc4-adbf-deff0d070000,Haaretz,Etan Nechin,2026-08-03T20:37:38,2026-08-03 22:09:38.235723,https://www.haaretz.com/us-news/2026-08-03/ty-article/.premium/beyond-michigans-senate-race-four-more-primaries-to-watch-tuesday/0000019f-c8fd-ddc4-adbf-deff0d070000
"Trump says Iran talks underway 'right now,' Hormuz may open 'tomorrow' after Tehran denies negotiations","Trump warned Tehran it faced a 'last chance' to reach a deal with Washington, after he called Iran's leaders 'unbelievably duplicitous' for denying the talks. Trump did not provide details on where the talks are taking place. 'You'll find out today or tomorrow'",https://www.haaretz.com/israel-news/israel-security/2026-08-04/ty-article/.premium/trump-says-iran-talks-are-underway-right-now-after-tehran-denies-negotiations/0000019f-c91f-db33-a5ff-fb7f34b20000,Haaretz,Haaretz,2026-08-03T21:11:25,2026-08-03 22:09:38.235692,https://www.haaretz.com/israel-news/israel-security/2026-08-04/ty-article/.premium/trump-says-iran-talks-are-underway-right-now-after-tehran-denies-negotiations/0000019f-c91f-db33-a5ff-fb7f34b20000
"Poll: Jewish opposition one short of majority, Likud and Eisenkot tied","The poll showed no clear path to a governing majority, with Netanyahu's coalition projected to win 50 seats and Jewish opposition parties 60 – one short of the 61 needed. Shas dropped to seven seats, its weakest showing in months, while Kahol Lavan and Balad failed to cross the threshold",https://www.haaretz.com/israel-news/elections/2026-08-04/ty-article/.premium/poll-jewish-opposition-one-short-of-majority-likud-and-eisenkot-tied/0000019f-c90c-d970-adff-cd7ffb3c0000,Haaretz,Haaretz,2026-08-03T21:17:34,2026-08-03 22:09:38.235659,https://www.haaretz.com/israel-news/elections/2026-08-04/ty-article/.premium/poll-jewish-opposition-one-short-of-majority-likud-and-eisenkot-tied/0000019f-c90c-d970-adff-cd7ffb3c0000
"Michigan's largest synagogue is rebuilding, but the trauma of March's attack is here to stay","Rebuilding the synagogue after the car-ramming attack has been a multi-million affair, not least because of the new security needs. The attack was 'one more reason for there to be mistrust between communities,' Rabbi Bennet says",https://www.haaretz.com/jewish/2026-08-04/ty-article-magazine/.premium/months-after-temple-israel-attack-rabbi-feels-like-in-an-alternate-universe/0000019f-c8ed-db33-a5ff-fafd421d0000,Haaretz,Etan Nechin,2026-08-03T21:20:56,2026-08-03 22:09:38.235620,https://www.haaretz.com/jewish/2026-08-04/ty-article-magazine/.premium/months-after-temple-israel-attack-rabbi-feels-like-in-an-alternate-universe/0000019f-c8ed-db33-a5ff-fafd421d0000
Unfit to serve: Israel's defense minister crossed another red line,,https://www.haaretz.com/opinion/editorial/2026-08-04/ty-article-opinion/unfit-to-serve-israels-defense-minister-crossed-another-red-line/0000019f-c943-d970-adff-cd7387be0000,Haaretz,Haaretz Editorial,2026-08-03T21:43:27,2026-08-03 22:09:38.235586,https://www.haaretz.com/opinion/editorial/2026-08-04/ty-article-opinion/unfit-to-serve-israels-defense-minister-crossed-another-red-line/0000019f-c943-d970-adff-cd7387be0000
Former Mossad chief David Barnea joins Ondas as chairman amid defense technology expansion,Barnea's appointment comes as Ondas seeks to build a significant defense technology group through acquisitions of companies in the sector. The Nasdaq-listed company has a market value of more than $4 billion,https://www.haaretz.com/israel-news/israel-security/2026-08-04/ty-article/.premium/from-mossad-to-defense-tech-david-barnea-joins-ondas-as-chairman/0000019f-c88f-d669-a9bf-cbbf178e0000,Haaretz,Hagai Amit,2026-08-03T21:49:48,2026-08-03 22:09:38.235550,https://www.haaretz.com/israel-news/israel-security/2026-08-04/ty-article/.premium/from-mossad-to-defense-tech-david-barnea-joins-ondas-as-chairman/0000019f-c88f-d669-a9bf-cbbf178e0000
Australian Court Clears Way for Controversial Video of Nurses’ Alleged Threats Against Israelis to Be Used at Trial,An Australian appeals court has overturned a previous ruling and allowed a widely circulated video showing two nurses allegedly threatening...,https://www.algemeiner.com/2026/08/03/australian-court-clears-way-for-controversial-video-of-nurses-alleged-threats-against-israelis-to-be-used-at-trial/,Algemeiner,Ailin Vilches Arguello,2026-08-03T21:33:50,2026-08-03 22:09:32.902563,https://www.algemeiner.com/?p=777208
"World Leaders, Jewish Groups Demand Action as Wave of Antisemitic Attacks Shakes Canada",World leaders and Jewish organizations are urging Canadian authorities to take decisive action after a wave of antisemitic attacks intensified...,https://www.algemeiner.com/2026/08/03/world-leaders-jewish-groups-demand-action-as-wave-of-antisemitic-attacks-shakes-canada/,Algemeiner,Ailin Vilches Arguello,2026-08-03T21:34:28,2026-08-03 22:09:32.902531,https://www.algemeiner.com/?p=777201
"Melat Kiros Walks Back Nuanced Comments on Israel, Jewish Community After Progressive Backlash",Colorado Democratic congressional nominee Melat Kiros quickly walked back comments on Israel and antisemitism after receiving criticism from left-wing activists...,https://www.algemeiner.com/2026/08/03/melat-kiros-walks-back-nuanced-comments-on-israel-jewish-community-after-progressive-backlash/,Algemeiner,Corey Walker,2026-08-03T22:09:11,2026-08-03 22:09:32.902497,https://www.algemeiner.com/?p=777210
"‘Thank God, my father isn't alive to see this,’ says owner of Montreal building in which kosher restaurant torched","“You try to take us down, we’ll come back bigger and better,” Howard Szalavetz told JNS of plans to rebuild the restaurant as police probe the fire as a possible hate crime.",https://www.jns.org/news/world/thank-god-my-father-isnt-alive-to-see-this-says-owner-of-montreal-building-in-which-kosher-restaurant-torched,JNS,Rikki Zagelbaum,2026-08-03T20:44:29,2026-08-03 22:09:30.287704,https://www.jns.org/news/world/thank-god-my-father-isnt-alive-to-see-this-says-owner-of-montreal-building-in-which-kosher-restaurant-torched
"False prophets, then and now","Are we good because it pays to be good? Or are we good because we believe, down to our bones, that it’s the right way to live?",https://www.jns.org/opinion/rabbi-yossy-goldman/false-prophets-then-and-now,JNS,Rabbi Yossy Goldman,2026-08-03T21:00:00,2026-08-03 22:09:30.287667,https://www.jns.org/opinion/rabbi-yossy-goldman/false-prophets-then-and-now
"Justice Department sues Montgomery County, in Maryland, for banning firearms in synagogues","""If there is any place where people are entitled to feel safe and to defend themselves, it is at a place of worship,"" the court filing states.",https://www.jns.org/news/u-s-news/justice-department-sues-montgomery-county-for-banning-firearms-in-synagogues,JNS,Jessica Russak-Hoffman,2026-08-03T21:10:31,2026-08-03 22:09:30.287629,https://www.jns.org/news/u-s-news/justice-department-sues-montgomery-county-for-banning-firearms-in-synagogues
"No discernible shift among progressive LGBT activists, groups on Islamist threat after Berlin attack, experts say","“At the very, very most generous, I would say the naivete of the LGBTQ community is astounding,” Deborah Lipstadt, a former U.S. special envoy to combat Jew-hatred, told JNS.",https://www.jns.org/news/world/no-discernible-shift-among-progressive-lgbt-activists-groups-on-islamist-threat-after-berlin-attack-experts-say,JNS,Aaron Bandler,2026-08-03T21:17:10,2026-08-03 22:09:30.287592,https://www.jns.org/news/world/no-discernible-shift-among-progressive-lgbt-activists-groups-on-islamist-threat-after-berlin-attack-experts-say
"Marquee Sparks Anger of Jewish Community: Theater Near Portland posted “Before the Jews, There Was the Odyssey,’","A Portland, Oregon theater with a reputation for controversial marquees posted one for Christopher Nolan’s “The Odyssey” that concerned many in the Jewish community. The post Marquee Sparks Anger of Jewish Community: Theater Near Portland posted “Before the Jews, There Was the Odyssey,’ appeared first on Jewish Journal .",https://jewishjournal.com/community/390811/marquee-sparks-anger-of-jewish-community-theater-near-portland-posted-before-the-jews-there-was-the-odyssey/,Jewish Journal,Alan Zeitlin,2026-08-03T21:20:41,2026-08-03 22:09:27.781752,https://jewishjournal.com/?p=390811
Man charged in a Jewish journalist’s death vandalized a Jewish business days before,"The unsolved murder of a Jewish man in a public park, a synagogue desecrated with motor oil and feces, a bagel shop splattered with dirt, and the sudden and tragic death of a Jewish journalist. Those incidents within a few miles of each other in a heavily Jewish neighborhood of Queens have put the Jewish... The post Man charged in a Jewish journalist’s death vandalized a Jewish business days before appeared first on The Forward .",https://forward.com/news/842687/queens-jewish-cara-trager-antisemitism/,The Forward,Hannah Feuer,2026-08-03T21:12:28,2026-08-03 22:09:23.444396,https://forward.com/?p=842687
Online influencers spread theory that Israel orchestrated Moroccan migrant surge to Spanish enclave,"Conspiracy theories on social media have been viewed millions of times, the Combat Antisemitism Movement said. -- The post Online influencers spread theory that Israel orchestrated Moroccan migrant surge to Spanish enclave appeared first on Jewish Telegraphic Agency .",https://www.jta.org/2026/08/03/global/online-influencers-spread-theory-that-israel-orchestrated-moroccan-migrant-surge-to-spanish-enclave,JTA,Shira Li Bartov,2026-08-03T21:19:26,2026-08-03 22:09:20.745865,https://www.jta.org/?p=1905463
From Chabad kid to Berkeley Renewal shul’s new rabbi,"It’s been quite the journey for Rabbi Rishe Groner, the new assistant rabbi at Chochmat HaLev, a Renewal congregation in Berkeley. “I’m a Chabad-raised, Conservative-ordained, Renewal-adjacent, Shechinah-obsessed, embodied, post-Hasidic Jewish [&#8230;]",https://jweekly.com/2026/08/03/this-chabad-raised-woman-is-the-newest-rabbi-at-berkeleys-chochmat-halev/,J. Weekly,Sue Fishkoff,2026-08-03T21:23:41,2026-08-03 22:09:15.664994,https://jweekly.com/?p=307891
Inside the Bay Area’s growing Jewish-Hindu alliance,Tali Klima walked in the chilly rain in San Francisco alongside thousands of other Jews carrying Israeli flags and signs decrying antisemitism at the Unity March in early 2024. Then [&#8230;],https://jweekly.com/2026/08/03/inside-the-bay-areas-growing-jewish-hindu-alliance/,J. Weekly,Niva Ashkenazi,2026-08-03T22:06:35,2026-08-03 22:09:15.664944,https://jweekly.com/?p=307898
Defense minister backtracks on firing IDF West Bank chief on live TV after meeting with settler leaders,Defense Minister Israel Katz met with West Bank settlement leaders after announcing live on television that he had decided to remove Central Command chief Avi Bluth. His office said the leaders praised Bluth for his security and settlement achievements,https://www.haaretz.com/israel-news/israel-security/2026-08-03/ty-article/.premium/katz-backtracks-on-firing-idf-west-bank-chief-after-settler-talks/0000019f-c8e9-ddc4-adbf-deefb5da0000,Haaretz,Yaniv Kubovich,2026-08-03T19:46:43,2026-08-03 20:27:18.275158,https://www.haaretz.com/israel-news/israel-security/2026-08-03/ty-article/.premium/katz-backtracks-on-firing-idf-west-bank-chief-after-settler-talks/0000019f-c8e9-ddc4-adbf-deefb5da0000
Haaretz Cartoon,,https://www.haaretz.com/opinion/daily-cartoon/2026-08-03/ty-article-opinion/haaretz-cartoon/0000019f-c93f-d22f-a79f-cf3f826d0000,Haaretz,Amos Biderman,2026-08-03T20:22:50,2026-08-03 20:27:18.275099,https://www.haaretz.com/opinion/daily-cartoon/2026-08-03/ty-article-opinion/haaretz-cartoon/0000019f-c93f-d22f-a79f-cf3f826d0000
Florida man who threw brick through Chabad window said he was motivated by 'propaganda',"The 30-year-old vandalized the synagogue simply ""because it was a Jewish place of worship.""",https://www.jns.org/news/u-s-news/florida-man-who-threw-brick-through-chabad-window-said-he-was-motivated-by-propaganda,JNS,,2026-08-03T18:50:00,2026-08-03 20:27:11.604054,https://www.jns.org/news/u-s-news/florida-man-who-threw-brick-through-chabad-window-said-he-was-motivated-by-propaganda
Jewish charter-school group seeks injunction over Oklahoma program exclusion,The National Ben Gamla Jewish Charter School Foundation argues the state’s refusal to consider its application violates constitutional protections for religious applicants.,https://www.jns.org/news/u-s-news/jewish-charter-school-group-seeks-injunction-over-oklahoma-charter-program-exclusion,JNS,,2026-08-03T19:05:37,2026-08-03 20:27:11.604021,https://www.jns.org/news/u-s-news/jewish-charter-school-group-seeks-injunction-over-oklahoma-charter-program-exclusion
Why aggressors keep winning at the negotiating table,Hamas and Iran understand something democratic societies often forget. They don’t have to win; they just have to survive.,https://www.jns.org/opinion/stephen-flatow/why-aggressors-keep-winning-at-the-negotiating-table,JNS,Stephen M. Flatow,2026-08-03T20:00:00,2026-08-03 20:27:11.603978,https://www.jns.org/opinion/stephen-flatow/why-aggressors-keep-winning-at-the-negotiating-table
"AIPAC gets a lot of attention in Michigan Senate primary, but voters say it’s not their top issue","Abdul El-Sayed has made opposition to the group a defining feature of his campaign. -- The post AIPAC gets a lot of attention in Michigan Senate primary, but voters say it’s not their top issue appeared first on Jewish Telegraphic Agency .",https://www.jta.org/2026/08/03/politics/aipac-gets-a-lot-of-attention-in-michigan-senate-primary-but-voters-say-its-not-their-top-issue,JTA,Grace Gilson,2026-08-03T19:11:53,2026-08-03 20:27:02.505675,https://www.jta.org/?p=1905444
Thousands of teens gather in Israel to celebrate their connection to Jewish life — and each other,"Part musical festival, part celebration and part networking event, the first Big Tent gathering since 2023 brought together high schoolers from across North America and Israel. -- The post Thousands of teens gather in Israel to celebrate their connection to Jewish life — and each other appeared first on Jewish Telegraphic Agency .",https://www.jta.org/2026/08/03/israel/thousands-of-teens-gather-in-israel-to-celebrate-their-connection-to-jewish-life-and-each-other,JTA,70 Faces Media,2026-08-03T19:17:02,2026-08-03 20:27:02.505625,https://www.jta.org/?p=1905381
"Spike in number of Israelis leaving country may be harmful to security and economy, new study warns","Some 268,509 Israelis were out of the country for at least three months from 2023 to 2025. -- The post Spike in number of Israelis leaving country may be harmful to security and economy, new study warns appeared first on Jewish Telegraphic Agency .",https://www.jta.org/2026/08/03/israel/spike-in-number-of-israelis-leaving-country-may-be-harmful-to-security-and-economy-new-study-warns,JTA,Tovah Lazaroff,2026-08-03T19:18:08,2026-08-03 20:27:02.505561,https://www.jta.org/?p=1905443
"Israeli court rules Booking.com not liable after Iran war cancels $5,500 Dubai vacation","After their flight to Dubai was canceled during the 2025 war with Iran, two Israeli families sued Booking.com when the hotel refused to refund their payment. A Tel Aviv small claims court ruled that the company was not liable under its terms of service in cases of force majeure",https://www.haaretz.com/israel-news/travel/news/2026-08-03/ty-article/.premium/family-loses-refund-for-5-500-dubai-vacation-as-israeli-court-backs-booking-com/0000019f-c7d6-d55c-af9f-dfdf647a0000,Haaretz,Efrat Neuman,2026-08-03T16:39:00,2026-08-03 18:51:16.408717,https://www.haaretz.com/israel-news/travel/news/2026-08-03/ty-article/.premium/family-loses-refund-for-5-500-dubai-vacation-as-israeli-court-backs-booking-com/0000019f-c7d6-d55c-af9f-dfdf647a0000
"Eight videos, five gunmen and more than 30 rounds: Reconstructing the deadly shooting in Tell","Much remains unclear about the incident in the West Bank village of Tell, in which four Palestinians and two Israelis were killed. But eight videos help reconstruct the sequence of events, as the IDF examines whether one of the Israelis was accidentally killed by Israeli fire",https://www.haaretz.com/israel-news/israel-security/2026-08-03/ty-article/.premium/five-gunmen-and-more-than-30-rounds-reconstructing-the-deadly-shooting-in-tell/0000019f-c82d-d312-a3ff-ee2df2e50000,Haaretz,Matan Golan,2026-08-03T16:57:24,2026-08-03 18:51:16.408682,https://www.haaretz.com/israel-news/israel-security/2026-08-03/ty-article/.premium/five-gunmen-and-more-than-30-rounds-reconstructing-the-deadly-shooting-in-tell/0000019f-c82d-d312-a3ff-ee2df2e50000
Netanyahu turned Israel from trusted U.S. ally to a sidelined observer,"It has become a refrain that Netanyahu torched Israel's image in the eyes of Americans. That is true, yet it also understates the extent of the damage Netanyahu has wrought",https://www.haaretz.com/israel-news/haaretz-today/2026-08-03/ty-article/.highlight/netanyahu-turned-israel-from-trusted-u-s-ally-to-a-sidelined-observer/0000019f-c82f-db33-a5ff-fa7f6ea20000,Haaretz,Joshua Leifer,2026-08-03T17:06:33,2026-08-03 18:51:16.408647,https://www.haaretz.com/israel-news/haaretz-today/2026-08-03/ty-article/.highlight/netanyahu-turned-israel-from-trusted-u-s-ally-to-a-sidelined-observer/0000019f-c82f-db33-a5ff-fa7f6ea20000
Senior police officer investigated after Haaretz probe into far-right rapper-influencer,"The officer was barred from police facilities for 10 days. Haaretz's investigation revealed, through testimonies and recordings, that Yoav Eliasi used his police connections to benefit an entertainment complex in Tel Aviv, where he held a financial stake",https://www.haaretz.com/israel-news/israel-crime/2026-08-03/ty-article/.premium/senior-police-officer-probed-after-haaretz-report-on-ben-gvir-ally-rapper/0000019f-c7db-d2da-adbf-efdfe9ba0000,Haaretz,Josh Breiner,2026-08-03T17:29:56,2026-08-03 18:51:16.408615,https://www.haaretz.com/israel-news/israel-crime/2026-08-03/ty-article/.premium/senior-police-officer-probed-after-haaretz-report-on-ben-gvir-ally-rapper/0000019f-c7db-d2da-adbf-efdfe9ba0000
Board of Peace: Israel to start Gaza withdrawal only after Hamas disarmed,"The Trump-backed Board of Peace initially said the IDF withdrawal and Hamas disarmament would be completed simultaneously, later amending its statement • A senior Israeli official said earlier that the IDF insists on the right to strike any threats in Gaza and will not withdraw",https://www.haaretz.com/gaza/2026-08-03/ty-article/.premium/board-of-peace-idf-to-withdraw-from-gaza-after-hamas-weapons-decommissioned/0000019f-c80e-d970-adff-cc7f84770000,Haaretz,Rawan Suleiman,2026-08-03T18:03:46,2026-08-03 18:51:16.408574,https://www.haaretz.com/gaza/2026-08-03/ty-article/.premium/board-of-peace-idf-to-withdraw-from-gaza-after-hamas-weapons-decommissioned/0000019f-c80e-d970-adff-cc7f84770000
James Fishback Maintains Strong Lead Among Young Voters in New Poll,"Controversial Florida gubernatorial candidate James Fishback maintains a polling lead among young voters, raising alarms among Jewish conservatives. James Fishback,...",https://www.algemeiner.com/2026/08/03/james-fishback-maintains-strong-lead-among-young-voters-in-new-poll/,Algemeiner,Corey Walker,2026-08-03T18:42:28,2026-08-03 18:51:11.392705,https://www.algemeiner.com/?p=777197
"Montreal Soccer Team Condemns, Launches Probe Into ‘Death to Israel’ Chants Against Israeli Player",The Canadian professional soccer team CF Montréal said on Sunday it condemns the &#8220;Death to Israel&#8221; chanting by its fans...,https://www.algemeiner.com/2026/08/03/montreal-soccer-team-condemns-launches-probe-into-death-to-israel-chants-against-israeli-player/,Algemeiner,Shiryn Ghermezian,2026-08-03T18:45:18,2026-08-03 18:51:11.392668,https://www.algemeiner.com/?p=777196
"Even in the darkest moments of history, people love","A new movie in English and Hebrew, “For the Love of a Woman,” weaves its way from 1930s’ British Mandatory Palestine to America and Israel in the 1970s, telling a very relatable story of relationships.",https://www.jns.org/feature/even-in-the-darkest-moments-of-history-people-love,JNS,Carin M. Smilk,2026-08-03T16:00:00,2026-08-03 18:51:08.970561,https://www.jns.org/feature/even-in-the-darkest-moments-of-history-people-love
"SCOOP: Washington state human rights panelist, who resigned over Jew-hatred remark, didn't disclose in application his son works for the governor","Luc Jasmin III, a Democratic candidate for the Washington state House, previously told JNS that his father, who said at a meeting of the state panel that Jews seem to be ""always crying over the antisemitism,"" applied for the job ""just like everyone else.""",https://www.jns.org/news/u-s-news/scoop-washington-state-human-rights-panelist-who-resigned-over-jew-hatred-remark-didnt-disclose-in-application-his-son-works-for-the-governor,JNS,Jessica Russak-Hoffman,2026-08-03T16:22:23,2026-08-03 18:51:08.970521,https://www.jns.org/news/u-s-news/scoop-washington-state-human-rights-panelist-who-resigned-over-jew-hatred-remark-didnt-disclose-in-application-his-son-works-for-the-governor
One road to Jerusalem began in Semlin,The reinterment of Theodor Herzl’s grandparents is a reminder of the familial and spiritual roots of political Zionism.,https://www.jns.org/opinion/haim-ben-yakov/one-road-to-jerusalem-began-in-semlin,JNS,Haim Ben Yakov,2026-08-03T16:30:00,2026-08-03 18:51:08.970480,https://www.jns.org/opinion/haim-ben-yakov/one-road-to-jerusalem-began-in-semlin
"DSA-backed Wisconsin gubernatorial candidate campaigns with Ilhan Omar, Hasan Piker","Francesca Hong, a member of the Democratic Socialists of America, told reporters after a rally with the Minnesota congresswoman and the far-left streamer, both outspoken critics of Israel, that it would ""be a risk not to try to build the broadest coalition possible.""",https://www.jns.org/news/u-s-news/dsa-backed-wisconsin-gubernatorial-candidate-campaigns-with-ilhan-omar-hasan-piker,JNS,,2026-08-03T18:39:27,2026-08-03 18:51:08.970437,https://www.jns.org/news/u-s-news/dsa-backed-wisconsin-gubernatorial-candidate-campaigns-with-ilhan-omar-hasan-piker
He stumbled upon Leonard Bernstein’s stubble on his way to finding a ‘Lost Mozart’,"David Israel needed an electric razor, so he borrowed Leonard Bernstein’s. It was the early ‘90s and Israel was about to make his first trip overseas as a representative of the Bernstein estate at the London Symphony Orchestra. He knew that European outlets had a different voltage and so he phoned up the maestro’s daughter... The post He stumbled upon Leonard Bernstein&#8217;s stubble on his way to finding a &#8216;Lost Mozart&#8217; appeared first on The Forward .",https://forward.com/culture/books/842579/the-lost-mozart-music-amadeus-david-k-israel-novel-leonard-bernstein/,The Forward,PJ Grisar,2026-08-03T18:11:26,2026-08-03 18:51:01.812540,https://forward.com/?p=842579
Police face penalty for claiming Toronto Muslims reverted to Islam after Oct. 7,The police standards unit said the comments were likely to undermine public trust in policing. -- The post Police face penalty for claiming Toronto Muslims reverted to Islam after Oct. 7 appeared first on Jewish Telegraphic Agency .,https://www.jta.org/2026/08/03/global/police-face-penalty-for-claiming-toronto-muslims-reverted-to-islam-after-oct-7,JTA,Ron Kampeas,2026-08-03T17:21:40,2026-08-03 18:50:59.108382,https://www.jta.org/?p=1905423
The Woody Guthrie story you’ve probably never heard is deeply Jewish,"A documentary recasts the folk singer’s legacy through the influence of his mother-in-law, Yiddish poet Aliza Greenblatt. -- The post The Woody Guthrie story you&#8217;ve probably never heard is deeply Jewish appeared first on Jewish Telegraphic Agency .",https://www.jta.org/2026/08/03/culture/the-woody-guthrie-story-youve-probably-never-heard-is-deeply-jewish,JTA,Andrew Silow-Carroll,2026-08-03T18:00:11,2026-08-03 18:50:59.108333,https://www.jta.org/?p=1905328
"Trump: Iran negotiations start Monday; Hormuz, denuclearization deal 'imminent'","Trump said, 'We had an attack that would be the biggest attack since World War II, and it would have been disastrous,' after he was asked by Saudi Arabia, the UAE, Qatar and Iran to call off strikes",https://www.haaretz.com/israel-news/israel-security/2026-08-03/ty-article/trump-iran-negotiations-start-monday-hormuz-denuclearization-deal-imminent/0000019f-c51f-d3b5-a99f-edff95800000,Haaretz,Haaretz,2026-08-03T03:00:00,2026-08-03 16:26:04.212433,https://www.haaretz.com/israel-news/israel-security/2026-08-03/ty-article/trump-iran-negotiations-start-monday-hormuz-denuclearization-deal-imminent/0000019f-c51f-d3b5-a99f-edff95800000
Defense minister's office advocated for pro-gov't reservist's return to IDF unit he was removed from,"Right-wing activist Ziv Baranes was transferred from his reserve unit after making political statements in uniform, sources say. After Defense Minister Katz's office contacted the military, his commanders reinstated him",https://www.haaretz.com/israel-news/israel-security/2026-08-03/ty-article/.premium/defense-ministers-office-advocated-for-pro-govt-reservists-return-to-idf-unit/0000019f-c750-d157-abdf-d7fa4d920000,Haaretz,Bar Peleg,2026-08-03T14:28:25,2026-08-03 16:26:04.212362,https://www.haaretz.com/israel-news/israel-security/2026-08-03/ty-article/.premium/defense-ministers-office-advocated-for-pro-govt-reservists-return-to-idf-unit/0000019f-c750-d157-abdf-d7fa4d920000
Spider-Man's real superpower and Wham!'s brush with the Chinese Communist Party,Tom Holland's Spider-Man returns to our screens while a documentary about the historic 1985 China tour by Wham! is fascinating as George Michael and Andrew Ridgeley meet a wary Chinese public,https://www.haaretz.com/life/film/2026-08-03/ty-article-magazine/.premium/spider-mans-real-superpower-and-wham-s-brush-with-the-chinese-communist-party/0000019f-c6b7-ded7-adbf-c7bf047d0000,Haaretz,Adrian Hennigan,2026-08-03T14:40:04,2026-08-03 16:26:04.212316,https://www.haaretz.com/life/film/2026-08-03/ty-article-magazine/.premium/spider-mans-real-superpower-and-wham-s-brush-with-the-chinese-communist-party/0000019f-c6b7-ded7-adbf-c7bf047d0000
Report: U.S. Army asks soldiers for 'unconventional' ideas to punish Iran,The appeal for fresh ideas came as President Donald Trump weighs expanding the military campaign despite internal warnings that air power has 'its limits.' CNN reported that officials fear conventional options are dwindling as the war enters a new phase,https://www.haaretz.com/us-news/2026-08-03/ty-article/.premium/report-u-s-army-asks-soldiers-for-unconventional-ideas-to-punish-iran/0000019f-c79f-d970-adff-cfffdfbf0000,Haaretz,Haaretz,2026-08-03T15:03:44,2026-08-03 16:26:04.212279,https://www.haaretz.com/us-news/2026-08-03/ty-article/.premium/report-u-s-army-asks-soldiers-for-unconventional-ideas-to-punish-iran/0000019f-c79f-d970-adff-cfffdfbf0000
What American Policymakers Don’t Understand About War in the Middle East,"For the American president, it’s time to understand that purposeful war with Iran requires more than belligerent rhetoric and hyperbolic...",https://www.algemeiner.com/2026/08/03/what-american-policymakers-dont-understand-about-war-in-the-middle-east/,Algemeiner,Louis René Beres,2026-08-03T15:35:07,2026-08-03 16:25:59.757420,https://www.algemeiner.com/?p=777179
Anti-Israel Activity Continues to Be a Major Problem on University and College Campuses,"Universities continue to adapt to the Trump administration’s crackdown on foreign students, research financing, DEI, and other forms of bias....",https://www.algemeiner.com/2026/08/03/anti-israel-activity-continues-to-be-a-major-problem-on-university-and-college-campuses/,Algemeiner,Alexander Joffe,2026-08-03T15:35:21,2026-08-03 16:25:59.757390,https://www.algemeiner.com/?p=777187
Older Americans Are Showing Up to Fight Antisemitism: We Should Focus on Helping Them,"People are ultimately judged by what they do and don’t do, and young Jewish adults are missing in action in...",https://www.algemeiner.com/2026/08/03/older-americans-are-showing-up-to-fight-antisemitism-we-should-focus-on-helping-them/,Algemeiner,Daniel Rosen,2026-08-03T15:35:38,2026-08-03 16:25:59.757361,https://www.algemeiner.com/?p=777184
Twenty-Four Million People Will Live in Israel in 2100,"Earlier this year, Statistics Canada reported that Canada’s total fertility rate for 2024 had dropped to a new &#8220;ultra low&#8221; of 1.25....",https://www.algemeiner.com/2026/08/03/twenty-four-million-people-will-live-in-israel-in-2100/,Algemeiner,Jacob Sivak,2026-08-03T15:35:50,2026-08-03 16:25:59.757316,https://www.algemeiner.com/?p=777175
Nashville Bookstore Cancels Book Launch of Jewish Author Behind ‘White. Blonde. Jew’ After Anti-Zionist Social Media Campaign,"A newly opened independent bookstore in Nashville, Tennessee, has cancelled a book launch event with &#8220;White. Blonde. Jew&#8221; author, photographer...",https://www.algemeiner.com/2026/08/03/nashville-bookstore-cancels-book-launch-of-jewish-author-behind-white-blonde-jew-after-anti-zionist-social-media-campaign/,Algemeiner,Shiryn Ghermezian,2026-08-03T15:36:13,2026-08-03 16:25:59.757272,https://www.algemeiner.com/?p=777189
Federal judge dismisses extortion counts against first Orthodox Jewish Maryland state legislator,Dalya Attar still faces two counts in an alleged scheme to film a disgruntled campaign consultant in a compromising position and threaten to release the video.,https://www.jns.org/news/u-s-news/federal-judge-dismisses-extortion-counts-against-first-orthodox-jewish-maryland-state-legislator,JNS,Mike Wagenheim,2026-08-03T14:42:56,2026-08-03 16:25:57.508008,https://www.jns.org/news/u-s-news/federal-judge-dismisses-extortion-counts-against-first-orthodox-jewish-maryland-state-legislator
"Pride display in Washington state defaced with Nazi symbol, local council says","“This hate symbol represents the murderous program that extinguished the lives of six million Jews, gay men and other marginalized people,” the San Juan County Council stated.",https://www.jns.org/news/u-s-news/pride-display-in-washington-state-defaced-with-nazi-symbol-local-council-says,JNS,,2026-08-03T14:45:44,2026-08-03 16:25:57.507975,https://www.jns.org/news/u-s-news/pride-display-in-washington-state-defaced-with-nazi-symbol-local-council-says
Tehran has entered a tunnel of collapse,"Washington’s indecision and strategic confusion are forcing CENTCOM—and, more broadly, the CIA—to rethink its approach to the Islamic regime.",https://www.jns.org/opinion/erfan-fard/tehran-has-entered-a-tunnel-of-collapse,JNS,Erfan Fard,2026-08-03T15:00:00,2026-08-03 16:25:57.507938,https://www.jns.org/opinion/erfan-fard/tehran-has-entered-a-tunnel-of-collapse
"Anti-Jewish hate crimes up 53.3% in NYC in July, compared to last year, with Jews targeted in 70% of 'confirmed' hate crimes","Despite making up about 10% of New Yorkers, Jews were the targets of 58% of all ""reported"" hate crimes in the Big Apple last month, according to city data.",https://www.jns.org/news/u-s-news/anti-jewish-hate-crimes-up-53-3-in-nyc-in-july-compared-to-last-year-with-jews-targeted-in-70-of-confirmed-hate-crimes,JNS,Menachem Wecker,2026-08-03T15:18:48,2026-08-03 16:25:57.507906,https://www.jns.org/news/u-s-news/anti-jewish-hate-crimes-up-53-3-in-nyc-in-july-compared-to-last-year-with-jews-targeted-in-70-of-confirmed-hate-crimes
Queens man arrested on hate crime charges in alleged vandalism of Jewish-owned bagel shop,"Authorities said Dawood Faisal, 22, targeted Bagels & Co. in two acts of vandalism in May and is currently being held without bail on charges stemming from an unrelated fatal crash that killed a member of Queens' Jewish community.",https://www.jns.org/news/antisemitism/queens-man-arrested-on-hate-crime-charges-in-alleged-vandalism-of-jewish-owned-bagel-shop,JNS,Rebecca Szlechter,2026-08-03T16:20:58,2026-08-03 16:25:57.507864,https://www.jns.org/news/antisemitism/queens-man-arrested-on-hate-crime-charges-in-alleged-vandalism-of-jewish-owned-bagel-shop
Your Daily Phil: Suicide highlights gaps in Israel’s post-Oct. 7 mental health care,The post Your Daily Phil: Suicide highlights gaps in Israel’s post-Oct. 7 mental health care appeared first on eJewishPhilanthropy .,https://ejewishphilanthropy.com/your-daily-phil-suicide-highlights-gaps-in-israels-post-oct-7-mental-health-care/,eJewish Philanthropy,EJP,2026-08-03T15:02:44,2026-08-03 16:25:45.977310,https://ejewishphilanthropy.com/?p=178126
How Haifa's ghost buildings expose one of Israel's biggest real estate failures,Haifa has mapped 670 abandoned buildings and drawn up plans to revive them. One urban activist is leading an effort to bring them back to life: 'I see myself as a social worker for buildings',https://www.haaretz.com/magazine/2026-08-03/ty-article-magazine/.premium/i-see-myself-as-a-social-worker-for-hundreds-of-haifas-abandoned-buildings/0000019f-653c-d551-a9bf-6f7e91a30000,Haaretz,Liat Levy,2026-08-03T10:47:41,2026-08-03 13:41:33.291294,https://www.haaretz.com/magazine/2026-08-03/ty-article-magazine/.premium/i-see-myself-as-a-social-worker-for-hundreds-of-haifas-abandoned-buildings/0000019f-653c-d551-a9bf-6f7e91a30000
Boy George cedes role of King Herod in 'Jesus Christ Superstar' production after releasing pro-Israel song,The Culture Club singer's manager says stepping aside will allow the production to 'remain the focus' after the release of his outspoken tribute to the victims of Hamas' October 7 attack,https://www.haaretz.com/world-news/europe/2026-08-03/ty-article/boy-george-cedes-jesus-christ-superstar-role-after-releasing-pro-israel-song/0000019f-c6f5-d3cf-a5ff-cff527cb0000,Haaretz,JTA,2026-08-03T11:05:54,2026-08-03 13:41:33.291261,https://www.haaretz.com/world-news/europe/2026-08-03/ty-article/boy-george-cedes-jesus-christ-superstar-role-after-releasing-pro-israel-song/0000019f-c6f5-d3cf-a5ff-cff527cb0000
A Jewish politician in an Islamist party: The unprecedented move shaking up the Israeli election,,https://www.haaretz.com/israel-news/podcasts/2026-08-03/ty-article-podcast/could-a-jewish-politician-joining-an-islamist-party-shake-up-israels-election/0000019f-c6da-d2d0-af9f-fefa76c80000,Haaretz,Haaretz Podcast,2026-08-03T11:09:46,2026-08-03 13:41:33.291230,https://www.haaretz.com/israel-news/podcasts/2026-08-03/ty-article-podcast/could-a-jewish-politician-joining-an-islamist-party-shake-up-israels-election/0000019f-c6da-d2d0-af9f-fefa76c80000
What we can learn from France's celebration of a Jewish Resistance hero,"Historian Marc Bloch, who was tortured and executed in 1944, was recently inducted into the Pantheon. What followed was an important lesson on contemporary politics, narrative and antisemitism",https://www.haaretz.com/opinion/2026-08-03/ty-article-opinion/.premium/what-we-can-learn-from-frances-celebration-of-a-jewish-resistance-hero/0000019f-c741-d3cf-a5ff-cff51ba90000,Haaretz,Emmanuel Deonna,2026-08-03T11:18:04,2026-08-03 13:41:33.291202,https://www.haaretz.com/opinion/2026-08-03/ty-article-opinion/.premium/what-we-can-learn-from-frances-celebration-of-a-jewish-resistance-hero/0000019f-c741-d3cf-a5ff-cff51ba90000
"Unlike Israel's latest influencer, Charli XCX would have recognized Yitzhak Rabin","Israeli influencer Odeya Pinto inhabits the narrow, reflexive world of contemporary Israel. Charli xcx represents a different kind of celebrity – one that engages with culture rather than simply being carried along by it",https://www.haaretz.com/life/2026-08-03/ty-article-magazine/.premium/unlike-israels-latest-influencer-charli-xcx-would-have-recognized-yitzhak-rabin/0000019f-c17e-d47a-a9bf-ebffa75f0000,Haaretz,Nissan Shor,2026-08-03T11:37:46,2026-08-03 13:41:33.291172,https://www.haaretz.com/life/2026-08-03/ty-article-magazine/.premium/unlike-israels-latest-influencer-charli-xcx-would-have-recognized-yitzhak-rabin/0000019f-c17e-d47a-a9bf-ebffa75f0000
Israel's Supreme Court looks the other way as patients in Gaza suffer,"The country's highest court will hear petitions by Palestinian patients stuck in war-torn Gaza, but whenever an urgent intervention is needed to save lives, the judges choose to delay and defer, often at a terrible cost",https://www.haaretz.com/opinion/2026-08-03/ty-article-opinion/.premium/israels-supreme-court-looks-the-other-way-as-patients-in-gaza-suffer/0000019f-c76e-d6c8-a9bf-dfff33970000,Haaretz,Keren Shavit,2026-08-03T11:59:11,2026-08-03 13:41:33.291129,https://www.haaretz.com/opinion/2026-08-03/ty-article-opinion/.premium/israels-supreme-court-looks-the-other-way-as-patients-in-gaza-suffer/0000019f-c76e-d6c8-a9bf-dfff33970000
How the Palestinian Authority just exposed its true agenda,"“Judeacation” takes viewers to the heart of Judea and Samaria, where history, faith and modern Israel meet. Hosted by JNS Middle East correspondent Josh Hasten, the series dispels myths and misconceptions about life in the region the world calls the “West Bank,” but which Jews know as the cradle of their civilization. Through on-the-ground reporting and candid conversations with residents, leaders and pioneers, “Judeacation” reveals the truth about the people who live and build in the heart of the Jewish homeland—a place where ancient history and contemporary Zionism intertwine. Each episode offers a look at the realities of Israel’s heartland, countering media bias with firsthand stories of courage, community and connection to the land. Hasten explores topics ranging from security and sovereignty to faith, culture and innovation, spotlighting those shaping Israel’s future from its biblical core. As Hasten often reminds viewers, Jews are called Jews because they come from Judea. And “Judeacation” is where that story continues to unfold. See more at: @JNS_TV and subscribe to our YouTube channel.",https://www.jns.org/jns-tv/judeacation/how-the-palestinian-authority-just-exposed-its-true-agenda,JNS,Josh Hasten,2026-08-03T11:07:28,2026-08-03 13:41:26.592897,https://www.jns.org/jns-tv/judeacation/how-the-palestinian-authority-just-exposed-its-true-agenda
Herzog: Hamas must disarm before next phase of Trump’s Gaza plan,"“I see a lot of positive elements in the efforts of the Board of Peace,"" said the Israeli president.",https://www.jns.org/news/israel-news/herzog-hamas-must-disarm-before-next-phase-of-trumps-gaza-plan,JNS,JNS Staff,2026-08-03T12:09:51,2026-08-03 13:41:26.592793,https://www.jns.org/news/israel-news/herzog-hamas-must-disarm-before-next-phase-of-trumps-gaza-plan
A tale of three ‘anybody but Bibi’ stooges,"Eyal Megged, Ronen Tzur and Dan Shilon can’t explain the source of their hatred for Israeli Prime Minister Benjamin Netanyahu, so they attack interviewer Sharon Gal and i24News.",https://www.jns.org/opinion/column/ruthie-blum/a-tale-of-three-anybody-but-bibi-stooges,JNS,Ruthie Blum,2026-08-03T12:42:31,2026-08-03 13:41:26.592760,https://www.jns.org/opinion/column/ruthie-blum/a-tale-of-three-anybody-but-bibi-stooges
"US envoy urges caution as Israel, Lebanon resume talks in Rome",Ambassador Michel Issa warned that implementing the June framework requires careful work to protect civilians.,https://www.jns.org/news/israel-news/us-envoy-urges-caution-as-israel-lebanon-resume-talks-in-rome,JNS,JNS Staff,2026-08-03T12:46:07,2026-08-03 13:41:26.592702,https://www.jns.org/news/israel-news/us-envoy-urges-caution-as-israel-lebanon-resume-talks-in-rome
"Jewish law exempts self-incrimination not testimony, rabbis say after Fauci pleads ‘no comment’ 111 times","“A person should be forthright and honest,” but Dr. Anthony Fauci “made himself out to be someone with something to hide,” Rabbi Yaakov Menken told JNS.",https://www.jns.org/news/u-s-news/jewish-law-exempts-self-incrimination-not-testimony-rabbis-say-after-fauci-pleads-no-comment-111-times,JNS,Menachem Wecker,2026-08-03T13:00:00,2026-08-03 13:41:26.592671,https://www.jns.org/news/u-s-news/jewish-law-exempts-self-incrimination-not-testimony-rabbis-say-after-fauci-pleads-no-comment-111-times
The weeping antisemite,Today’s Jew-haters fancy themselves a caste of saints.,https://www.jns.org/opinion/column/benjamin-kerstein/the-weeping-antisemite,JNS,Benjamin Kerstein,2026-08-03T13:15:00,2026-08-03 13:41:26.592633,https://www.jns.org/opinion/column/benjamin-kerstein/the-weeping-antisemite
"'Antisemitism exists in Idaho even if it's less common than in many other parts of country,' Jewish leader says","""Our concern isn't simply the number of reported criminal incidents,"" Moshe Herman told JNS. ""More often, we see growing social hostility, misinformation about Israel and an increase in antisemitic rhetoric online and in public discourse.""",https://www.jns.org/news/u-s-news/antisemitism-exists-in-idaho-even-if-its-less-common-than-in-many-other-parts-of-country-jewish-leader-says,JNS,Menachem Wecker,2026-08-03T13:30:00,2026-08-03 13:41:26.592594,https://www.jns.org/news/u-s-news/antisemitism-exists-in-idaho-even-if-its-less-common-than-in-many-other-parts-of-country-jewish-leader-says
Fresh suicide highlights gaps in post-Oct. 7 mental health support,"Bar Asraf was not at the Nova Music Festival when terrorists burst through the Gaza border fence and massacred those in attendance —along with hundreds more Israelis —on Oct. 7, 2023. And yet, as reports emerged that he had taken his own life on Saturday night at the grave of his close, longtime friend Liron... Read More The post Fresh suicide highlights gaps in post-Oct. 7 mental health support appeared first on eJewishPhilanthropy .",https://ejewishphilanthropy.com/fresh-suicide-highlights-gaps-in-post-oct-7-mental-health-support/,eJewish Philanthropy,Judah Ari Gross,2026-08-03T11:56:10,2026-08-03 13:41:14.841627,https://ejewishphilanthropy.com/?p=178076
"Before you set a destination, know your starting point","Every strategic plan I read this year has a vision statement: bold language about where the organization is headed in five years, 10 years, a generation. Board members love this work, consultants build entire practices around it. I understand the appeal; vision is exciting, its aspirational and it photographs well for the annual report. But... Read More The post Before you set a destination, know your starting point appeared first on eJewishPhilanthropy .",https://ejewishphilanthropy.com/before-you-set-a-destination-know-your-starting-point/,eJewish Philanthropy,Jonah Halper,2026-08-03T12:30:00,2026-08-03 13:41:14.841576,https://ejewishphilanthropy.com/?p=178080
Who gets to explain the Jews?,"In 1892, the Zionist thinker Ahad Haam found what he called half consolation in one of the most grotesque accusations ever made against Jews. The blood libel claimed Jews murdered Christian children and used their blood in religious rituals. It was monstrous. But it had one strange advantage. Every Jew knew, with total certainty, that... Read More The post Who gets to explain the Jews? appeared first on eJewishPhilanthropy .",https://ejewishphilanthropy.com/who-gets-to-explain-the-jews/,eJewish Philanthropy,Steve Freedman,2026-08-03T12:46:33,2026-08-03 13:41:14.841521,https://ejewishphilanthropy.com/?p=178082
Game changer? What if this Jewish lawmaker joins an Israeli Arab party,"Yoav Segalovitz made a name for himself among Arab voters for fighting crime in the sector. His joining Mansour Abbas' United Arab List could help legitimize the party and be a game-changer for the center-left bloc. That is, if it's not just a market test",https://www.haaretz.com/israel-news/elections/2026-08-03/ty-article/.premium/game-changer-what-if-this-jewish-lawmaker-joins-an-israeli-arab-party/0000019f-c52f-d3b5-a99f-edefdd2d0000,Haaretz,Jack Khoury,2026-08-03T08:31:59,2026-08-03 10:43:05.521468,https://www.haaretz.com/israel-news/elections/2026-08-03/ty-article/.premium/game-changer-what-if-this-jewish-lawmaker-joins-an-israeli-arab-party/0000019f-c52f-d3b5-a99f-edefdd2d0000
Netanyahu's defense minister just picked his biggest fight yet with the IDF,"Gripped by panic ahead of the Likud primaries, Defense Minister Israel Katz announced the West Bank commander's replacement live on pro-Netanyahu television, blindsiding the IDF and pushing army chief Eyal Zamir into a full-blown confrontation",https://www.haaretz.com/israel-news/israel-security/2026-08-03/ty-article/.premium/netanyahus-defense-minister-just-picked-his-biggest-fight-yet-with-the-idf/0000019f-c645-d3f5-abbf-fe6748a80000,Haaretz,Amos Harel,2026-08-03T09:44:30,2026-08-03 10:43:05.521413,https://www.haaretz.com/israel-news/israel-security/2026-08-03/ty-article/.premium/netanyahus-defense-minister-just-picked-his-biggest-fight-yet-with-the-idf/0000019f-c645-d3f5-abbf-fe6748a80000
"Emigration from Israel remained at a record high in 2025, study finds","About 90,000 Israelis left the country for at least three months in 2025, compared with an annual average of roughly 60,000 before 2023. Researchers warn that rising emigration could eventually threaten Israel's security and economy",https://www.haaretz.com/israel-news/israel-politics/2026-08-03/ty-article/.premium/emigration-from-israel-remained-at-a-record-high-in-2025-study-finds/0000019f-c6b2-de7a-afff-cfb65fb80000,Haaretz,Nati Tucker,2026-08-03T10:02:38,2026-08-03 10:43:05.521383,https://www.haaretz.com/israel-news/israel-politics/2026-08-03/ty-article/.premium/emigration-from-israel-remained-at-a-record-high-in-2025-study-finds/0000019f-c6b2-de7a-afff-cfb65fb80000
"Right-wing, settler leaders condemn live TV dismissal of IDF's West Bank chief","Netanyahu rivals Gadi Eisenkot and Naftali Bennett accused the defense minister of announcing Maj. Gen. Avi Bluth's replacement for Likud primary gains. A far-right Ben-Gvir ally was the only lawmaker to praise the move, accusing the general of targeting settlers",https://www.haaretz.com/israel-news/elections/2026-08-03/ty-article/.premium/israeli-settler-leaders-laud-idf-w-bank-chief-after-minister-ousts-him-on-tv/0000019f-c67d-d799-af9f-dffd06630000,Haaretz,Noa Shpigel,2026-08-03T10:18:39,2026-08-03 10:43:05.521351,https://www.haaretz.com/israel-news/elections/2026-08-03/ty-article/.premium/israeli-settler-leaders-laud-idf-w-bank-chief-after-minister-ousts-him-on-tv/0000019f-c67d-d799-af9f-dffd06630000
Residents of this Israeli city fear speaking out against Haredi extremists. Can they save it?,"Excessive construction has turned Beit Shemesh into a real estate monster. It's on track to become Israel's second-largest city with an overwhelming Haredi majority, pushing non-Haredi Jewish residents into isolation – or out",https://www.haaretz.com/israel-news/2026-08-03/ty-article-magazine/.premium/residents-fear-speaking-out-against-haredi-extremists-can-they-save-their-city/0000019f-653b-d8d7-a3df-653b51310000,Haaretz,Tali Heruti-Sover,2026-08-03T10:20:28,2026-08-03 10:43:05.521314,https://www.haaretz.com/israel-news/2026-08-03/ty-article-magazine/.premium/residents-fear-speaking-out-against-haredi-extremists-can-they-save-their-city/0000019f-653b-d8d7-a3df-653b51310000
"Huckabee ridicules Cenk Uygur, Javier Bardem over Israel claims",The U.S. ambassador to Jerusalem dismissed their comments as absurd misinformation.,https://www.jns.org/news/antisemitism/huckabee-ridicules-cenk-uygur-javier-bardem-over-israel-claims,JNS,JNS Staff,2026-08-03T06:40:54,2026-08-03 10:42:58.317165,https://www.jns.org/news/antisemitism/huckabee-ridicules-cenk-uygur-javier-bardem-over-israel-claims
Christian Zionists open visitor center in Samaria,The Israel Guys Visitors Center on the Mount of Blessing was inaugurated by an evangelical group known for bringing in thousands of volunteer farmers to work the biblical heartland.,https://www.jns.org/news/israel-news/christian-zionists-open-visitor-center-in-samaria,JNS,Etgar Lefkovits,2026-08-03T06:42:16,2026-08-03 10:42:58.317141,https://www.jns.org/news/israel-news/christian-zionists-open-visitor-center-in-samaria
Uganda inaugurates bronze statue of Yonatan Netanyahu,"The sculpture was created by Israeli artist Itay Zalait, who began his military service in the elite IDF unit Yoni Netanyahu commanded.",https://www.jns.org/news/israel-news/uganda-inaugurates-bronze-statue-of-yonatan-netanyahu,JNS,JNS Staff,2026-08-03T06:47:40,2026-08-03 10:42:58.317114,https://www.jns.org/news/israel-news/uganda-inaugurates-bronze-statue-of-yonatan-netanyahu
Ceuta crisis fuels Israel conspiracy theories,"Actor Javier Bardem and others helped spread anti-Israel narratives across social media after the deadly border breach, drawing accusations of antisemitic incitement.",https://www.jns.org/feature/ceuta-crisis-fuels-israel-conspiracy-theories,JNS,Canaan Lidor,2026-08-03T06:56:06,2026-08-03 10:42:58.317085,https://www.jns.org/feature/ceuta-crisis-fuels-israel-conspiracy-theories
Israel says it raised concerns with White House over deal to disarm Hamas,"""Disarming means physically giving up the weapons. Nothing less,"" an Israeli official said.",https://www.jns.org/news/israel-news/israel-says-it-raised-concerns-with-white-house-over-deal-to-disarm-hamas,JNS,JNS Staff,2026-08-03T07:09:10,2026-08-03 10:42:58.317059,https://www.jns.org/news/israel-news/israel-says-it-raised-concerns-with-white-house-over-deal-to-disarm-hamas
MK Yuli Edelstein: 'Israel’s political system is broken',"Welcome to “Basic Law,” the JNS show hosted by Aylana Meisel, executive director of the Israel Law & Liberty Forum. This insightful series takes viewers inside the debates shaping Israel’s legal system and its role in the Middle East, tackling the nation’s most urgent constitutional and judicial questions. From the foundations of Israel’s Basic Laws to the balance between democratic governance and judicial authority, Meisel offers analysis on how legal frameworks influence everything from civil rights to national security. She examines how international law affects Israel’s position in regional conflicts and diplomacy, connecting complex legal theory to the realities of Israeli news and global affairs. In partnership with the Israel Law & Liberty Forum, “Basic Law” provides a forum for conservative and classical liberal voices to explore how law and liberty intersect in a democratic Jewish state. Each episode brings together top jurists, scholars and policymakers for candid conversations that illuminate Israel’s evolving legal landscape. The discussions are designed to inform, not persuade—offering thoughtful perspectives on judicial reform, constitutional interpretation and the rule of law in a region often defined by political and ideological tension. See more at: @JNS_TV and subscribe to our YouTube channel. The Israel Law & Liberty Forum is proud to partner with JNS to offer a platform for conservative and classical liberal legal thought from within Israel. Any opinions stated are those of the speaker and not meant to represent the positions of the forum or JNS. The forum is an organization that fosters thoughtful conversation and debate on key issues in Israeli law and democracy. The forum takes no official position regarding any specific policy issue, nor does it advance specific policies.",https://www.jns.org/jns-tv/basic-law/mk-yuli-edelstein-israels-political-system-is-broken,JNS,Aylana Meisel,2026-08-03T08:51:10,2026-08-03 10:42:58.317031,https://www.jns.org/jns-tv/basic-law/mk-yuli-edelstein-israels-political-system-is-broken
Is Trump preparing for a final showdown with Iran?,"“Jerusalem Minute” is your JNS weekly news briefing filmed in the JNS Media Hub in Jerusalem, the heart of where some of Israel’s biggest stories unfold. Hosted by Alex Traiman, JNS CEO and Jerusalem bureau chief, and Middle East correspondent Josh Hasten, the show delivers sharp, real-time analysis on the events shaping Israel and the Middle East. From Gaza to Lebanon to Iran’s regional aggression, U.S.-Israel diplomacy and domestic political turmoil, “Jerusalem Minute” offers an up-to-the-minute picture of what’s happening and why it matters. Bring an understanding of the history of the Middle East and insider perspectives, Traiman and Hasten unpack Israel’s most urgent developments. Each episode connects breaking news to the broader geopolitical landscape—examining how global decisions, regional tensions and media narratives impact Israel’s security and diplomacy. For anyone seeking a credible, fast-moving analysis of Israel news and Middle East affairs, “Jerusalem Minute” delivers context and clarity you won’t find anywhere else. See more at: @JNS_TV and subscribe to our YouTube channel.",https://www.jns.org/jns-tv/jlminute/is-trump-preparing-for-a-final-showdown-with-iran,JNS,Josh Hasten,2026-08-03T09:07:44,2026-08-03 10:42:58.316921,https://www.jns.org/jns-tv/jlminute/is-trump-preparing-for-a-final-showdown-with-iran
Israeli elections 2026: Meet the parliament—MK Vladimir Beliak,The Yesh Atid lawmaker says Israel needs a broad Zionist coalition to rebuild the country after the Oct. 7 attacks.,https://www.jns.org/feature/israeli-elections-2026-meet-the-parliament-mk-vladimir-beliak,JNS,Amelie Botbol,2026-08-03T09:14:22,2026-08-03 10:42:58.316840,https://www.jns.org/feature/israeli-elections-2026-meet-the-parliament-mk-vladimir-beliak
Court halts gov’t initiative to place crocodiles around prison with Hamas terrorists,Israeli National Security Minister Itamar Ben-Gvir slammed the Israeli judicial system for “siding” with terrorists.,https://www.jns.org/news/israel-news/court-halts-govt-initiative-to-place-crocodiles-around-prison-with-hamas-terrorists,JNS,JNS Staff,2026-08-03T10:09:19,2026-08-03 10:42:58.316809,https://www.jns.org/news/israel-news/court-halts-govt-initiative-to-place-crocodiles-around-prison-with-hamas-terrorists
'The hate must be stopped': Israeli envoy slams antisemitic incidents in Montreal,"A series of events, including arson, chants at a soccer match and an assault, has raised concern among officials and Jewish groups in the city.",https://www.jns.org/news/antisemitism/the-hate-must-be-stopped-israeli-envoy-slams-antisemitic-incidents-in-montreal,JNS,Joshua Marks,2026-08-03T10:24:12,2026-08-03 10:42:58.316771,https://www.jns.org/news/antisemitism/the-hate-must-be-stopped-israeli-envoy-slams-antisemitic-incidents-in-montreal
The battle over a Jerusalem cafe may be the rallying cry secular Israelis needed,,https://www.haaretz.com/opinion/editorial/2026-08-03/ty-article-opinion/the-battle-over-a-jerusalem-cafe-may-be-the-rallying-cry-secular-israelis-needed/0000019f-c3bf-d37f-adff-d7bf6bb40000,Haaretz,Haaretz Editorial,2026-08-03T00:46:13,2026-08-03 06:24:15.544755,https://www.haaretz.com/opinion/editorial/2026-08-03/ty-article-opinion/the-battle-over-a-jerusalem-cafe-may-be-the-rallying-cry-secular-israelis-needed/0000019f-c3bf-d37f-adff-d7bf6bb40000
Documents reveal how Israel's Elbit armed the United Arab Emirates,"Just weeks after the Houthi attack on Abu Dhabi, Israel's largest arms manufacturer proposed supplying the UAE with a fleet of dozens of strategic drones. Leaked internal documents allegedly reveal the array of weapons systems sold to the Gulf state",https://www.haaretz.com/israel-news/security-aviation/2026-08-03/ty-article-magazine/.premium/how-israels-elbit-armed-the-united-arab-emirates/0000019f-c256-d2d0-af9f-faf6c5730000,Haaretz,Oded Yaron,2026-08-03T06:14:18,2026-08-03 06:24:15.544702,https://www.haaretz.com/israel-news/security-aviation/2026-08-03/ty-article-magazine/.premium/how-israels-elbit-armed-the-united-arab-emirates/0000019f-c256-d2d0-af9f-faf6c5730000
Israeli study reveals the geometry that could drive future smart materials,"By understanding how geometric constraints drive folding and buckling, engineers may be able to create materials that assemble themselves for use where traditional methods are impractical.",https://www.jns.org/news/israel-news/israeli-study-reveals-the-geometry-that-could-drive-future-smart-materials,JNS,Pesach Benson/TPS-IL,2026-08-03T04:07:00,2026-08-03 06:24:08.613521,https://www.jns.org/news/israel-news/israeli-study-reveals-the-geometry-that-could-drive-future-smart-materials
‘The Mount of Olives is the pantheon of Jewish leadership’,"Jeff Daube tells JNS why the world’s oldest and most venerated Jewish cemetery is becoming a center for Jewish identity, education and heritage.",https://www.jns.org/feature/the-mount-of-olives-is-the-pantheon-of-jewish-leadership,JNS,Steve Linde,2026-08-03T04:37:00,2026-08-03 06:24:08.613488,https://www.jns.org/feature/the-mount-of-olives-is-the-pantheon-of-jewish-leadership
Battle for the soul of American Christianity runs through Israel,"Theology shapes our worldview, not the other way around.",https://www.jns.org/opinion/zach-bauer/battle-for-the-soul-of-american-christianity-runs-through-israel,JNS,Zach Bauer,2026-08-03T04:45:00,2026-08-03 06:24:08.613454,https://www.jns.org/opinion/zach-bauer/battle-for-the-soul-of-american-christianity-runs-through-israel
Jonathan Pollard plants a vineyard in memory of Esther Pollard,The dedication at Ramat Negev Winery honored the woman Pollard credits with securing his freedom and bringing him home to Israel.,https://www.jns.org/feature/jonathan-pollard-plants-a-vineyard-in-memory-of-esther-pollard,JNS,Judith Segaloff,2026-08-03T04:54:26,2026-08-03 06:24:08.613427,https://www.jns.org/feature/jonathan-pollard-plants-a-vineyard-in-memory-of-esther-pollard
Trump says renewed US-Iran talks set to begin,The president did not say where the negotiations would take place.,https://www.jns.org/news/u-s-news/trump-says-renewed-us-iran-talks-to-begin-monday,JNS,Akiva Van Koningsveld,2026-08-03T05:22:19,2026-08-03 06:24:08.613394,https://www.jns.org/news/u-s-news/trump-says-renewed-us-iran-talks-to-begin-monday
International Fellowship of Christians and Jews dedicates expanded trauma room at Nazareth Hospital,"In response to growing demand among residents of Israel’s northern region, the Nazareth Hospital EMMS marked the grand opening of an expanded and renovated trauma treatment room, which provides a significantly enhanced level of emergency care response for the northern Israeli hospital. Made possible with the support of the International Fellowship of Christians and Jews (IFCJ), the grand opening was commemorated with a dedication ceremony attended by EMMS Nazareth CEO, Waseem Dibbini, and Nazareth Hospital director professor Fahed Hakim, among other hospital administrators and medical staff. Also in attendance were Yael Eckstein, president of IFCJ; Safwan Marich, director of IFCJ’s Security and Emergency Response Division; and George Deek, special envoy of Israel to the Christian world. The expanded trauma room, which started operating in December, was designed to respond to evolving standards of medical care for patients who have suffered traumatic injuries and need an immediate, and often life-saving, medical response. The layout of the room allows for multi-departmental and multidisciplinary teams to work seamlessly together when every second counts. “This new trauma room reflects the EMMS Nazareth ongoing commitment to continue developing our team's capabilities by embracing the latest methods and tools to care for patients in need of complex urgent response,” said Dibbini. “We are very grateful to The Fellowship for the support and partnership that has allowed us to bring this important project to fruition. We look forward to continuing to work together to provide the quality, life-saving care for the benefit of our patients and the wider region from all backgrounds.” Hakim added that “the opening of this trauma room is an important milestone in achieving our vision to expand and develop our hospital and provide our patients advanced, accessible, high-quality care. I have no doubt that this investment in our medical infrastructure is a direct investment in the safety and well-being of patients in those critical moments when lives depend on immediate care.” The Nazareth Hospital EMMS is one of northern Israel’s most established facilities, committed to medical and technological advancement designed to expand and upgrade medical services for the people of Nazareth and the surrounding areas. The hospital provides public-health services to more than 80,000 patients annually in its ER and is home to the region’s main emergency room and trauma unit. Eckstein said that “it is especially meaningful that our Christian donors from around the world have chosen to invest in Nazareth, a place so deeply associated with their faith. Although the hospital is a Christian institution, its message is universal: to reflect the values that we share with our Christian friends of compassion, mercy and love of others.”",https://www.jns.org/wire/international-fellowship-of-christians-and-jews/international-fellowship-of-christians-and-jews-dedicates-expanded-trauma-room-at-nazareth-hospital,JNS,,2026-08-03T05:30:03,2026-08-03 06:24:08.613354,https://www.jns.org/wire/international-fellowship-of-christians-and-jews/international-fellowship-of-christians-and-jews-dedicates-expanded-trauma-room-at-nazareth-hospital
11 questions and answers about the most closely watched primary in 2026,Eleven questions and answers about the most closely watched primary in 2026 between Abdul El-Sayed and Haley Stevens,https://www.haaretz.com/us-news/2026-08-03/ty-article-magazine/.premium/why-michigans-senate-democratic-primary-has-become-a-fight-over-israel-aipac/0000019f-c409-d37f-adff-d5bdb9e90000,Haaretz,Etan Nechin,2026-08-02T21:10:27,2026-08-03 02:50:44.714559,https://www.haaretz.com/us-news/2026-08-03/ty-article-magazine/.premium/why-michigans-senate-democratic-primary-has-become-a-fight-over-israel-aipac/0000019f-c409-d37f-adff-d5bdb9e90000
Defense minister fires IDF's West Bank chief on live television without Chief of Staff Zamir's approval,"Military sources said Defense Minister Katz was trying to 'settle the scores' on Channel 14 and punish Central Command Chief Bluth, who pushed back on Katz over his handling of a settler suspected of sexually abusing a Palestinian during a West Bank raid",https://www.haaretz.com/israel-news/israel-security/2026-08-03/ty-article/.premium/defense-minister-ousts-idfs-west-bank-chief-live-on-television/0000019f-c4b3-de7a-afff-cfb7d01c0000,Haaretz,Yaniv Kubovich,2026-08-03T00:18:54,2026-08-03 02:50:44.714511,https://www.haaretz.com/israel-news/israel-security/2026-08-03/ty-article/.premium/defense-minister-ousts-idfs-west-bank-chief-live-on-television/0000019f-c4b3-de7a-afff-cfb7d01c0000
'The Haredim are more moral than most of your secular Jews',"Say what you will – these people refuse to participate in the festival of blood and destruction in the Gaza Strip, the West Bank or southern Lebanon",https://www.haaretz.com/opinion/2026-08-03/ty-article-opinion/.premium/the-haredim-are-more-moral-than-most-of-your-secular-jews/0000019f-c3bc-ded7-adbf-c3bf9ef00000,Haaretz,Odeh Bisharat,2026-08-03T00:38:01,2026-08-03 02:50:44.714474,https://www.haaretz.com/opinion/2026-08-03/ty-article-opinion/.premium/the-haredim-are-more-moral-than-most-of-your-secular-jews/0000019f-c3bc-ded7-adbf-c3bf9ef00000
What would Netanyahu have in common with Zelenskyy?,"Even today, four and a half years after Russia's invasion of Ukraine, Netanyahu still apparently views Putin as being in a 'different league' – a league to which he wants to belong",https://www.haaretz.com/opinion/2026-08-03/ty-article-opinion/.premium/what-would-pm-have-in-common-with-zelenskyy/0000019f-c3bd-d2d0-af9f-fbbdb3fa0000,Haaretz,Ksenia Svetlova,2026-08-03T00:45:19,2026-08-03 02:50:44.714441,https://www.haaretz.com/opinion/2026-08-03/ty-article-opinion/.premium/what-would-pm-have-in-common-with-zelenskyy/0000019f-c3bd-d2d0-af9f-fbbdb3fa0000
The battle over a Jerusalem cafe may be the rallying cry secular Israelis needed,,https://www.haaretz.com/opinion/2026-08-03/ty-article/the-battle-over-a-jerusalem-cafe-may-be-the-rallying-cry-secular-israelis-needed/0000019f-c3bf-d37f-adff-d7bf6bb40000,Haaretz,Haaretz Editorial,2026-08-03T00:46:13,2026-08-03 02:50:44.714402,https://www.haaretz.com/opinion/2026-08-03/ty-article/the-battle-over-a-jerusalem-cafe-may-be-the-rallying-cry-secular-israelis-needed/0000019f-c3bf-d37f-adff-d7bf6bb40000
IDF must reject the Defense Minister's order to expel a West Bank refugee camp,Some government ministers openly declare that the expulsion is part of an intentional policy of a permanent takeover of Palestinian land. Such expulsion is defined under international law as a war crime,https://www.haaretz.com/opinion/2026-08-03/ty-article-opinion/.premium/idf-must-reject-the-defense-ministers-order-to-expel-a-west-bank-refugee-camp/0000019f-c3be-de7a-afff-cfbebddd0000,Haaretz,Haaretz,2026-08-03T00:50:37,2026-08-03 02:50:44.714373,https://www.haaretz.com/opinion/2026-08-03/ty-article-opinion/.premium/idf-must-reject-the-defense-ministers-order-to-expel-a-west-bank-refugee-camp/0000019f-c3be-de7a-afff-cfbebddd0000
Netanyahu creates alternative reality to lure back voters,"Netanyahu's leaked quotes from a 'closed meeting' were an attempt to create an impression that he had a rift with the ultra-Orthodox, showing that he really thinks the public is stupid",https://www.haaretz.com/israel-news/elections/2026-08-03/ty-article/.premium/netanyahu-creates-alternative-reality-to-lure-back-voters/0000019f-c3f4-ded7-adbf-c3ff3c000000,Haaretz,Yossi Verter,2026-08-03T00:51:34,2026-08-03 02:50:44.714340,https://www.haaretz.com/israel-news/elections/2026-08-03/ty-article/.premium/netanyahu-creates-alternative-reality-to-lure-back-voters/0000019f-c3f4-ded7-adbf-c3ff3c000000
Poll: Arab party holds five seats even after Yesh Atid MK announces move to join slate,"The opposition bloc continues to not pass the threshold for a majority while boycotting Arab parties, while Netanyahu's Likud and Eisenkot's Yashar parties are tied with 23 seats, according to a Kan 11 poll",https://www.haaretz.com/israel-news/elections/2026-08-03/ty-article/.premium/poll-arab-party-holds-5-seats-even-after-jewish-mk-announces-move-to-join-slate/0000019f-c42c-d37f-adff-d5bc29630000,Haaretz,Haaretz,2026-08-03T00:53:23,2026-08-03 02:50:44.714302,https://www.haaretz.com/israel-news/elections/2026-08-03/ty-article/.premium/poll-arab-party-holds-5-seats-even-after-jewish-mk-announces-move-to-join-slate/0000019f-c42c-d37f-adff-d5bc29630000
"Trump: Iran negotiations start Monday; Hormuz, denuclearization deal 'imminent'",,https://www.haaretz.com/israel-news/israel-security/2026-08-03/ty-article-live/trump-iran-negotiations-start-monday-hormuz-denuclearization-deal-imminent/0000019f-c572-d37f-adff-d5fe2fed0005,Haaretz,Haaretz,2026-08-03T02:29:01,2026-08-03 02:50:44.714256,https://www.haaretz.com/israel-news/israel-security/2026-08-03/ty-article-live/trump-iran-negotiations-start-monday-hormuz-denuclearization-deal-imminent/0000019f-c572-d37f-adff-d5fe2fed0005
A little help for Ezra Klein,"An interview is not a history course, but readers and listeners should still get quality journalism.",https://www.jns.org/opinion/omri-tubi/a-little-help-for-ezra-klein,JNS,Omri Tubi,2026-08-03T00:15:34,2026-08-03 02:50:37.778361,https://www.jns.org/opinion/omri-tubi/a-little-help-for-ezra-klein
"A Boy, Busts and Bulls","When will we finally cease having hopes that Islamists will honor their commitments to ceasefires? Hasn’t the time finally arrived when we can give up any illusion that terrorists will magically be transformed into diplomats, forsaking their keffiyeh scarves for a Calvin Klein makeover? The post A Boy, Busts and Bulls appeared first on Jewish Journal .",https://jewishjournal.com/commentary/opinion/390803/a-boy-busts-and-bulls/,Jewish Journal,Thane Rosenbaum,2026-08-03T00:40:35,2026-08-03 02:50:35.184168,https://jewishjournal.com/?p=390803
Michigan’s Senate race has become a referendum on Israel — and the future of the Democratic Party,"Tuesday’s primary contest for an open U.S. Senate seat in Michigan has become a proxy fight over the Gaza war and a referendum on Israel supporters’ influence in Democratic politics. Democratic voters will decide whether to nominate Dr. Abdul El-Sayed, who is leading in the polls after assailing his opponent as beholden to the campaign... The post Michigan’s Senate race has become a referendum on Israel — and the future of the Democratic Party appeared first on The Forward .",https://forward.com/news/842504/michigan-senate-primary-el-sayed-aipac/,The Forward,Jacob Kornbluh,2026-08-02T22:43:09,2026-08-02 22:57:11.154744,https://forward.com/?p=842504
11 questions and answers about the most closely watched primary in 2026,"The Michigan Senate Democratic primary between Abdul El-Sayed and Haley Stevens, explained",https://www.haaretz.com/us-news/2026-08-03/ty-article-magazine/.premium/11-questions-and-answers-about-the-most-closely-watched-primary-in-2026/0000019f-c409-d37f-adff-d5bdb9e90000,Haaretz,Etan Nechin,2026-08-02T21:10:27,2026-08-02 21:57:19.892238,https://www.haaretz.com/us-news/2026-08-03/ty-article-magazine/.premium/11-questions-and-answers-about-the-most-closely-watched-primary-in-2026/0000019f-c409-d37f-adff-d5bdb9e90000
Unassimilated Muslim migrants in Germany are compromising its future,"The Jews were the “canaries in the coal mine,” but nobody listened.",https://www.jns.org/opinion/joseph-puder/unassimilated-muslim-migrants-in-germany-are-compromising-its-future,JNS,Joseph Puder,2026-08-02T21:00:00,2026-08-02 21:57:12.490898,https://www.jns.org/opinion/joseph-puder/unassimilated-muslim-migrants-in-germany-are-compromising-its-future
Suspected arson gutted Montreal’s trendiest kosher restaurant. The city’s Jews say they saw it coming,"Howard Szalavetz’s phone buzzed around 3:15 a.m. Saturday, startling him awake. It was news no landlord wants: a retail building he owned was on fire. Nöam, the kosher restaurant that anchors it, was burning. He threw on a pair of shorts and a t-shirt and hopped into his daughter’s Ford Bronco. The drive was only... The post Suspected arson gutted Montreal’s trendiest kosher restaurant. The city’s Jews say they saw it coming appeared first on The Forward .",https://forward.com/news/842507/montreal-kosher-restaurant-noam-arson-antisemitism-canada/,The Forward,Benyamin Cohen,2026-08-02T21:05:23,2026-08-02 21:57:04.804389,https://forward.com/?p=842507
Report: Gulf states urged Trump to de-escalate hours before he called off strikes,"According to The Wall Street Journal, mediators in the region presented new proposals for a cease-fire, urging the U.S. and Iran to de-escalate tensions. Saudi Crown Prince Mohammed bin Salman reportedly spoke with Trump on Saturday and urged the president to engage in dialogue",https://www.haaretz.com/middle-east-news/iran/2026-08-02/ty-article/report-gulf-states-urged-trump-to-de-escalate-before-he-called-off-strikes/0000019f-c347-d37f-adff-d7ff61690000,Haaretz,Haaretz,2026-08-02T19:22:18,2026-08-02 20:56:22.078479,https://www.haaretz.com/middle-east-news/iran/2026-08-02/ty-article/report-gulf-states-urged-trump-to-de-escalate-before-he-called-off-strikes/0000019f-c347-d37f-adff-d7ff61690000
Israeli court issues injunction freezing Ben-Gvir's 'Alligator Alcatraz' plan,The judge ruled that claims that the move would harm the animals must be examined. Ben-Gvir responded by accusing the judicial system of 'siding with terrorists' and obstructing measures he said were necessary for Israeli deterrence,https://www.haaretz.com/israel-news/israel-security/2026-08-02/ty-article/.premium/israeli-court-issues-injunction-freezing-ben-gvirs-alligator-alcatraz-plan/0000019f-c35c-d7fb-ab9f-c35fa0bd0000,Haaretz,Zafrir Rinat,2026-08-02T20:00:23,2026-08-02 20:56:22.078435,https://www.haaretz.com/israel-news/israel-security/2026-08-02/ty-article/.premium/israeli-court-issues-injunction-freezing-ben-gvirs-alligator-alcatraz-plan/0000019f-c35c-d7fb-ab9f-c35fa0bd0000
"Netanyahu needs Israelis to live in fear, lest they start thinking rationally","With less than three months until Israelis head to the polls, Netanyahu is using the same political trick that put him in the Prime Minister's Office in the first place: Keeping the general public in a constant state of fear and anxiety",https://www.haaretz.com/israel-news/haaretz-today/2026-08-02/ty-article/.highlight/netanyahu-needs-israelis-to-live-in-fear-lest-they-start-thinking-rationally/0000019f-c308-d2d0-af9f-fbb8d84e0000,Haaretz,Vera Weidenbach,2026-08-02T17:19:43,2026-08-02 19:10:54.938313,https://www.haaretz.com/israel-news/haaretz-today/2026-08-02/ty-article/.highlight/netanyahu-needs-israelis-to-live-in-fear-lest-they-start-thinking-rationally/0000019f-c308-d2d0-af9f-fbb8d84e0000
Top court says separate Tel Aviv schools for foreign children create racial segregation,"The Supreme Court ruled that, given the high concentration of foreign children in just two schools in south Tel Aviv, the municipality and the Education Ministry had to formulate a plan to integrate the students into other schools as well",https://www.haaretz.com/israel-news/israel-politics/2026-08-02/ty-article/.premium/top-court-says-tel-aviv-schools-for-foreign-children-create-racial-segregation/0000019f-c30a-d3b5-a99f-efeed9990000,Haaretz,Ran Shimoni,2026-08-02T17:36:06,2026-08-02 19:10:54.938275,https://www.haaretz.com/israel-news/israel-politics/2026-08-02/ty-article/.premium/top-court-says-tel-aviv-schools-for-foreign-children-create-racial-segregation/0000019f-c30a-d3b5-a99f-efeed9990000
EXCLUSIVE: California district says it’s following state’s direction after probe found it didn’t do enough about Jew-hatred,"“We take seriously any concerns raised about discrimination on our campuses,” Jada Chiu, a spokeswoman for the Campbell Union High School District, told JNS.",https://www.jns.org/news/u-s-news/exclusive-california-district-says-its-following-states-direction-after-probe-found-it-didnt-do-enough-about-jew-hatred,JNS,Aaron Bandler,2026-08-02T17:41:43,2026-08-02 19:10:47.955271,https://www.jns.org/news/u-s-news/exclusive-california-district-says-its-following-states-direction-after-probe-found-it-didnt-do-enough-about-jew-hatred
The illusion of peace cannot erase the reality of war,Diplomatic initiatives have not changed the strategic reality facing either Iran or Hamas.,https://www.jns.org/opinion/column/fiamma-nirenstein/the-illusion-of-peace-cannot-erase-the-reality-of-war,JNS,Fiamma Nirenstein,2026-08-02T18:43:08,2026-08-02 19:10:47.955226,https://www.jns.org/opinion/column/fiamma-nirenstein/the-illusion-of-peace-cannot-erase-the-reality-of-war
New dinosaur discovery in Zimbabwe: Mini-sauropod that may have been bipedal,"Newly revealed small sauropodomorph, named Musango, may have been a bipedal omnivore, unlike its giant vegan cousins such as Diplodocus, which definitely needed four legs",https://www.haaretz.com/science-and-health/2026-08-02/ty-article/new-dinosaur-in-zimbabwe-mini-sauropod-that-may-have-walked-on-two-legs/0000019f-c276-d3b5-a99f-eff6aa1d0000,Haaretz,Ruth Schuster,2026-08-02T16:27:38,2026-08-02 17:09:24.434629,https://www.haaretz.com/science-and-health/2026-08-02/ty-article/new-dinosaur-in-zimbabwe-mini-sauropod-that-may-have-walked-on-two-legs/0000019f-c276-d3b5-a99f-eff6aa1d0000
Likud circulates alleged Netanyahu quotes distancing himself from ultra-Orthodox allies,"According to the messages, Netanyahu allegedly said he intends to introduce a 'comprehensive conscription bill that meets the IDF's needs' in the next government, adding that anyone who is not studying Torah 'will either be drafted or imprisoned'",https://www.haaretz.com/israel-news/israel-politics/2026-08-02/ty-article/.premium/likud-circulates-alleged-netanyahu-quotes-distancing-himself-from-haredi-allies/0000019f-c299-ded7-adbf-c39bc4080000,Haaretz,Noa Shpigel,2026-08-02T16:54:59,2026-08-02 17:09:24.434600,https://www.haaretz.com/israel-news/israel-politics/2026-08-02/ty-article/.premium/likud-circulates-alleged-netanyahu-quotes-distancing-himself-from-haredi-allies/0000019f-c299-ded7-adbf-c39bc4080000
"US, Israel congratulate Morocco’s king on ‘Throne Day’",U.S. President Donald Trump's message celebrated Washington's “enduring friendship with Morocco.”,https://www.jns.org/news/world/us-israel-congratulate-moroccos-king-on-throne-day,JNS,Izzy Salant,2026-08-02T16:09:13,2026-08-02 17:09:16.475320,https://www.jns.org/news/world/us-israel-congratulate-moroccos-king-on-throne-day
American Airlines pushes back Israel flights until spring,"The Dallas-based carrier said it was extending its suspension of service to both Israel and Qatar through March 28, 2027.",https://www.jns.org/news/israel-news/american-airlines-pushes-back-israel-flights-until-spring,JNS,Etgar Lefkovits,2026-08-02T16:32:38,2026-08-02 17:09:16.475290,https://www.jns.org/news/israel-news/american-airlines-pushes-back-israel-flights-until-spring
Why American Jews will once again favor Democrats this fall,"The vast majority of Democratic candidates in this year's midterm elections share the values and concerns of American Jews, much more than extremist Republicans aligned with Trump",https://www.haaretz.com/opinion/2026-08-02/ty-article-opinion/.premium/why-american-jews-will-once-again-favor-democrats-this-fall/0000019f-c2e7-de7a-afff-cff7bac20000,Haaretz,Halie Soifer,2026-08-02T15:00:47,2026-08-02 16:03:44.894618,https://www.haaretz.com/opinion/2026-08-02/ty-article-opinion/.premium/why-american-jews-will-once-again-favor-democrats-this-fall/0000019f-c2e7-de7a-afff-cff7bac20000
Is Trump’s Saudi nuclear deal worth the risk?,"“The Meira K Show” brings a fresh, unfiltered look at society and politics in Israel and the Middle East. With her trademark energy and candor, she tackles stories too often ignored or distorted by mainstream media—offering clarity, courage and context in real time. Whether it’s breaking news, border tensions, political drama or cultural shifts, Meira delivers the facts and emotion behind the headlines with honesty and heart. Fast-paced, fearless and fiercely authentic, “The Meira K Show” gives viewers a frontline perspective on Israel’s most pressing challenges and inspiring moments. Each episode captures the urgency of the moment while keeping it grounded in truth and humanity. If you want to stay informed, inspired and connected to the real Israel, this is the show to watch. See more at: @JNS_TV and subscribe to our YouTube channel.",https://www.jns.org/jns-tv/meira-k-show/is-trumps-saudi-nuclear-deal-worth-the-risk,JNS,Meira K,2026-08-02T15:05:42,2026-08-02 16:03:38.160045,https://www.jns.org/jns-tv/meira-k-show/is-trumps-saudi-nuclear-deal-worth-the-risk
Did Trump and Netanyahu just outmaneuver Iran?,"Welcome to “Straight Up,” the bold, unfiltered JNS news show hosted by former director of Israel’s Government Press Office, Danny Seaman. Drawing on decades at the forefront of Israeli media and public diplomacy, he delivers sharp, unapologetic analysis on the issues shaping Israel, the Middle East and the global news narrative. From dismantling myths about the Oslo Accords in the 1990s to the Abraham Accords of 2020 to exposing the Iran-Hezbollah-Hamas alliance and the Western media’s bias against Israel, Seaman’s commentary is fearless, factual and grounded in firsthand experience. His direct, authoritative voice cuts through propaganda to reveal what’s driving events in the region. Each week, “Straight Up” dives deep into the biggest stories in Israeli news, featuring in-depth conversations with journalists, security experts and policymakers who know the facts behind the headlines. Seaman’s no-spin approach sheds light on the moral, strategic and political challenges facing Israel—from countering terror and defending democracy to navigating its relationships with the United States and Arab world. Candid, uncompromising and deeply informed, “Straight Up” is the show for viewers who want to understand Israel and the Middle East as they truly are—without filters, without fear and straight to the point. See more at: @JNS_TV and subscribe to our YouTube channel.",https://www.jns.org/jns-tv/did-trump-and-netanyahu-just-outmaneuver-iran,JNS,Daniel Seaman,2026-08-02T15:11:29,2026-08-02 16:03:38.159966,https://www.jns.org/jns-tv/did-trump-and-netanyahu-just-outmaneuver-iran
Arson suspected in Montreal kosher eatery fire,The fire is the latest in a spate of attacks on Canadian Jewish institutions. -- The post Arson suspected in Montreal kosher eatery fire appeared first on Jewish Telegraphic Agency .,https://www.jta.org/2026/08/02/global/arson-suspected-in-montreal-kosher-eatery-fire,JTA,Ron Kampeas,2026-08-02T16:00:50,2026-08-02 16:03:29.042229,https://www.jta.org/?p=1905406
Israel's fault? The conspiracy theory surrounding Spain's Ceuta border crossings,"About 60,000 migrants crossing into Spain's North African enclave of Ceuta triggered conspiracy theories from across the political spectrum: Israel and the United States unleashed them in a bid to punish Spain for its staunchly pro-Palestine views and policies",https://www.haaretz.com/world-news/europe/2026-08-02/ty-article/.premium/israels-fault-the-conspiracy-theory-surrounding-spains-ceuta-border-crossings/0000019f-c245-d3b5-a99f-efe5cc7f0000,Haaretz,Linda Dayan,2026-08-02T14:00:55,2026-08-02 15:02:36.402139,https://www.haaretz.com/world-news/europe/2026-08-02/ty-article/.premium/israels-fault-the-conspiracy-theory-surrounding-spains-ceuta-border-crossings/0000019f-c245-d3b5-a99f-efe5cc7f0000
"A Palestinian doctor held in an Israeli prison describes medical neglect, beatings and humiliation","Dr. Mazen Rantisi, 71, who is held in an incarceration facility for security detainees, described violence by guards, severe overcrowding, squalid hygiene conditions and food unfit to eat. The Prison Service: 'The claims are untrue'",https://www.haaretz.com/israel-news/israel-security/2026-08-02/ty-article/.premium/a-palestinian-doctor-held-in-an-israeli-prison-describes-neglect-and-humiliation/0000019f-c15c-d8c7-a5ff-d17dc4d60000,Haaretz,Amira Hass,2026-08-02T14:18:29,2026-08-02 15:02:36.402104,https://www.haaretz.com/israel-news/israel-security/2026-08-02/ty-article/.premium/a-palestinian-doctor-held-in-an-israeli-prison-describes-neglect-and-humiliation/0000019f-c15c-d8c7-a5ff-d17dc4d60000
The art of the deal – or the art of bullshit? Trump's wariness of another Iran war,"Time and again, the U.S. president shows he will return to war only as a last resort. The Mideast has grasped this – and it may trigger a major clash ■ Israeli defense officials confirm receiving a U.S. message to rein in Gaza strikes",https://www.haaretz.com/us-news/2026-08-02/ty-article/.premium/the-art-of-the-deal-or-of-bullshit-trumps-wariness-of-another-iran-war/0000019f-c27e-de7a-afff-cffeb4b60000,Haaretz,Amos Harel,2026-08-02T14:53:14,2026-08-02 15:02:36.402059,https://www.haaretz.com/us-news/2026-08-02/ty-article/.premium/the-art-of-the-deal-or-of-bullshit-trumps-wariness-of-another-iran-war/0000019f-c27e-de7a-afff-cffeb4b60000
The way Netanyahu treated his brother's partner is the way he treats Israelis,Bruria Shaked-Okon's account of being cast aside after Yoni Netanyahu's death in the Entebbe raid foreshadows the callousness that has defined Benjamin Netanyahu's treatment of bereaved families and hostage relatives,https://www.haaretz.com/opinion/2026-08-02/ty-article/.premium/the-way-netanyahu-treated-his-brothers-partner-is-the-way-he-treats-israelis/0000019f-c220-d493-a3bf-d67cbb380000,Haaretz,Yasmin Levy,2026-08-02T12:15:49,2026-08-02 13:40:48.134131,https://www.haaretz.com/opinion/2026-08-02/ty-article/.premium/the-way-netanyahu-treated-his-brothers-partner-is-the-way-he-treats-israelis/0000019f-c220-d493-a3bf-d67cbb380000
Palestinian teenage detainee hospitalized in serious condition was restrained to bed for a week,"M., a 16-year-old from Bethlehem in the West Bank, developed a life-threatening infection while in IDF custody and was transferred to a Jerusalem hospital, where he remained restrained even after losing consciousness. He was released after his parents petitioned the Israel High Court",https://www.haaretz.com/middle-east-news/palestinians/2026-08-02/ty-article/.premium/palestinian-inmate-hospitalized-in-serious-condition-restrained-to-bed-for-week/0000019f-c220-d2d0-af9f-fab06a640001,Haaretz,Matan Golan,2026-08-02T12:17:53,2026-08-02 13:40:48.134092,https://www.haaretz.com/middle-east-news/palestinians/2026-08-02/ty-article/.premium/palestinian-inmate-hospitalized-in-serious-condition-restrained-to-bed-for-week/0000019f-c220-d2d0-af9f-fab06a640001
'Risking New Yorkers' lives': Israel's President Herzog accuses Mamdani of antisemitism,"Speaking to Fox News, Israel's president accused the New York mayor of 'disrespecting the Jewish people's right to a nation of their own,' and urged to repair Israel's relationship with the U.S.: 'We both drink from the fountains of the bible'",https://www.haaretz.com/us-news/2026-08-02/ty-article/.premium/risking-new-yorkers-lives-israels-herzog-accuses-mamdani-of-antisemitism/0000019f-c220-d37f-adff-d7bcfce10000,Haaretz,Haaretz,2026-08-02T12:25:28,2026-08-02 13:40:48.134050,https://www.haaretz.com/us-news/2026-08-02/ty-article/.premium/risking-new-yorkers-lives-israels-herzog-accuses-mamdani-of-antisemitism/0000019f-c220-d37f-adff-d7bcfce10000
AEPi honors Daniel S. Mariaschin with the Arthur Teich Award for Distinguished Alumni Achievement,"Longtime B’nai B’rith International leader recognized for decades of Jewish communal leadership, advocacy and service.",https://www.jns.org/wire/aepi/aepi-honors-daniel-s-mariaschin-with-the-arthur-teich-award-for-distinguished-alumni-achievement,JNS,,2026-08-02T12:01:30,2026-08-02 13:40:41.256068,https://www.jns.org/wire/aepi/aepi-honors-daniel-s-mariaschin-with-the-arthur-teich-award-for-distinguished-alumni-achievement
Former senior Fatah official: Trump plan hinges on IDF ending Gaza strikes,Mohammmed Dahlan said that Jared Kushner assured him that “he is working with the Israeli side to halt the attacks on Gaza.”,https://www.jns.org/news/israel-news/former-senior-fatah-official-trump-plan-hinges-on-idf-ending-gaza-strikes,JNS,JNS Staff,2026-08-02T12:10:27,2026-08-02 13:40:41.256033,https://www.jns.org/news/israel-news/former-senior-fatah-official-trump-plan-hinges-on-idf-ending-gaza-strikes
Qatar PM speaks with Hamas chief on Gaza truce,Doha's head of government wished Khalil al-Hayya success “in serving the interests of the brotherly Palestinian people.”,https://www.jns.org/news/world/qatar-pm-speaks-with-hamas-chief-on-gaza-truce,JNS,JNS Staff,2026-08-02T12:26:12,2026-08-02 13:40:41.255996,https://www.jns.org/news/world/qatar-pm-speaks-with-hamas-chief-on-gaza-truce
"Heeding a Saudi plea, Trump says he canceled a joint U.S.-Israel assault on Iran","(JTA) — President Donald Trump said he canceled at the last minute a planned joint assault with Israel on Iran’s energy infrastructure at the behest of Saudi Arabia, which feared the war blowing up into a wider conflict. The U.S. alerts over the weekend warning citizens to evacuate the Middle East and then Trump’s announcement... The post Heeding a Saudi plea, Trump says he canceled a joint U.S.-Israel assault on Iran appeared first on The Forward .",https://forward.com/fast-forward/842468/heeding-a-saudi-plea-trump-says-he-canceled-a-joint-u-s-israel-assault-on-iran/,The Forward,Ron Kampeas,2026-08-02T13:35:14,2026-08-02 13:40:34.293294,https://forward.com/?p=842468
"Heeding a Saudi plea, Trump says he canceled a joint U.S.-Israel assault on Iran","The planned assault – and Trump’s retreat – appear to have caught Israel off guard. -- The post Heeding a Saudi plea, Trump says he canceled a joint U.S.-Israel assault on Iran appeared first on Jewish Telegraphic Agency .",https://www.jta.org/2026/08/02/united-states/heeding-a-saudi-plea-trump-says-he-canceled-a-joint-u-s-israel-assault-on-iran,JTA,Ron Kampeas,2026-08-02T13:10:04,2026-08-02 13:40:31.701992,https://www.jta.org/?p=1905401
Can hot-air balloons lift tourism back to Israel's Gaza border?,"A balloon festival returns to the western Negev for the first time since October 7, betting that breathtaking views can help revive a shattered tourism industry. But visitors will inevitably also see the devastation Israel has wrought in Gaza",https://www.haaretz.com/life/2026-08-02/ty-article-magazine/.premium/can-hot-air-balloons-lift-tourism-back-to-israels-gaza-border/0000019f-c1ad-db06-a9df-ffad3e4c0000,Haaretz,Moshe Gilad,2026-08-02T11:29:45,2026-08-02 12:02:52.484236,https://www.haaretz.com/life/2026-08-02/ty-article-magazine/.premium/can-hot-air-balloons-lift-tourism-back-to-israels-gaza-border/0000019f-c1ad-db06-a9df-ffad3e4c0000
Parents buy out Brazilian Jewish school to keep it open,The unusual move by a group of entrepreneurs has led to a sudden increase in enrollment in the Rio de Janeiro school.,https://www.jns.org/news/world/parents-buy-out-brazilian-jewish-school-to-keep-it-open,JNS,Etgar Lefkovits,2026-08-02T11:53:00,2026-08-02 12:02:45.563197,https://www.jns.org/news/world/parents-buy-out-brazilian-jewish-school-to-keep-it-open
Trump says he called off Iran attack after Tehran sought more time for deal,"The U.S. president said Iran and several Middle Eastern countries asked Washington to postpone military action because the outlines of an agreement had been reached, adding that Israel had joined the decision to hold off on an attack",https://www.haaretz.com/us-news/2026-08-02/ty-article/trump-says-he-canceled-iran-attack-after-tehran-sought-more-time-for-deal/0000019f-c052-d37f-adff-d5fe01a30000,Haaretz,Ben Samuels,2026-08-02T02:41:27,2026-08-02 10:41:59.461038,https://www.haaretz.com/us-news/2026-08-02/ty-article/trump-says-he-canceled-iran-attack-after-tehran-sought-more-time-for-deal/0000019f-c052-d37f-adff-d5fe01a30000
Report: Iran used cease-fire to plan wider regional campaign against U.S.,"Tehran used the truce to coordinate with Hezbollah, the Houthis and Iraqi militias on a strategy to raise the cost of renewed U.S. military action through attacks across the region, the New York Times reported",https://www.haaretz.com/middle-east-news/iran/2026-08-02/ty-article/.premium/report-iran-used-cease-fire-to-plan-wider-regional-campaign-against-u-s/0000019f-bfec-ded7-adbf-ffef02580000,Haaretz,Haaretz,2026-08-02T08:35:29,2026-08-02 10:41:59.461012,https://www.haaretz.com/middle-east-news/iran/2026-08-02/ty-article/.premium/report-iran-used-cease-fire-to-plan-wider-regional-campaign-against-u-s/0000019f-bfec-ded7-adbf-ffef02580000
Source: Israel demands right to strike Gaza areas set for international force,"Israel told the Board of Peace it also objects to the involvement of Qatar and Turkey in verifying the emerging Gaza roadmap stages, and is demanding that Hamas' weapons be destroyed after being confiscated, a source told Haaretz",https://www.haaretz.com/gaza/2026-08-02/ty-article/.premium/source-israel-wants-freedom-to-strike-in-gaza-areas-to-be-handed-to-intl-force/0000019f-c12a-da0f-a59f-e5ef7ffa0000,Haaretz,Liza Rozovsky,2026-08-02T08:53:10,2026-08-02 10:41:59.460968,https://www.haaretz.com/gaza/2026-08-02/ty-article/.premium/source-israel-wants-freedom-to-strike-in-gaza-areas-to-be-handed-to-intl-force/0000019f-c12a-da0f-a59f-e5ef7ffa0000
They fought back against violent settlers. Now they're branded as terrorists,"Settlers have a method: They establish an outpost, provoke Palestinians and try to provoke a violent response on the path to dispossession. That's what happened in Tell, and the next day in the remote village of Halat al-Hams",https://www.haaretz.com/israel-news/twilight-zone/2026-08-02/ty-article-magazine/.premium/they-fought-back-against-violent-settlers-now-theyre-branded-as-terrorists/0000019f-c120-d47a-a9bf-ebe545630000,Haaretz,Gideon Levy,2026-08-02T10:06:25,2026-08-02 10:41:59.460942,https://www.haaretz.com/israel-news/twilight-zone/2026-08-02/ty-article-magazine/.premium/they-fought-back-against-violent-settlers-now-theyre-branded-as-terrorists/0000019f-c120-d47a-a9bf-ebe545630000
How Trump's Gaza peace plan is becoming the new front in the Iran war,"Hamas' acceptance of the far-reaching agreement runs counter to Iran's position and underscores Gaza's growing role in the U.S.-led regional struggle with Tehran. Even if Israel believes that renewed fighting in the Strip is inevitable, Trump's interests may stand in the way",https://www.haaretz.com/gaza/2026-08-02/ty-article/.premium/how-trumps-gaza-peace-plan-is-becoming-the-new-front-in-the-iran-war/0000019f-c112-d0af-a7ff-d11234680000,Haaretz,Zvi Bar'el,2026-08-02T10:23:14,2026-08-02 10:41:59.460910,https://www.haaretz.com/gaza/2026-08-02/ty-article/.premium/how-trumps-gaza-peace-plan-is-becoming-the-new-front-in-the-iran-war/0000019f-c112-d0af-a7ff-d11234680000
Ronaldo's partner sparks online storm with Hebrew post,Georgina Rodríguez’s Mallorca vacation video drew thousands of comments after she used the Hebrew word for “healthy.”,https://www.jns.org/news/world/ronaldos-partner-sparks-online-storm-with-hebrew-post,JNS,JNS Staff,2026-08-02T08:44:53,2026-08-02 10:41:52.553299,https://www.jns.org/news/world/ronaldos-partner-sparks-online-storm-with-hebrew-post
The myth of the ‘Palestinians’,Israel should stop playing along with the fiction of an ancient “Palestinian” nation.,https://www.jns.org/opinion/mendi-glik/the-myth-of-the-palestinians,JNS,Mendi Glik,2026-08-02T09:00:00,2026-08-02 10:41:52.553276,https://www.jns.org/opinion/mendi-glik/the-myth-of-the-palestinians
"IDF’s 401st Brigade destroys 1,200 Hezbollah sites during eight-month mission in Lebanon",The troops seized over 600 weapons and killed more than 60 terrorists.,https://www.jns.org/news/israel-news/idfs-401st-brigade-destroys-1-200-hezbollah-sites-during-eight-month-mission-in-lebanon,JNS,JNS Staff,2026-08-02T09:29:27,2026-08-02 10:41:52.553253,https://www.jns.org/news/israel-news/idfs-401st-brigade-destroys-1-200-hezbollah-sites-during-eight-month-mission-in-lebanon
IDF reservists major winners of Israeli housing lottery,One of every five reserve soldiers who applied was selected for an apartment at a price subsidized by the state.,https://www.jns.org/news/israel-news/idf-reservists-major-winners-of-israeli-housing-lottery,JNS,JNS Staff,2026-08-02T10:07:43,2026-08-02 10:41:52.553223,https://www.jns.org/news/israel-news/idf-reservists-major-winners-of-israeli-housing-lottery
Danon: Hamas weapons must be removed entirely from Gaza,"""Disarmament is not transferring weapons from one warehouse to another,"" said Israel's UN envoy.",https://www.jns.org/news/israel-news/danon-hamas-weapons-must-be-removed-entirely-from-gaza,JNS,JNS Staff,2026-08-02T06:07:23,2026-08-02 08:24:43.818277,https://www.jns.org/news/israel-news/danon-hamas-weapons-must-be-removed-entirely-from-gaza
Rubio: Degrading Iran’s ‘conventional shield’ puts US in position of strength,"Tehran is now willing to reach a settlement over denuclearization, the secretary of state said.",https://www.jns.org/news/u-s-news/rubio-degrading-irans-conventional-shield-puts-us-in-position-of-strength,JNS,JNS Staff,2026-08-02T06:29:00,2026-08-02 08:24:43.818250,https://www.jns.org/news/u-s-news/rubio-degrading-irans-conventional-shield-puts-us-in-position-of-strength
It's time to choose the Negev,"Like it or not, the future of the Negev is on the ballot in this Israeli election.",https://www.jns.org/opinion/meir-deutsch/its-time-to-choose-the-negev,JNS,Meir Deutsch,2026-08-02T06:45:00,2026-08-02 08:24:43.818221,https://www.jns.org/opinion/meir-deutsch/its-time-to-choose-the-negev
Israeli military begins call-up of new inductees,"The IDF launched its July-August recruitment cycle, enlisting thousands into combat roles.",https://www.jns.org/news/israel-news/israeli-military-begins-call-up-of-new-inductees,JNS,TPS-IL Staff,2026-08-02T07:03:00,2026-08-02 08:24:43.818195,https://www.jns.org/news/israel-news/israeli-military-begins-call-up-of-new-inductees
IDF eliminates Hamas commander who infiltrated Nir Oz on Oct. 7,The Israeli military destroyed five weapons depots belonging to the Palestinian terrorist group across the Strip.,https://www.jns.org/news/israel-news/idf-eliminates-hamas-commander-who-infiltrated-nir-oz-on-oct-7,JNS,JNS Staff,2026-08-02T07:17:46,2026-08-02 08:24:43.818168,https://www.jns.org/news/israel-news/idf-eliminates-hamas-commander-who-infiltrated-nir-oz-on-oct-7
Israel ranked second in Big Mac Index 2026,"The price of McDonald’s flagship hamburger is highest in Switzerland, followed by the Jewish state.",https://www.jns.org/news/israel-news/israel-ranked-second-in-big-mac-index-2026,JNS,JNS Staff,2026-08-02T07:21:12,2026-08-02 08:24:43.818138,https://www.jns.org/news/israel-news/israel-ranked-second-in-big-mac-index-2026
Singapore bans British band over Palestinian flag,"Two members of the trip-hop group displayed an unauthorized emblem during a concert, which prompted a police investigation.",https://www.jns.org/news/world/singapore-bans-british-band-over-palestinian-flag,JNS,JNS Staff,2026-08-02T07:55:46,2026-08-02 08:24:43.818099,https://www.jns.org/news/world/singapore-bans-british-band-over-palestinian-flag
First human trial supports Israeli immune therapy for Alzheimer’s,"Rather than target amyloid plaques, the potential new treatment aims to restore immune functions that naturally decline with age.",https://www.jns.org/news/israel-news/first-human-trial-supports-israeli-immune-therapy-for-alzheimers,JNS,Pesach Benson/TPS-IL,2026-08-02T03:06:00,2026-08-02 05:58:31.478703,https://www.jns.org/news/israel-news/first-human-trial-supports-israeli-immune-therapy-for-alzheimers
'Suspicious' fire destroys kosher restaurant in Montreal,"""Jewish Canadians have heard enough condemnations and promises. Now we need action,"" B'nai Brith Canada said.",https://www.jns.org/news/world/suspicious-fire-destroys-kosher-restaurant-in-montreal,JNS,JNS Staff,2026-08-02T03:40:02,2026-08-02 05:58:31.478676,https://www.jns.org/news/world/suspicious-fire-destroys-kosher-restaurant-in-montreal
UK Supreme Court to reconsider Palestine Action ban,"“We will continue to fight this proscription all the way, if necessary, to the European Court of Human Rights,” a co-founder of the terror group said.",https://www.jns.org/news/world/uk-supreme-court-to-reconsider-palestine-action-ban,JNS,JNS Staff,2026-08-02T04:33:59,2026-08-02 05:58:31.478656,https://www.jns.org/news/world/uk-supreme-court-to-reconsider-palestine-action-ban
The battle behind the story: Victim-blaming as a new tactic,"Increasingly, the question is no longer why innocent Jews have been murdered, but why they had been there in the first place.",https://www.jns.org/opinion/efrat-last/the-battle-behind-the-story-victim-blaming-as-a-new-tactic,JNS,Efrat Last,2026-08-02T05:00:00,2026-08-02 05:58:31.478632,https://www.jns.org/opinion/efrat-last/the-battle-behind-the-story-victim-blaming-as-a-new-tactic
Alleged Hamas financier arrested in the UK,"""Hamas cannot function without injections of money through its illicit financial networks,"" said John A. Eisenberg, assistant attorney general for national security.",https://www.jns.org/news/u-s-news/alleged-hamas-financier-arrested-in-the-uk,JNS,,2026-08-02T05:12:01,2026-08-02 05:58:31.478609,https://www.jns.org/news/u-s-news/alleged-hamas-financier-arrested-in-the-uk
Jews at Cornell aghast after Ivy won’t prevent return of student who said he wouldn’t work for a Jew,"“Do we really go to school with this guy, and is Cornell going to dig itself out of this hole?” Ezra Galperin, a rising senior at the private institution, told JNS.",https://www.jns.org/news/u-s-news/jews-at-cornell-aghast-after-ivy-wont-prevent-return-of-student-who-said-he-wouldnt-work-for-a-jew,JNS,Aaron Bandler,2026-08-02T05:22:55,2026-08-02 05:58:31.478585,https://www.jns.org/news/u-s-news/jews-at-cornell-aghast-after-ivy-wont-prevent-return-of-student-who-said-he-wouldnt-work-for-a-jew
Trump says planned Iran strikes canceled after 'perimeters' of new deal agreed,"""The country of Israel joins me in this commitment,"" Trump said of the negotiations.",https://www.jns.org/news/u-s-news/trump-says-planned-iran-strikes-canceled-after-perimeters-of-new-deal-agreed,JNS,JNS Staff,2026-08-02T05:25:46,2026-08-02 05:58:31.478554,https://www.jns.org/news/u-s-news/trump-says-planned-iran-strikes-canceled-after-perimeters-of-new-deal-agreed
AFN confronts surge of antisemitism by exporting NATAL's trauma playbook,"From Chicago and Germany to the Hamptons, NATAL's crisis-response models are uniting global partners, reducing urban violence and proving that ""No One Heals Alone"" in the face of trauma and hate.",https://www.jns.org/wire/american-friends-of-natal/afn-confronts-surge-of-antisemitism-by-exporting-natals-trauma-playbook,JNS,,2026-08-02T05:43:59,2026-08-02 05:58:31.478522,https://www.jns.org/wire/american-friends-of-natal/afn-confronts-surge-of-antisemitism-by-exporting-natals-trauma-playbook
Trump: U.S. canceled planned Iran strike after request to pursue deal,,https://www.haaretz.com/israel-news/israel-security/2026-08-02/ty-article-live/reports-six-killed-including-a-child-in-a-wave-of-israeli-strikes-across-gaza/0000019f-c01e-de7a-afff-cf9eab5d0000,Haaretz,Haaretz,2026-08-02T01:53:11,2026-08-02 02:49:43.662466,https://www.haaretz.com/israel-news/israel-security/2026-08-02/ty-article-live/reports-six-killed-including-a-child-in-a-wave-of-israeli-strikes-across-gaza/0000019f-c01e-de7a-afff-cf9eab5d0000
Trump says he canceled Iran attack after Tehran sought more time for deal,"The U.S. president said Iran and several Middle Eastern countries asked Washington to postpone military action because the outlines of an agreement had been reached, adding that Israel had joined the decision to hold off on an attack",https://www.haaretz.com/us-news/2026-08-02/ty-article/.premium/trump-says-he-canceled-iran-attack-after-tehran-sought-more-time-for-deal/0000019f-c052-d37f-adff-d5fe01a30000,Haaretz,Ben Samuels,2026-08-02T02:41:27,2026-08-02 02:49:43.662429,https://www.haaretz.com/us-news/2026-08-02/ty-article/.premium/trump-says-he-canceled-iran-attack-after-tehran-sought-more-time-for-deal/0000019f-c052-d37f-adff-d5fe01a30000
The Red Sea security debate,Washington should not allow Cairo’s geopolitical preferences to impose limits on Addis Ababa's legitimate national interests.,https://www.jns.org/opinion/habtom-ghebrezghiabher/the-red-sea-security-debate,JNS,Habtom Ghebrezghiabher,2026-08-02T02:00:00,2026-08-02 02:49:36.929911,https://www.jns.org/opinion/habtom-ghebrezghiabher/the-red-sea-security-debate
Five Toronto police officers disciplined for glorifying Oct. 7 on official podcast,"""We expect accountability that reflects the seriousness of these findings, along with meaningful reforms to ensure this never happens again on an official Toronto police platform,"" CIJA said.",https://www.jns.org/news/world/five-toronto-police-officers-disciplined-for-glorifying-oct-7-on-official-podcast,JNS,JNS Staff,2026-08-02T02:40:31,2026-08-02 02:49:36.929871,https://www.jns.org/news/world/five-toronto-police-officers-disciplined-for-glorifying-oct-7-on-official-podcast
14 Sde Teiman soldiers sentenced to 30 days in prison after unauthorized walkout,"The IDF said two additional soldiers are awaiting trial, while another is awaiting a decision by the commander of the Givati Brigade",https://www.haaretz.com/israel-news/israel-security/2026-08-02/ty-article/.premium/14-sde-teiman-soldiers-sentenced-to-30-days-in-prison-after-unauthorized-walkout/0000019f-bdbe-d37f-adff-bdbe181a0000,Haaretz,Yaniv Kubovich,2026-08-01T23:08:48,2026-08-01 23:58:15.966198,https://www.haaretz.com/israel-news/israel-security/2026-08-02/ty-article/.premium/14-sde-teiman-soldiers-sentenced-to-30-days-in-prison-after-unauthorized-walkout/0000019f-bdbe-d37f-adff-bdbe181a0000
Gideon Levy is wrong. Israel's left can't afford to give up on the Democrats,"The party's response to the killings in Tell reflected the same reflexes as the right, but their rapid correction showed that public pressure can still change a party willing to listen",https://www.haaretz.com/opinion/2026-08-02/ty-article-opinion/.premium/gideon-levy-is-wrong-israels-left-cant-afford-to-give-up-on-the-democrats/0000019f-be73-d3b5-a99f-bff749ed0000,Haaretz,Noa Limone,2026-08-01T23:17:45,2026-08-01 23:58:15.966168,https://www.haaretz.com/opinion/2026-08-02/ty-article-opinion/.premium/gideon-levy-is-wrong-israels-left-cant-afford-to-give-up-on-the-democrats/0000019f-be73-d3b5-a99f-bff749ed0000
Man in his 40s shot dead in Southern Israel; Israel's homicide toll reaches 185,"Police said the shooting was criminally motivated, and that the victim was a known drug trafficker; a 29-year-old man was lightly wounded",https://www.haaretz.com/israel-news/israel-security/2026-08-02/ty-article/.premium/man-in-his-40s-shot-dead-in-southern-israel-israels-homicide-toll-reaches-185/0000019f-bedf-d56e-afff-bedff6f90000,Haaretz,Eden Solomon,2026-08-01T23:40:01,2026-08-01 23:58:15.966128,https://www.haaretz.com/israel-news/israel-security/2026-08-02/ty-article/.premium/man-in-his-40s-shot-dead-in-southern-israel-israels-homicide-toll-reaches-185/0000019f-bedf-d56e-afff-bedff6f90000
Israel's hip-hop scene wants the aesthetics of protest without the politics,"It embraced the language, imagery and swagger of resistance, but recoiled when I, a Palestinian rapper, brought the realities of occupation and discrimination onto the stage",https://www.haaretz.com/opinion/2026-08-02/ty-article-opinion/.premium/israeli-hip-hop-loves-the-sound-of-resistance-but-not-when-palestinians-resist/0000019f-be72-d37f-adff-bffec64a0000,Haaretz,Tamer Nafar,2026-08-01T22:21:11,2026-08-01 22:56:10.099902,https://www.haaretz.com/opinion/2026-08-02/ty-article-opinion/.premium/israeli-hip-hop-loves-the-sound-of-resistance-but-not-when-palestinians-resist/0000019f-be72-d37f-adff-bffec64a0000
IDF on high alert ahead of possible major U.S. strikes on Iran,"CBS reported that Israel and the U.S. are preparing possible strikes on Iranian energy infrastructure, though Trump has not yet given the final order, while Washington urged Americans to reconsider travel across the Middle East",https://www.haaretz.com/middle-east-news/iran/2026-08-02/ty-article/idf-on-high-alert-ahead-of-possible-major-u-s-strikes-on-iran/0000019f-be8a-d3b5-a99f-bfee05de0000,Haaretz,Amos Harel,2026-08-01T21:21:36,2026-08-01 21:57:31.682905,https://www.haaretz.com/middle-east-news/iran/2026-08-02/ty-article/idf-on-high-alert-ahead-of-possible-major-u-s-strikes-on-iran/0000019f-be8a-d3b5-a99f-bfee05de0000
"As Trump's Iran threats near a breaking point, Israel braces for what's to come","U.S. officials said Washington is preparing options for renewed military action against Iran while Trump pushes a Gaza plan centered on Hamas' disarmament. With diplomacy faltering, Israeli officials say the coming days will be critical as the military remains on heightened alert",https://www.haaretz.com/middle-east-news/iran/2026-08-02/ty-article/.premium/as-trumps-iran-threats-near-a-breaking-point-israel-braces-for-whats-to-come/0000019f-bee9-ded7-adbf-ffeb9d710000,Haaretz,Amos Harel,2026-08-01T21:32:54,2026-08-01 21:57:31.682872,https://www.haaretz.com/middle-east-news/iran/2026-08-02/ty-article/.premium/as-trumps-iran-threats-near-a-breaking-point-israel-braces-for-whats-to-come/0000019f-bee9-ded7-adbf-ffeb9d710000
"No justice, more violence: How impunity fuels the West Bank",,https://www.haaretz.com/opinion/editorial/2026-08-02/ty-article-opinion/no-justice-more-violence-how-impunity-fuels-the-west-bank/0000019f-bee0-d37f-adff-bffc19230000,Haaretz,Haaretz Editorial,2026-08-01T21:47:12,2026-08-01 21:57:31.682835,https://www.haaretz.com/opinion/editorial/2026-08-02/ty-article-opinion/no-justice-more-violence-how-impunity-fuels-the-west-bank/0000019f-bee0-d37f-adff-bffc19230000
Israel has no business lecturing Spain,A retired Israeli general's attack on Spain over immigration and Gaza reflects a deeper national affliction: the conviction that Israel can preach morality while refusing to confront its own reality,https://www.haaretz.com/opinion/2026-08-02/ty-article-opinion/.premium/israel-has-no-business-lecturing-spain/0000019f-be73-d56e-afff-beff7cf90000,Haaretz,Gideon Levy,2026-08-01T21:54:19,2026-08-01 21:57:31.682797,https://www.haaretz.com/opinion/2026-08-02/ty-article-opinion/.premium/israel-has-no-business-lecturing-spain/0000019f-be73-d56e-afff-beff7cf90000
The massacre that changed an entire documentary on the Druze of Israel's Golan Heights,"Filmmaker Udi Kalinsky toiled five years to tell the story of the Druze from the Golan Heights. But when Ahmad al-Sharaa's forces descended on Syria's Sweida province a year ago, the nature of the Golan Druze's alienation changed",https://www.haaretz.com/life/2026-08-01/ty-article-magazine/.premium/the-massacre-that-changed-an-entire-documentary-on-druze-in-the-golan-heights/0000019f-b1f5-da04-a7ff-b9f5c1310000,Haaretz,Sheren Falah Saab,2026-08-01T19:19:03,2026-08-01 20:53:49.847033,https://www.haaretz.com/life/2026-08-01/ty-article-magazine/.premium/the-massacre-that-changed-an-entire-documentary-on-druze-in-the-golan-heights/0000019f-b1f5-da04-a7ff-b9f5c1310000
"As Stevens trails El-Sayed in Senate race, Michigan Jews ponder their place in the Democratic Party",Many are now asking if they can stomach voting for El-Sayed in November or if their vote is most valuable toward the previously unthinkable – electing presumed Republican nominee Mike Rogers,https://www.haaretz.com/us-news/2026-08-01/ty-article-magazine/.premium/as-stevens-falters-michigan-jews-ponder-their-place-in-the-democratic-party/0000019f-bdfd-d3b5-a99f-bdfdda200000,Haaretz,Etan Nechin,2026-08-01T20:39:15,2026-08-01 20:53:49.847003,https://www.haaretz.com/us-news/2026-08-01/ty-article-magazine/.premium/as-stevens-falters-michigan-jews-ponder-their-place-in-the-democratic-party/0000019f-bdfd-d3b5-a99f-bdfdda200000
"Twenty years after Michael Levin fell in Lebanon, his legacy is still growing","At a memorial event, U.S. Ambassador Mike Huckabee and Levin’s parents reflected on the Lone Soldier Center that has transformed the lives of thousands of lone soldiers from Israel and abroad.",https://www.jns.org/feature/twenty-years-after-michael-levin-fell-in-lebanon-his-legacy-is-still-growing,JNS,Steve Linde,2026-08-01T18:38:47,2026-08-01 19:08:30.531347,https://www.jns.org/feature/twenty-years-after-michael-levin-fell-in-lebanon-his-legacy-is-still-growing
"Off-duty Israeli soldier arrested on suspicion of shooting Palestinian child in West Bank, IDF says","On Friday, Palestinian news agency Wafa reported that Israeli settlers shot a 10-year-old boy in the back in the village of al-Mughayyir during a raid on a sheep farm near the village of al-Mughayyir",https://www.haaretz.com/israel-news/israel-security/2026-08-01/ty-article/.premium/off-duty-idf-soldier-arrested-on-suspicion-of-shooting-palestinian-child/0000019f-be2c-d56e-afff-beed762a0000,Haaretz,Yaniv Kubovich,2026-08-01T17:02:06,2026-08-01 18:00:39.798597,https://www.haaretz.com/israel-news/israel-security/2026-08-01/ty-article/.premium/off-duty-idf-soldier-arrested-on-suspicion-of-shooting-palestinian-child/0000019f-be2c-d56e-afff-beed762a0000
Israeli troops kill Hezbollah terrorists in Lebanon encounter,An IDF officer was wounded in the incident.,https://www.jns.org/news/israel-news/israeli-troops-kill-hezbollah-terrorists-in-lebanon-encounter,JNS,JNS Staff,2026-08-01T17:26:49,2026-08-01 18:00:32.896112,https://www.jns.org/news/israel-news/israeli-troops-kill-hezbollah-terrorists-in-lebanon-encounter
"IDF reservist dies by suicide in southern Israeli forest, marking third such case in a week","At least 17 IDF soldiers have died by suicide since the start of the year, according to a Haaretz tally, continuing a rise that began after October 7. Army officials have warned of the psychological toll of prolonged war",https://www.haaretz.com/israel-news/2026-08-01/ty-article/.premium/idf-reservist-dies-by-suicide-in-third-such-case-in-past-week/0000019f-bd85-d37f-adff-bdbd30c90000,Haaretz,Tom Levinson,2026-08-01T16:29:21,2026-08-01 17:00:59.557197,https://www.haaretz.com/israel-news/2026-08-01/ty-article/.premium/idf-reservist-dies-by-suicide-in-third-such-case-in-past-week/0000019f-bd85-d37f-adff-bdbd30c90000
"Trump ‘angry’ at Iranian negotiators, says ‘losing faith’ in talks",Tehran threatens to hit “vital infrastructure of the Zionist regime and U.S. energy infrastructure” if the war restarts.,https://www.jns.org/news/u-s-news/trump-angry-at-iranian-negotiators-says-losing-faith-in-talks,JNS,JNS Staff,2026-08-01T16:59:37,2026-08-01 17:00:52.733719,https://www.jns.org/news/u-s-news/trump-angry-at-iranian-negotiators-says-losing-faith-in-talks
Report: Netanyahu blocked Lindsey Graham's request to send Iron Dome to Ukraine,"Israel's embassy in Washington said Netanyahu's 2023 decision was made out of concern that 'the technology would find its way to the Iranians.' Last month, the House passed a provision in a defense policy bill that would increase U.S.-Israeli military and technology cooperation",https://www.haaretz.com/israel-news/israel-security/2026-08-01/ty-article/report-netanyahu-blocked-lindsey-grahams-request-to-send-iron-dome-to-ukraine/0000019f-bd7f-d3b5-a99f-bdffdd7b0000,Haaretz,Haaretz,2026-08-01T15:32:41,2026-08-01 16:01:19.703705,https://www.haaretz.com/israel-news/israel-security/2026-08-01/ty-article/report-netanyahu-blocked-lindsey-grahams-request-to-send-iron-dome-to-ukraine/0000019f-bd7f-d3b5-a99f-bdffdd7b0000
Full text: The Board of Peace’s 15-point roadmap for implementing Gaza peace plan,"Point No. 2 demands Israel complete without delay all remaining commitments, particularly the cessation of military operations in the Strip.",https://www.jns.org/news/israel-news/full-text-the-board-of-peaces-15-point-roadmap-for-implementing-gaza-peace-plan,JNS,JNS Staff,2026-08-01T15:27:44,2026-08-01 16:01:12.797143,https://www.jns.org/news/israel-news/full-text-the-board-of-peaces-15-point-roadmap-for-implementing-gaza-peace-plan
Trump calls 15-point Roadmap for Gaza ‘a great breakthrough’,A Hamas official said that no progress on laying down group's weapons will take place before Israel ceases operations in Gaza and withdraws its forces.,https://www.jns.org/news/u-s-news/trump-calls-15-point-roadmap-for-gaza-a-great-breakthrough,JNS,JNS Staff,2026-08-01T15:58:12,2026-08-01 16:01:12.797103,https://www.jns.org/news/u-s-news/trump-calls-15-point-roadmap-for-gaza-a-great-breakthrough
It's no wonder Israelis want war. Violence has become a source of joy,What if one reason Israelis are so happy is that brutality has become pleasurable?,https://www.haaretz.com/opinion/2026-08-01/ty-article-magazine/.highlight/its-no-wonder-israelis-want-war-violence-has-become-a-source-of-joy/0000019f-bb6b-d37f-adff-bfffb5ff0000,Haaretz,Ariel Handel,2026-08-01T13:22:22,2026-08-01 15:01:06.903920,https://www.haaretz.com/opinion/2026-08-01/ty-article-magazine/.highlight/its-no-wonder-israelis-want-war-violence-has-become-a-source-of-joy/0000019f-bb6b-d37f-adff-bfffb5ff0000
"Report: U.S. short on forces to defend Israel from Iranian missiles, general warns","According to The Washington Post, the chief of the U.S. European Command notified Pentagon officials that without another U.S. Navy destroyer, the command will be forced to choose between defending the United States and defending Israel from Iranian attacks",https://www.haaretz.com/israel-news/israel-security/2026-08-01/ty-article/report-u-s-lacks-forces-to-defend-israel-from-iranian-missiles-general-warns/0000019f-bd56-ded7-adbf-fddf0d070000,Haaretz,Haaretz,2026-08-01T13:56:36,2026-08-01 15:01:06.903871,https://www.haaretz.com/israel-news/israel-security/2026-08-01/ty-article/report-u-s-lacks-forces-to-defend-israel-from-iranian-missiles-general-warns/0000019f-bd56-ded7-adbf-fddf0d070000
US embassy in Jerusalem warns of ‘unforeseen escalation’ in Mideast,"The delegation cautioned Americans against travel to the area, citing “unpredictable” Iranian regime as region’s aggressor.",https://www.jns.org/news/u-s-news/us-embassy-in-jerusalem-warns-of-unforeseen-escalation-in-mideast,JNS,JNS Staff,2026-08-01T13:34:54,2026-08-01 15:00:59.713230,https://www.jns.org/news/u-s-news/us-embassy-in-jerusalem-warns-of-unforeseen-escalation-in-mideast
IDF slays Gazan terrorist who abducted Noa Argamani and Avinatan Or,The Israeli military also killed a Hamas deputy cell commander who doubled as a physician in Shifa Hospital.,https://www.jns.org/news/israel-news/idf-slays-gazan-terrorist-who-abducted-noa-argamani-and-avinatan-or,JNS,JNS Staff,2026-08-01T14:15:38,2026-08-01 15:00:59.713201,https://www.jns.org/news/israel-news/idf-slays-gazan-terrorist-who-abducted-noa-argamani-and-avinatan-or
IDF detains more than 200 terror suspects in Judea and Samaria,The homes of two terrorists involved in the killing of civilians were mapped ahead of demolition.,https://www.jns.org/news/israel-news/idf-detains-more-than-200-terror-suspects-in-judea-and-samaria,JNS,JNS Staff,2026-08-01T14:25:54,2026-08-01 15:00:59.713172,https://www.jns.org/news/israel-news/idf-detains-more-than-200-terror-suspects-in-judea-and-samaria
Envoy Waltz sounds alarm over deadly year for attacks on Diaspora Jews,"The American mission to the U.N. “is doing our part every day to expose, confront and defeat this hatred,” said the U.S. diplomat.",https://www.jns.org/news/antisemitism/envoy-waltz-sounds-alarm-over-deadly-year-for-attacks-on-diaspora-jews,JNS,JNS Staff,2026-08-01T14:39:29,2026-08-01 15:00:59.713135,https://www.jns.org/news/antisemitism/envoy-waltz-sounds-alarm-over-deadly-year-for-attacks-on-diaspora-jews
Police clash with ultra-Orthodox protesters trying to storm Jerusalem cafe open on Shabbat,"In the latest of consecutive protests against the Jerusalem Café Basimta operating on the Jewish day of Sabbath, police forcefully fended off Haredi protesters who attempted to break in, as dozens of secular residents gathered to voice their support for the café",https://www.haaretz.com/israel-news/israel-politics/2026-08-01/ty-article/.premium/police-block-haredi-protesters-trying-to-storm-jerusalem-cafe-open-on-shabbat/0000019f-bcb9-db06-a9df-beb964550000,Haaretz,Noa Shpigel,2026-08-01T12:08:55,2026-08-01 13:21:45.782829,https://www.haaretz.com/israel-news/israel-politics/2026-08-01/ty-article/.premium/police-block-haredi-protesters-trying-to-storm-jerusalem-cafe-open-on-shabbat/0000019f-bcb9-db06-a9df-beb964550000
"Pitoval on paper, Palestinians are concerned Trump's roadmap for Gaza leads to a dead end","Palestinians, who see the new Board of Peace roadmap as merely a mechanism to implement previously discussed ideas, warn that while the latest plan may prevent another military escalation with Israel, it doesn't resolve key disputes on Hamas' future, Gaza's governance and the enclave's reconstruction",https://www.haaretz.com/gaza/2026-08-01/ty-article/.premium/pitoval-on-paper-palestinians-concerned-trumps-gaza-roadmap-leads-to-dead-end/0000019f-bbf4-d2d0-af9f-bbf42b1a0000,Haaretz,Jack Khoury,2026-08-01T10:23:19,2026-08-01 11:17:10.282684,https://www.haaretz.com/gaza/2026-08-01/ty-article/.premium/pitoval-on-paper-palestinians-concerned-trumps-gaza-roadmap-leads-to-dead-end/0000019f-bbf4-d2d0-af9f-bbf42b1a0000
He confessed to a murder he didn't commit. It took 32 years to believe him,"The unbelievable story of Sufian Maslouhi, who helped Israeli police 'solve' murders by framing innocent people – including himself – before finally winning a rare acquittal",https://www.haaretz.com/israel-news/2026-08-01/ty-article-magazine/.highlight/he-confessed-to-a-murder-he-didnt-commit-it-took-32-years-to-believe-him/0000019f-a7b5-d995-a3df-bfb74e0e0000,Haaretz,Roni Singer,2026-08-01T06:34:41,2026-08-01 09:06:23.270347,https://www.haaretz.com/israel-news/2026-08-01/ty-article-magazine/.highlight/he-confessed-to-a-murder-he-didnt-commit-it-took-32-years-to-believe-him/0000019f-a7b5-d995-a3df-bfb74e0e0000
U.S. and Israel reportedly planning new strikes on Iran energy targets,"As Trump is preparing to 'hit Iran very hard' until it returns to talks, Tehran said a CBS report that the U.S. and Israel will strike its energy targets is 'reckless,' threatening to retaliate by striking critical infrastructure in Israel and U.S. regional energy facilities",https://www.haaretz.com/middle-east-news/iran/2026-08-01/ty-article/u-s-and-israel-reportedly-planning-new-strikes-on-iran-energy-targets/0000019f-ba19-dfac-a5df-bbd976940000,Haaretz,Reuters,2026-08-01T06:46:31,2026-08-01 09:06:23.270310,https://www.haaretz.com/middle-east-news/iran/2026-08-01/ty-article/u-s-and-israel-reportedly-planning-new-strikes-on-iran-energy-targets/0000019f-ba19-dfac-a5df-bbd976940000
Arab party courts senior lawmaker Yoav Segalovitz from Yair Lapid's party for election slate,"The talks come as Mansour Abbas' party moves to separate from the Islamic Movement. Under the emerging agreement, Segalovitz, who formerly headed a task force to combat crime in Arab communities, would serve as its nominee for national security minister, a source says",https://www.haaretz.com/israel-news/israel-politics/2026-08-01/ty-article/.premium/united-arab-list-in-talks-with-yesh-atid-mk-to-join-party-slate-source-says/0000019f-bb38-d37f-adff-bfbc4f0b0000,Haaretz,Jack Khoury,2026-08-01T07:37:32,2026-08-01 09:06:23.270266,https://www.haaretz.com/israel-news/israel-politics/2026-08-01/ty-article/.premium/united-arab-list-in-talks-with-yesh-atid-mk-to-join-party-slate-source-says/0000019f-bb38-d37f-adff-bfbc4f0b0000
"Report: U.S., Israel preparing extensive strikes on Iranian energy sites as soon as this weekend",,https://www.haaretz.com/israel-news/israel-security/2026-08-01/ty-article-live/report-u-s-israel-plan-iran-energy-strikes-as-soon-as-this-weekend/0000019f-bb6a-df0b-a1df-fbee8f4e0004,Haaretz,Haaretz,2026-08-01T03:43:30,2026-08-01 06:29:48.132256,https://www.haaretz.com/israel-news/israel-security/2026-08-01/ty-article-live/report-u-s-israel-plan-iran-energy-strikes-as-soon-as-this-weekend/0000019f-bb6a-df0b-a1df-fbee8f4e0004
"In Israel's last election, 9 percent of votes went to waste – mostly on the left. Will it happen again?",One small party missing the electoral threshold could be enough to swing the election. Israel has already seen what a few thousand votes can do,https://www.haaretz.com/israel-news/elections/2026-08-01/ty-article-magazine/.highlight/last-israeli-election-9-percent-of-votes-were-trashed-will-it-happen-again/0000019f-bb65-ded7-adbf-fbefd9130000,Haaretz,Jack Khoury,2026-08-01T05:14:31,2026-08-01 06:29:48.132217,https://www.haaretz.com/israel-news/elections/2026-08-01/ty-article-magazine/.highlight/last-israeli-election-9-percent-of-votes-were-trashed-will-it-happen-again/0000019f-bb65-ded7-adbf-fbefd9130000
How hip-hop ended up as the soundtrack of the Israeli far right,A new TV series documents the colorful and controversial history of Israeli hip-hop – but leaves out its most important Palestinian rapper,https://www.haaretz.com/life/2026-08-01/ty-article-magazine/.premium/how-hip-hop-ended-up-as-the-soundtrack-of-the-israeli-far-right/0000019f-ad16-d332-afdf-bd57a3bf0000,Haaretz,Shay Ringel,2026-08-01T00:59:04,2026-08-01 03:25:28.146719,https://www.haaretz.com/life/2026-08-01/ty-article-magazine/.premium/how-hip-hop-ended-up-as-the-soundtrack-of-the-israeli-far-right/0000019f-ad16-d332-afdf-bd57a3bf0000
"Maine rabbis call for peace, urge politicians to stop calling Gaza war a ‘genocide’","(JTA) — Every congregational rabbi in Maine has signed onto a statement calling for peace and urging the state’s political leaders to stop using the term “genocide” to describe Israel’s war in Gaza, following a Democratic primary in which several candidates used the label for the first time. But the rabbis also indicated that they,... The post Maine rabbis call for peace, urge politicians to stop calling Gaza war a ‘genocide’ appeared first on The Forward .",https://forward.com/fast-forward/842348/maine-rabbis-call-for-peace/,The Forward,Grace Gilson,2026-08-01T00:08:01,2026-08-01 03:25:14.188323,https://forward.com/?p=842348
Jewish Democrats back Michigan AG Dana Nessel’s decision to skip state party convention,"(JTA) — Local and national Jewish Democrats say they are sympathetic after Michigan’s Jewish attorney general, Dana Nessel, said she would skip the state Democratic Party’s nominating convention over concerns about antisemitism and harassment. “I don’t blame AG Nessel for not wanting to go and basically put herself in situations that feel untenable in this... The post Jewish Democrats back Michigan AG Dana Nessel’s decision to skip state party convention appeared first on The Forward .",https://forward.com/fast-forward/842375/jewish-democrats-back-michigan-ag-dana-nessels-decision-to-skip-state-party-convention/,The Forward,Grace Gilson,2026-08-01T00:13:42,2026-08-01 03:25:14.188265,https://forward.com/?p=842375
Israel’s top diplomat in S.F. to head home after tumultuous tenure,Marco Sermoneta is about to return home after four years serving as Israel’s top diplomat to Northern California and the Pacific Northwest. Taking his place as consul general in San [&#8230;],https://jweekly.com/2026/07/31/israels-top-diplomat-in-the-bay-area-is-heading-home-after-tumultuous-tenure/,J. Weekly,Niva Ashkenazi,2026-08-01T00:17:45,2026-08-01 03:25:06.034907,https://jweekly.com/?p=307881
"Trump's Board of Peace announced a new Gaza deal: What's in it, what's missing, and what will Netanyahu do next?","The deal has not been signed, and it's unclear when the parties will do so. Trump hailed the deal as if it were already finalized, while an 'Israeli political source' hinted Israel was not prepared to implement its parts of the deal",https://www.haaretz.com/gaza/2026-08-01/ty-article-magazine/.premium/trumps-gaza-deal-whats-in-it-whats-missing-and-what-will-netanyahu-do-next/0000019f-b9b7-d993-af9f-b9f7bbe50000,Haaretz,Liza Rozovsky,2026-07-31T23:02:26,2026-08-01 00:02:34.803143,https://www.haaretz.com/gaza/2026-08-01/ty-article-magazine/.premium/trumps-gaza-deal-whats-in-it-whats-missing-and-what-will-netanyahu-do-next/0000019f-b9b7-d993-af9f-b9f7bbe50000
"After 25 years, the Sbarro bombing and its aftermath still matter","The Second Intifada massacre, like the slaughter on Oct. 7, stands as a grim reminder of the folly and hubris of the makers of peace plans and deals with terrorists.",https://www.jns.org/opinion/column/jonathan-s-tobin/after-25-years-the-sbarro-bombing-and-its-aftermath-still-matter,JNS,Jonathan S. Tobin,2026-07-31T22:15:00,2026-08-01 00:02:27.495377,https://www.jns.org/opinion/column/jonathan-s-tobin/after-25-years-the-sbarro-bombing-and-its-aftermath-still-matter
"Israel rejects Gaza plan that Trump unveils with fanfare, as Hamas says it has accepted the plan","(JTA) — Israel has rejected a Gaza peace plan advanced with much fanfare by President Donald Trump, saying it did not adequately address disarmament by Hamas. “There will be no Israeli withdrawal,” an unnamed “diplomatic official” said in a statement issued in Hebrew to Israeli reporters. The rejection has spurred blistering expressions of anger by... The post Israel rejects Gaza plan that Trump unveils with fanfare, as Hamas says it has accepted the plan appeared first on The Forward .",https://forward.com/fast-forward/842225/israel-rejects-gaza-plan-that-trump-unveils-with-fanfare-as-hamas-says-it-has-accepted-the-plan/,The Forward,Ron Kampeas,2026-07-31T23:40:32,2026-08-01 00:02:20.634639,https://forward.com/?p=842225
Boy George cedes role of King Herod in ‘Jesus Christ Superstar’ production after releasing pro-Israel song,"(JTA) — Boy George has withdrawn from his run as King Herod in London’s West End revival of “Jesus Christ Superstar,” days before he was due to take the stage and 24 hours after releasing “We Will Dance Again,” dedicated to the victims of Hamas’ Oct. 7, 2023, attack on the Nova music festival in... The post Boy George cedes role of King Herod in ‘Jesus Christ Superstar’ production after releasing pro-Israel song appeared first on The Forward .",https://forward.com/fast-forward/842330/boy-george-cedes-role-of-king-herod/,The Forward,Kelly Hartog,2026-07-31T23:46:45,2026-08-01 00:02:20.634598,https://forward.com/?p=842330
Jewish Democrats back Michigan AG Dana Nessel’s decision to skip state party convention,"Nessel said she didn't ""feel safe"" attending the state Democratic Party's upcoming convention. -- The post Jewish Democrats back Michigan AG Dana Nessel’s decision to skip state party convention appeared first on Jewish Telegraphic Agency .",https://www.jta.org/2026/07/31/politics/jewish-democrats-back-michigan-ag-dana-nessels-decision-to-skip-state-party-convention,JTA,Grace Gilson,2026-07-31T23:03:11,2026-08-01 00:02:18.136541,https://www.jta.org/?p=1905392
These Jewish readers wanted happy endings — so they turned to romance,"This story was originally published in the Forward. Click here to get the Forward&#8217;s free email newsletters delivered to your inbox. Until a few years ago, every book math teacher [&#8230;]",https://jweekly.com/2026/07/31/these-jewish-readers-wanted-happy-endings-so-they-turned-to-romance/,J. Weekly,Sage Lattman,2026-07-31T17:48:00,2026-08-01 00:02:13.311392,https://jweekly.com/?p=307874
Michigan Attorney General Dana Nessel to Skip Democratic Party Convention Amid Antisemitism Crisis,"Michigan Attorney General Dana Nessel said Thursday that she will not attend the Michigan Democratic Party’s upcoming state nominating convention,...",https://www.algemeiner.com/2026/07/31/michigan-attorney-general-dana-nessel-to-skip-democratic-party-convention-amid-antisemitism-crisis/,Algemeiner,Corey Walker,2026-07-31T21:18:24,2026-07-31 22:06:19.226971,https://www.algemeiner.com/?p=777139
"Columbia University Announces New Tel Aviv Global Center in Israel, Further Setting Back BDS Efforts Across Higher Ed","Columbia University will begin programming at its Tel Aviv Global Center this summer, three years after announcing the project, moving...",https://www.algemeiner.com/2026/07/31/columbia-university-announces-new-tel-aviv-global-center-in-israel-setting-back-bds-efforts-across-higher-ed/,Algemeiner,Dion J. Pierre,2026-07-31T21:29:22,2026-07-31 22:06:19.226937,https://www.algemeiner.com/?p=777129
Madrid Accuses Jerusalem of Fueling Ceuta Migration Crisis in Wild Conspiracy Theory,Diplomatic tensions between Israel and Spain continued to escalate after Madrid accused Jerusalem of fueling chaos over the migration crisis...,https://www.algemeiner.com/2026/07/31/madrid-accuses-jerusalem-of-fueling-ceuta-migration-crisis-in-wild-conspiracy-theory/,Algemeiner,Ailin Vilches Arguello,2026-07-31T21:30:02,2026-07-31 22:06:19.226902,https://www.algemeiner.com/?p=777150
"Iran likely behind water-system attacks in Minnesota, but ‘surprising’ it hasn’t taken credit, expert says","“For too long, we’ve sort of downplayed these threats, because it didn’t cut off the water supply,” Annie Fixler, of FDD, told JNS.",https://www.jns.org/news/u-s-news/iran-likely-behind-water-system-attacks-in-minnesota-but-surprising-it-hasnt-taken-credit-expert-says,JNS,Rikki Zagelbaum,2026-07-31T20:28:46,2026-07-31 22:06:16.944431,https://www.jns.org/news/u-s-news/iran-likely-behind-water-system-attacks-in-minnesota-but-surprising-it-hasnt-taken-credit-expert-says
Swastikas found inside New Jersey synagogue,"Authorities are treating the discovery of multiple swastikas made from yellow tape at Congregation Ohel Shulamit in Lakewood, N.J., as a bias-related crime.",https://www.jns.org/news/u-s-news/swastikas-found-inside-new-jersey-synagogue,JNS,,2026-07-31T21:04:09,2026-07-31 22:06:16.944400,https://www.jns.org/news/u-s-news/swastikas-found-inside-new-jersey-synagogue
"Don’t want ‘what’s happening in NYC to come here,’ LA county official says at event on synagogue vandalism","“I think it’s important to send a message. We’re not going to tolerate hate,” Kathryn Barger, a member of the Los Angeles County Board of Supervisors, told JNS.",https://www.jns.org/news/u-s-news/dont-want-whats-happening-in-nyc-to-come-here-los-angeles-county-official-says-at-event-about-synagogue-vandalism,JNS,Aaron Bandler,2026-07-31T21:12:22,2026-07-31 22:06:16.944367,https://www.jns.org/news/u-s-news/dont-want-whats-happening-in-nyc-to-come-here-los-angeles-county-official-says-at-event-about-synagogue-vandalism
Majority of House Democrats urge Netanyahu to remove fence around Israeli community of Carmel,"One hundred eleven lawmakers said the barrier erected by residents of Carmel blocks children from Umm Al-Kheir from reaching school, while Israeli officials say a safe alternative route exists.",https://www.jns.org/news/u-s-news/majority-of-house-democrats-urge-netanyahu-to-remove-fence-around-israeli-community-of-carmel,JNS,Mike Wagenheim,2026-07-31T22:01:21,2026-07-31 22:06:16.944327,https://www.jns.org/news/u-s-news/majority-of-house-democrats-urge-netanyahu-to-remove-fence-around-israeli-community-of-carmel
When a Faculty Union Turns Against Its Students,"California lawmakers must not pass AB 2551 in any form. At this point, no legislator can honestly treat it as neutral free-speech legislation. The post When a Faculty Union Turns Against Its Students appeared first on Jewish Journal .",https://jewishjournal.com/commentary/opinion/390742/when-a-faculty-union-turns-against-its-students/,Jewish Journal,Tammi Rossman-Benjamin,2026-07-31T20:56:56,2026-07-31 22:06:14.734969,https://jewishjournal.com/?p=390742
"Temple Beth Am-Pressman Academy Gala, Bubbela Party at Venice Beach","Notable people and events in the Jewish LA community. The post Temple Beth Am-Pressman Academy Gala, Bubbela Party at Venice Beach appeared first on Jewish Journal .",https://jewishjournal.com/events/movers-shakers/390745/temple-beth-am-pressman-academy-gala-bubbela-party-at-venice-beach/,Jewish Journal,Jewish Journal Staff,2026-07-31T21:06:55,2026-07-31 22:06:14.734933,https://jewishjournal.com/?p=390745
Rabbis of LA | Rabbi Schuldenfrei’s Path to the Pulpit,"Schuldenfrei wanted a rounded education, something which she said was reinforced by her “very pluralistic” upbringing. The post Rabbis of LA | Rabbi Schuldenfrei’s Path to the Pulpit appeared first on Jewish Journal .",https://jewishjournal.com/community/rabbis-of-la/390752/rabbi-schuldenfreis-path-to-the-pulpit/,Jewish Journal,Ari L. Noonan,2026-07-31T21:12:07,2026-07-31 22:06:14.734892,https://jewishjournal.com/?p=390752
"From Jerusalem’s Old City, a book that defies Israel’s media image","A few years ago, I followed the author and journalist Sarah Tuttle-Singer deep into Jerusalem&#8217;s Old City searching for the best za&#8217;atar. To be clear, I was searching. She knew exactly where to go. Sarah plunged through the crowded, narrow market streets of the Shuq Attarin, or Perfumers Market, whose vaulted ceilings and open stalls... The post From Jerusalem&#8217;s Old City, a book that defies Israel’s media image appeared first on The Forward .",https://forward.com/opinion/842336/sarah-tuttle-singer-fairy-lights-in-gods-backyard-book/,The Forward,Rob Eshman,2026-07-31T21:15:41,2026-07-31 22:06:10.313183,https://forward.com/?p=842336
These Jewish readers wanted happy endings — so they turned to romance,"Until a few years ago, every book math teacher Dahlia Evans had read about Jews was Holocaust historical fiction. Searching for a change, she went to her rabbi, who recommended a romance called The Matzah Ball, a Hannukah-themed novel about two archenemies from Jewish summer camp who fall in love as adults. “It brings a... The post These Jewish readers wanted happy endings — so they turned to romance appeared first on The Forward .",https://forward.com/news/842360/these-jewish-readers-wanted-happy-endings-so-they-turned-to-romance/,The Forward,Sage Lattman,2026-07-31T21:59:48,2026-07-31 22:06:10.313126,https://forward.com/?p=842360
This mural was a symbol of resilience after the L.A. fires. Antisemitic graffiti only proved the point.,This story was originally published in the Forward. Click here to get the Forward&#8217;s free email newsletters delivered to your inbox. When Pasadena Jewish Temple and Center held services in [&#8230;],https://jweekly.com/2026/07/31/this-synagogue-mural-was-a-symbol-of-resilience-after-the-l-a-fires-antisemitic-graffiti-only-proved-the-point/,J. Weekly,Louis Keene,2026-07-31T21:16:29,2026-07-31 22:06:02.206321,https://jweekly.com/?p=307855
Yizkor books piece together prewar lives of Europe’s Jews,"Books coverage is supported by a generous grant from The Milton and Sophie Meyer Fund. On a childhood trip to the East Coast, I remember stopping by the New York [&#8230;]",https://jweekly.com/2026/07/31/yizkor-books-piece-together-prewar-lives-of-europes-jews/,J. Weekly,Howard Freedman,2026-07-31T21:25:35,2026-07-31 22:06:02.206278,https://jweekly.com/?p=307860
"'I tried, and I got crushed': AIPAC made an example of Andy Levin. Now he's all-in for Abdul El-Sayed","AIPAC spent millions on Haley Stevens to unseat former Rep. Andy Levin in 2022. Campaigning for El-Sayed, he says he doesn't bear a grudge. 'I just think that Abdul winning would be the healthiest meal for American policy that it could possibly have'",https://www.haaretz.com/us-news/2026-07-31/ty-article-magazine/.premium/i-tried-i-got-crushed-by-aipac-andy-levin-is-all-in-for-el-sayed/0000019f-b924-dfac-a5df-b9f550f50000,Haaretz,Etan Nechin,2026-07-31T18:32:51,2026-07-31 20:21:09.572591,https://www.haaretz.com/us-news/2026-07-31/ty-article-magazine/.premium/i-tried-i-got-crushed-by-aipac-andy-levin-is-all-in-for-el-sayed/0000019f-b924-dfac-a5df-b9f550f50000
"Trump says ICC campaign aimed at defending Netanyahu, not himself","Trump said the U.S. effort to weaken the court is meant to shield the Israeli prime minister and others, not himself, as Washington presses countries to withdraw from the ICC",https://www.haaretz.com/us-news/2026-07-31/ty-article/trump-says-icc-campaign-aimed-at-defending-netanyahu-not-himself/0000019f-b946-dfac-a5df-b9d72d840000,Haaretz,Reuters,2026-07-31T20:13:58,2026-07-31 20:21:09.572549,https://www.haaretz.com/us-news/2026-07-31/ty-article/trump-says-icc-campaign-aimed-at-defending-netanyahu-not-himself/0000019f-b946-dfac-a5df-b9d72d840000
"Israeli Exports Hit Historic $164 Billion Record as Economy Defies War, Boycott Efforts, and Global Uncertainty","Israel’s export sector defied wartime pressures and growing efforts to isolate the Jewish state from global markets in 2025, surging...",https://www.algemeiner.com/2026/07/31/israeli-exports-hit-historic-164-billion-record-as-economy-defies-war-boycott-efforts-and-global-uncertainty/,Algemeiner,Ailin Vilches Arguello,2026-07-31T19:55:05,2026-07-31 20:21:04.709666,https://www.algemeiner.com/?p=777145
Indiana city appears to recognize independent state of ‘Palestine’,"After JNS noted the reference on the city of Goshen’s website, a city spokesman said that it had “no policy regarding the matter.”",https://www.jns.org/news/u-s-news/indiana-city-appears-to-recognize-independent-state-of-palestine,JNS,,2026-07-31T18:52:42,2026-07-31 20:21:02.207092,https://www.jns.org/news/u-s-news/indiana-city-appears-to-recognize-independent-state-of-palestine
The old-new ‘stab-in-the-back’ lie,The memory of World War I’s German Jewish soldiers is once again being traduced.,https://www.jns.org/opinion/shalom-lamm/the-old-new-stab-in-the-back-lie,JNS,Shalom Lamm,2026-07-31T19:00:00,2026-07-31 20:21:02.207060,https://www.jns.org/opinion/shalom-lamm/the-old-new-stab-in-the-back-lie
Michigan city ‘strongly condemns’ antisemitic literature spread in community,"Oak Park “remains committed to fostering a community where all residents feel safe, welcome and respected,” city officials said.",https://www.jns.org/news/u-s-news/michigan-city-strongly-condemns-antisemitic-literature-spread-in-community,JNS,Rebecca Szlechter,2026-07-31T19:08:52,2026-07-31 20:21:02.207032,https://www.jns.org/news/u-s-news/michigan-city-strongly-condemns-antisemitic-literature-spread-in-community
Historic drought reveals Nazi-era shipwrecks in Danube River near Serbia,"The wrecks, deliberately sunk during Nazi Germany's retreat from the Soviet advance in 1944, have been exposed by the unusually low water levels.",https://www.jns.org/news/world/historic-drought-reveals-nazi-era-shipwrecks-in-danube-river-near-serbia,JNS,,2026-07-31T19:52:16,2026-07-31 20:21:02.207000,https://www.jns.org/news/world/historic-drought-reveals-nazi-era-shipwrecks-in-danube-river-near-serbia
Is it the end of the Golden Age of American Jewry?,Life in the United States became one of the greatest success stories in Jewish history. But even success stories can have sad endings.,https://www.jns.org/opinion/phillip-jacobs/is-it-the-end-of-the-golden-age-of-american-jewry,JNS,Phillip Jacobs,2026-07-31T20:00:00,2026-07-31 20:21:02.206950,https://www.jns.org/opinion/phillip-jacobs/is-it-the-end-of-the-golden-age-of-american-jewry
Stevens says El-Sayed wants to ‘blame all of your problems on Jewish Americans’,Polls suggest that Abdul El-Sayed is likely to win the Democratic Senate primary in Michigan by double digits on Tuesday.,https://www.jns.org/news/u-s-news/stevens-says-el-sayed-wants-to-blame-all-of-your-problems-on-jewish-americans,JNS,Andrew Bernard,2026-07-31T20:18:14,2026-07-31 20:21:02.206911,https://www.jns.org/news/u-s-news/stevens-says-el-sayed-wants-to-blame-all-of-your-problems-on-jewish-americans
"Former Prime Minister's Residence employee sues state, alleging abuse by Sara Netanyahu","The 61-year-old plaintiff alleges that his health deteriorated after enduring daily verbal abuse, unreasonable demands and physical assault by the prime minister's wife. In one described case, she allegedly 'diagnosed' him as being on the autism spectrum, while knowing his son is autistic",https://www.haaretz.com/israel-news/israel-politics/2026-07-31/ty-article/.premium/former-pms-residence-employee-sues-state-alleging-abuse-by-sara-netanyahu/0000019f-b81f-d3fa-a19f-b99fe78a0000,Haaretz,Yael Freidson,2026-07-31T18:02:17,2026-07-31 18:21:40.466332,https://www.haaretz.com/israel-news/israel-politics/2026-07-31/ty-article/.premium/former-pms-residence-employee-sues-state-alleging-abuse-by-sara-netanyahu/0000019f-b81f-d3fa-a19f-b99fe78a0000
"Israel, Spain Clash as Ceuta Migration Crisis Deepens Diplomatic Rift",Diplomatic tensions between Israel and Spain escalated on Friday after Israeli Ambassador to the United Nations Danny Danon accused Madrid...,https://www.algemeiner.com/2026/07/31/israel-spain-clash-as-ceuta-migration-crisis-deepens-diplomatic-rift/,Algemeiner,Ailin Vilches Arguello,2026-07-31T17:36:10,2026-07-31 18:21:35.887680,https://www.algemeiner.com/?p=777131
Boy George Pulls Out of ‘Jesus Christ Superstar’ London Production After Backlash From Pro-Israel Song,Boy George has pulled out of the “Jesus Christ Superstar” production at the London Palladium after facing backlash for his...,https://www.algemeiner.com/2026/07/31/boy-george-pulls-out-of-jesus-christ-superstar-london-production-after-backlash-from-pro-israel-song/,Algemeiner,Shiryn Ghermezian,2026-07-31T17:37:35,2026-07-31 18:21:35.887657,https://www.algemeiner.com/?p=777117
"UK Music Festival Urged to Cancel Set by Irish Rap Group Kneecap Tied to Antisemitic, Anti-Israel Rhetoric",A British charity dedicated to exposing and combatting antisemitism across the United Kingdom is asking organizers of the upcoming Reading...,https://www.algemeiner.com/2026/07/31/uk-music-festival-urged-to-cancel-set-by-irish-rap-group-kneecap-tied-to-antisemitic-anti-israel-rhetoric/,Algemeiner,Shiryn Ghermezian,2026-07-31T18:14:19,2026-07-31 18:21:35.887627,https://www.algemeiner.com/?p=777122
International Court of Justice to hear Germany’s challenge to Nicaragua’s genocide complicity claims,"Managua accuses Berlin of aiding Israel’s alleged violations in Gaza, while Germany argues that the U.N. court lacks jurisdiction and that the claims are inadmissible.",https://www.jns.org/news/world/international-court-of-justice-to-hear-germanys-challenge-to-nicaraguas-genocide-complicity-claims,JNS,Mike Wagenheim,2026-07-31T16:54:43,2026-07-31 18:21:33.646552,https://www.jns.org/news/world/international-court-of-justice-to-hear-germanys-challenge-to-nicaraguas-genocide-complicity-claims
Columbia student worker union drops Israel divestment demand during contract talks,"“You start off a campaign with one thing, and then as you bargain, you have to face the realities of where you are,” Grant Miner, president of Student Workers of Columbia, told the university's student newspaper.",https://www.jns.org/news/u-s-news/columbia-student-worker-union-drops-israel-divestment-demand-during-contract-talks,JNS,,2026-07-31T18:13:36,2026-07-31 18:21:33.646527,https://www.jns.org/news/u-s-news/columbia-student-worker-union-drops-israel-divestment-demand-during-contract-talks
"‘Not a day I don’t think about him,’ Netanyahu tells JNS of brother Yoni, killed 50 years ago in Entebbe","“There’s not a day that I don’t try to consult with him, and with my father,” the Israeli prime minister said, half a century after the counter-terror operation in Uganda.",https://www.jns.org/news/israel-news/not-a-day-i-dont-think-about-him-netanyahu-tells-jns-of-his-brother-yoni-killed-50-years-ago-in-entebbe,JNS,Menachem Wecker,2026-07-31T18:13:57,2026-07-31 18:21:33.646495,https://www.jns.org/news/israel-news/not-a-day-i-dont-think-about-him-netanyahu-tells-jns-of-his-brother-yoni-killed-50-years-ago-in-entebbe
‘We Will Dance Again’: Why voices must stand for truth,"When Boy George, a British singer of Irish Catholic heritage, shows more moral clarity than Hollywood’s Jewish entertainers, silence becomes surrender.",https://www.jns.org/opinion/eliezer-avraham/we-will-dance-again-why-voices-must-stand-for-truth,JNS,Eliezer Avraham,2026-07-31T18:30:00,2026-07-31 18:21:33.646463,https://www.jns.org/opinion/eliezer-avraham/we-will-dance-again-why-voices-must-stand-for-truth
"“You Say Genocide, I Say War:” The Genius of Boy George’s New Song","Why do you think the song has triggered such a backlash among the “Israel rhymes with genocide” crowd? Because it demolishes their case. The post “You Say Genocide, I Say War:” The Genius of Boy George’s New Song appeared first on Jewish Journal .",https://jewishjournal.com/commentary/columnist/editors-note/390720/you-say-genocide-i-say-war-the-genius-of-boy-georges-new-song/,Jewish Journal,David Suissa,2026-07-31T18:18:52,2026-07-31 18:21:31.369174,https://jewishjournal.com/?p=390720
"In the history of a family’s pianos, a glimpse of a disappearing New York history","Not that long ago, many homes had pianos. Few do now, and a sad sight is a piano left out on the street. Two years ago we moved a Steinway into our home, and until recently, we had two grands in our living room, the Steinway and the Chickering, which I grew up with. There... The post In the history of a family&#8217;s pianos, a glimpse of a disappearing New York history appeared first on The Forward .",https://forward.com/culture/838847/in-the-history-of-a-familys-pianos-a-glimpse-of-a-disappearing-new-york-history/,The Forward,Daniel S. Levy,2026-07-31T17:00:18,2026-07-31 18:21:25.947691,https://forward.com/?p=838847
‘I felt I couldn’t talk about the war’: Jewish and Muslim teens make space for tough conversations,"For Jewish student Maxanne Wallace-Segall and Muslim student Nabila Rahman, the months after the Hamas-led Oct. 7 attacks on Israel were filled with a tense quiet. Then freshmen at Stuyvesant High School, a public school on Manhattan’s southern tip, the two girls had only been friends for a few weeks. As their social media feeds... The post &#8216;I felt I couldn&#8217;t talk about the war&#8217;: Jewish and Muslim teens make space for tough conversations appeared first on The Forward .",https://forward.com/news/842300/together-project-interfaith-dialogue-community/,The Forward,Sarah Diaz,2026-07-31T17:45:51,2026-07-31 18:21:25.947649,https://forward.com/?p=842300
Boy George cedes role of King Herod in ‘Jesus Christ Superstar’ production after releasing pro-Israel song,"The Culture Club singer's manager says stepping aside will allow the production to ""remain the focus"" after the release of his outspoken tribute to the victims of Hamas’ Oct. 7 attack. -- The post Boy George cedes role of King Herod in ‘Jesus Christ Superstar’ production after releasing pro-Israel song appeared first on Jewish Telegraphic Agency .",https://www.jta.org/2026/07/31/culture/boy-george-cedes-role-of-king-herod-in-jesus-christ-superstar-production-after-releasing-pro-israel-song,JTA,Kelly Hartog,2026-07-31T17:25:35,2026-07-31 18:21:23.502649,https://www.jta.org/?p=1905362
"Maine rabbis call for peace, urge politicians to stop calling Gaza war a ‘genocide’","The statement comes after a number of candidates in Maine’s Democratic Senate primary adopted the term. -- The post Maine rabbis call for peace, urge politicians to stop calling Gaza war a ‘genocide’ appeared first on Jewish Telegraphic Agency .",https://www.jta.org/2026/07/31/united-states/maine-rabbis-call-for-peace-urge-politicians-to-stop-calling-gaza-war-a-genocide,JTA,Grace Gilson,2026-07-31T17:56:49,2026-07-31 18:21:23.502606,https://www.jta.org/?p=1905376
Board of Peace unveils roadmap for Trump's Gaza peace plan,"Hamas issued a statement formally accepting the framework, while conditioning the dismantling of its heavy weapons on the establishment of a 'credible pathway toward achieving Palestinian self-determination and statehood' • Israel had yet to officially respond",https://www.haaretz.com/gaza/2026-07-31/ty-article/.premium/board-of-peace-unveils-roadmap-for-trumps-gaza-peace-plan/0000019f-b853-d3fa-a19f-b9d3fc210000,Haaretz,Liza Rozovsky,2026-07-31T14:28:06,2026-07-31 16:46:59.004711,https://www.haaretz.com/gaza/2026-07-31/ty-article/.premium/board-of-peace-unveils-roadmap-for-trumps-gaza-peace-plan/0000019f-b853-d3fa-a19f-b9d3fc210000
Israel Police name man suspected of throwing stone at Channel 12 office,"The 44-year-old Ramat Gan resident is suspected of making threats, extortion by threats, property damage and obstruction of justice. His attorney argued that the alleged acts amounted to 'democratic protest'",https://www.haaretz.com/israel-news/israel-crime/2026-07-31/ty-article/.premium/israel-police-name-man-suspected-of-throwing-stone-at-channel-12-offices/0000019f-b8ba-de01-a5bf-fffa8cae0000,Haaretz,Josh Breiner,2026-07-31T15:31:37,2026-07-31 16:46:59.004676,https://www.haaretz.com/israel-news/israel-crime/2026-07-31/ty-article/.premium/israel-police-name-man-suspected-of-throwing-stone-at-channel-12-offices/0000019f-b8ba-de01-a5bf-fffa8cae0000
Eisenkot keeps running away from what everyone knows he believes,"Israelis won't be able to put the catastrophes of Netanyahu's rule behind them without a leader who says what he means, backs a two-state solution with the Palestinians and offers more than a cosmetic change in leadership",https://www.haaretz.com/israel-news/elections/2026-07-31/ty-article-magazine/.premium/eisenkot-keeps-running-away-from-what-everyone-knows-he-believes/0000019f-b7ca-de01-a5bf-f7cacc350000,Haaretz,Joshua Leifer,2026-07-31T16:34:50,2026-07-31 16:46:59.004641,https://www.haaretz.com/israel-news/elections/2026-07-31/ty-article-magazine/.premium/eisenkot-keeps-running-away-from-what-everyone-knows-he-believes/0000019f-b7ca-de01-a5bf-f7cacc350000
"A Year After a Killing, the Siege Worsens in Umm al-Khair - Police raid a memorial for the slain Palestinian activist Awdah Hathaleen.",,https://jewishcurrents.org/a-year-after-a-killing-the-siege-worsens-in-umm-al-khair,Jewish Currents,Maya Rosen,2026-07-30T20:25:00,2026-07-31 16:46:56.676130,https://jewishcurrents.org/a-year-after-a-killing-the-siege-worsens-in-umm-al-khair
The Board of Peace’s New Gaza Initiative Is Bold — And It Just Might Work,"After months of apparent inactivity, Trump’s Board of Peace is back. And it has a new idea. On July 8,...",https://www.algemeiner.com/2026/07/31/the-board-of-peaces-new-gaza-initiative-is-bold-and-it-just-might-work/,Algemeiner,Samuel Ben-Ur,2026-07-31T15:08:59,2026-07-31 16:46:54.558725,https://www.algemeiner.com/?p=777108
PA Official Tells Students That Martyrdom Is a Greater Achievement Than Graduating,"Every year, the Palestinian Authority (PA) marks the publication of high school matriculation results by recycling the same grotesque piece...",https://www.algemeiner.com/2026/07/31/pa-official-tells-students-that-martyrdom-is-a-greater-achievement-than-graduating/,Algemeiner,Ephraim D. Tepler,2026-07-31T15:09:04,2026-07-31 16:46:54.558695,https://www.algemeiner.com/?p=777110
The Merger That Never Was: How a Defense Bill Became an Israel Conspiracy Overnight,"On July 22, the US House of Representatives passed the National Defense Authorization Act for Fiscal Year 2027. In Section 219...",https://www.algemeiner.com/2026/07/31/the-merger-that-never-was-how-a-defense-bill-became-an-israel-conspiracy-overnight/,Algemeiner,Sharon Levy,2026-07-31T15:09:06,2026-07-31 16:46:54.558667,https://www.algemeiner.com/?p=777112
Parshat Eikev: Why Moses’ Message Still Matters Today,"There is a particular kind of story that never grows old. It is retold in every generation, in every language,...",https://www.algemeiner.com/2026/07/31/parshat-eikev-why-moses-message-still-matters-today/,Algemeiner,Pini Dunner,2026-07-31T15:09:13,2026-07-31 16:46:54.558632,https://www.algemeiner.com/?p=777114
"Massachusetts town 'saddened, concerned' by recent antisemitic grafitti","""Expressions of hate have no place in Westford and do not reflect our shared values of inclusion, mutual respect and tolerance,"" the town said.",https://www.jns.org/news/u-s-news/massachusetts-town-saddened-concerned-by-recent-antisemitic-grafitti,JNS,JNS Staff,2026-07-31T14:20:37,2026-07-31 16:46:52.197760,https://www.jns.org/news/u-s-news/massachusetts-town-saddened-concerned-by-recent-antisemitic-grafitti
Hamas to have 'no role' in governing under Gaza roadmap,The proposal under discussion in Cairo would transfer authority to a transitional administration after independently verified disarmament milestones.,https://www.jns.org/news/israel-news/hamas-to-have-no-role-in-governing-under-gaza-roadmap,JNS,JNS Staff,2026-07-31T14:43:05,2026-07-31 16:46:52.197732,https://www.jns.org/news/israel-news/hamas-to-have-no-role-in-governing-under-gaza-roadmap
Jewish candidate for top UN post wins initial Security Council straw poll,"Rebeca Grynspan, of Costa Rica, is the daughter of Holocaust refugees and has ties to Israel but is deeply embedded in the global body system, which has a long history of Jew-hatred.",https://www.jns.org/news/world/jewish-candidate-for-top-un-post-wins-initial-security-council-straw-poll,JNS,Mike Wagenheim,2026-07-31T14:51:56,2026-07-31 16:46:52.197704,https://www.jns.org/news/world/jewish-candidate-for-top-un-post-wins-initial-security-council-straw-poll
Conservative movement broadens inclusion of interfaith families,The Rabbinical Assembly approved nine new halachic rulings allowing greater rabbinic involvement with interfaith families while reaffirming its ban on rabbis officiating at interfaith weddings.,https://www.jns.org/news/u-s-news/conservative-movement-broadens-inclusion-of-interfaith-families,JNS,,2026-07-31T15:04:31,2026-07-31 16:46:52.197668,https://www.jns.org/news/u-s-news/conservative-movement-broadens-inclusion-of-interfaith-families
Why Mamdani chose insidious rhetoric over arresting Netanyahu,"The New York City mayor never wanted to arrest the prime minister; he wanted to stoke outrage, protest and attention for himself.",https://www.jns.org/opinion/rabbi-steven-burg/why-mamdani-chose-insidious-rhetoric-over-arresting-netanyahu,JNS,Rabbi Steven Burg,2026-07-31T16:00:00,2026-07-31 16:46:52.197638,https://www.jns.org/opinion/rabbi-steven-burg/why-mamdani-chose-insidious-rhetoric-over-arresting-netanyahu
Columbia University global center to open this summer in Tel Aviv,"""This is long overdue,"" Columbia Jewish and Israeli Students said of the three-year delay.",https://www.jns.org/news/u-s-news/columbia-university-global-center-to-open-this-summer-in-tel-aviv,JNS,,2026-07-31T16:37:47,2026-07-31 16:46:52.197609,https://www.jns.org/news/u-s-news/columbia-university-global-center-to-open-this-summer-in-tel-aviv
"Indiana University, Wilson Center receive $6M federal grant to study global Jew-hatred","The three-year initiative will examine the historical roots of Jew-hatred, expand research into online antisemitism and convene scholars and policymakers from around the world.",https://www.jns.org/news/u-s-news/indiana-university-wilson-center-receive-6m-federal-grant-to-study-global-jew-hatred,JNS,,2026-07-31T16:39:48,2026-07-31 16:46:52.197575,https://www.jns.org/news/u-s-news/indiana-university-wilson-center-receive-6m-federal-grant-to-study-global-jew-hatred
Lively Yiddish Forward columnist Miriam Hoffman has died,"The Yiddish writer, Forverts columnist, playwright and Yiddish lecturer Miriam Hoffman passed away July 29 in Coral Springs, Florida. She was 90 years old. Hoffman was a talented storyteller, as seen in the 2017 Forverts video about her, one of ten episodes in its documentary series, Yiddish Writers Monologues. In the 55-minute clip, she describes... The post Lively Yiddish Forward columnist Miriam Hoffman has died appeared first on The Forward .",https://forward.com/yiddish-world/842213/yiddish-writer-forverts-miriam-hoffman-died-sexism/,The Forward,Rukhl Schaechter,2026-07-31T15:17:14,2026-07-31 16:46:39.867691,https://forward.com/?p=842213
Columbia students drop divestment demand as new Israel program set to open,"Plus, End Jew Hatred launches petition calling on Gov. Kathy Hochul to remove Mayor Zohran Mamdani from office. -- The post Columbia students drop divestment demand as new Israel program set to open appeared first on Jewish Telegraphic Agency .",https://www.jta.org/2026/07/31/ny/columbia-students-drop-divestment-demand-as-new-israel-program-set-to-open,JTA,New York Jewish Week Staff,2026-07-31T14:59:24,2026-07-31 16:46:37.177333,https://www.jta.org/?p=1905365
Zohran Mamdani has made it impossible for liberal Zionists like me to protest Netanyahu’s UN visit,"Jews who want to rally against the Israeli prime minister now run the risk of appearing to align with New York's anti-Israel mayor, writes a former and aspiring protester. -- The post Zohran Mamdani has made it impossible for liberal Zionists like me to protest Netanyahu&#8217;s UN visit appeared first on Jewish Telegraphic Agency .",https://www.jta.org/2026/07/31/ideas/zohran-mamdani-has-made-it-impossible-for-liberal-zionists-like-me-to-protest-netanyahus-un-visit,JTA,Menachem Z. Rosensaft,2026-07-31T16:08:23,2026-07-31 16:46:37.177287,https://www.jta.org/?p=1905319
"Despite expanding its attacks, Iran still holds to diplomacy with the U.S.",Iranian President Masoud Pezeshkian praised on Wednesday the strength of the resistance and the policies of the Supreme Leader Mojtaba Khamenei – but he's also one of the few officials who have consistently and publicly called for diplomatic efforts to prevent the country's collapse,https://www.haaretz.com/middle-east-news/iran/2026-07-31/ty-article/.premium/despite-expanding-its-attacks-iran-still-holds-to-diplomacy-with-the-u-s/0000019f-b7d5-d993-af9f-b7d7d6560000,Haaretz,Zvi Bar'el,2026-07-31T12:20:35,2026-07-31 14:07:53.946677,https://www.haaretz.com/middle-east-news/iran/2026-07-31/ty-article/.premium/despite-expanding-its-attacks-iran-still-holds-to-diplomacy-with-the-u-s/0000019f-b7d5-d993-af9f-b7d7d6560000
Beyond the final whistle,The World Cup showed us how we can all live together.,https://www.jns.org/opinion/karen-lehmann-eisner/beyond-the-final-whistle,JNS,Karen Lehmann,2026-07-31T12:30:00,2026-07-31 14:07:46.493543,https://www.jns.org/opinion/karen-lehmann-eisner/beyond-the-final-whistle
"Bipartisan House bill targets Algeria-based group, ‘instrument’ of Iranian regime","Reps. Josh Gottheimer and Ronny Jackson (R-Texas) led the legislation, calling on the U.S. secretary of state to designate the Polisario Front.",https://www.jns.org/news/u-s-news/bipartisan-house-bill-targets-algeria-based-group-instrument-of-iranian-regime,JNS,,2026-07-31T12:30:00,2026-07-31 14:07:46.493511,https://www.jns.org/news/u-s-news/bipartisan-house-bill-targets-algeria-based-group-instrument-of-iranian-regime
Beth Judah Temple: A Jersey jewel,"There’s no mistaking the building on Pacific Avenue in Wildwood, N.J., as a synagogue. But it’s also a building that emits the history of a farming community that continues to draw people in.",https://www.jns.org/feature/beth-judah-temple-a-jersey-jewel,JNS,Ethel G. Hofman,2026-07-31T13:00:00,2026-07-31 14:07:46.493477,https://www.jns.org/feature/beth-judah-temple-a-jersey-jewel
"Amid war and persecution, Iranians remain hungry for change","What is unmistakable is the depth of loathing for the Islamic Republic among its long-suffering citizens: At 71%, “dissatisfaction with the Islamic Republic” was the top reason for joining protests, according to a survey.",https://www.jns.org/opinion/column/ben-cohen/amid-war-and-persecution-iranians-remain-hungry-for-change,JNS,Ben Cohen,2026-07-31T14:00:00,2026-07-31 14:07:46.493436,https://www.jns.org/opinion/column/ben-cohen/amid-war-and-persecution-iranians-remain-hungry-for-change
"Are you there Hashem? It’s me, Clara","“I can complain no more of what brutal tongue-abuse I suffered today. I have exhausted all manners of expression for my grievances.” I wish I could tell you I don’t recognize those words. I wish I could say they were written by a beleaguered 19th-century governess, or a soldier in the Continental Army afflicted with... The post Are you there Hashem? It&#8217;s me, Clara appeared first on The Forward .",https://forward.com/culture/841220/are-you-there-hashem-its-me-clara/,The Forward,Clara Shapiro,2026-07-31T13:30:38,2026-07-31 14:07:39.466037,https://forward.com/?p=841220
"Israel rejects Gaza plan that Trump unveils with fanfare, as Hamas says it has accepted the plan","The rejection spurred blistering expressions of anger by U.S. officials. -- The post Israel rejects Gaza plan that Trump unveils with fanfare, as Hamas says it has accepted the plan appeared first on Jewish Telegraphic Agency .",https://www.jta.org/2026/07/31/united-states/israel-rejects-gaza-plan-that-trump-unveils-with-fanfare-as-hamas-says-it-has-accepted-the-plan,JTA,Ron Kampeas,2026-07-31T13:10:22,2026-07-31 14:07:36.836522,https://www.jta.org/?p=1905351
The power of uncertainty,"As antisemitism in America becomes more normalized and emboldened, Jewish communal responses have coalesced around two primary impulses: look outward or turn inward. The outward-facing approach employs debate and advocacy to shape the opinions and policies of the world around us. The inward-facing response centers investment in Jewish learning, institutions and the rhythms of Jewish... Read More The post The power of uncertainty appeared first on eJewishPhilanthropy .",https://ejewishphilanthropy.com/the-power-of-uncertainty/,eJewish Philanthropy,Elana Riback Rand,2026-07-31T12:29:49,2026-07-31 14:07:34.444858,https://ejewishphilanthropy.com/?p=178053
Your Daily Phil: From crisis to resilience: Rabbi Marc Baker on CJP’s Israel funding strategy,The post Your Daily Phil: From crisis to resilience: Rabbi Marc Baker on CJP’s Israel funding strategy appeared first on eJewishPhilanthropy .,https://ejewishphilanthropy.com/your-daily-phil-from-crisis-to-resilience-rabbi-marc-baker-on-cjps-israel-funding-strategy/,eJewish Philanthropy,EJP,2026-07-31T14:02:30,2026-07-31 14:07:34.444803,https://ejewishphilanthropy.com/?p=178071
Egyptian TV network linked to Palestinian official reveals details of Gaza peace plan,The Al-Ghad channel outlines a transition road map that the exiled Palestinian leader Mohammed Dahlan reportedly helped draft in coordination with Jared Kushner,https://www.haaretz.com/gaza/2026-07-31/ty-article/.premium/dahlan-linked-network-reveals-details-of-trumps-gaza-peace-plan/0000019f-b626-dfac-a5df-bff747a50000,Haaretz,Jack Khoury,2026-07-31T03:17:58,2026-07-31 12:00:40.564581,https://www.haaretz.com/gaza/2026-07-31/ty-article/.premium/dahlan-linked-network-reveals-details-of-trumps-gaza-peace-plan/0000019f-b626-dfac-a5df-bff747a50000
"Palestinians have no father, so the business sector took the Allenby crossing to the High Court of Justice","Israel cut the hours at the only crossing Palestinians living in the West Bank can use to travel abroad, and a 'VIP' extortion trade rushed in. 'This is a violation of a constitutional right,' the petitioners' lawyer told the court – which ordered the Airports Authority to extend the hours",https://www.haaretz.com/opinion/2026-07-31/ty-article-opinion/.premium/the-palestinian-business-sector-took-the-allenby-crossing-to-the-high-court/0000019f-acc2-dd2d-a59f-bfc62ad00000,Haaretz,Amira Hass,2026-07-31T06:56:51,2026-07-31 12:00:40.564549,https://www.haaretz.com/opinion/2026-07-31/ty-article-opinion/.premium/the-palestinian-business-sector-took-the-allenby-crossing-to-the-high-court/0000019f-acc2-dd2d-a59f-bfc62ad00000
Living with 'Gaza syndrome': Trauma that renews itself every day,"A buzz in the sky interrupts the session: Ongoing exposure to military violence, in conditions where basic needs are barely met, leaves no room for recovery",https://www.haaretz.com/opinion/2026-07-31/ty-article-opinion/.premium/living-with-gaza-syndrome-trauma-that-renews-itself-every-day/0000019f-b36f-dfac-a5df-bbff4c2f0000,Haaretz,Iyad Krunz,2026-07-31T07:05:04,2026-07-31 12:00:40.564511,https://www.haaretz.com/opinion/2026-07-31/ty-article-opinion/.premium/living-with-gaza-syndrome-trauma-that-renews-itself-every-day/0000019f-b36f-dfac-a5df-bbff4c2f0000
"How the push for Torah rule hijacked Israel's secular right, according to a political scientist","Even after four years of protest, Israel's liberal public still does not realize what is simmering below the surface on the right, political scientist Ariel David asserts: 'We've reached a point where the secular, mainstream right supports the establishment of a halakhic state'",https://www.haaretz.com/israel-news/israel-politics/2026-07-31/ty-article-magazine/.highlight/how-the-push-for-torah-rule-hijacked-israels-secular-right/0000019f-b2d5-d993-af9f-b2d7f85a0000,Haaretz,Ayelett Shani,2026-07-31T07:36:01,2026-07-31 12:00:40.564483,https://www.haaretz.com/israel-news/israel-politics/2026-07-31/ty-article-magazine/.highlight/how-the-push-for-torah-rule-hijacked-israels-secular-right/0000019f-b2d5-d993-af9f-b2d7f85a0000
'Where will we be expelled to?': West Bank camps residents fear IDF offensive,"After tens of thousands were displaced in previous operations in the northern West Bank, camp residents fear a similar scenario. 'When the world settles for condemnations and takes no real steps, Israel may conclude there is no cost for expanding the operations,' says a local activist",https://www.haaretz.com/middle-east-news/palestinians/2026-07-31/ty-article-magazine/.premium/where-will-we-be-expelled-to-west-bank-camps-residents-fear-idf-offensive/0000019f-aca0-de3c-abff-eebdeff30000,Haaretz,Jack Khoury,2026-07-31T08:44:08,2026-07-31 12:00:40.564452,https://www.haaretz.com/middle-east-news/palestinians/2026-07-31/ty-article-magazine/.premium/where-will-we-be-expelled-to-west-bank-camps-residents-fear-idf-offensive/0000019f-aca0-de3c-abff-eebdeff30000
New Haredi parties challenge an embattled political establishment,"As frustration mounts over the draft crisis and the Haredi parties' record in government, new ultra-Orthodox movements are calling for direct voter influence, posing an unprecedented challenge to the establishment",https://www.haaretz.com/israel-news/elections/2026-07-31/ty-article-magazine/.premium/new-haredi-parties-challenge-an-embattled-political-establishment/0000019f-b443-d993-af9f-b45788170000,Haaretz,Aaron Rabinowitz,2026-07-31T10:22:14,2026-07-31 12:00:40.564419,https://www.haaretz.com/israel-news/elections/2026-07-31/ty-article-magazine/.premium/new-haredi-parties-challenge-an-embattled-political-establishment/0000019f-b443-d993-af9f-b45788170000
This Israeli ultra-Orthodox feminist activist has a warning for U.S. Jews,,https://www.haaretz.com/israel-news/podcasts/2026-07-31/ty-article-podcast/.premium/this-israeli-ultra-orthodox-feminist-activist-has-a-warning-for-u-s-jews/0000019f-b789-d3fa-a19f-bf9917ea0000,Haaretz,Haaretz Podcast,2026-07-31T10:42:09,2026-07-31 12:00:40.564389,https://www.haaretz.com/israel-news/podcasts/2026-07-31/ty-article-podcast/.premium/this-israeli-ultra-orthodox-feminist-activist-has-a-warning-for-u-s-jews/0000019f-b789-d3fa-a19f-bf9917ea0000
IDF closes probe into brutal 2023 abuse case of West Bank Palestinians,"The probe was launched after Haaretz published testimonies alleging sexual assault, severe violence and looting against a group of left-wing activists and Palestinians. The case was closed after the army determined that the evidence was insufficient to indict specific soldiers, despite the IDF dismissing a unit commander and several troops",https://www.haaretz.com/west-bank/2026-07-31/ty-article/.premium/idf-closes-probe-into-brutal-2023-abuse-case-of-west-bank-palestinians/0000019f-b729-dfac-a5df-bff97af10000,Haaretz,Hagar Shezaf,2026-07-31T11:29:18,2026-07-31 12:00:40.564355,https://www.haaretz.com/west-bank/2026-07-31/ty-article/.premium/idf-closes-probe-into-brutal-2023-abuse-case-of-west-bank-palestinians/0000019f-b729-dfac-a5df-bff97af10000
"Board of Peace, Mladenov hail 'historic' agreement on Hamas disarmament",Israeli sources said the 15-point roadmap does not fully address Jerusalem’s demand for Hamas’s complete demilitarization before any IDF withdrawal from Gaza.,https://www.jns.org/news/israel-news/board-of-peace-mladenov-hail-historic-agreement-on-hamas-disarmament,JNS,JNS Staff,2026-07-31T07:02:41,2026-07-31 12:00:33.076891,https://www.jns.org/news/israel-news/board-of-peace-mladenov-hail-historic-agreement-on-hamas-disarmament
Iran's European proxies: Criminal gangs recruit teens for terror,"Foxtrot, a Swedish gang, looks for kids as young as 13 for missions. One online group, “Samurai Kids,” included up to 11,000 members.",https://www.jns.org/news/world/irans-european-proxies-criminal-gangs-recruit-teens-for-terror,JNS,David Isaac,2026-07-31T07:19:44,2026-07-31 12:00:33.076864,https://www.jns.org/news/world/irans-european-proxies-criminal-gangs-recruit-teens-for-terror
Danon accuses Spain of hypocrisy after it deploys military to Moroccan enclave,"Madrid should explain its “colonial enclaves” before criticizing Jerusalem over the Palestinians, Israel’s U.N. ambassador says.",https://www.jns.org/news/world/danon-accuses-spain-of-hypocrisy-after-it-deploys-military-to-moroccan-enclave,JNS,JNS Staff,2026-07-31T07:53:33,2026-07-31 12:00:33.076837,https://www.jns.org/news/world/danon-accuses-spain-of-hypocrisy-after-it-deploys-military-to-moroccan-enclave
After the shivah: National service volunteers help Israel’s bereaved families rebuild their lives,Dozens of young women serving through OneFamily provide bereaved families with the one thing they need most: stability.,https://www.jns.org/feature/after-the-shivah-national-service-volunteers-help-israels-bereaved-families-rebuild-their-lives,JNS,Tania Shalom Michaelian,2026-07-31T08:11:00,2026-07-31 12:00:33.076810,https://www.jns.org/feature/after-the-shivah-national-service-volunteers-help-israels-bereaved-families-rebuild-their-lives
Israeli minister slams Turkey after its FM meets new Hamas leader,"Ankara has become “the command center for Hamas’s rapists and murderers,"" Amichai Chikli says.",https://www.jns.org/news/israel-news/israeli-minister-slams-turkey-after-its-fm-meets-new-hamas-leader,JNS,JNS Staff,2026-07-31T08:22:20,2026-07-31 12:00:33.076783,https://www.jns.org/news/israel-news/israeli-minister-slams-turkey-after-its-fm-meets-new-hamas-leader
IDF destroys Hamas tunnel used to hold Oct. 7 hostages in Gaza,"Troops dismantled more than 10 underground routes, seized weapons and established new defensive positions near the Yellow Line.",https://www.jns.org/news/israel-news/idf-destroys-hamas-tunnel-used-to-hold-oct-7-hostages-in-gaza,JNS,JNS Staff,2026-07-31T08:38:57,2026-07-31 12:00:33.076756,https://www.jns.org/news/israel-news/idf-destroys-hamas-tunnel-used-to-hold-oct-7-hostages-in-gaza
IDF probes soldiers’ departure from base amid dispute over unit traditions,"The infantry battalion has participated in numerous combat operations, including during the ongoing war against Hamas in Gaza and operations on Israel’s northern border.",https://www.jns.org/news/israel-news/idf-probes-soldiers-departure-from-base-amid-dispute-over-unit-traditions,JNS,Ehud Amiton/TPS-IL,2026-07-31T09:12:00,2026-07-31 12:00:33.076731,https://www.jns.org/news/israel-news/idf-probes-soldiers-departure-from-base-amid-dispute-over-unit-traditions
Singapore probes British band after Palestinian flag displayed at concert,The public display of foreign national emblems in the island nation is illegal without a permit or exemption.,https://www.jns.org/news/world/singapore-probes-british-band-after-palestinian-flag-displayed-at-concert,JNS,JNS Staff,2026-07-31T09:38:18,2026-07-31 12:00:33.076699,https://www.jns.org/news/world/singapore-probes-british-band-after-palestinian-flag-displayed-at-concert
Hebrew anniversary of 1929 Hebron Massacre commemorated,Arab marauders killed 67 Jews and temporarily brought centuries of continuous Jewish life in the city to an end.,https://www.jns.org/news/israel-news/hebrew-anniversary-of-1929-hebron-massacre-commemorated,JNS,JNS Staff,2026-07-31T09:51:05,2026-07-31 12:00:33.076671,https://www.jns.org/news/israel-news/hebrew-anniversary-of-1929-hebron-massacre-commemorated
"Israel, US Jewish military leaders launch training program for military rabbis","The initiative brings together the IDF Military Rabbinate, Aleph Military and the International Halacha Institute to address modern halachic challenges facing Jewish service members.",https://www.jns.org/feature/israel-us-jewish-military-leaders-launch-training-program-for-military-rabbis,JNS,Josh Hasten,2026-07-31T10:11:00,2026-07-31 12:00:33.076633,https://www.jns.org/feature/israel-us-jewish-military-leaders-launch-training-program-for-military-rabbis
Boy George Stands with the Jews — And the Jewish People Will Never Forget It,"At a moment of frightening abandonment, he has given Jews something precious—the knowledge that we are not completely alone. The post Boy George Stands with the Jews — And the Jewish People Will Never Forget It appeared first on Jewish Journal .",https://jewishjournal.com/commentary/opinion/390698/boy-george-stands-with-the-jews/,Jewish Journal,Rabbi Shmuley Boteach,2026-07-31T08:29:24,2026-07-31 12:00:30.606226,https://jewishjournal.com/?p=390698
Netanyahu showcases diplomatic victories that have expiration dates,"(JTA) — A rejuvenated Benjamin Netanyahu returned home to Israel Thursday from Washington, having crossed off everything on his diplomatic shopping list. Grinning photo op with U.S. President Donald Trump? Check. Iran still a top priotiry? Check. Conciliation with U.S. Vice President JD Vance and conflict with New York Mayor Zohran Mamdani? Check and check.... The post Netanyahu showcases diplomatic victories that have expiration dates appeared first on The Forward .",https://forward.com/fast-forward/842171/netanyahu-showcases-diplomatic-victories-that-have-expiration-dates/,The Forward,Ron Kampeas,2026-07-31T06:42:40,2026-07-31 12:00:26.308717,https://forward.com/?p=842171
"Cornell condemns student’s viral antisemitic remarks, but won’t bar him from campus","(JTA) — Cornell University is condemning viral antisemitic remarks made by an undergraduate student who appeared on “Piers Morgan Uncensored” earlier this week, but the school’s president says no further action is planned against the student. During his appearance, the student, Austin Franco, defended his statement in June that he did not want to work... The post Cornell condemns student’s viral antisemitic remarks, but won’t bar him from campus appeared first on The Forward .",https://forward.com/fast-forward/842048/cornell-condemns-students-viral-antisemitic-remarks-but-wont-bar-him-from-campus/,The Forward,Andrew Lapin,2026-07-31T06:43:39,2026-07-31 12:00:26.308635,https://forward.com/?p=842048
"On campus, Jewish students are standing up","At the beginning of 2024, Jew hate was running rampant on University of California, Santa Barbaras campus, and I was one of its targets. I was 21 years old, the daughter of Jewish immigrants from the former Soviet Union and the president of the student government at UC Santa Barbara. Handwritten signs began appearing outside... Read More The post On campus, Jewish students are standing up appeared first on eJewishPhilanthropy .",https://ejewishphilanthropy.com/on-campus-jewish-students-are-standing-up/,eJewish Philanthropy,Tessa Veksler,2026-07-31T07:21:02,2026-07-31 12:00:21.437187,https://ejewishphilanthropy.com/?p=178022
"Family, friends, dignitaries mourn Michael Levin, whose death 20 years ago inspired a support system for ‘lone soldiers’","For 20 years, Michael Levin has been a symbol — of sacrifice, of idealism, of determination, of heroism, of a unique brand of American Israeli Zionism. But first, he was a Philadelphia Flyers fan, a Ramah in the Poconos camper and, by all accounts, a bit of a pain in the butt. Growing up in Bucks... Read More The post Family, friends, dignitaries mourn Michael Levin, whose death 20 years ago inspired a support system for ‘lone soldiers’ appeared first on eJewishPhilanthropy .",https://ejewishphilanthropy.com/family-friends-dignitaries-mourn-michael-levin-whose-death-20-years-ago-inspired-a-support-system-for-lone-soldiers/,eJewish Philanthropy,Judah Ari Gross,2026-07-31T11:10:46,2026-07-31 12:00:21.437127,https://ejewishphilanthropy.com/?p=178035
From emergency response to resilience: Boston’s CJP reimagines its Israel funding,"Nearly three years after the Oct. 7 terror attacks set off a historic surge in emergency giving to Israel, Combined Jewish Philanthropies of Greater Boston is recalibrating. After raising nearly $60 million in a post-Oct. 7 emergency campaign, CJP —along with many other Jewish federations across North America —is shifting its grantmaking from acute crisis... Read More The post From emergency response to resilience: Boston’s CJP reimagines its Israel funding appeared first on eJewishPhilanthropy .",https://ejewishphilanthropy.com/from-emergency-response-to-resilience-bostons-cjp-reimagines-its-israel-funding/,eJewish Philanthropy,Justin Hayet,2026-07-31T11:33:11,2026-07-31 12:00:21.437064,https://ejewishphilanthropy.com/?p=178036
