title,description,link,source,author,published,scraped_at,guid
The U.S. and Iran are stuck in loop; Israel is stuck out of it,"While Trump and Iran repeat a pattern of escalation and failed negotiations, Netanyahu's declining leverage in Washington mirrors broader challenges facing his government before the next election",https://www.haaretz.com/middle-east-news/iran/2026-07-31/ty-article/.premium/the-u-s-and-iran-are-stuck-in-loop-israel-is-stuck-out-of-it/0000019f-b443-d3fa-a19f-bdd397b20000,Haaretz,Amos Harel,2026-07-31T03:00:24,2026-07-31 06:14:22.481600,https://www.haaretz.com/middle-east-news/iran/2026-07-31/ty-article/.premium/the-u-s-and-iran-are-stuck-in-loop-israel-is-stuck-out-of-it/0000019f-b443-d3fa-a19f-bdd397b20000
Netanyahu's presidential brushoff: Why 'Mr. America' left Washington without Trump's endorsement,"The Americans are fed up with Israel and her leaders – and Trump would have to be 'loony' to tie his fate with Netanyahu's ■ Meanwhile, the campaign to delegitimize the Central Elections Committee is being run directly from the Prime Minister's Office",https://www.haaretz.com/israel-news/israel-politics/2026-07-31/ty-article/.premium/netanyahus-brushoff-why-mr-america-left-d-c-without-trumps-endorsement/0000019f-b493-de01-a5bf-f7d31a050000,Haaretz,Yossi Verter,2026-07-31T03:00:55,2026-07-31 06:14:22.481563,https://www.haaretz.com/israel-news/israel-politics/2026-07-31/ty-article/.premium/netanyahus-brushoff-why-mr-america-left-d-c-without-trumps-endorsement/0000019f-b493-de01-a5bf-f7d31a050000
'People I've taught have crossed over to the dark side. The money is very tempting',"This week at Ben-Gurion Airport: A family of five, each with a distinct passion – from hacking to Israeli-Palestinian peace – and a lighting and sound technician who has found a way to cope with the stresses of life in Israel",https://www.haaretz.com/israel-news/holylandings/2026-07-31/ty-article-magazine/.highlight/ive-had-studnets-who-crossed-over-to-the-dark-side-the-money-is-tempting/0000019f-b686-dfac-a5df-bfd7153d0000,Haaretz,Mae Palty,2026-07-31T05:29:26,2026-07-31 06:14:22.481520,https://www.haaretz.com/israel-news/holylandings/2026-07-31/ty-article-magazine/.highlight/ive-had-studnets-who-crossed-over-to-the-dark-side-the-money-is-tempting/0000019f-b686-dfac-a5df-bfd7153d0000
Decoding the settler violence narrative for Americans,"When Israelis ask Washington to take action against Jews in Judea and Samaria, they are ignoring the context of Arab terrorism and attempting an end run around democracy.",https://www.jns.org/opinion/column/jonathan-s-tobin/decoding-the-settler-violence-narrative-for-americans,JNS,Jonathan S. Tobin,2026-07-31T04:30:00,2026-07-31 06:14:15.759178,https://www.jns.org/opinion/column/jonathan-s-tobin/decoding-the-settler-violence-narrative-for-americans
Mamdani fixates on Israel while Jews become hate-crime targets in New York,"The mayor has no power over America’s foreign policy, but he does have every obligation to protect the safety of all New Yorkers.",https://www.jns.org/wire/the-focus-project/mamdani-fixates-on-israel-while-jews-become-hate-crime-targets-in-new-york,JNS,,2026-07-31T05:00:00,2026-07-31 06:14:15.759147,https://www.jns.org/wire/the-focus-project/mamdani-fixates-on-israel-while-jews-become-hate-crime-targets-in-new-york
Threat level raised for Zvi Sukkot after MK tours Arab schools,"""Anyone who tries to hurt me will get a bullet in the head,"" the Knesset member told JNS.",https://www.jns.org/news/israel-news/threat-level-raised-for-zvi-sukkot-after-mk-tours-arab-schools,JNS,Amelie Botbol,2026-07-31T05:08:00,2026-07-31 06:14:15.759112,https://www.jns.org/news/israel-news/threat-level-raised-for-zvi-sukkot-after-mk-tours-arab-schools
Security forces arrest wanted Palestinians in anti-terror raid near Hebron,"Joint IDF, Shin Bet and Border Police operation targeted suspects linked to armed clan violence amid fears the shootings could threaten nearby Israeli communities.",https://www.jns.org/news/israel-news/security-forces-arrest-wanted-suspects-in-anti-terror-raid-near-hebron,JNS,JNS Staff,2026-07-31T05:31:07,2026-07-31 06:14:15.759080,https://www.jns.org/news/israel-news/security-forces-arrest-wanted-suspects-in-anti-terror-raid-near-hebron
An Altadena synagogue’s mural was a symbol of community resilience after the LA fires. Antisemitic graffiti only proved the point.,"ALTADENA, CALIF. – When Pasadena Jewish Temple and Center held services in the foothills of the San Gabriel Mountains, Chann and Christina An, who lived across the street, sometimes sat on their front porch and listened to the songs. And when the Eaton fire flattened the PJTC campus last January — and the An home,... The post An Altadena synagogue’s mural was a symbol of community resilience after the LA fires. Antisemitic graffiti only proved the point. appeared first on The Forward .",https://forward.com/news/842183/pasadena-temple-mural-graffiti-community-support/,The Forward,Louis Keene,2026-07-31T04:38:09,2026-07-31 06:14:09.071481,https://forward.com/?p=842183
IDF destroys Iran-funded Hezbollah tunnel network in Lebanon,,https://www.haaretz.com/israel-news/israel-security/2026-07-31/ty-article-live/idf-destroys-iran-funded-hezbollah-tunnel-network-in-lebanon/0000019f-b5da-d993-af9f-b5dfb3790000,Haaretz,Haaretz,2026-07-31T02:05:57,2026-07-31 02:51:56.015523,https://www.haaretz.com/israel-news/israel-security/2026-07-31/ty-article-live/idf-destroys-iran-funded-hezbollah-tunnel-network-in-lebanon/0000019f-b5da-d993-af9f-b5dfb3790000
Bret Stephens Warns Jewish Extremist Violence Poses ‘Direct Threat’ to Israel,"Prominent New York Times columnist Bret Stephens, a vocal longtime supporter of Israel, sharply condemned extremist violence against Palestinians in...",https://www.algemeiner.com/2026/07/30/nyt-columnist-bret-stephens-condemns-west-bank-jewish-terrorism-in-scathing-column/,Algemeiner,Corey Walker,2026-07-30T23:14:59,2026-07-31 02:51:51.506962,https://www.algemeiner.com/?p=777085
"Hamas has agreed to disarm, Trump says","The pact, which the terror group has yet to confirm, “is a critical step towards Gaza finally being governed by a new Palestinian ‌government,” the U.S. president and Board of Peace chair said.",https://www.jns.org/news/u-s-news/hamas-has-agreed-to-disarm-trump-says,JNS,Mike Wagenheim,2026-07-31T01:01:03,2026-07-31 02:51:49.183021,https://www.jns.org/news/u-s-news/hamas-has-agreed-to-disarm-trump-says
Israel destroys terror tunnels in southern Lebanon,Israeli Prime Minister Benjamin Netanyahu said that the IDF destroyed terror tunnels which Hezbollah planned to use to invade communities in the Galilee.,https://www.jns.org/news/israel-news/israel-destroys-terror-tunnels-in-southern-lebanon,JNS,,2026-07-31T01:12:03,2026-07-31 02:51:49.182996,https://www.jns.org/news/israel-news/israel-destroys-terror-tunnels-in-southern-lebanon
The real reason for Netanyahu’s trip to Washington,The prime minister wants to give President Trump a Plan B.,https://www.jns.org/opinion/amit-segal/the-real-reason-for-netanyahus-trip-to-washington,JNS,Amit Segal,2026-07-31T01:30:00,2026-07-31 02:51:49.182972,https://www.jns.org/opinion/amit-segal/the-real-reason-for-netanyahus-trip-to-washington
Justice Department threatens to sue Maryland county over synagogue gun ban,"""History teaches us that houses of worship are vulnerable to armed attacks,"" the U.S. Justice Department stated.",https://www.jns.org/news/u-s-news/justice-department-threatens-to-sue-maryland-county-over-synagogue-gun-ban,JNS,Jessica Russak-Hoffman,2026-07-31T01:32:30,2026-07-31 02:51:49.182946,https://www.jns.org/news/u-s-news/justice-department-threatens-to-sue-maryland-county-over-synagogue-gun-ban
Newly translated Yiddish novel opens window to shtetl life,"Long before bookstore shelves were packed with fierce heroines, Rokhl Feygenberg was living a life that outshined them all. Orphaned as a teenager, she toiled over a sewing machine to [&#8230;]",https://jweekly.com/2026/07/30/1905-yiddish-novel-translated-by-east-bay-woman-opens-window-to-shtetl-life/,J. Weekly,Rahel Knight,2026-07-30T23:59:32,2026-07-31 02:51:32.993062,https://jweekly.com/?p=307843
How an AI bot could help retrieve Nazi-looted art,"The Nazi regime stole tens of thousands of pieces of art from Jewish families. Efforts to identify, recover and return this artwork to the descendants of victims have been underway [&#8230;]",https://jweekly.com/2026/07/30/how-an-ai-bot-could-help-retrieve-nazi-looted-art/,J. Weekly,Cayla Labgold-Carroll,2026-07-31T00:42:05,2026-07-31 02:51:32.993030,https://jweekly.com/?p=307850
"'It's bigger than Abdul': In Dearborn, beating AIPAC may be the real prize","In America's largest Arab community, excitement was palpable ahead of the Michigan primary, where Abdul El-Sayed is leading Rep. Haley Stevens for the Democratic Party's Senate nomination",https://www.haaretz.com/us-news/2026-07-31/ty-article-magazine/.premium/its-bigger-than-abdul-in-dearborn-beating-aipac-may-be-the-real-prize/0000019f-b4b8-d993-af9f-b4ffeaf60000,Haaretz,Etan Nechin,2026-07-30T21:36:57,2026-07-30 23:08:15.281500,https://www.haaretz.com/us-news/2026-07-31/ty-article-magazine/.premium/its-bigger-than-abdul-in-dearborn-beating-aipac-may-be-the-real-prize/0000019f-b4b8-d993-af9f-b4ffeaf60000
Jewish settlers plan 'memorial hikes' through West Bank villages after deadly clashes,WhatsApp invitations urge followers to march in memory of Benayahu Mellet and Major Yuval Ezra exactly a week after the settler raids,https://www.haaretz.com/israel-news/israel-security/2026-07-31/ty-article/.premium/settlers-plan-memorial-hikes-through-west-bank-villages-after-deadly-clashes/0000019f-b4c5-dfac-a5df-bdd538dc0000,Haaretz,Matan Golan,2026-07-30T21:51:40,2026-07-30 23:08:15.281472,https://www.haaretz.com/israel-news/israel-security/2026-07-31/ty-article/.premium/settlers-plan-memorial-hikes-through-west-bank-villages-after-deadly-clashes/0000019f-b4c5-dfac-a5df-bdd538dc0000
Americans don't have an Israel problem. They have a Netanyahu problem,"Israel's longest-serving Prime Minister has become synonymous with the Jewish state in the minds of most Americans. Without removing him from power, there is no hope for restoring the U.S.-Israel alliance",https://www.haaretz.com/opinion/2026-07-31/ty-article-opinion/.premium/americans-dont-have-an-israel-problem-they-have-a-netanyahu-problem/0000019f-b509-da04-a7ff-bd0d743d0000,Haaretz,Eric H. Yoffie,2026-07-30T22:13:34,2026-07-30 23:08:15.281444,https://www.haaretz.com/opinion/2026-07-31/ty-article-opinion/.premium/americans-dont-have-an-israel-problem-they-have-a-netanyahu-problem/0000019f-b509-da04-a7ff-bd0d743d0000
"Netanyahu wanted Washington to act on Iran, now he says it wasn't his decision",,https://www.haaretz.com/opinion/2026-07-31/ty-article-opinion/.premium/netanyahu-wanted-washington-to-act-on-iran-now-he-says-it-wasnt-his-decision/0000019f-b443-da04-a7ff-bd47d3970000,Haaretz,Carolina Landsmann,2026-07-30T22:13:37,2026-07-30 23:08:15.281414,https://www.haaretz.com/opinion/2026-07-31/ty-article-opinion/.premium/netanyahu-wanted-washington-to-act-on-iran-now-he-says-it-wasnt-his-decision/0000019f-b443-da04-a7ff-bd47d3970000
The government's war on the media is paving the way for bloodshed,,https://www.haaretz.com/opinion/editorial/2026-07-31/ty-article-opinion/the-governments-war-on-the-media-is-paving-the-way-for-bloodshed/0000019f-b477-d993-af9f-b477ba420000,Haaretz,Haaretz Editorial,2026-07-30T22:15:49,2026-07-30 23:08:15.281387,https://www.haaretz.com/opinion/editorial/2026-07-31/ty-article-opinion/the-governments-war-on-the-media-is-paving-the-way-for-bloodshed/0000019f-b477-d993-af9f-b477ba420000
"Shin Bet says Netanyahu aides harmed national security, but opinion remains unsigned","While PM Netanyahu and right-wing pundit Bardugo allegedly pressured former Shin Bet chief Bar to halt the 'Qatargate' probes, David Zini, the current chief, is pressured to open investigations against those targeted by the gov't ■ Minister Elkin's testimony for the defense in Netanyahu's corruption trial may very well be a new bribery affair",https://www.haaretz.com/israel-news/israel-security/2026-07-31/ty-article/.premium/shin-bet-netanyahu-aides-harmed-national-security-but-opinion-remains-unsigned/0000019f-b473-da04-a7ff-bd77580d0000,Haaretz,Gidi Weitz,2026-07-30T22:20:37,2026-07-30 23:08:15.281355,https://www.haaretz.com/israel-news/israel-security/2026-07-31/ty-article/.premium/shin-bet-netanyahu-aides-harmed-national-security-but-opinion-remains-unsigned/0000019f-b473-da04-a7ff-bd77580d0000
"Trump announces 'historic' Hamas disarmament deal, new Gaza government","Speaking to Haaretz earlier Thursday, a source with the Board of Peace said the deal will see Hamas disarmed and its weapons collected by the board-appointed bodies set to govern the Strip",https://www.haaretz.com/israel-news/israel-security/2026-07-31/ty-article/.premium/trump-announces-historic-hamas-disarmament-deal-new-gaza-government/0000019f-b537-d993-af9f-b577383f0001,Haaretz,Ben Samuels,2026-07-30T22:55:16,2026-07-30 23:08:15.281302,https://www.haaretz.com/israel-news/israel-security/2026-07-31/ty-article/.premium/trump-announces-historic-hamas-disarmament-deal-new-gaza-government/0000019f-b537-d993-af9f-b577383f0001
UK Anti-Israel Group Palestine Action Wins Supreme Court Appeal Bid Over Terrorism Ban,The UK-based anti-Israel group Palestine Action secured a significant legal victory on Thursday after the Supreme Court agreed to consider...,https://www.algemeiner.com/2026/07/30/uk-anti-israel-group-palestine-action-wins-supreme-court-appeal-bid-over-terrorism-ban/,Algemeiner,Ailin Vilches Arguello,2026-07-30T21:15:20,2026-07-30 23:08:10.178023,https://www.algemeiner.com/?p=777052
Crown Heights leaders decry sentence in Chabad headquarters car-ramming,"“Deliberately choosing a synagogue and driving a car into it while 2,000 people were inside is inherently an act of hate,” Yaacov Behrman, a liaison for Chabad headquarters, told JNS.",https://www.jns.org/news/u-s-news/crown-heights-leaders-decry-sentence-in-chabad-headquarters-car-ramming,JNS,Debra Nussbaum Cohen,2026-07-30T21:54:40,2026-07-30 23:08:07.937601,https://www.jns.org/news/u-s-news/crown-heights-leaders-decry-sentence-in-chabad-headquarters-car-ramming
"SCOOP: California district didn’t do enough when student told teacher of Jewish peer, ‘they deserved the Holocaust,’ state probe finds","Lilac Kibel told JNS that her son said, “I just want to disappear. I don’t want to be in this scenario. I didn’t choose it. Why me?”",https://www.jns.org/news/u-s-news/scoop-california-district-didnt-do-enough-when-student-told-teacher-of-jewish-peer-they-deserved-the-holocaust-state-probe-finds,JNS,Aaron Bandler,2026-07-30T22:28:37,2026-07-30 23:08:07.937560,https://www.jns.org/news/u-s-news/scoop-california-district-didnt-do-enough-when-student-told-teacher-of-jewish-peer-they-deserved-the-holocaust-state-probe-finds
Democratic Socialists of America Are Coming for their Country,"The master of this subterfuge is the savvy Mamdani, who makes socialism look as sweet and innocent as a community library. The post Democratic Socialists of America Are Coming for their Country appeared first on Jewish Journal .",https://jewishjournal.com/commentary/columnist/editors-note/390646/democratic-socialists-of-america-are-coming-for-their-country/,Jewish Journal,David Suissa,2026-07-30T22:46:17,2026-07-30 23:08:05.441525,https://jewishjournal.com/?p=390646
Because — A poem for Parsha Eikev,"because, because, because ... The post Because — A poem for Parsha Eikev appeared first on Jewish Journal .",https://jewishjournal.com/judaism/390478/because-a-poem-for-parsha-eikev/,Jewish Journal,Rick Lupert,2026-07-30T23:00:45,2026-07-30 23:08:05.441482,https://jewishjournal.com/?p=390478
Netanyahu showcases diplomatic victories that have expiration dates,"The Israeli prime minister held photo ops with Trump, senators and evangelicals before leaving Washington. -- The post Netanyahu showcases diplomatic victories that have expiration dates appeared first on Jewish Telegraphic Agency .",https://www.jta.org/2026/07/30/israel/netanyahu-showcases-diplomatic-victories-that-have-expiration-dates,JTA,Ron Kampeas,2026-07-30T21:19:56,2026-07-30 23:07:58.669256,https://www.jta.org/?p=1905347
Anti-government protesters challenging noise fines say they were held in police custody at the time,"One activist is concerned that 'Haifa Police transferred my personal details, while I was in custody, to an inspector so that he could issue me a fine for an offense that there is no possibility I committed at the time and place alleged'",https://www.haaretz.com/israel-news/israel-crime/2026-07-30/ty-article/.premium/protesters-challenge-noise-fines-they-say-were-issued-while-they-were-detained/0000019f-b445-d993-af9f-b4572f980000,Haaretz,Adi Hashmonai,2026-07-30T20:16:05,2026-07-30 21:10:41.969887,https://www.haaretz.com/israel-news/israel-crime/2026-07-30/ty-article/.premium/protesters-challenge-noise-fines-they-say-were-issued-while-they-were-detained/0000019f-b445-d993-af9f-b4572f980000
Haaretz Cartoon,,https://www.haaretz.com/opinion/daily-cartoon/2026-07-30/ty-article-opinion/haaretz-cartoon/0000019f-b4a8-d3fa-a19f-bdb8fdd60000,Haaretz,Eran Wolkowski,2026-07-30T20:19:57,2026-07-30 21:10:41.969854,https://www.haaretz.com/opinion/daily-cartoon/2026-07-30/ty-article-opinion/haaretz-cartoon/0000019f-b4a8-d3fa-a19f-bdb8fdd60000
Far-right rapper-influencer steps down from police role after Haaretz probe,"Yoav Eliasi, known as 'The Shadow' and a close ally of police minister Itamar Ben-Gvir, used his role as commander of a civilian squad to seek leniency from district police after violent incidents at a Tel Aviv club in which he was a business partner",https://www.haaretz.com/israel-news/israel-crime/2026-07-30/ty-article/.premium/far-right-rapper-influencer-steps-down-from-police-role-after-haaretz-probe/0000019f-b400-da04-a7ff-bd043b4f0000,Haaretz,Josh Breiner,2026-07-30T20:28:43,2026-07-30 21:10:41.969825,https://www.haaretz.com/israel-news/israel-crime/2026-07-30/ty-article/.premium/far-right-rapper-influencer-steps-down-from-police-role-after-haaretz-probe/0000019f-b400-da04-a7ff-bd043b4f0000
Israel's top court overturns police ban on protest for release of body of man killed by police,"Police refused to approve a Sunday rally calling for the release of Sami Ahmed Ja'asous' body, saying it would express support for terrorism. Ja'asous, who had a mental illness, was shot and killed earlier this month after allegedly trying to stab a police officer in Lod",https://www.haaretz.com/israel-news/israel-security/2026-07-30/ty-article/.premium/top-court-overturns-police-ban-on-protest-for-release-of-killed-mans-body/0000019f-b3b1-dfac-a5df-bbf10d8a0000,Haaretz,Yair Foldes,2026-07-30T20:39:55,2026-07-30 21:10:41.969786,https://www.haaretz.com/israel-news/israel-security/2026-07-30/ty-article/.premium/top-court-overturns-police-ban-on-protest-for-release-of-killed-mans-body/0000019f-b3b1-dfac-a5df-bbf10d8a0000
"In Major Defeat, Columbia Graduate Union Abandons Anti-Israel Divestment Demand",An anti-Zionist campaign embedded in Columbia University’s graduate-student labor negotiations suffered a major defeat this week when the union withdrew...,https://www.algemeiner.com/2026/07/30/anti-zionist-graduate-workers-at-columbia-university-fakes-major-concession-to-prepare-for-strike/,Algemeiner,Dion J. Pierre,2026-07-30T20:36:22,2026-07-30 21:10:36.854175,https://www.algemeiner.com/?p=777053
Democratic Congressional Nominee Adam Hamawy Says Comments Defending 9/11 Should Be Viewed ‘In Perspective’,New Jersey Democratic congressional nominee Adam Hamawy is facing renewed criticism after brushing aside far-left streamer Hasan Piker’s infamous declaration...,https://www.algemeiner.com/2026/07/30/democratic-congressional-nominee-adam-hamawy-says-comments-defending-9-11-should-be-viewed-in-perspective/,Algemeiner,Corey Walker,2026-07-30T20:45:32,2026-07-30 21:10:36.854145,https://www.algemeiner.com/?p=777042
Activists Against Israel-Ireland Nations League Soccer Match Occupy Department of Sport Offices in Dublin,Anti-Israel activists occupying Ireland’s Department of Sport in Dublin were removed by police on Wednesday after demanding that the country...,https://www.algemeiner.com/2026/07/30/activists-against-israel-ireland-nations-league-soccer-match-occupy-department-of-sport-offices-in-dublin/,Algemeiner,Shiryn Ghermezian,2026-07-30T21:00:23,2026-07-30 21:10:36.854107,https://www.algemeiner.com/?p=777026
"Mamdani, stop hijacking Mandela’s legacy","The late South African leader wasn't about “which side are you on?” Rather, he focused on “how do we build a future together?”",https://www.jns.org/opinion/michael-kransdorff/mamdani-stop-hijacking-mandelas-legacy,JNS,Michael Kransdorff,2026-07-30T19:30:00,2026-07-30 21:10:34.599058,https://www.jns.org/opinion/michael-kransdorff/mamdani-stop-hijacking-mandelas-legacy
"‘I feel like I’m a modern Holocaust survivor,’ Oct. 7 Nova festival survivor says",Lior Auvgang told UJA young leaders that “they tried to destroy us. They did not.,https://www.jns.org/news/u-s-news/i-feel-like-im-a-modern-holocaust-survivor-oct-7-nova-festival-survivor-says,JNS,Rebecca Szlechter,2026-07-30T19:41:16,2026-07-30 21:10:34.599030,https://www.jns.org/news/u-s-news/i-feel-like-im-a-modern-holocaust-survivor-oct-7-nova-festival-survivor-says
Israel cannot accept a Gaza deal without Hamas truly disarming,"Direct talks on Gaza's future involving only Jared Kushner and Mohammed Dahlan have reportedly achieved a breakthrough, leaving Jerusalem to decide whether their initiative meets Israeli security requirements.",https://www.jns.org/opinion/column/fiamma-nirenstein/israel-cannot-accept-a-gaza-deal-without-hamas-truly-disarming,JNS,Fiamma Nirenstein,2026-07-30T20:00:00,2026-07-30 21:10:34.599001,https://www.jns.org/opinion/column/fiamma-nirenstein/israel-cannot-accept-a-gaza-deal-without-hamas-truly-disarming
Anti-Israel activist launches bid to unseat pro-Israel Maryland congressman,Sam Husseini has repeatedly accused Rep. Glenn Ivey of enabling “imperial” Israel’s war against Hamas through his support for U.S. military aid to Jerusalem.,https://www.jns.org/news/u-s-news/anti-israel-activist-launches-bid-to-unseat-pro-israel-maryland-congressman,JNS,Mike Wagenheim,2026-07-30T20:44:02,2026-07-30 21:10:34.598963,https://www.jns.org/news/u-s-news/anti-israel-activist-launches-bid-to-unseat-pro-israel-maryland-congressman
American Jews need to 'get off their knees and fight',"“Think Twice” with Jonathan Tobin and guest Batya Ungar-Sargon, Ep. 232",https://www.jns.org/jns-tv/think-twice/american-jews-need-to-get-off-their-knees-and-fight,JNS,Jonathan S. Tobin,2026-07-30T21:00:00,2026-07-30 21:10:34.598926,https://www.jns.org/jns-tv/think-twice/american-jews-need-to-get-off-their-knees-and-fight
When Everything Goes Wrong Abroad: Why I Never Let a Client Skip Travel Insurance.,[&#8230;] The post When Everything Goes Wrong Abroad: Why I Never Let a Client Skip Travel Insurance. appeared first on Jewish Journal .,https://jewishjournal.com/los_angeles/390608/why-i-never-let-a-client-skip-travel-insurance/,Jewish Journal,Delia duPlessis,2026-07-30T20:01:20,2026-07-30 21:10:32.383673,https://jewishjournal.com/?p=390608
The Blessings of a Broken World,"Without the longing and passion that come with failures and mistakes, without the introspection required by repentance, one cannot become the best possible version of themselves. The post The Blessings of a Broken World appeared first on Jewish Journal .",https://jewishjournal.com/judaism/390613/the-blessings-of-a-broken-world/,Jewish Journal,Chaim Steinmetz,2026-07-30T20:06:59,2026-07-30 21:10:32.383635,https://jewishjournal.com/?p=390613
A mayor exposed New York City Jews to chaos. It wasn’t Mamdani.,"The mayor ventured to a Brooklyn synagogue, hoping to assure an overflowing crowd of Jewish New Yorkers who blamed him for fostering an environment of antisemitism that he understood their fears and their place in a city they considered increasingly threatening to their safety. Not Zohran Mamdani, who stands accused by segments of the Jewish... The post A mayor exposed New York City Jews to chaos. It wasn’t Mamdani. appeared first on The Forward .",https://forward.com/forward-newsletters/looking-forward/842123/mamdani-netanyhau-lindsay-nyc/,The Forward,Alyssa Katz,2026-07-30T20:18:51,2026-07-30 21:10:28.132157,https://forward.com/?p=842123
A Yiddish theater troupe condemned U.S. racism — then the Nazis came,"In 1935, the experimental theater group Yung Teatr invited audiences in Warsaw to a new play that was virtually all in Yiddish but wasn’t about Europe or Jews. It was a modified retelling of the plight of the Scottsboro Boys, nine Black teenagers who were falsely accused of raping two white women in Tennessee in... The post A Yiddish theater troupe condemned U.S. racism — then the Nazis came appeared first on The Forward .",https://forward.com/culture/theater/842006/a-yiddish-theater-troupe-condemned-u-s-racism-then-the-nazis-came/,The Forward,Olivia Haynie,2026-07-30T20:19:11,2026-07-30 21:10:28.132106,https://forward.com/?p=842006
Columbia University student workers union drops Israel divestment demand,"The student workers&#8217; union at Columbia University has withdrawn its demand that the university divest from Israel — a significant reversal for the group, which has played a leading role in the campus&#8217;s pro-Palestinian movement since the start of the Israel-Hamas war. Divestment had been one of the union&#8217;s signature demands, and a recurring point... The post Columbia University student workers union drops Israel divestment demand appeared first on The Forward .",https://forward.com/news/842057/columbia-university-student-workers-union-pro-palestinian-israel-divestment-bds/,The Forward,Simone Saidmehr,2026-07-30T20:34:55,2026-07-30 21:10:28.132048,https://forward.com/?p=842057
Should Boy George fans like me tell him to shut up about Israel? Not necessarily,"Israelis who are locked into the narrative of 'the whole world is against us' felt a little less isolated after Boy George's new track. But the song also allows for a deeper look at the cultural battlefield, and begs the question: Should every celebrity opine about Israel and the Palestinians?",https://www.haaretz.com/israel-news/2026-07-30/ty-article-magazine/.premium/should-boy-george-fans-like-me-tell-him-to-shut-up-about-israel-not-necessarily/0000019f-b2ba-da04-a7ff-bbbe79370000,Haaretz,Dahlia Scheindlin,2026-07-30T18:01:23,2026-07-30 19:26:56.123314,https://www.haaretz.com/israel-news/2026-07-30/ty-article-magazine/.premium/should-boy-george-fans-like-me-tell-him-to-shut-up-about-israel-not-necessarily/0000019f-b2ba-da04-a7ff-bbbe79370000
"Israel Police arrest suspect in attacks on Channel 12 News, Haaretz offices","A man in his 40s from the Tel Aviv suburb of Ramat Gan was arrested Thursday under suspicion of threatening Israeli journalists in a letter that warned 'someone will die,' and using a brick to shatter the entrances to Channel 12 News and Haaretz offices earlier this month",https://www.haaretz.com/israel-news/israel-crime/2026-07-30/ty-article/.premium/israel-police-arrest-suspect-in-attacks-on-channel-12-news-haaretz-offices/0000019f-b3f5-dfac-a5df-bbf5ebcd0000,Haaretz,Yair Foldes,2026-07-30T18:06:53,2026-07-30 19:26:56.123279,https://www.haaretz.com/israel-news/israel-crime/2026-07-30/ty-article/.premium/israel-police-arrest-suspect-in-attacks-on-channel-12-news-haaretz-offices/0000019f-b3f5-dfac-a5df-bbf5ebcd0000
Anomalous footprints made 1.43 million years ago in Kenya bewilder archaeologists,Marks left by eight hominins hoofing along a lake show an alternative erectus or huge australopithecine. They're a rare example of social life – the question is whose social life,https://www.haaretz.com/archaeology/2026-07-30/ty-article-magazine/anomalous-footprints-made-1-43-million-years-ago-in-kenya-puzzle-archaeologists/0000019f-b309-d993-af9f-b35f92430000,Haaretz,Ruth Schuster,2026-07-30T18:35:05,2026-07-30 19:26:56.123237,https://www.haaretz.com/archaeology/2026-07-30/ty-article-magazine/anomalous-footprints-made-1-43-million-years-ago-in-kenya-puzzle-archaeologists/0000019f-b309-d993-af9f-b35f92430000
"Far-Left London Council Targets Haifa Partnership, Sets Oct. 7 Response Deadline",A far-left London borough moved this week to sever its nearly six-decade partnership with Haifa—one of Israel’s most ethnically and...,https://www.algemeiner.com/2026/07/30/far-left-london-council-targets-haifa-partnership-sets-oct-7-response-deadline/,Algemeiner,Ailin Vilches Arguello,2026-07-30T18:38:22,2026-07-30 19:26:51.178081,https://www.algemeiner.com/?p=777038
"Federal Judge Rejects Challenge to California K-12 Antisemitism Law, Orders Case Closed",A federal judge on Tuesday dismissed with prejudice the legal challenge to a landmark California law enacted last year to...,https://www.algemeiner.com/2026/07/30/federal-judge-rejects-challenge-to-california-k-12-antisemitism-law-orders-case-closed/,Algemeiner,Dion J. Pierre,2026-07-30T19:00:17,2026-07-30 19:26:51.178043,https://www.algemeiner.com/?p=777023
The tragic Israel wedge,Jewish leaders need to quickly close the gap that has opened up between Zionism and Judaism.,https://www.jns.org/opinion/column/melanie-phillips/the-tragic-israel-wedge,JNS,Melanie Phillips,2026-07-30T17:15:00,2026-07-30 19:26:48.933275,https://www.jns.org/opinion/column/melanie-phillips/the-tragic-israel-wedge
Justice Dept files first case in terrorist removal court against Texas woman accused of aiding ISIS plot,"Prosecutors allege Nazira Haji Zada supported a family plot to carry out a mass-casualty attack targeting U.S. voters, with the filing marking the first use of the specialized court established in 1996.",https://www.jns.org/news/u-s-news/justice-dept-files-first-case-in-terrorist-removal-court-against-texas-woman-accused-of-aiding-isis-plot,JNS,,2026-07-30T17:30:25,2026-07-30 19:26:48.933251,https://www.jns.org/news/u-s-news/justice-dept-files-first-case-in-terrorist-removal-court-against-texas-woman-accused-of-aiding-isis-plot
"Global adoptions of IHRA Jew-hatred definition surged 97% in 2025, report finds","There is “a growing recognition of the definition, and its 11 contemporary examples, as the global gold standard for understanding how antisemitism manifests in today’s world,” Barney Breen-Portnoy of the Combat Antisemitism Movement told JNS.",https://www.jns.org/news/u-s-news/global-adoptions-of-ihra-jew-hatred-definition-surged-97-in-2025-report-finds,JNS,Aaron Bandler,2026-07-30T17:59:01,2026-07-30 19:26:48.933217,https://www.jns.org/news/u-s-news/global-adoptions-of-ihra-jew-hatred-definition-surged-97-in-2025-report-finds
Treasury sanctions network tied to Iran-linked airline,"“Those who provide financial services, logistics, or commercial support to the IRGC or Mahan Air are helping sustain a terrorist enterprise,” the U.S. treasury secretary said.",https://www.jns.org/news/u-s-news/treasury-sanctions-network-tied-to-iran-linked-airline,JNS,Mike Wagenheim,2026-07-30T18:12:19,2026-07-30 19:26:48.933184,https://www.jns.org/news/u-s-news/treasury-sanctions-network-tied-to-iran-linked-airline
SCOOP: District says San Jose public school didn’t discriminate in assignment asking if Hamas members are terrorists or freedom fighters,"“Disagreement with instructional judgment alone does not establish discrimination or harassment,” the Campbell Union High School District found.",https://www.jns.org/news/u-s-news/scoop-district-says-san-jose-public-school-didnt-discriminate-in-assignment-asking-if-hamas-members-are-terrorists-or-freedom-fighters,JNS,Aaron Bandler,2026-07-30T18:57:15,2026-07-30 19:26:48.933152,https://www.jns.org/news/u-s-news/scoop-district-says-san-jose-public-school-didnt-discriminate-in-assignment-asking-if-hamas-members-are-terrorists-or-freedom-fighters
Orthodox synagogue sues Maryland county over firearms restrictions near houses of worship,"""Jewish law requires Jews to provide for their own security, and that means carrying firearms when necessary,"" a plaintiff in the lawsuit told JNS. ""I wish it weren't necessary, but it is and we must.""",https://www.jns.org/news/u-s-news/orthodox-synagogue-sues-maryland-county-over-firearms-restrictions-near-houses-of-worship,JNS,Jessica Russak-Hoffman,2026-07-30T19:21:45,2026-07-30 19:26:48.933103,https://www.jns.org/news/u-s-news/orthodox-synagogue-sues-maryland-county-over-firearms-restrictions-near-houses-of-worship
"Lazy, Hazy, Crazy","[&#8230;] The post Lazy, Hazy, Crazy appeared first on Jewish Journal .",https://jewishjournal.com/spiritual/poetry/390614/lazy-hazy-crazy/,Jewish Journal,Gershon Hepner,2026-07-30T18:36:06,2026-07-30 19:26:46.674009,https://jewishjournal.com/?p=390614
Taking Flight,[&#8230;] The post Taking Flight appeared first on Jewish Journal .,https://jewishjournal.com/commentary/blogs/390576/taking-flight/,Jewish Journal,Rabbi Zach Shapiro,2026-07-30T18:40:57,2026-07-30 19:26:46.673981,https://jewishjournal.com/?p=390576
A Bisl Torah — Never Care Less,"In a world that often tells us to care less in order to hurt less, Judaism offers another path: never care less. The post A Bisl Torah — Never Care Less appeared first on Jewish Journal .",https://jewishjournal.com/judaism/a-bisl-torah/390622/never-care-less/,Jewish Journal,Rabbi Nicole Guzik,2026-07-30T19:01:36,2026-07-30 19:26:46.673946,https://jewishjournal.com/?p=390622
Yiddish writer and Forverts columnist Miriam Hoffman has died,"די ייִדישע שרײַבערין, דראַמאַטורגין, פֿאָרווערטס־קאָלומניסטקע און באַליבטע לעקטאָרין מרים שמולעוויטש־האָפֿמאַן איז מיטוואָך אַוועק אין דער אייביקייט אין קאָראַל ספּרינגס, פֿלאָרידע. זי איז געווען 90 יאָר אַלט. אַלע וואָס האָבן מרימען געקענט האָבן געוווּסט וואָס פֿאַר אַ געניטע דערציילערין זי איז געווען. סײַ אינעם דאָקומענטאַר־פֿילם, וואָס דער פֿאָרווערטס האָט אַרויסגעלאָזט אין 2017, סײַ אינעם בוך זכרונות... The post Yiddish writer and Forverts columnist Miriam Hoffman has died appeared first on The Forward .",https://forward.com/yiddish/842060/yiddish-writer-and-forverts-columnist-miriam-hoffman-has-died/,The Forward,שׂרה־רחל שעכטער,2026-07-30T19:00:06,2026-07-30 19:26:42.449013,https://forward.com/?p=842060
Mamdani defends absence of Jews on judicial committee,"Plus, the man who drove his truck into Chabad's headquarters was sentenced to time served and a week. -- The post Mamdani defends absence of Jews on judicial committee appeared first on Jewish Telegraphic Agency .",https://www.jta.org/2026/07/30/ny/mamdani-defends-absence-of-jews-on-judicial-committee,JTA,New York Jewish Week Staff,2026-07-30T18:19:26,2026-07-30 19:26:39.969847,https://www.jta.org/?p=1905344
"TORAH | In Deuteronomy, God sees the value of the human voice",The Torah column is supported by a generous donation from Eve Gordon-Ramek in memory of Kenneth Gordon. EikevDeuteronomy 7:12-16:17 I find one of the most invigorating aspects of Torah to [&#8230;],https://jweekly.com/2026/07/30/deuteronomys-first-person-perspective-shows-value-of-the-human-voice/,J. Weekly,Rabbi Daniel Stein,2026-07-30T18:47:41,2026-07-30 19:26:35.360032,https://jweekly.com/?p=307836
"Gaza agreement 'nearly finalized,' Board of Peace source tells Haaretz","Speaking to Haaretz, a source with the Board of Peace said a deal with Hamas is expected to be finalized soon, within 'hours or days,' under which the group will be disarmed and weapons will be collected by the board-appointed bodies set to govern the strip, and Israel will 'redeploy' from enclave",https://www.haaretz.com/israel-news/israel-security/2026-07-30/ty-article/.premium/board-of-peace-close-to-finalizing-deal-with-hamas-and-mediators-source-says/0000019f-b347-d6af-a9ff-b3df39210000,Haaretz,Liza Rozovsky,2026-07-30T15:52:09,2026-07-30 17:28:08.900713,https://www.haaretz.com/israel-news/israel-security/2026-07-30/ty-article/.premium/board-of-peace-close-to-finalizing-deal-with-hamas-and-mediators-source-says/0000019f-b347-d6af-a9ff-b3df39210000
The Saudi spin: Is Netanyahu campaigning against his own defining legacy?,Israel's prime minister wants a pre-election breakthrough with Saudi Arabia. He is also its biggest obstacle,https://www.haaretz.com/israel-news/haaretz-today/2026-07-30/ty-article/.highlight/the-saudi-spin-is-netanyahu-campaigning-against-his-own-defining-legacy/0000019f-b2ff-de01-a5bf-f7ffa7e50000,Haaretz,David Issacharoff,2026-07-30T16:05:27,2026-07-30 17:28:08.900680,https://www.haaretz.com/israel-news/haaretz-today/2026-07-30/ty-article/.highlight/the-saudi-spin-is-netanyahu-campaigning-against-his-own-defining-legacy/0000019f-b2ff-de01-a5bf-f7ffa7e50000
Police to probe claim that Likud ordered MKs to prove votes for Netanyahu's watchdog pick,"Former Deputy Foreign Minister Sharren Haskel, who resigned from the government earlier this month over a law passed regarding Haredi drafts, will testify to police after telling Israel's top court that MKs were instructed to film their vote for Netanyahu's candidate for state comptroller",https://www.haaretz.com/israel-news/israel-politics/2026-07-30/ty-article/.premium/police-to-probe-claim-that-likud-ordered-mks-to-film-votes-for-pm-watchdog-pick/0000019f-b35a-de01-a5bf-f75aa5de0000,Haaretz,Noa Shpigel,2026-07-30T16:39:01,2026-07-30 17:28:08.900649,https://www.haaretz.com/israel-news/israel-politics/2026-07-30/ty-article/.premium/police-to-probe-claim-that-likud-ordered-mks-to-film-votes-for-pm-watchdog-pick/0000019f-b35a-de01-a5bf-f75aa5de0000
A UK Lawyer Thought He Was Above the Law Defending Anti-Israel Criminals; But He Wasn’t,Rajiv Menon KC (short for King&#8217;s Counsel) was the advocate defending the Palestine Action activists in the case of R v...,https://www.algemeiner.com/2026/07/30/a-uk-lawyer-thought-he-was-above-the-law-defending-anti-israel-criminals-but-he-wasnt/,Algemeiner,Asher Abramson,2026-07-30T15:54:18,2026-07-30 17:28:04.304929,https://www.algemeiner.com/?p=777005
"Portrait of Australian Jewish Leader Created After Bondi Beach Attack Wins $5,000 Award","A portrait of Alex Ryvchin, co-chief executive officer of the Executive Council of Australian Jewry, painted mere weeks after the...",https://www.algemeiner.com/2026/07/30/portrait-of-australian-jewish-leader-created-after-bondi-beach-attack-wins-5000-award/,Algemeiner,Shiryn Ghermezian,2026-07-30T15:58:08,2026-07-30 17:28:04.304890,https://www.algemeiner.com/?p=777015
"In Berlin and New York City: Three attacks, one ideology",LGBTQ leadership must hold itself to the same standard it asks of everyone else.,https://www.jns.org/opinion/yuval-david/in-berlin-and-new-york-city-three-attacks-one-ideology,JNS,Yuval David,2026-07-30T16:00:08,2026-07-30 17:28:01.675222,https://www.jns.org/opinion/yuval-david/in-berlin-and-new-york-city-three-attacks-one-ideology
Fetterman criticizes 'Drop Site News' after reporter approaches him on Capitol Hill,"“The question is, why does Drop Site love Hamas and Iran and Hezbollah so much? I think that’s the news,"" the Pennsylvania senator said.",https://www.jns.org/news/u-s-news/fetterman-criticizes-drop-site-news-after-reporter-approaches-him-on-capitol-hill,JNS,,2026-07-30T16:10:02,2026-07-30 17:28:01.675197,https://www.jns.org/news/u-s-news/fetterman-criticizes-drop-site-news-after-reporter-approaches-him-on-capitol-hill
Trump threatens to withdraw attorney general nomination amid GOP impasse,"“I have no objection to temporarily withdrawing Todd’s name, if they do not do the right thing,” the president wrote, of Todd Blanche.",https://www.jns.org/news/u-s-news/trump-threatens-to-withdraw-attorney-general-nomination-amid-gop-impasse,JNS,Andrew Bernard,2026-07-30T17:03:25,2026-07-30 17:28:01.675158,https://www.jns.org/news/u-s-news/trump-threatens-to-withdraw-attorney-general-nomination-amid-gop-impasse
"Amid blazing heat and rising tides, artists find beauty and desperation in these biblical times","Daniel Rothbart’s floating aluminum and glass forms are at once playful and lyrical, biomorphic and other-worldly; prehistoric and futuristic. They are set in a pond and two small pools in Staten Island’s Snug Harbor, a hidden pastoral gem that once served as a safe haven for sailors. Overflowing with colorful flowers and plants and shrubbery,... The post Amid blazing heat and rising tides, artists find beauty and desperation in these biblical times appeared first on The Forward .",https://forward.com/culture/art/841625/snug-harbor-upper-manhattan-serpentine-sibyls-noah-future-of-hope-art-exhibiti/,The Forward,Simi Horwitz,2026-07-30T17:00:00,2026-07-30 17:27:54.234119,https://forward.com/?p=841625
"Cornell condemns student’s viral antisemitic remarks, but won’t bar him from campus","The student, Austin Franco, appeared on “Piers Morgan Uncensored” after saying he wouldn’t work “for a Jew.” -- The post Cornell condemns student’s viral antisemitic remarks, but won’t bar him from campus appeared first on Jewish Telegraphic Agency .",https://www.jta.org/2026/07/30/united-states/cornell-condemns-students-viral-antisemitic-remarks-but-wont-bar-him-from-campus,JTA,Andrew Lapin,2026-07-30T17:25:47,2026-07-30 17:27:51.459536,https://www.jta.org/?p=1905306
"For this fashion-forward rabbi, shoes and scripture are intertwined","This story was originally published in the Forward. Click here to get the Forward&#8217;s free email newsletters delivered to your inbox. The rabbinate doesn’t have one look, and Reform Rabbi [&#8230;]",https://jweekly.com/2026/07/30/for-this-fashion-forward-rabbi-shoes-and-scripture-are-intertwined/,J. Weekly,Sarah Diaz,2026-07-30T17:10:13,2026-07-30 17:27:46.009720,https://jweekly.com/?p=307822
Fire at Iowa kosher meat plant shuts down production ahead of High Holidays,(JTA) — A major fire at one of the largest kosher meat processing plants in the United States is poised to increase the price of kosher meat ahead of the [&#8230;],https://jweekly.com/2026/07/30/fire-at-postville-iowa-kosher-meat-processing-plant-shuts-down-production-ahead-of-the-high-holidays/,J. Weekly,Philissa Cramer,2026-07-30T17:14:17,2026-07-30 17:27:46.009680,https://jweekly.com/?p=307828
"Poll: Netanyahu and Eisenkot's parties tied, Bennett-Lapid merger lose seats","The opposition bloc continues to not pass the threshold for a majority while boycotting Arab parties, while Benny Gantz's Blue and White party does not pass the required threshold, according to a Wednesday Channel 12 poll",https://www.haaretz.com/israel-news/elections/2026-07-30/ty-article/.premium/poll-netanyahu-and-eisenkots-parties-tied-bennett-lapid-merger-lose-seats/0000019f-b32f-dfac-a5df-bbfff9cb0001,Haaretz,Haaretz,2026-07-30T14:28:02,2026-07-30 15:54:00.753056,https://www.haaretz.com/israel-news/elections/2026-07-30/ty-article/.premium/poll-netanyahu-and-eisenkots-parties-tied-bennett-lapid-merger-lose-seats/0000019f-b32f-dfac-a5df-bbfff9cb0001
Dozens of IDF soldiers desert Sde Teiman base after commander takes down banners in disciplinary action,"Dozens of Givati Brigade soldiers walked off base after their commander took down what he said were 'signs depicting Satan and the Angel of Death' which he said glorified hazing of younger troops, while soldiers said some of them commemorated soldiers killed in Lebanon",https://www.haaretz.com/israel-news/israel-security/2026-07-30/ty-article/.premium/dozens-of-idf-soldiers-desert-base-in-protest-of-commander-taking-down-banners/0000019f-b336-d6af-a9ff-b3fe1aa70000,Haaretz,Yaniv Kubovich,2026-07-30T15:20:28,2026-07-30 15:54:00.753011,https://www.haaretz.com/israel-news/israel-security/2026-07-30/ty-article/.premium/dozens-of-idf-soldiers-desert-base-in-protest-of-commander-taking-down-banners/0000019f-b336-d6af-a9ff-b3fe1aa70000
The wrong answer to the antisemitism crisis afflicting Europe,We should not ask governments to build us a new ghetto.,https://www.jns.org/opinion/shimon-cohen/the-wrong-answer-to-the-antisemitism-crisis-afflicting-europe,JNS,Shimon Cohen,2026-07-30T14:35:00,2026-07-30 15:53:53.622374,https://www.jns.org/opinion/shimon-cohen/the-wrong-answer-to-the-antisemitism-crisis-afflicting-europe
Mamdani's office disputes Rahm Emanuel's account of private meeting,"The former White House chief of staff said he confronted the New York City mayor over the slogan ""from the river to the sea,"" telling him that a future without a Jewish homeland would come only ""over my dead body.""",https://www.jns.org/news/u-s-news/mamdanis-office-disputes-rahm-emanuels-account-of-private-meeting,JNS,,2026-07-30T15:04:17,2026-07-30 15:53:53.622353,https://www.jns.org/news/u-s-news/mamdanis-office-disputes-rahm-emanuels-account-of-private-meeting
Judge allows retaliation claims in ex-Google employee’s lawsuit over Israel protest,"The federal judge also dismissed several allegations brought by Joelle Skaf, who sued Google after being fired for participating in a workplace demonstration against the company’s Project Nimbus contract with Israel.",https://www.jns.org/news/u-s-news/judge-allows-retaliation-claims-in-ex-google-employees-lawsuit-over-israel-protest,JNS,,2026-07-30T15:22:44,2026-07-30 15:53:53.622323,https://www.jns.org/news/u-s-news/judge-allows-retaliation-claims-in-ex-google-employees-lawsuit-over-israel-protest
"Hate crimes down 24% in Idaho in 2025, but Jews, who are .3% of Idahoans, targets of 29% of religion-based incidents","""Idaho was one of the first 12 states to pass legislation regarding malicious harassment,"" the state says in a newly released report.",https://www.jns.org/news/u-s-news/hate-crimes-down-24-in-idaho-in-2025-but-jews-who-are-3-of-idahoans-targets-of-29-of-religion-based-incidents,JNS,Menachem Wecker,2026-07-30T15:29:30,2026-07-30 15:53:53.622276,https://www.jns.org/news/u-s-news/hate-crimes-down-24-in-idaho-in-2025-but-jews-who-are-3-of-idahoans-targets-of-29-of-religion-based-incidents
"Print Issue: Troubled Marriage | July 31, 2026","As Netanyahu visits Trump, Israelis look to Washington with wearier eyes. What does the future hold for the relationship? The post Print Issue: Troubled Marriage | July 31, 2026 appeared first on Jewish Journal .",https://jewishjournal.com/print-issue/390605/print-issue-haredim-at-war-july-24-2026-2/,Jewish Journal,Jewish Journal Staff,2026-07-30T14:44:08,2026-07-30 15:53:51.252831,https://jewishjournal.com/?p=390605
The El-Sayed effect: How Jews and Israel are factoring into Michigan’s other primary races,(JTA) — DETROIT — The intra-party debate over Israel that has dominated Michigan’s Democratic U.S. Senate primary is reverberating further down the ballot throughout the state. Progressive former county health official Abdul El-Sayed’s bid to lead a swing state as an avowedly pro-Palestinian senator is being mirrored on a micro scale in Michigan’s 7th District... The post The El-Sayed effect: How Jews and Israel are factoring into Michigan’s other primary races appeared first on The Forward .,https://forward.com/fast-forward/841892/how-jews-and-israel-are-factoring-into-michigans-other-primary-races/,The Forward,Andrew Lapin,2026-07-30T15:08:06,2026-07-30 15:53:46.786749,https://forward.com/?p=841892
California law on antisemitism in schools will be enforced after free speech challenge is defeated,"(JTA) — A California law to prevent antisemitism in schools will be enforced after a federal judge dismissed a challenge from teachers and students who said it violated free speech. U.S. District Judge Noël Wise on Tuesday ruled against a lawsuit opposing Assembly Bill 715, which went into effect in January. The new law introduces... The post California law on antisemitism in schools will be enforced after free speech challenge is defeated appeared first on The Forward .",https://forward.com/fast-forward/841898/california-law-on-antisemitism-in-schools-will-be-enforced-after-free-speech-challenge-is-defeated/,The Forward,Shira Li Bartov,2026-07-30T15:12:00,2026-07-30 15:53:46.786708,https://forward.com/?p=841898
"Fire at Postville, Iowa, kosher meat processing plant shuts down production ahead of the High Holidays","(JTA) — A major fire at one of the largest kosher meat processing plants in the United States is poised to increase the price of kosher meat ahead of the High Holidays, in addition to devastating the plant’s local community. Investigators in Postville, Iowa, said on Wednesday that the fire that devastated AgriStar Processing started... The post Fire at Postville, Iowa, kosher meat processing plant shuts down production ahead of the High Holidays appeared first on The Forward .",https://forward.com/fast-forward/841958/fire-at-postville-iowa-kosher-meat-processing-plant-shuts-down-production-ahead-of-the-high-holidays/,The Forward,Philissa Cramer,2026-07-30T15:18:07,2026-07-30 15:53:46.786661,https://forward.com/?p=841958
"Fire at Postville, Iowa, kosher meat processing plant shuts down production ahead of the High Holidays","The fire has also interrupted a linchpin of kosher meat production, according to OU Kosher. -- The post Fire at Postville, Iowa, kosher meat processing plant shuts down production ahead of the High Holidays appeared first on Jewish Telegraphic Agency .",https://www.jta.org/2026/07/30/united-states/fire-at-postville-iowa-kosher-meat-processing-plant-shuts-down-production-ahead-of-the-high-holidays,JTA,Philissa Cramer,2026-07-30T14:40:32,2026-07-30 15:53:44.187638,https://www.jta.org/?p=1905334
Your Daily Phil: Conservative rabbis further welcome interfaith families — but still not weddings,The post Your Daily Phil: Conservative rabbis further welcome interfaith families — but still not weddings appeared first on eJewishPhilanthropy .,https://ejewishphilanthropy.com/your-daily-phil-conservative-rabbis-further-welcome-interfaith-families-but-still-not-weddings/,eJewish Philanthropy,EJP,2026-07-30T14:09:56,2026-07-30 15:53:41.982603,https://ejewishphilanthropy.com/?p=178008
Here's another reason Iran doesn't want peace,"Tehran's ambitions require an unstable Middle East and the Hormuz under its thumb, which precludes any hope for peace and prosperity in the region",https://www.haaretz.com/middle-east-news/2026-07-30/ty-article/.premium/heres-another-reason-iran-doesnt-want-peace/0000019f-b2c0-d6af-a9ff-b3d8adde0000,Haaretz,David Rosenberg,2026-07-30T11:43:58,2026-07-30 14:02:54.625301,https://www.haaretz.com/middle-east-news/2026-07-30/ty-article/.premium/heres-another-reason-iran-doesnt-want-peace/0000019f-b2c0-d6af-a9ff-b3d8adde0000
"Israeli ambulance driver charged with spying for Iran, filmed Herzog hospital visit",Israeli authorities filed more than 70 indictments over the past two years against people accused of having contact with the Islamic Republic's intelligence services. A Haaretz investigation found that most had no ideological motive and passed public information,https://www.haaretz.com/israel-news/israel-security/2026-07-30/ty-article/.premium/israeli-medic-charged-with-spying-for-iran-filmed-herzog-hospital-visit/0000019f-b29e-d6af-a9ff-b3de8a760000,Haaretz,Josh Breiner,2026-07-30T12:37:21,2026-07-30 14:02:54.625279,https://www.haaretz.com/israel-news/israel-security/2026-07-30/ty-article/.premium/israeli-medic-charged-with-spying-for-iran-filmed-herzog-hospital-visit/0000019f-b29e-d6af-a9ff-b3de8a760000
Top chef Eyal Shani: How to prepare raw fish like a pro,"Grouper carpaccio and greater amberjack sashimi – two raw fish dishes from chefs Eyal Shani and Elior Boaron of Tel Aviv's North Abraxas, with tips on cutting the fish right",https://www.haaretz.com/food/2026-07-30/ty-article-recipe/.premium/top-chef-eyal-shani-how-to-prepare-raw-fish-like-a-pro/0000019f-a80b-da42-afdf-aeeb71ed0000,Haaretz,Eyal Shani,2026-07-30T12:47:46,2026-07-30 14:02:54.625248,https://www.haaretz.com/food/2026-07-30/ty-article-recipe/.premium/top-chef-eyal-shani-how-to-prepare-raw-fish-like-a-pro/0000019f-a80b-da42-afdf-aeeb71ed0000
The Mirage of the Riyadh Shield: Why MBS Refuses to Strike Tehran and What It Means for Israel,"As joint US-Saudi airstrikes target Iranian proxies in Iraq following a fresh wave of regional aggression, Riyadh continues to play...",https://www.algemeiner.com/2026/07/30/the-mirage-of-the-riyadh-shield-why-mbs-refuses-to-strike-tehran-and-what-it-means-for-israel/,Algemeiner,Amine Ayoub,2026-07-30T12:48:00,2026-07-30 14:02:49.449113,https://www.algemeiner.com/?p=776996
Israel Can Produce Its Own Fighter Bombers — and It Should,Israel has had the technological and industrial wherewithal to manufacture its own fighter-bombers since the early 1970s &#8212; yet ever...,https://www.algemeiner.com/2026/07/30/israel-can-produce-its-own-fighter-bombers-and-it-should/,Algemeiner,David Rodman,2026-07-30T12:48:04,2026-07-30 14:02:49.449090,https://www.algemeiner.com/?p=777011
Mamdani’s New York Makeover,"Jewish New Yorkers are stumbling into an era of unprecedented antisemitic violence. Last Thursday, a knife-wielding attacker yelling &#8220;Allahu Akbar&#8221; stabbed...",https://www.algemeiner.com/2026/07/30/mamdanis-new-york-makeover/,Algemeiner,Irit Tratt,2026-07-30T12:48:08,2026-07-30 14:02:49.449062,https://www.algemeiner.com/?p=776998
Israeli Health Ministry warns of severe weekend heat wave,Officials urge the public to hydrate and avoid sun exposure as extreme temperatures threaten vulnerable populations across the country.,https://www.jns.org/news/israel-news/israeli-health-ministry-warns-of-severe-weekend-heat-wave,JNS,JNS Staff,2026-07-30T11:24:15,2026-07-30 14:02:46.677953,https://www.jns.org/news/israel-news/israeli-health-ministry-warns-of-severe-weekend-heat-wave
Reburial of Herzl’s grandparents in J'lem to fulfill visionary of Zionism’s last wish,"The remains of Shimon Leib and Rivka Herzl were exhumed from the Jewish cemetery in Zemun, Serbia, and are being transferred to Israel.",https://www.jns.org/news/israel-news/reburial-of-herzls-grandparents-in-jerusalem-to-fulfill-father-of-modern-political-zionisms-last-wish,JNS,JNS Staff,2026-07-30T11:36:19,2026-07-30 14:02:46.677932,https://www.jns.org/news/israel-news/reburial-of-herzls-grandparents-in-jerusalem-to-fulfill-father-of-modern-political-zionisms-last-wish
Netanyahu: Hormuz Strait to lose strategic value,"The Israeli PM said he expects post-war pipelines to bypass the waterway, stripping Iran of its leverage over global oil supplies.",https://www.jns.org/news/world/netanyahu-hormuz-strait-to-lose-strategic-value,JNS,JNS Staff,2026-07-30T12:01:32,2026-07-30 14:02:46.677910,https://www.jns.org/news/world/netanyahu-hormuz-strait-to-lose-strategic-value
Israel Police arrests suspect who posed as security officer to smuggle Palestinians,The suspect wore security force uniforms and modified a commercial van to resemble an official security vehicle.,https://www.jns.org/news/israel-news/israel-police-arrests-suspect-who-posed-as-security-officer-to-smuggle-palestinians,JNS,JNS Staff,2026-07-30T12:03:22,2026-07-30 14:02:46.677890,https://www.jns.org/news/israel-news/israel-police-arrests-suspect-who-posed-as-security-officer-to-smuggle-palestinians
Netanyahu: Manipulation on social media harming Israel’s image with Americans,The Israeli premier added that he had “straightened out” the U.S. vice president's misconception regarding the Jewish state's policies.,https://www.jns.org/news/israel-news/netanyahu-manipulation-on-social-media-harming-israels-image-with-americans,JNS,JNS Staff,2026-07-30T12:24:58,2026-07-30 14:02:46.677868,https://www.jns.org/news/israel-news/netanyahu-manipulation-on-social-media-harming-israels-image-with-americans
Israeli energy investment tests South Africa’s political divide,"Despite Pretoria’s legal campaign against Israel in The Hague, an Israeli firm is investing in one of South Africa’s most promising offshore energy projects.",https://www.jns.org/feature/israeli-energy-investment-tests-south-africas-political-divide,JNS,Tania Shalom Michaelian,2026-07-30T12:33:00,2026-07-30 14:02:46.677839,https://www.jns.org/feature/israeli-energy-investment-tests-south-africas-political-divide
Hormuz wasn’t overlooked; it was a tradeoff,"Washington and Jerusalem accepted a calibrated risk on the Strait not because they overlooked it, but because intervention would have a serious downside.",https://www.jns.org/opinion/alexander-mermelstein/hormuz-wasnt-overlooked-it-was-a-tradeoff,JNS,Alexander Mermelstein,2026-07-30T13:00:00,2026-07-30 14:02:46.677815,https://www.jns.org/opinion/alexander-mermelstein/hormuz-wasnt-overlooked-it-was-a-tradeoff
Israel to see fuel price increases,"The maximum price for 95-octane unleaded gasoline will be 8.09 shekels ($2.64) per liter, roughly equivalent to $9.98 per gallon.",https://www.jns.org/news/israel-news/israel-to-see-fuel-price-increases,JNS,JNS Staff,2026-07-30T13:00:07,2026-07-30 14:02:46.677790,https://www.jns.org/news/israel-news/israel-to-see-fuel-price-increases
"Netanyahu discusses Iran war, US-Israel relations in 'ABC News' interview",The premier denied his government running American influence campaigns and said social media manipulation is harming the Jewish state's image.,https://www.jns.org/news/israel-news/netanyahu-discusses-iran-war-us-israel-relations-in-abc-news-interview,JNS,JNS Staff,2026-07-30T13:09:57,2026-07-30 14:02:46.677769,https://www.jns.org/news/israel-news/netanyahu-discusses-iran-war-us-israel-relations-in-abc-news-interview
"Hamas destruction, Gaza emigration 'only solution,' Ben-Gvir says","""With the devil, whose banner is our destruction ..., you do not sign agreements,"" the national security minister said amid reports of emerging disarmament deal.",https://www.jns.org/news/israel-news/hamas-destruction-gaza-emigration-only-solution-ben-gvir-says,JNS,JNS Staff,2026-07-30T13:24:54,2026-07-30 14:02:46.677741,https://www.jns.org/news/israel-news/hamas-destruction-gaza-emigration-only-solution-ben-gvir-says
California law on antisemitism in schools will be enforced after free speech challenge is defeated,Teachers and students who challenged the law said it chilled discussion in the classroom about Palestinians. -- The post California law on antisemitism in schools will be enforced after free speech challenge is defeated appeared first on Jewish Telegraphic Agency .,https://www.jta.org/2026/07/30/united-states/california-law-on-antisemitism-in-schools-will-be-enforced-after-free-speech-challenge-is-defeated,JTA,Shira Li Bartov,2026-07-30T12:22:19,2026-07-30 14:02:35.073200,https://www.jta.org/?p=1905317
"In Israel’s roiling debate over religion and state, Tzohar grows as an alternative to the Rabbinate","Among all of the other divisions and disagreements working their way through the global Jewish community, there is one that is, perhaps, less understood but whose outcome may have a tremendous impact on Israel-Diaspora relations. And that is the rift within Israel’s dati-leumi, or national-religious, community, a comparatively small portion of the Israeli public, and... Read More The post In Israel’s roiling debate over religion and state, Tzohar grows as an alternative to the Rabbinate appeared first on eJewishPhilanthropy .",https://ejewishphilanthropy.com/in-israels-roiling-debate-over-religion-and-state-tzohar-grows-as-an-alternative-to-the-rabbinate/,eJewish Philanthropy,Judah Ari Gross,2026-07-30T11:56:29,2026-07-30 14:02:32.475084,https://ejewishphilanthropy.com/?p=177994
Is someone close to Netanyahu manipulating Polymarket bets on his election victory?,"Polymarket, where users can bet on virtually anything, is considered more reliable than election polls – the wisdom of the crowds who put their money where their mouth is. However, a Haaretz investigation reveals one account is betting big on Netanyahu – and won big on Iran",https://www.haaretz.com/israel-news/elections/2026-07-30/ty-article-magazine/.highlight/is-someone-close-to-netanyahu-manipulating-polymarket-bets-on-his-election-win/0000019f-af43-debc-a79f-efe3da6d0000,Haaretz,Omer Benjakob,2026-07-30T09:35:24,2026-07-30 11:08:47.022226,https://www.haaretz.com/israel-news/elections/2026-07-30/ty-article-magazine/.highlight/is-someone-close-to-netanyahu-manipulating-polymarket-bets-on-his-election-win/0000019f-af43-debc-a79f-efe3da6d0000
"Four killed in Gaza – including two children – in overnight IDF strikes, medics say","The Israeli strikes across Gaza wounded at least 34 others, and another person died of previous wounds. Medics in Gaza say Israel has killed 1,214 people since agreeing to the U.S.-brokered cease-fire in October, and wounded 3,977 others",https://www.haaretz.com/gaza/2026-07-30/ty-article/.premium/four-killed-in-gaza-including-two-children-in-idf-strikes-medics-say/0000019f-b226-d6af-a9ff-b3fed0620000,Haaretz,Rawan Suleiman,2026-07-30T09:55:54,2026-07-30 11:08:47.022191,https://www.haaretz.com/gaza/2026-07-30/ty-article/.premium/four-killed-in-gaza-including-two-children-in-idf-strikes-medics-say/0000019f-b226-d6af-a9ff-b3fed0620000
"Netanyahu plans Israel-Saudi Arabia normalization before elections, sources say","Last week, U.S. President Donald Trump said that the civilian nuclear cooperation agreement Washington signed with Saudi Arabia is conditioned on the kingdom joining the Abraham Accords and normalizing relations with Israel",https://www.haaretz.com/middle-east-news/2026-07-30/ty-article/.premium/netanyahu-plans-israel-saudi-arabia-normalization-before-elections-sources-say/0000019f-b289-de01-a5bf-f7c9f4010000,Haaretz,Liza Rozovsky,2026-07-30T10:56:00,2026-07-30 11:08:47.022150,https://www.haaretz.com/middle-east-news/2026-07-30/ty-article/.premium/netanyahu-plans-israel-saudi-arabia-normalization-before-elections-sources-say/0000019f-b289-de01-a5bf-f7c9f4010000
America gets a lot more than ‘nothing’ from Israel,Why do congresspeople vote for aid to Jordan while opposing aid to the Jewish state?,https://www.jns.org/opinion/farley-weiss/america-gets-a-lot-more-than-nothing-from-israel,JNS,Farley Weiss,2026-07-30T08:45:00,2026-07-30 11:08:39.807187,https://www.jns.org/opinion/farley-weiss/america-gets-a-lot-more-than-nothing-from-israel
Netanyahu in DC: Jews and evangelicals under joint attack,The Israeli PM urges Christian allies to fight back against hatred and antisemitism.,https://www.jns.org/news/u-s-news/stand-up-and-dont-cower-netanyahu-tells-evangelical-leaders-in-washington,JNS,Etgar Lefkovits,2026-07-30T08:50:46,2026-07-30 11:08:39.807165,https://www.jns.org/news/u-s-news/stand-up-and-dont-cower-netanyahu-tells-evangelical-leaders-in-washington
Israel: Canada’s blind eye to Palestinian terrorism emboldens it,"Ottawa's Foreign Ministry earlier denounced Jerusalem for expanding communities in Judea and Samaria, saying it undermines “prospects for peace.”",https://www.jns.org/news/israel-news/israel-canadas-blind-eye-to-palestinian-terrorism-emboldens-it,JNS,JNS Staff,2026-07-30T09:05:57,2026-07-30 11:08:39.807143,https://www.jns.org/news/israel-news/israel-canadas-blind-eye-to-palestinian-terrorism-emboldens-it
Met Police warns of arrests at protest supporting terror org Palestine Action,“The fact that there are no hearings related to Palestine Action taking place at the court tomorrow makes the decision to continue with this event all the more nonsensical.”,https://www.jns.org/news/israel-news/met-police-warns-of-arrests-at-protest-supporting-terror-org-palestine-action,JNS,JNS Staff,2026-07-30T09:47:10,2026-07-30 11:08:39.807116,https://www.jns.org/news/israel-news/met-police-warns-of-arrests-at-protest-supporting-terror-org-palestine-action
"IRGC warns 'aggressor' will be 'punished' as Iran hits Jordan, Kuwait","Any country assisting the U.S. militarily will face a ""harsh response,"" the Guard Corps warned.",https://www.jns.org/news/world/irgc-warns-aggressor-will-be-punished-as-iran-hits-jordan-kuwait,JNS,JNS Staff,2026-07-30T09:58:02,2026-07-30 11:08:39.807087,https://www.jns.org/news/world/irgc-warns-aggressor-will-be-punished-as-iran-hits-jordan-kuwait
"Israeli ambulance driver indicted for spying on hospitals, sites for Iran","The suspect allegedly exploited his medical access to document hospitals, protests and a senior official for handlers from the enemy state.",https://www.jns.org/news/israel-news/israeli-ambulance-driver-indicted-for-spying-on-hospitals-sites-for-iran,JNS,TPS-IL Staff,2026-07-30T10:06:45,2026-07-30 11:08:39.807064,https://www.jns.org/news/israel-news/israeli-ambulance-driver-indicted-for-spying-on-hospitals-sites-for-iran
'Not our policy': Netanyahu denies campaign to sway US public opinion on Iran,The Israeli premier noted that he alone sets government policy.,https://www.jns.org/news/israel-news/netanyahu-denies-campaign-to-sway-us-public-opinion-on-iran,JNS,JNS Staff,2026-07-30T10:09:20,2026-07-30 11:08:39.807039,https://www.jns.org/news/israel-news/netanyahu-denies-campaign-to-sway-us-public-opinion-on-iran
Egypt confirms US-owned tanker fire a result of drone attack,Cairo did not say who was behind the strike. Iranian sources say the attack was designed to illustrate that global trade could be further disrupted.,https://www.jns.org/news/world/egypt-confirms-us-owned-tanker-fire-a-result-of-drone-attack,JNS,JNS Staff,2026-07-30T10:24:17,2026-07-30 11:08:39.807016,https://www.jns.org/news/world/egypt-confirms-us-owned-tanker-fire-a-result-of-drone-attack
Sometimes it takes a boy (George),Why moral clarity should never require courage.,https://www.jns.org/opinion/jonathan-s-greenwald/sometimes-it-takes-a-boy-george,JNS,Jonathan S. Greenwald,2026-07-30T10:30:00,2026-07-30 11:08:39.806990,https://www.jns.org/opinion/jonathan-s-greenwald/sometimes-it-takes-a-boy-george
IDF troops seize Hezbollah arms cache in Southern Lebanon,Soldiers also demolished structures that had been used by the terrorists.,https://www.jns.org/news/israel-news/idf-troops-seize-hezbollah-arms-cache-in-southern-lebanon,JNS,JNS Staff,2026-07-30T10:41:20,2026-07-30 11:08:39.806967,https://www.jns.org/news/israel-news/idf-troops-seize-hezbollah-arms-cache-in-southern-lebanon
Israeli elections 2026: Meet the parliament—MK Moshe Abutbul,"“We have made sure to help the public—the Sephardi Haredi public, but not exclusively. Shas is not a niche party; it helps everyone,” Abutbul told JNS.",https://www.jns.org/feature/israeli-elections-2026-meet-the-parliament-mk-moshe-abutbul,JNS,Amelie Botbol,2026-07-30T10:46:24,2026-07-30 11:08:39.806922,https://www.jns.org/feature/israeli-elections-2026-meet-the-parliament-mk-moshe-abutbul
Israeli hospital to become OpenAI’s first international partner,"“Physicians, nurses and researchers at Sheba will now have a powerful clinical reasoning tool at their fingertips,” Prof. Eyal Zimlichman said.",https://www.jns.org/news/israel-news/israeli-hospital-to-become-openais-first-international-partner,JNS,JNS Staff,2026-07-30T10:52:07,2026-07-30 11:08:39.806886,https://www.jns.org/news/israel-news/israeli-hospital-to-become-openais-first-international-partner
Troubled Marriage,"As Netanyahu visits Trump, Israelis look to Washington with wearier eyes. What does the future hold for the relationship? The post Troubled Marriage appeared first on Jewish Journal .",https://jewishjournal.com/cover_story/390588/troubled-marriage/,Jewish Journal,Shmuel Rosner,2026-07-30T10:08:44,2026-07-30 11:08:37.012508,https://jewishjournal.com/?p=390588
Table for Five: Eikev,Counting Our Blessings The post Table for Five: Eikev appeared first on Jewish Journal .,https://jewishjournal.com/judaism/390591/eikev-2/,Jewish Journal,Salvador Litvak,2026-07-30T10:13:14,2026-07-30 11:08:37.012480,https://jewishjournal.com/?p=390591
Delicious Plant-Based Treats for Wellness Month,"With summer produce at its peak – and the heat so hard to beat – it's a great time to add more light, healthy treats to your rotation. The post Delicious Plant-Based Treats for Wellness Month appeared first on Jewish Journal .",https://jewishjournal.com/culture/food/390594/delicious-plant-based-treats-for-wellness-month/,Jewish Journal,Debra L. Eckerling,2026-07-30T10:19:26,2026-07-30 11:08:37.012452,https://jewishjournal.com/?p=390594
Chicken With a Lemony Twist,"The huge plus is that a super, simple sheet pan recipe results in a dish that looks so impressive and sophisticated. The post Chicken With a Lemony Twist appeared first on Jewish Journal .",https://jewishjournal.com/culture/food/390601/chicken-with-a-lemony-twist/,Jewish Journal,Sharon Gomperts and Rachel Emquies Sheff,2026-07-30T10:26:59,2026-07-30 11:08:37.012408,https://jewishjournal.com/?p=390601
The El-Sayed effect: How Jews and Israel are factoring into Michigan’s other primary races,"Two House candidates backed by the Senate hopeful, plus a pro-Israel Jew and an ‘Uncommitted’ veteran, are in the wings. -- The post The El-Sayed effect: How Jews and Israel are factoring into Michigan’s other primary races appeared first on Jewish Telegraphic Agency .",https://www.jta.org/2026/07/30/politics/the-el-sayed-effect-how-jews-and-israel-are-factoring-into-michigans-other-primary-races,JTA,Andrew Lapin,2026-07-30T10:00:16,2026-07-30 11:08:28.796848,https://www.jta.org/?p=1905298
U.S. strikes Iran as Saudi Arabia joins fight against Tehran proxies,"The U.S. military had carried out retaliatory strikes against Iranian targets after Tehran attacked a U.S. base in Jordan, while Saudi Arabia had joined Washington in strikes against Iran-backed militias in Iraq. A senior U.S. official said the administration was not currently pursuing direct talks with Tehran",https://www.haaretz.com/middle-east-news/iran/2026-07-30/ty-article/u-s-strikes-iran-as-saudi-arabia-joins-fight-against-tehran-proxies/0000019f-b16b-da04-a7ff-b96f038f0000,Haaretz,The Associated Press,2026-07-30T07:01:48,2026-07-30 08:27:22.060978,https://www.haaretz.com/middle-east-news/iran/2026-07-30/ty-article/u-s-strikes-iran-as-saudi-arabia-joins-fight-against-tehran-proxies/0000019f-b16b-da04-a7ff-b96f038f0000
Netanyahu: Strait of Hormuz will lose energy market leverage after Iran war ends,"Netanyahu also blamed social media and foreign bot farms for a decline in the American public's support for Israel, saying the trend concerns him and adding that bipartisan U.S. support for Israel is 'a fundament of our national security'",https://www.haaretz.com/israel-news/israel-security/2026-07-30/ty-article/.premium/netanyahu-strait-of-hormuz-will-no-longer-be-leverage-after-iran-war-ends/0000019f-b1cd-de01-a5bf-f7cd4d020000,Haaretz,Ben Samuels,2026-07-30T07:29:06,2026-07-30 08:27:22.060938,https://www.haaretz.com/israel-news/israel-security/2026-07-30/ty-article/.premium/netanyahu-strait-of-hormuz-will-no-longer-be-leverage-after-iran-war-ends/0000019f-b1cd-de01-a5bf-f7cd4d020000
WATCH: Netanyahu slams Mamdani for inciting hatred against Jews,"The New York City mayor is “foisting hate and fear” among American Jews, “tormenting his own citizens, his own voters,” the Israeli premier says.",https://www.jns.org/news/israel-news/watch-netanyahu-slams-mamdani-for-inciting-hatred-against-jews,JNS,JNS Staff,2026-07-30T05:46:54,2026-07-30 08:27:14.797667,https://www.jns.org/news/israel-news/watch-netanyahu-slams-mamdani-for-inciting-hatred-against-jews
Turkish FM holds talks with new Hamas leader in Ankara,Hakan Fidan told a Hamas delegation that he appreciated the role the terrorist organization played in peace efforts.,https://www.jns.org/news/world/turkish-fm-holds-talks-with-new-hamas-leader-in-ankara,JNS,JNS Staff,2026-07-30T06:05:28,2026-07-30 08:27:14.797638,https://www.jns.org/news/world/turkish-fm-holds-talks-with-new-hamas-leader-in-ankara
"Zamir says IDF must ‘expand, become stronger’ as lesson of Oct 7","The IDF chief hailed the first operative Haredi battalion, comparing it to the first biblical character that dared walk into the Red Sea.",https://www.jns.org/news/israel-news/zamir-says-idf-must-expand-become-stronger-as-lesson-of-oct-7,JNS,JNS Staff,2026-07-30T06:19:49,2026-07-30 08:27:14.797612,https://www.jns.org/news/israel-news/zamir-says-idf-must-expand-become-stronger-as-lesson-of-oct-7
Zamir: IDF to maintain presence in Lebanon until 'long-term security is ensured',"The army is prepared to expand its operations in the country if necessary, said the chief of staff.",https://www.jns.org/news/israel-news/zamir-idf-to-maintain-lebanon-security-zone-until-long-term-security-is-ensured,JNS,JNS Staff,2026-07-30T06:33:52,2026-07-30 08:27:14.797585,https://www.jns.org/news/israel-news/zamir-idf-to-maintain-lebanon-security-zone-until-long-term-security-is-ensured
Warming Mediterranean opens door to new wave of Red Sea invaders,The fish that succeed in their unfamiliar environment are those that do not rely on coral reefs.,https://www.jns.org/news/israel-news/warming-mediterranean-opens-door-to-new-wave-of-red-sea-invaders,JNS,Pesach Benson/TPS-IL,2026-07-30T07:01:43,2026-07-30 08:27:14.797559,https://www.jns.org/news/israel-news/warming-mediterranean-opens-door-to-new-wave-of-red-sea-invaders
Is Iran preparing a large attack on the United States?,"Welcome to “Axis of Truth,” a fearless JNS series hosted by Emily Schrader—renowned journalist, human-rights activist and outspoken critic of authoritarian regimes. Each week, Schrader cuts through spin and censorship to uncover the political agendas, media manipulation and propaganda shaping Israel news and the broader Middle East. From Tehran to Tel Aviv and Washington to Damascus, “Axis of Truth” confronts the narratives driving conflict, misinformation and moral confusion in global coverage of Israel. Whether dissecting the Iranian regime’s election theater, Hamas’s tactics or the Western media’s distortion of Jewish self-defense, Schrader brings clarity and courage to stories too often clouded by ideology. Featuring in-depth interviews with dissidents, security experts, political leaders and journalists, Axis of Truth delivers hard-hitting analysis and unfiltered commentary on the issues that define the Middle East today. Episodes range from exclusive reporting on Gaza and Iran to exposés of Western hypocrisy, social media disinformation and the global networks enabling terror. With a sharp focus on facts, context and accountability, Schrader challenges both policymakers and the press to tell the truth about Israel’s fight for survival and the threats facing free societies. See more at: @JNS_TV and subscribe to our YouTube channel.",https://www.jns.org/jns-tv/axis-of-truth/is-iran-preparing-a-large-attack-on-the-united-states,JNS,Emily Schrader,2026-07-30T07:04:38,2026-07-30 08:27:14.797532,https://www.jns.org/jns-tv/axis-of-truth/is-iran-preparing-a-large-attack-on-the-united-states
What are Trump and Netanyahu planning on Iran?,"“Israel Undiplomatic” brings sharp insight and spirited debate to the stories shaping Israel and the Middle East. Hosted by JNS senior contributing editor Ruthie Blum and former ambassador Mark Regev, both former advisers to the Prime Minister’s Office, the show goes beyond talking points to tackle Israel’s toughest political, diplomatic and security dilemmas head-on. From Gaza ceasefire negotiations to U.S.-Israel relations and from Iran’s nuclear ambitions to the war on terror, Blum and Regev dissect the week’s headlines with authority, candor and a touch of humor. What sets “Israel Undiplomatic” apart is the dynamic between its hosts: Two seasoned insiders often agree on the goals but clash on the details. Their conversations reveal how even shared worldviews can lead to different conclusions about policy, diplomacy and the future of Israel. Whether analyzing the latest Middle East peace proposals, exposing Western double standards or weighing the political fallout of Israel’s military actions, “Israel Undiplomatic” delivers smart, unscripted dialogue that cuts through spin and gets to the truth. Because in politics, as in life, the devil is always in the details. See more at: @JNS_TV and subscribe to our YouTube channel.",https://www.jns.org/jns-tv/israel-undiplomatic/what-are-trump-and-netanyahu-planning-on-iran,JNS,Mark Regev,2026-07-30T07:10:41,2026-07-30 08:27:14.797441,https://www.jns.org/jns-tv/israel-undiplomatic/what-are-trump-and-netanyahu-planning-on-iran
"IDF strikes eliminate two Hamas terrorists, including Oct. 7 infiltrator",The IDF said it killed the last remaining sniper cell commander in Hamas's Nuseirat Battalion.,https://www.jns.org/news/israel-news/idf-strikes-eliminate-two-hamas-terrorists-including-oct-7-infiltrator,JNS,JNS Staff,2026-07-30T07:22:03,2026-07-30 08:27:14.797350,https://www.jns.org/news/israel-news/idf-strikes-eliminate-two-hamas-terrorists-including-oct-7-infiltrator
"Netanyahu, Hegseth 'reaffirm the strength' of US-Israel defense partnership","The Israeli premier held back-to-back Washington meetings with the U.S. defense chief, four senators, AIPAC and evangelical leaders.",https://www.jns.org/news/israel-news/netanyahu-meets-hegseth-senators-in-whirlwind-dc-day,JNS,Joshua Marks,2026-07-30T07:27:30,2026-07-30 08:27:14.797325,https://www.jns.org/news/israel-news/netanyahu-meets-hegseth-senators-in-whirlwind-dc-day
Israel’s northern light-rail project gets financial boost,"A consortium of banks led by Bank Leumi has signed a $3.1 billion agreement for the line that will connect Haifa, the Krayot region and Nazareth.",https://www.jns.org/news/israel-news/israels-northern-light-rail-project-gets-financial-boost,JNS,JNS Staff,2026-07-30T07:32:11,2026-07-30 08:27:14.797295,https://www.jns.org/news/israel-news/israels-northern-light-rail-project-gets-financial-boost
"'When you’re defending, you’re already losing the fight'","In an interview with JNS, Farley Weiss, president of the Israel Justice Organization, says Jerusalem should take a more aggressive approach to combating anti-Israel narratives.",https://www.jns.org/feature/when-youre-defending-youre-already-losing-the-fight,JNS,Steve Linde,2026-07-30T07:51:41,2026-07-30 08:27:14.797259,https://www.jns.org/feature/when-youre-defending-youre-already-losing-the-fight
Conservative rabbis further welcome interfaith families — but keep weddings off the table,"Eight months after the Conservative movement apologized to interfaith couples for treating them as if their relationships were a threat to Jewish survival, the rabbinic arm of the movement announced a new set of Jewish legal rulings to provide concrete ways congregations and rabbis can better welcome interfaith families. This still does not include the... Read More The post Conservative rabbis further welcome interfaith families — but keep weddings off the table appeared first on eJewishPhilanthropy .",https://ejewishphilanthropy.com/conservative-rabbis-further-welcome-interfaith-families-but-keep-weddings-off-the-table/,eJewish Philanthropy,Jay Deitcher,2026-07-30T06:02:07,2026-07-30 08:27:02.831775,https://ejewishphilanthropy.com/?p=177969
The empty shelf we should have noticed,"When Robert Friedberg reached out to me with the idea of creating a handbook of cognitive behavioral therapy (CBT) for Jewish American youth, he wasnt asking whether such a book already existed. He knew it did not. Bob is a leading expert in CBT with children and adolescents. He knew the field had been thoughtfully... Read More The post The empty shelf we should have noticed appeared first on eJewishPhilanthropy .",https://ejewishphilanthropy.com/the-empty-shelf-we-should-have-noticed/,eJewish Philanthropy,Rabbi Nico Socolovsky,2026-07-30T08:10:00,2026-07-30 08:27:02.831712,https://ejewishphilanthropy.com/?p=177906
Beyond the Gulf: Iran's ambitious strategy for a new regional order,"To protect its leverage over the Strait of Hormuz, Tehran is actively thwarting alternative energy corridors and deepening its foothold in Lebanon and Iraq by mobilizing its militia proxy network",https://www.haaretz.com/middle-east-news/2026-07-30/ty-article/.premium/beyond-the-gulf-irans-ambitious-strategy-for-a-new-regional-order/0000019f-b000-d993-af9f-b057047a0000,Haaretz,Zvi Bar'el,2026-07-30T03:05:41,2026-07-30 05:41:57.343795,https://www.haaretz.com/middle-east-news/2026-07-30/ty-article/.premium/beyond-the-gulf-irans-ambitious-strategy-for-a-new-regional-order/0000019f-b000-d993-af9f-b057047a0000
"After pressure from Netanyahu party lawyer, Haaretz ad campaign removed from billboards across central Israel","In a letter to Haaretz, Likud Ilan Bombach threatened and argued that the campaign constituted prohibited election propaganda. Haaretz said in response that the move was 'an attempt to use election laws to silence a critical media outlet'",https://www.haaretz.com/israel-news/elections/2026-07-30/ty-article/.premium/after-pressure-from-netanyahu-lawyer-haaretz-campaign-removed-from-billboards/0000019f-af7b-d87e-ab9f-bf7bf6070000,Haaretz,Jasmin Gueta,2026-07-30T05:22:07,2026-07-30 05:41:57.343766,https://www.haaretz.com/israel-news/elections/2026-07-30/ty-article/.premium/after-pressure-from-netanyahu-lawyer-haaretz-campaign-removed-from-billboards/0000019f-af7b-d87e-ab9f-bf7bf6070000
Israeli who served in secret IDF unit charged with espionage for Iran,An Iranian intelligence operative allegedly asked the suspect to help recruit a second IDF soldier.,https://www.jns.org/news/israel-news/israeli-who-served-in-secret-idf-unit-charged-with-espionage-for-iran,JNS,JNS Staff,2026-07-30T04:27:00,2026-07-30 05:41:49.702062,https://www.jns.org/news/israel-news/israeli-who-served-in-secret-idf-unit-charged-with-espionage-for-iran
"UK court rebukes anti-Israel NGO, tosses bid to prosecute IDF soldier","“This application is legally flawed, evidentially deficient, and procedurally defective,” the judge said.",https://www.jns.org/analysis/uk-court-rebukes-anti-israel-ngo-tosses-bid-to-prosecute-idf-soldier,JNS,David Isaac,2026-07-30T05:05:01,2026-07-30 05:41:49.702042,https://www.jns.org/analysis/uk-court-rebukes-anti-israel-ngo-tosses-bid-to-prosecute-idf-soldier
Israel reports all-time high of $169 billion in 2025 exports,"The Foreign Ministry said that the record figures reflect ""the strength, resilience and global competitiveness"" of the country's economy.",https://www.jns.org/news/israel-news/israel-reports-all-time-high-of-169-billion-in-2025-exports,JNS,JNS Staff,2026-07-30T05:22:51,2026-07-30 05:41:49.702020,https://www.jns.org/news/israel-news/israel-reports-all-time-high-of-169-billion-in-2025-exports
Salman Rushdie attacker convicted on terrorism charges,Prosecutors said Hadi Matar researched Iran's fatwa on the author for more than a year and carried out the attack in support of Hezbollah.,https://www.jns.org/news/u-s-news/salman-rushdie-attacker-convicted-on-terrorism-charges,JNS,JNS Staff,2026-07-30T05:26:01,2026-07-30 05:41:49.701999,https://www.jns.org/news/u-s-news/salman-rushdie-attacker-convicted-on-terrorism-charges
United States strikes dozens of IRGC sites in 'powerful response' to Iranian attacks,"The strikes came hours after U.S. President Donald Trump warned Washington would be ""hitting them hard.""",https://www.jns.org/news/u-s-news/united-states-strikes-dozens-of-irgc-sites-in-powerful-response-to-iranian-attacks,JNS,JNS Staff,2026-07-30T05:33:41,2026-07-30 05:41:49.701972,https://www.jns.org/news/u-s-news/united-states-strikes-dozens-of-irgc-sites-in-powerful-response-to-iranian-attacks
"Bret Stephens, a stalwart Israel defender, calls out ‘Jewish terrorists’ in West Bank","(JTA) — Bret Stephens, the Pulitzer Prize-winning New York Times columnist known as one of the paper’s most consistent defenders of Israel, used his Tuesday column to take direct aim at the country’s handling of settler violence in the West Bank — warning that unchecked attacks now pose a threat to Israel’s security and to... The post Bret Stephens, a stalwart Israel defender, calls out ‘Jewish terrorists’ in West Bank appeared first on The Forward .",https://forward.com/fast-forward/841865/bret-stephens-a-stalwart-israel-defender-calls-out-jewish-terrorists-in-west-bank/,The Forward,Andrew Silow-Carroll,2026-07-30T02:59:24,2026-07-30 05:41:41.587463,https://forward.com/?p=841865
We’re overlooking the mental health warning signs in Israel at our peril,"Almost three years into a war that has touched nearly every family in this country, the Jewish philanthropic and communal funding world has done something it should be proud of: it has shown up for mental health. Tens of millions of dollars have flowed into treatment programs for soldiers, evacuees, bereaved families and first responders... Read More The post We’re overlooking the mental health warning signs in Israel at our peril appeared first on eJewishPhilanthropy .",https://ejewishphilanthropy.com/in-israel-were-missing-the-warning-signs-at-our-peril/,eJewish Philanthropy,Cathy Lawi,2026-07-30T05:41:07,2026-07-30 05:41:36.340055,https://ejewishphilanthropy.com/?p=177947
U.S. strikes Iranian targets after Trump vows to hit Iran 'very hard',,https://www.haaretz.com/israel-news/israel-security/2026-07-30/ty-article-live/u-s-strikes-iranian-targets-after-trump-vows-to-hit-iran-very-hard/0000019f-b0bb-d6af-a9ff-b3fb78f40000,Haaretz,Haaretz,2026-07-30T02:14:30,2026-07-30 02:26:55.374939,https://www.haaretz.com/israel-news/israel-security/2026-07-30/ty-article-live/u-s-strikes-iranian-targets-after-trump-vows-to-hit-iran-very-hard/0000019f-b0bb-d6af-a9ff-b3fb78f40000
The shield Europe mistakes for a sword,"When police treat the Magen David as provocation, they transfer authority over Jewish life from the law to the mob.",https://www.jns.org/opinion/moshe-david/the-shield-europe-mistakes-for-a-sword,JNS,Moshe David,2026-07-30T01:30:00,2026-07-30 02:26:48.501880,https://www.jns.org/opinion/moshe-david/the-shield-europe-mistakes-for-a-sword
Framing the Faith of Maimonides,"In this enriching new edition of the classic code of Jewish law, readers can delve deeply into the mind of Maimonides, from his analysis of the commandments to the controversies that have accompanied his writings, offering a window into the wisdom of one of our tradition’s preeminent thinkers. The post Framing the Faith of Maimonides appeared first on Jewish Journal .",https://jewishjournal.com/judaism/390555/framing-the-faith-of-maimonides/,Jewish Journal,Rabbi Dr. Stuart Halpern,2026-07-30T00:54:15,2026-07-30 02:26:46.056449,https://jewishjournal.com/?p=390555
"Professors Should Fight Campus Jew-Hatred as Educators, Not Bureaucrats","These are educational institutions. But most universities have allowed bureaucrats – in Washington and on campus – to hijack what could be “teachable moments.” The post Professors Should Fight Campus Jew-Hatred as Educators, Not Bureaucrats appeared first on Jewish Journal .",https://jewishjournal.com/commentary/opinion/390558/professors-should-fight-campus-jew-hatred-as-educators-not-bureaucrats/,Jewish Journal,Gil Troy,2026-07-30T01:22:45,2026-07-30 02:26:46.056400,https://jewishjournal.com/?p=390558
The Myth of the Marxist Mishpacha,"The Jewish immigrant who organized for a 40-hour work week did not do so to give his grandchildren a politics that asks them to feel guilty for their education, their professional success or their attachment to a Jewish state. The post The Myth of the Marxist Mishpacha appeared first on Jewish Journal .",https://jewishjournal.com/commentary/opinion/390561/the-myth-of-the-marxist-mishpacha/,Jewish Journal,Todd Pittinsky,2026-07-30T01:27:32,2026-07-30 02:26:46.056361,https://jewishjournal.com/?p=390561
LA28: Inside the Race to Host One of the World’s Biggest Sporting Events,[&#8230;] The post LA28: Inside the Race to Host One of the World’s Biggest Sporting Events appeared first on Jewish Journal .,https://jewishjournal.com/community/390564/la28-inside-the-race-to-host-one-of-the-worlds-biggest-sporting-events/,Jewish Journal,Ayala Or-El,2026-07-30T01:35:37,2026-07-30 02:26:46.056323,https://jewishjournal.com/?p=390564
Mission to the Jewish Community of Ethiopia,"I didn’t even know that there were still Jews left in Ethiopia, but what I encountered there firsthand was a thriving Jewish community, with some very significant struggles. The post Mission to the Jewish Community of Ethiopia appeared first on Jewish Journal .",https://jewishjournal.com/community/390569/mission-to-the-jewish-community-of-ethiopia/,Jewish Journal,Rabbi Jason Weiner,2026-07-30T01:39:25,2026-07-30 02:26:46.056288,https://jewishjournal.com/?p=390569
Tu b’Av and Redemption,"On Tu b'Av, the full moon rises. The same people who mourned begin to dance. The same nation who splintered begins to seek one another out again in the vineyards, in the fields, in the moments of vulnerability and return. The post Tu b&#8217;Av and Redemption appeared first on Jewish Journal .",https://jewishjournal.com/judaism/390572/tu-bav-and-redemption/,Jewish Journal,Adina Feldman,2026-07-30T01:42:45,2026-07-30 02:26:46.056248,https://jewishjournal.com/?p=390572
A Rabbi Explains What’s Jewish About ‘The Odyssey’,"In both, there's sacrifices, there's tribal identity, there's a concern for honor and dignity. And then there are these huge, glaring differences The post A Rabbi Explains What’s Jewish About &#8216;The Odyssey&#8217; appeared first on Jewish Journal .",https://jewishjournal.com/culture/arts/film/390580/a-rabbi-explains-whats-jewish-about-the-odyssey/,Jewish Journal,Ryan Torok,2026-07-30T01:52:56,2026-07-30 02:26:46.056203,https://jewishjournal.com/?p=390580
Netanyahu drags Mamdani into his reelection campaign as face of antisemitism,"For nearly two years, Zohran Mamdani has made Israeli Prime Minister Benjamin Netanyahu a central political target. Now Netanyahu is making Mamdani part of his own reelection campaign. The 50-second video released Wednesday on Netanyahu&#8217;s political social media channels builds on comments the Israeli leader made on Fox News this week, portraying Mamdani as the... The post Netanyahu drags Mamdani into his reelection campaign as face of antisemitism appeared first on The Forward .",https://forward.com/news/841862/netanyahu-mamdani-israeli-election-campaign/,The Forward,Jacob Kornbluh,2026-07-30T01:38:07,2026-07-30 02:26:41.799119,https://forward.com/?p=841862
"Bret Stephens, a stalwart Israel defender, calls out ‘Jewish terrorists’ in West Bank","The conservative New York Times columnist writes that the country's failure to confront settler violence threatens the security and legitimacy of the Jewish state. -- The post Bret Stephens, a stalwart Israel defender, calls out ‘Jewish terrorists’ in West Bank appeared first on Jewish Telegraphic Agency .",https://www.jta.org/2026/07/29/united-states/bret-stephens-a-stalwart-israel-defender-calls-out-jewish-terrorists-in-west-bank,JTA,Andrew Silow-Carroll,2026-07-29T23:58:30,2026-07-30 00:00:06.237795,https://www.jta.org/?p=1905301
Caring and cookie dough at JCC camp in Los Gatos,"“You want some help?” Hunter, a 6-year-old camper, asked the girl across from him as they rolled out cookie dough on a long, plastic-wrapped table inside the Addison-Penzak JCC in [&#8230;]",https://jweekly.com/2026/07/29/camp-cookie/,J. Weekly,Emma Goss,2026-07-29T22:10:00,2026-07-30 00:00:00.773970,https://jweekly.com/?p=307806
Haaretz Cartoon,,https://www.haaretz.com/opinion/daily-cartoon/2026-07-30/ty-article-opinion/haaretz-cartoon/0000019f-afe9-de01-a5bf-ffe9d9140000,Haaretz,Amos Biderman,2026-07-29T22:10:03,2026-07-29 23:00:41.470899,https://www.haaretz.com/opinion/daily-cartoon/2026-07-30/ty-article-opinion/haaretz-cartoon/0000019f-afe9-de01-a5bf-ffe9d9140000
The sad thing about Netanyahu's corruption: we've gotten used to it,"The state paid a total of 2.7 million shekels over for Netanyahu's residences in 2025-26, according to reports. Taxpayers spent some 300,000 shekels on Wolt food deliveries and around 100,000 shekels on gardening at his abandoned Caesarea villa in 2025 alone",https://www.haaretz.com/opinion/2026-07-30/ty-article-opinion/.premium/the-sad-thing-about-netanyahus-corruption-weve-gotten-used-to-it/0000019f-aeac-de01-a5bf-ffecf6bd0000,Haaretz,Uri Misgav,2026-07-29T22:13:08,2026-07-29 23:00:41.470880,https://www.haaretz.com/opinion/2026-07-30/ty-article-opinion/.premium/the-sad-thing-about-netanyahus-corruption-weve-gotten-used-to-it/0000019f-aeac-de01-a5bf-ffecf6bd0000
Primary objective: Why Israel's defense chief is enabling Jewish terror,,https://www.haaretz.com/opinion/editorial/2026-07-30/ty-article-opinion/primary-objective-why-israels-defense-chief-is-enabling-jewish-terror/0000019f-af60-d993-af9f-bf77f2240000,Haaretz,Haaretz Editorial,2026-07-29T22:18:47,2026-07-29 23:00:41.470851,https://www.haaretz.com/opinion/editorial/2026-07-30/ty-article-opinion/primary-objective-why-israels-defense-chief-is-enabling-jewish-terror/0000019f-af60-d993-af9f-bf77f2240000
"Netanyahu wants no journalists, no questions","Like other authoritarians, Netanyahu wants to avoid not only difficult questions, but also any encounter with an independent media. At most, a few blurry photos from the Government Press Office will be distributed",https://www.haaretz.com/opinion/2026-07-30/ty-article-opinion/.premium/netanyahu-wants-no-journalists-no-questions/0000019f-af29-d709-a39f-afed75540000,Haaretz,Noa Landau,2026-07-29T22:20:37,2026-07-29 23:00:41.470827,https://www.haaretz.com/opinion/2026-07-30/ty-article-opinion/.premium/netanyahu-wants-no-journalists-no-questions/0000019f-af29-d709-a39f-afed75540000
From arrest warrant to trial: The traps awaiting Netanyahu if he loses power,"With the election three months away, Netanyahu faces three unresolved threats that could haunt him after leaving office: his ICC arrest warrant, criminal trial and a potential October 7 state commission of inquiry",https://www.haaretz.com/israel-news/israel-politics/2026-07-30/ty-article/.premium/from-arrest-warrant-to-trial-the-traps-awaiting-netanyahu-if-he-loses-power/0000019f-af69-d6af-a9ff-aff9e4220000,Haaretz,Jonathan Lis,2026-07-29T22:23:30,2026-07-29 23:00:41.470799,https://www.haaretz.com/israel-news/israel-politics/2026-07-30/ty-article/.premium/from-arrest-warrant-to-trial-the-traps-awaiting-netanyahu-if-he-loses-power/0000019f-af69-d6af-a9ff-aff9e4220000
Likud comptroller pick represents party against MK who alleged ballot misconduct,The Likud candidate for state comptroller signed onto the party's response to a petition by the lawmaker who alleged she was forced to photograph her ballot and prove she voted for him,https://www.haaretz.com/israel-news/israel-politics/2026-07-30/ty-article/.premium/likud-comptroller-pick-represents-party-against-mk-who-alleged-ballot-misconduct/0000019f-af7b-d6af-a9ff-affb47b00000,Haaretz,Chen Maanit,2026-07-29T22:24:29,2026-07-29 23:00:41.470758,https://www.haaretz.com/israel-news/israel-politics/2026-07-30/ty-article/.premium/likud-comptroller-pick-represents-party-against-mk-who-alleged-ballot-misconduct/0000019f-af7b-d6af-a9ff-affb47b00000
Israeli Opposition Leader Yair Lapid Urges Democratic Lawmakers Not to ‘Give Up on Israel’,Israeli opposition leader Yair Lapid urged Democratic lawmakers in Washington this week to reject efforts to curb US military aid...,https://www.algemeiner.com/2026/07/29/israeli-opposition-leader-yair-lapid-urges-democratic-lawmakers-to-not-give-up-on-israel/,Algemeiner,Corey Walker,2026-07-29T22:15:30,2026-07-29 23:00:36.538703,https://www.algemeiner.com/?p=776978
Drone strikes US-owned tanker in Nile Delta,"“This attack might be a message to the Egyptians that we can reach the Suez Canal and we can really close the Suez Canal,” Ahmad Sharawi, a senior research analyst at FDD, told JNS.",https://www.jns.org/news/u-s-news/drone-strikes-us-owned-tanker-in-nile-delta,JNS,Andrew Bernard,2026-07-29T22:05:47,2026-07-29 23:00:34.191081,https://www.jns.org/news/u-s-news/drone-strikes-us-owned-tanker-in-nile-delta
Federal judge dismisses lawsuit by University of Michigan DEI administrator fired over Jew-hatred remarks,"""Speakers—alleged or confirmed—of antisemitic remarks is not a protected class under Title VII,"" the judge wrote in her findings.",https://www.jns.org/news/u-s-news/federal-judge-dismisses-lawsuit-by-university-of-michigan-dei-administrator-fired-over-jew-hatred-remarks,JNS,,2026-07-29T22:16:24,2026-07-29 23:00:34.191046,https://www.jns.org/news/u-s-news/federal-judge-dismisses-lawsuit-by-university-of-michigan-dei-administrator-fired-over-jew-hatred-remarks
"As Conservative rabbis, we’re rethinking our communities’ policies toward interfaith families","(JTA) — As Conservative/Masorti rabbis, we see firsthand the joy of couples building a life together in the Jewish community, and the pain of those who feel shut out because one of them is not Jewish. We think of the community member, though not Jewish, who developed a profound love for davening (prayer) and Torah... The post As Conservative rabbis, we’re rethinking our communities&#8217; policies toward interfaith families appeared first on The Forward .",https://forward.com/fast-forward/841622/conservative-judaism-interfaith-families-teshuvah/,The Forward,"Rabbi Pamela Barmash, Rabbi Emily Barton",2026-07-29T22:22:08,2026-07-29 23:00:26.839080,https://forward.com/?p=841622
OPINION | S.F.’s Black millionaire and the making of a Jewish myth,"There are many enduring legends about William Leidesdorff, the Black, Danish-Caribbean sea captain who arrived in 1841 in the Mexican pueblo of Yerba Buena and played a prominent role in [&#8230;]",https://jweekly.com/2026/07/29/san-franciscos-black-millionaire-and-the-making-of-a-jewish-myth/,J. Weekly,Eric Friedman,2026-07-29T22:09:04,2026-07-29 23:00:19.528994,https://jweekly.com/?p=307792
"Refuseniks, Chernobyl and KGB bugs in 1980s USSR",Books coverage is supported by a generous grant from The Milton and Sophie Meyer Fund. Many local Jews know Daniel Grossman as former CEO of the Jewish Federation Bay Area [&#8230;],https://jweekly.com/2026/07/29/cold-war-memoir-chronicles-san-franciscans-diplomatic-escapades-in-ussr/,J. Weekly,Sue Fishkoff,2026-07-29T22:55:04,2026-07-29 23:00:19.528944,https://jweekly.com/?p=307802
"2025 Becomes Deadliest Year for Jews Outside Israel in More Than Three Decades, New Report Finds","Diaspora Jewish communities endured their deadliest year in more than three decades in 2025, as a wave of deadly antisemitic...",https://www.algemeiner.com/2026/07/29/2025-becomes-deadliest-year-for-jews-outside-israel-in-more-than-three-decades-new-report-finds/,Algemeiner,Ailin Vilches Arguello,2026-07-29T21:18:55,2026-07-29 22:01:58.511919,https://www.algemeiner.com/?p=776967
"Cornell University Student Outed Over Antisemitism Reveals Interest in Holocaust Denial, Eugenics in Shocking Secret Footage",The Cornell University student who became notorious for declaring that he would not work for “a Jew” revealed the broader...,https://www.algemeiner.com/2026/07/29/cornell-university-student-outed-over-antisemitism-reveals-interest-in-holocaust-denial-eugenics-in-shocking-secret-footage/,Algemeiner,Dion J. Pierre,2026-07-29T21:50:21,2026-07-29 22:01:58.511882,https://www.algemeiner.com/?p=776955
"Most US voters oppose military action against Iran, per Quinnipiac poll",The survey found declining support for the conflict and widespread skepticism that President Donald Trump's negotiators can bring it to an end.,https://www.jns.org/news/u-s-news/most-us-voters-oppose-military-action-against-iran-per-quinnipiac-poll,JNS,,2026-07-29T20:50:25,2026-07-29 22:01:56.149177,https://www.jns.org/news/u-s-news/most-us-voters-oppose-military-action-against-iran-per-quinnipiac-poll
"EXCLUSIVE: Washington state would do more for human rights by nixing its panel on the topic than keeping it, lawmakers tell JNS","""They do nothing,"" a state lawmaker said, of the committee, which has had a problem with antisemitic statements from members. ""That doesn't mean they can't use the bully pulpit and try to shame people.""",https://www.jns.org/news/u-s-news/washington-state-would-do-more-for-human-rights-by-nixing-its-panel-on-the-topic-than-keeping-it-lawmakers-tell-jns,JNS,Jessica Russak-Hoffman,2026-07-29T20:56:53,2026-07-29 22:01:56.149144,https://www.jns.org/news/u-s-news/washington-state-would-do-more-for-human-rights-by-nixing-its-panel-on-the-topic-than-keeping-it-lawmakers-tell-jns
"Flyers stating ‘we are with you Palestine,’ bearing swastika found in Southern California community","“Neo-Nazi propaganda and the organizations that spread it should have no place in our Orange County,” Joey Good of the Jewish Federation of Orange County told JNS.",https://www.jns.org/news/u-s-news/flyers-stating-we-are-with-you-palestine-bearing-swastika-found-in-southern-california-community,JNS,Aaron Bandler,2026-07-29T21:19:13,2026-07-29 22:01:56.149103,https://www.jns.org/news/u-s-news/flyers-stating-we-are-with-you-palestine-bearing-swastika-found-in-southern-california-community
I was a reluctant Yiddishist. Here’s what converted me.,"I couldn’t understand my peers’ embrace of Yiddish culture. Now I’m fascinated –– by the world evoked in Yiddish music and literature, and the leaders of its revival. My conversion began at Yidstock: a Festival of new Yiddish Music. &#160; The post I was a reluctant Yiddishist. Here&#8217;s what converted me. appeared first on The Forward .",https://forward.com/culture/music/840401/yiddish-music-festival-yidstock-klezmer-yiddish-revival/,The Forward,Mia Rose Kohn,2026-07-29T21:06:46,2026-07-29 22:01:48.010313,https://forward.com/?p=840401
Netanyahu's rivals are trying to out-right wing each other. Here's what sets them apart from him,"Netanyahu's policies, on paper, may not seem terribly different from those of Bennett or Eisenkot to those outside of Israel, but the ministers and politicians who would have their ear, though, could not be more different",https://www.haaretz.com/israel-news/haaretz-today/2026-07-29/ty-article/.highlight/as-netanyahus-rivals-try-to-out-right-wing-each-other-heres-how-they-differ/0000019f-aee2-d709-a39f-afee454f0000,Haaretz,Linda Dayan,2026-07-29T18:24:32,2026-07-29 20:13:14.995751,https://www.haaretz.com/israel-news/haaretz-today/2026-07-29/ty-article/.highlight/as-netanyahus-rivals-try-to-out-right-wing-each-other-heres-how-they-differ/0000019f-aee2-d709-a39f-afee454f0000
"Court rules MK said blood of settlers killed in W. Bank shooting attack 'redder' than Oct. 7 victims, rejects libel suit","While MK Rothman denied the comments, three Justice Ministry employees who had attended the closed-door meeting testified that Rothman had indeed made the remarks. A judge ruled that the statements attributed to Rothman 'were indeed made by him'",https://www.haaretz.com/israel-news/israel-politics/2026-07-29/ty-article/.premium/court-mk-said-settlers-blood-redder-than-oct-7-victims-rejects-libel-suit/0000019f-af0e-de01-a5bf-ff4e64720000,Haaretz,Yael Freidson,2026-07-29T18:51:20,2026-07-29 20:13:14.995718,https://www.haaretz.com/israel-news/israel-politics/2026-07-29/ty-article/.premium/court-mk-said-settlers-blood-redder-than-oct-7-victims-rejects-libel-suit/0000019f-af0e-de01-a5bf-ff4e64720000
"Defense Minister Israel Katz, a proud war criminal","If the international community had an effective justice system, Katz would have been put on a global most-wanted list",https://www.haaretz.com/opinion/2026-07-29/ty-article-opinion/.premium/defense-minister-israel-katz-a-proud-war-criminal/0000019f-aeac-d709-a39f-afec15170000,Haaretz,Gideon Levy,2026-07-29T19:58:56,2026-07-29 20:13:14.995676,https://www.haaretz.com/opinion/2026-07-29/ty-article-opinion/.premium/defense-minister-israel-katz-a-proud-war-criminal/0000019f-aeac-d709-a39f-afec15170000
"Pro-Israel Hochul Challenger Bruce Blakeman Narrows Lead, According to New Poll","A newly released survey suggests New York Governor Kathy Hochul&#8217;s re-election campaign may be facing stronger headwinds than previously believed,...",https://www.algemeiner.com/2026/07/29/pro-israel-hochul-challenger-bruce-blakeman-narrows-lead-according-to-new-poll/,Algemeiner,Corey Walker,2026-07-29T19:28:50,2026-07-29 20:13:09.944005,https://www.algemeiner.com/?p=776965
Netherlands Moves to Ban Settlement Goods as European Pressure on Israel Intensifies,"The Netherlands is expected to become the latest European country to restrict trade with Israeli communities in Judea and Samaria,...",https://www.algemeiner.com/2026/07/29/netherlands-moves-to-ban-settlement-goods-as-european-pressure-on-israel-intensifies/,Algemeiner,Ailin Vilches Arguello,2026-07-29T19:30:21,2026-07-29 20:13:09.943969,https://www.algemeiner.com/?p=776970
"Los Angeles County supervisor proposes $20,000 reward after Pasadena synagogue vandalism","“An attack motivated by hate against one community is an attack against us all,” Kathryn Barger said as officials respond to antisemitic graffiti targeting the Pasadena Jewish Temple and Center.",https://www.jns.org/news/u-s-news/los-angeles-county-supervisor-proposes-20-000-reward-after-pasadena-synagogue-vandalism,JNS,,2026-07-29T18:20:38,2026-07-29 20:13:06.920128,https://www.jns.org/news/u-s-news/los-angeles-county-supervisor-proposes-20-000-reward-after-pasadena-synagogue-vandalism
Jewish groups press Mamdani over lack of Jewish representation on judicial panel,The New York City mayor said he was unaware the committee included no Jewish lawyers and denied that religion played any role in selecting its members.,https://www.jns.org/news/u-s-news/jewish-groups-press-mamdani-over-lack-of-jewish-representation-on-judicial-panel,JNS,,2026-07-29T18:42:39,2026-07-29 20:13:06.920092,https://www.jns.org/news/u-s-news/jewish-groups-press-mamdani-over-lack-of-jewish-representation-on-judicial-panel
"Two New Jersey men, Washington man plead guilty in plot to join ISIS","“Regardless of the intent to either fight overseas or plot an attack on our soil, we will tenaciously investigate and arrest anyone supporting and conspiring with terrorists,” the FBI special agent in charge in Newark said.",https://www.jns.org/news/u-s-news/two-new-jersey-men-washington-man-plead-guilty-in-plot-to-join-isis,JNS,,2026-07-29T18:59:57,2026-07-29 20:13:06.920052,https://www.jns.org/news/u-s-news/two-new-jersey-men-washington-man-plead-guilty-in-plot-to-join-isis
Jewish families are refusing to retreat,"Despite challenges, enrollment in Jewish schools is surging.",https://www.jns.org/opinion/chaya-yosovich/jewish-families-are-refusing-to-retreat,JNS,Chaya Yosovich,2026-07-29T19:30:00,2026-07-29 20:13:06.920012,https://www.jns.org/opinion/chaya-yosovich/jewish-families-are-refusing-to-retreat
Federal judge dismisses lawsuit challenging California law addressing Jew-hatred in K-12 schools,"“This ruling affirms what we've said from the start: AB 715 is a critical and constitutionally sound tool to address antisemitism in schools,” David Bocarsly of Jewish California said.",https://www.jns.org/news/u-s-news/federal-judge-dismisses-lawsuit-challenging-california-law-addressing-jew-hatred-in-k-12-schools,JNS,Aaron Bandler,2026-07-29T19:39:51,2026-07-29 20:13:06.919979,https://www.jns.org/news/u-s-news/federal-judge-dismisses-lawsuit-challenging-california-law-addressing-jew-hatred-in-k-12-schools
"Netanyahu challenger Yair Lapid lobbies Democratic senators, aiming to repair U.S.-Israel ties","Israeli Prime Minister Benjamin Netanyahu’s meeting in Washington, D.C. on Tuesday made headlines, but he is not the only Israeli official trying to make inroads in the nation&#8217;s capital this week. Former Israeli Prime Minister Yair Lapid is also in town to get a head start on repairing the U.S.-Israel relationship. On Wednesday, Lapid, who... The post Netanyahu challenger Yair Lapid lobbies Democratic senators, aiming to repair U.S.-Israel ties appeared first on The Forward .",https://forward.com/news/841661/netanyahu-yair-lapid-aipac-j-street-lindsey-graham/,The Forward,Simone Saidmehr,2026-07-29T18:14:11,2026-07-29 20:12:59.282014,https://forward.com/?p=841661
Tidbits: A huge Jewish dating event through AI and Chabad,"Tidbits is a Forverts feature of easy news briefs in Yiddish that you can listen to or read, or both! If you read the article and don’t know a word, just click on it and the translation appears. Listen to the report here: דעם 9טן אויגוסט וועלן טויזנטער אומבאַפּאָרטע ייִדן איבער דער וועלט אָנשטעלן זייערע... The post Tidbits: A huge Jewish dating event through AI and Chabad appeared first on The Forward .",https://forward.com/yiddish/841685/tidbits-a-huge-jewish-dating-event-through-ai-and-chabad/,The Forward,פֿאָרווערטס־רעדאַקציע,2026-07-29T18:22:00,2026-07-29 20:12:59.281962,https://forward.com/?p=841685
Mamdani confronts backlash over exclusion of Jewish lawyers from judicial panel,"Since taking office in January, Mayor Zohran Mamdani has shrugged off criticism from Jewish organizations over his opposition to Israel and Zionism. But new allegations that his administration excluded Jewish lawyers from a key City Hall appointments committee appeared to strike a nerve — getting directly at how he is governing New York City. “The suggestion... The post Mamdani confronts backlash over exclusion of Jewish lawyers from judicial panel appeared first on The Forward .",https://forward.com/news/841697/mamdani-jewish-lawyers-judicial-new-york/,The Forward,Jacob Kornbluh,2026-07-29T18:59:35,2026-07-29 20:12:59.281882,https://forward.com/?p=841697
Boy injured after intruder chases woman into Queens Jewish school,"Plus, J Street launches letter supporting Columbia University protester Mohsen Mahdawi amid deportation battle. -- The post Boy injured after intruder chases woman into Queens Jewish school appeared first on Jewish Telegraphic Agency .",https://www.jta.org/2026/07/29/ny/boy-injured-after-intruder-chases-woman-into-queens-jewish-school,JTA,New York Jewish Week Staff,2026-07-29T18:13:43,2026-07-29 20:12:56.421102,https://www.jta.org/?p=1905283
Trump says U.S. will hit Iran 'hard' after attack on Jordan U.S. base,"In an interview with Fox, the president added that they will let the Iranians 'keep talking.' Iranian state television reported that the U.S. had attacked a site in the northwest of the country, without casualties",https://www.haaretz.com/us-news/2026-07-29/ty-article/.premium/trump-says-u-s-will-hit-iran-hard-after-attack-on-jordan-u-s-base/0000019f-adea-d709-a39f-adee62880000,Haaretz,Rawan Suleiman,2026-07-29T16:31:35,2026-07-29 18:08:13.954414,https://www.haaretz.com/us-news/2026-07-29/ty-article/.premium/trump-says-u-s-will-hit-iran-hard-after-attack-on-jordan-u-s-base/0000019f-adea-d709-a39f-adee62880000
"Liberal democracy, workers' rights remain off Israeli matriculation exams","Students will not be tested on topics related to liberal democracy, the importance of a constitution in limiting government power, workers' rights, the Declaration of Independence, and more, as the heart of the judicial overhaul is erased from Israeli high school civics education",https://www.haaretz.com/israel-news/israel-politics/2026-07-29/ty-article/.premium/liberal-democracy-workers-rights-remain-out-of-israeli-matriculation-exams/0000019f-ae19-d993-af9f-be5fedef0000,Haaretz,Lior Dattel,2026-07-29T17:00:06,2026-07-29 18:08:13.954381,https://www.haaretz.com/israel-news/israel-politics/2026-07-29/ty-article/.premium/liberal-democracy-workers-rights-remain-out-of-israeli-matriculation-exams/0000019f-ae19-d993-af9f-be5fedef0000
"Four years after AIPAC boosted Michigan Rep. Haley Stevens, she can't escape it","Rep. Haley Stevens is running on a pro-Israel platform that used to be the Democratic mainstream. Now, support from AIPAC has become a liability in her race against Abdul El-Sayed",https://www.haaretz.com/us-news/2026-07-29/ty-article-magazine/.premium/four-years-after-aipac-boosted-haley-stevens-she-cant-escape-it/0000019f-aa74-d6af-a9ff-abfc6cb10000,Haaretz,Etan Nechin,2026-07-29T17:01:38,2026-07-29 18:08:13.954349,https://www.haaretz.com/us-news/2026-07-29/ty-article-magazine/.premium/four-years-after-aipac-boosted-haley-stevens-she-cant-escape-it/0000019f-aa74-d6af-a9ff-abfc6cb10000
"After a settler attack, Palestinians in the West Bank await their punishment","Across the West Bank, Palestinians describe how a fatal settler attack can trigger a chain of restrictions and retaliation that affects all aspects of daily life. 'I have never in my life seen conditions like those we are living under today,' says a man from Nablus",https://www.haaretz.com/west-bank/2026-07-29/ty-article-magazine/.premium/after-a-settler-attack-palestinians-in-the-west-bank-await-their-punishment/0000019f-ade5-dac5-afdf-bdedec370000,Haaretz,Nagham Zbeedat,2026-07-29T17:20:28,2026-07-29 18:08:13.954319,https://www.haaretz.com/west-bank/2026-07-29/ty-article-magazine/.premium/after-a-settler-attack-palestinians-in-the-west-bank-await-their-punishment/0000019f-ade5-dac5-afdf-bdedec370000
Reservist in classified IDF unit indicted over alleged Iranian contact,"The defendant was accused of trying to pass information useful to Iran and persuading another soldier to communicate with an alleged Iranian intelligence operative. His lawyer dismissed the case as an 'esoteric incident' stemming from, at most, carelessness rather than hostile intent",https://www.haaretz.com/israel-news/israel-security/2026-07-29/ty-article/.premium/reservist-in-classified-idf-unit-indicted-over-alleged-iranian-contact/0000019f-adbb-debc-a79f-edfbdd840000,Haaretz,Josh Breiner,2026-07-29T17:53:02,2026-07-29 18:08:13.954285,https://www.haaretz.com/israel-news/israel-security/2026-07-29/ty-article/.premium/reservist-in-classified-idf-unit-indicted-over-alleged-iranian-contact/0000019f-adbb-debc-a79f-edfbdd840000
"'Israeli enemy fully, directly responsible': Lebanese town says IDF stored four tons of explosives in local building","A Lebanese town in an IDF-occupied buffer zone accuses the Israeli military of storing 8,800 pounds of ammonium nitrate in a building near the village. The chemical was involved in the 2020 Beirut port blast that killed about 300 people",https://www.haaretz.com/middle-east-news/lebanonnews/2026-07-29/ty-article/.premium/lebanese-town-says-idf-stored-four-tons-of-explosives-in-local-building/0000019f-ae1a-d709-a39f-affe65790000,Haaretz,Rawan Suleiman,2026-07-29T18:02:19,2026-07-29 18:08:13.954245,https://www.haaretz.com/middle-east-news/lebanonnews/2026-07-29/ty-article/.premium/lebanese-town-says-idf-stored-four-tons-of-explosives-in-local-building/0000019f-ae1a-d709-a39f-affe65790000
From Oct. 7 to the runway: University of Haifa fashion graduates showcase resilience,"The Class of 2026 graduate runway show featured 25 collections created by emerging designers, reflecting personal stories, cultural heritage and the impact of recent events on a new generation of Israeli fashion designers.",https://www.jns.org/wire/university-of-haifa/from-oct-7-to-the-runway-university-of-haifa-fashion-graduates-showcase-resilience,JNS,,2026-07-29T15:32:02,2026-07-29 18:08:07.101333,https://www.jns.org/wire/university-of-haifa/from-oct-7-to-the-runway-university-of-haifa-fashion-graduates-showcase-resilience
‘Turkey-Qatar-Pakistan axis’: A threat to world peace,"Along with the growing reach of the Muslim Brotherhood, it is a particular strategic concern for Israel and for wider regional stability.",https://www.jns.org/opinion/uzay-bulut/turkey-qatar-pakistan-axis-a-threat-to-world-peace,JNS,Uzay Bulut,2026-07-29T17:00:00,2026-07-29 18:08:07.101288,https://www.jns.org/opinion/uzay-bulut/turkey-qatar-pakistan-axis-a-threat-to-world-peace
US sanctions firms accused of helping Iran extort ships in Strait of Hormuz,"“The United States will not allow Iran to hold global commerce hostage or use international shipping to finance the IRGC’s terrorism, aggression and repression,” the U.S. treasury secretary said.",https://www.jns.org/news/u-s-news/us-sanctions-firms-accused-of-helping-iran-extort-ships-in-strait-of-hormuz,JNS,Mike Wagenheim,2026-07-29T17:16:09,2026-07-29 18:08:07.101252,https://www.jns.org/news/u-s-news/us-sanctions-firms-accused-of-helping-iran-extort-ships-in-strait-of-hormuz
Americans helped free Soviet Jewry and the hostages too. It’s time to step up and stop West Bank terror.,"For decades, American Jewry has placed the value of tikkun olam at its core. That commitment motivated mass momentum for social justice in many forms, from B’nei Mitzvah projects to Mitzvah Day and long-term campaigns for justice. American Jews have come together again and again to fight for causes beyond politics or religion — and... The post Americans helped free Soviet Jewry and the hostages too. It’s time to step up and stop West Bank terror. appeared first on The Forward .",https://forward.com/opinion/841634/americans-west-bank-settlers-terrorism/,The Forward,Mickey Gitzkin,2026-07-29T16:43:05,2026-07-29 18:08:00.359907,https://forward.com/?p=841634
"The most Jewish room in Fremont, Ohio, is in a county history museum","Beneath a mahogany staircase inside the Sandusky County Historical Society hangs a memorial plaque in a place both fitting and strange. The sanctuary is gone. The Torah scrolls have long since been moved elsewhere. Military exhibits and county memorabilia fill the rooms. But the plaque remains, listing the dead of Temple Beth Israel, a congregation... The post The most Jewish room in Fremont, Ohio, is in a county history museum appeared first on The Forward .",https://forward.com/news/840557/temple-beth-israel-fremont-ohio-synagogue-history/,The Forward,Austin Albanese,2026-07-29T17:44:16,2026-07-29 18:08:00.359843,https://forward.com/?p=840557
Why Jewish writers are launching their own publishing houses,"(JTA) — An unpublished novel has paved the way for the birth of a new Jewish fiction imprint, in the leading edge of a flurry of initiatives to combat antisemitism [&#8230;]",https://jweekly.com/2026/07/29/feeling-excluded-in-the-literary-world-jews-are-launching-their-own-publishing-houses/,J. Weekly,Philissa Cramer,2026-07-29T16:33:35,2026-07-29 18:07:52.719834,https://jweekly.com/?p=307776
"OPINION | As Conservative rabbis, there are ways we can bless interfaith families","(JTA) — As Conservative/Masorti rabbis, we see firsthand the joy of couples building a life together in the Jewish community, and the pain of those who feel shut out because [&#8230;]",https://jweekly.com/2026/07/29/as-conservative-rabbis-we-cant-perform-interfaith-weddings-but-we-can-bless-the-jewish-families-they-create/,J. Weekly,Rabbi Pamela Barmash and Rabbi Emily Barton,2026-07-29T17:37:11,2026-07-29 18:07:52.719791,https://jweekly.com/?p=307782
Netanyahu says he has 'special forces' ready if he's detained abroad after Mamdani calls for arrest,"Speaking after meeting Trump, Netanyahu said the U.S.-Israel alliance remained 'a wall of granite' and warned Iran it would face 'terrific force' if it attacked Israel, while rejecting reports of divisions over Tehran and defending his planned UN visit amid Mamdani's ICC campaign",https://www.haaretz.com/israel-news/israel-security/2026-07-29/ty-article/.premium/netanyahu-says-israel-has-special-forces-ready-if-arrested-vows-ny-visit/0000019f-ad66-d709-a39f-adee31560000,Haaretz,Ben Samuels,2026-07-29T14:20:29,2026-07-29 16:22:17.283177,https://www.haaretz.com/israel-news/israel-security/2026-07-29/ty-article/.premium/netanyahu-says-israel-has-special-forces-ready-if-arrested-vows-ny-visit/0000019f-ad66-d709-a39f-adee31560000
"Israeli official: Trump undecided on Iran, U.S. has final say","The senior official added that Netanyahu did not announce Israel's preferred outcome, and that ultimately the final decision whether to continue the offensive against Iran rests with Trump, unless Tehran attacks first",https://www.haaretz.com/israel-news/israel-security/2026-07-29/ty-article/.premium/israeli-official-u-s-with-say-on-iran-strategy-unless-tehran-attacks-israel/0000019f-ae66-dfac-a5df-bff7d3e40000,Haaretz,Ben Samuels,2026-07-29T15:43:21,2026-07-29 16:22:17.283137,https://www.haaretz.com/israel-news/israel-security/2026-07-29/ty-article/.premium/israeli-official-u-s-with-say-on-iran-strategy-unless-tehran-attacks-israel/0000019f-ae66-dfac-a5df-bff7d3e40000
The Houthis Are Hitting Saudi Arabia’s Energy Pipeline — and Here’s Why That Matters,Saudi Arabia has weathered Iran’s closure of the Strait of Hormuz by relying on its east-west pipeline to send crude...,https://www.algemeiner.com/2026/07/29/the-houthis-are-hitting-saudi-arabias-energy-pipeline-and-heres-why-that-matters/,Algemeiner,Bridget Toomey,2026-07-29T15:15:13,2026-07-29 16:22:11.798311,https://www.algemeiner.com/?p=776946
How Journalists Omit Facts and Context to Skew the Narrative on Gaza Ceasefire,NBC’s July 24 coverage of current events in Gaza leaves readers with more questions than answers. Critical readers will notice that authors...,https://www.algemeiner.com/2026/07/29/how-journalists-omit-facts-and-context-to-skew-the-narrative-on-gaza-ceasefire/,Algemeiner,Aaron Goren,2026-07-29T15:15:17,2026-07-29 16:22:11.798281,https://www.algemeiner.com/?p=776929
"Forty-four Percent of American Muslims View Hamas Favorably; Our Response Must Be Dialogue, Not Despair","When I read that 44 percent of American Muslims surveyed held a favorable view of Hamas, my first reaction was...",https://www.algemeiner.com/2026/07/29/forty-four-percent-of-american-muslims-view-hamas-favorably-our-response-must-be-dialogue-not-despair/,Algemeiner,Raihaana Adira,2026-07-29T15:15:21,2026-07-29 16:22:11.798253,https://www.algemeiner.com/?p=776924
Haftarah Parshat Ekev: The Many Dimensions of Love,"The weeks between Tisha B’Av and Rosh Hashanah carry us through the Seven Haftarot of Consolation. The second of them,...",https://www.algemeiner.com/2026/07/29/haftarah-parshat-ekev-the-many-dimensions-of-love/,Algemeiner,Kenneth Brander,2026-07-29T15:15:25,2026-07-29 16:22:11.798224,https://www.algemeiner.com/?p=776919
LA County Supervisor Proposes $20K Reward After Antisemitic Vandalism of Pasadena Synagogue,"Los Angeles County Supervisor Kathryn Barger introduced a motion Tuesday to offer a $20,000 reward for information leading to the...",https://www.algemeiner.com/2026/07/29/la-county-supervisor-proposes-20k-reward-after-antisemitic-vandalism-of-pasadena-synagogue/,Algemeiner,Shiryn Ghermezian,2026-07-29T16:16:13,2026-07-29 16:22:11.798193,https://www.algemeiner.com/?p=776936
Israeli Students Extend Global Medal Streak With Math Olympiad Gold,"Israeli students have continued a remarkable run of international victories, collecting medals in mathematics, chemistry, physics, and biology competitions around...",https://www.algemeiner.com/2026/07/29/israeli-teen-wins-gold-at-international-mathematical-olympiad-in-china/,Algemeiner,Shiryn Ghermezian,2026-07-29T16:18:12,2026-07-29 16:22:11.798160,https://www.algemeiner.com/?p=776951
Manischewitz launches ‘Manischewitz Matchmakers’ reality dating series,"New Jewish reality dating series explores matchmaking, humor and tradition.",https://www.jns.org/wire/manischewitz/manischewitz-launches-manischewitz-matchmakers-reality-dating-series,JNS,,2026-07-29T14:13:49,2026-07-29 16:22:08.946194,https://www.jns.org/wire/manischewitz/manischewitz-launches-manischewitz-matchmakers-reality-dating-series
Poll suggests Bruce Blakeman closing in on NY Gov. Kathy Hochul,"The incumbent is deep underwater, while the challenger struggles with a lack of name recognition, according to the survey.",https://www.jns.org/news/u-s-news/poll-suggests-bruce-blakeman-closing-in-on-ny-gov-kathy-hochul,JNS,Mike Wagenheim,2026-07-29T15:03:27,2026-07-29 16:22:08.946165,https://www.jns.org/news/u-s-news/poll-suggests-bruce-blakeman-closing-in-on-ny-gov-kathy-hochul
Upper East Side shul introduces prayer calling on New York leaders to confront antisemitism,"Prayer follows the recent stabbing attack outside a synagogue and calls for moral leadership, public responsibility and the safety of the Jewish community.",https://www.jns.org/wire/congregation-kehilath-jeshurun/upper-east-side-shul-introduces-prayer-calling-on-new-york-leaders-to-confront-antisemitism,JNS,,2026-07-29T15:38:09,2026-07-29 16:22:08.946131,https://www.jns.org/wire/congregation-kehilath-jeshurun/upper-east-side-shul-introduces-prayer-calling-on-new-york-leaders-to-confront-antisemitism
High Court extends order against law blocking arrests of Haredi students,"The justices said they would issue a final ruling soon after hearing arguments against the legislation, which temporarily blocks arrests of yeshivah students who evade military service.",https://www.jns.org/news/israel-news/high-court-extends-order-against-law-blocking-arrests-of-haredi-students,JNS,David Isaac,2026-07-29T15:48:06,2026-07-29 16:22:08.946098,https://www.jns.org/news/israel-news/high-court-extends-order-against-law-blocking-arrests-of-haredi-students
Jew-hatred's deadly return and the rise of two Jewish warriors,"Although a new ADL report documents a dangerous surge in antisemitism, today’s Jews are no longer defenseless.",https://www.jns.org/opinion/column/fiamma-nirenstein/jew-hatreds-deadly-return-and-the-rise-of-two-jewish-warriors,JNS,Fiamma Nirenstein,2026-07-29T16:00:57,2026-07-29 16:22:08.946061,https://www.jns.org/opinion/column/fiamma-nirenstein/jew-hatreds-deadly-return-and-the-rise-of-two-jewish-warriors
London’s Hackney council gives initial nod to ending 58-year twinning with Haifa after emotional debate,"(JTA) — LONDON – It was one kippah vs. a sea of keffiyehs, as Hackney Council gave initial approval on Tuesday night to begin the process of ending its nearly six-decade twinning relationship with the northern Israeli city of Haifa. The motion, brought by the Green Party-led administration, was voted on and approved after councilors... The post London’s Hackney council gives initial nod to ending 58-year twinning with Haifa after emotional debate appeared first on The Forward .",https://forward.com/fast-forward/841604/londons-hackney-council-gives-initial-nod-to-ending-58-year-twinning-with-haifa-after-emotional-debate/,The Forward,Kelly Hartog,2026-07-29T16:17:15,2026-07-29 16:21:59.044624,https://forward.com/?p=841604
Netanyahu compares New York with ‘the 1930s’ after Mamdani calls for his arrest,"(JTA) — Israeli Prime Minister Benjamin Netanyahu compared New York City Mayor Zohran Mamdani’s leadership with “the 1930s,” escalating a showdown between the two leaders as Netanyahu plans to visit the city in the coming weeks. The Israeli leader made an evocative reference to the period when the Nazis took over Germany in a Fox... The post Netanyahu compares New York with &#8216;the 1930s&#8217; after Mamdani calls for his arrest appeared first on The Forward .",https://forward.com/fast-forward/841610/netanyahu-compares-new-york-with-the-1930s-after-mamdani-calls-for-his-arrest/,The Forward,Shira Li Bartov,2026-07-29T16:19:23,2026-07-29 16:21:59.044569,https://forward.com/?p=841610
"As Conservative rabbis, we’re rethinking our communities’ policies toward interfaith families","The authors of a new teshuvah approved by Conservative Judaism’s Law Committee explain how they hope to balance tradition, inclusion and the realities of Jewish life today. -- The post As Conservative rabbis, we’re rethinking our communities&#8217; policies toward interfaith families appeared first on Jewish Telegraphic Agency .",https://www.jta.org/2026/07/29/ideas/as-conservative-rabbis-were-rethinking-how-our-communities-embrace-intermarried-couples,JTA,Rabbi Emily Barton,2026-07-29T16:00:44,2026-07-29 16:21:55.817844,https://www.jta.org/?p=1905226
Your Daily Phil: Leadership-focused foundation launches in memory of slain Wesley LePatner,The post Your Daily Phil: Leadership-focused foundation launches in memory of slain Wesley LePatner appeared first on eJewishPhilanthropy .,https://ejewishphilanthropy.com/your-daily-phil-leadership-focused-foundation-launches-in-memory-of-slain-wesley-lepatner/,eJewish Philanthropy,EJP,2026-07-29T14:30:36,2026-07-29 16:21:53.206511,https://ejewishphilanthropy.com/?p=177932
"PTSD, guilt and alienation: Watching 'The Odyssey' in Israel hits differently","As Israelis, we are so deep in our terrible odyssey that we have lost the ability to see how we appear from the outside. Nolan's interpretation provides a resounding slap of reality",https://www.haaretz.com/life/2026-07-29/ty-article-opinion/.premium/ptsd-guilt-and-alienation-watching-the-odyssey-in-israel-hits-differently/0000019f-ad00-deee-abff-ed34c43f0000,Haaretz,Eitan Leshem,2026-07-29T11:54:41,2026-07-29 14:10:46.712396,https://www.haaretz.com/life/2026-07-29/ty-article-opinion/.premium/ptsd-guilt-and-alienation-watching-the-odyssey-in-israel-hits-differently/0000019f-ad00-deee-abff-ed34c43f0000
Bennett doubles down on declaring Qatar 'enemy state' after diplomatic pushback,"Former Prime Minister Bennett accused Qatar of building a global influence network, including through Al Jazeera, Western institutions and alleged ties to Netanyahu's office. Doha rejected the claims as 'disinformation' and said its role has been focused on Gaza mediation efforts",https://www.haaretz.com/israel-news/elections/2026-07-29/ty-article/.premium/bennett-doubles-down-on-declaring-qatar-enemy-state-after-diplomatic-pushback/0000019f-ad26-d6af-a9ff-affef9270000,Haaretz,Haaretz,2026-07-29T12:46:02,2026-07-29 14:10:46.712361,https://www.haaretz.com/israel-news/elections/2026-07-29/ty-article/.premium/bennett-doubles-down-on-declaring-qatar-enemy-state-after-diplomatic-pushback/0000019f-ad26-d6af-a9ff-affef9270000
Kushner firm sells 25% of Phoenix Financial stake,"Affinity Partners remains the Israeli insurer's top shareholder after the $342.8 million sale, citing long-term commitment.",https://www.jns.org/news/israel-news/kushner-firm-sells-25-of-phoenix-financial-stake,JNS,JNS Staff,2026-07-29T12:18:00,2026-07-29 14:10:39.809916,https://www.jns.org/news/israel-news/kushner-firm-sells-25-of-phoenix-financial-stake
The anti-Israel playbook behind the rise of Melat Kiros,"The 29-year-old won the Democratic primary in Colorado by exploiting Gaza while ignoring the catastrophic suffering in Tigray, the homeland of her parents.",https://www.jns.org/opinion/habtom-ghebrezghiabher/the-anti-israel-playbook-behind-the-rise-of-melat-kiros,JNS,Habtom Ghebrezghiabher,2026-07-29T12:30:00,2026-07-29 14:10:39.809890,https://www.jns.org/opinion/habtom-ghebrezghiabher/the-anti-israel-playbook-behind-the-rise-of-melat-kiros
Trump: Iran 'going to get a beating',"""We're going to beat the f***ing sh** out of them,"" Trump told Fox News.",https://www.jns.org/news/u-s-news/iran-going-to-get-a-beating-trump-tells-fox-news,JNS,,2026-07-29T12:31:50,2026-07-29 14:10:39.809855,https://www.jns.org/news/u-s-news/iran-going-to-get-a-beating-trump-tells-fox-news
Jay Clayton confirmed as next top US spy along party lines,"As U.S. attorney, Clayton “has worked hand in glove with our intelligence agencies and counterterrorism personnel to lock up criminals who threaten our national security,” Sen. Tom Cotton said.",https://www.jns.org/news/u-s-news/jay-clayton-confirmed-as-next-top-us-spy-along-party-lines,JNS,Mike Wagenheim,2026-07-29T13:45:00,2026-07-29 14:10:39.809827,https://www.jns.org/news/u-s-news/jay-clayton-confirmed-as-next-top-us-spy-along-party-lines
Netanyahu didn’t lose the Democrats for Israel,Jewish liberals blame Netanyahu for the collapse of support for the Jewish state because it absolves them of not stopping the antisemitic left from hijacking their party.,https://www.jns.org/opinion/column/jonathan-s-tobin/netanyahu-didnt-lose-the-democrats-for-israel,JNS,Jonathan S. Tobin,2026-07-29T14:00:00,2026-07-29 14:10:39.809787,https://www.jns.org/opinion/column/jonathan-s-tobin/netanyahu-didnt-lose-the-democrats-for-israel
An Illinois farmer thought he knew how his family survived the Nazis. Then he went to the town that saved them.,"STADSKANAAL, THE NETHERLANDS — The lights dimmed and through the old church’s stained glass windows, the afternoon sun scattered color across the wooden pews. Sitting among them, Nik Jakobs watched his family’s past come to life on a stage in front of the room. In a 90-minute play, actors reenacted what happened in this small... The post An Illinois farmer thought he knew how his family survived the Nazis. Then he went to the town that saved them. appeared first on The Forward .",https://forward.com/news/840971/nik-jakobs-holocaust-netherlands-stadskanaal-drenth/,The Forward,Benyamin Cohen,2026-07-29T11:54:40,2026-07-29 14:10:33.030816,https://forward.com/?p=840971
Mamdani’s Netanyahu video fuels the debate over the meaning of antisemitism,"The controversy over the New York mayor has become a case study in how American Jews are debating the relationship between Israel, Zionism and antisemitism. -- The post Mamdani&#8217;s Netanyahu video fuels the debate over the meaning of antisemitism appeared first on Jewish Telegraphic Agency .",https://www.jta.org/2026/07/29/ideas/mamdanis-netanyahu-video-fuels-the-debate-over-the-meaning-of-antisemitism,JTA,Andrew Silow-Carroll,2026-07-29T12:21:23,2026-07-29 14:10:30.608774,https://www.jta.org/?p=1905214
London’s Hackney council gives initial nod to ending 58-year twinning with Haifa after emotional debate,"”Haifa is not perfect, but for those who want peace, it represents a model of coexistence, a fighting chance for peace,” argued one Labour councilor in vain. -- The post London’s Hackney council gives initial nod to ending 58-year twinning with Haifa after emotional debate appeared first on Jewish Telegraphic Agency .",https://www.jta.org/2026/07/29/global/londons-hackney-council-gives-initial-nod-to-ending-58-year-twinning-with-haifa-after-emotional-debate,JTA,Kelly Hartog,2026-07-29T13:01:49,2026-07-29 14:10:30.608735,https://www.jta.org/?p=1905258
Netanyahu compares New York with ‘the 1930s’ after Mamdani calls for his arrest,The comments escalated a showdown between the two leaders as Netanyahu plans to visit New York in September. -- The post Netanyahu compares New York with &#8216;the 1930s&#8217; after Mamdani calls for his arrest appeared first on Jewish Telegraphic Agency .,https://www.jta.org/2026/07/29/united-states/netanyahu-compares-new-york-with-the-1930s-after-mamdani-calls-for-his-arrest,JTA,Shira Li Bartov,2026-07-29T13:06:21,2026-07-29 14:10:30.608680,https://www.jta.org/?p=1905262
"U.S., Saudi Arabia strike pro-Iran militias in Iraq; Iran fires missiles at U.S. base","Iran's Revolutionary Guards said they fired several ballistic missiles at ⁠U.S. facilities in Jordan. It is the first Iranian strike on a U.S. base since Friday, when Trump abruptly called off a 13-day bombing campaign and Iran appeared to follow suit",https://www.haaretz.com/middle-east-news/iran/2026-07-29/ty-article/.premium/u-s-saudi-strikes-hit-pro-iran-groups-in-iraq-iran-fires-missiles-at-u-s-base/0000019f-ac5a-d709-a39f-adfece630000,Haaretz,Ben Samuels,2026-07-29T09:24:51,2026-07-29 11:26:33.197946,https://www.haaretz.com/middle-east-news/iran/2026-07-29/ty-article/.premium/u-s-saudi-strikes-hit-pro-iran-groups-in-iraq-iran-fires-missiles-at-u-s-base/0000019f-ac5a-d709-a39f-adfece630000
UN condemns IDF raids on UNRWA center in East Jerusalem refugee camp,The UN said Israeli forces entered the compound and restricted the movement of students and educational staff on the premises. The statement further said that 'the raid breached the inviolability of UN premises',https://www.haaretz.com/israel-news/2026-07-29/ty-article/.premium/un-condemns-idf-raids-on-unrwa-center-in-east-jerusalem-refugee-camp/0000019f-acb1-dd2d-a59f-bff788240000,Haaretz,Liza Rozovsky,2026-07-29T10:05:58,2026-07-29 11:26:33.197910,https://www.haaretz.com/israel-news/2026-07-29/ty-article/.premium/un-condemns-idf-raids-on-unrwa-center-in-east-jerusalem-refugee-camp/0000019f-acb1-dd2d-a59f-bff788240000
Iran publicly executes two men accused of killing police during January protests,"Rights groups said the execution was carried out at dawn in Alikhani Square in the central city of Isfahan, the place where the police were killed. They were among 14 people accused of killing the police, all of them sentenced to death",https://www.haaretz.com/middle-east-news/iran/2026-07-29/ty-article/iran-publicly-executes-two-men-accused-of-killing-police-during-january-protests/0000019f-acf2-d6af-a9ff-affa61650000,Haaretz,The Associated Press,2026-07-29T10:26:35,2026-07-29 11:26:33.197881,https://www.haaretz.com/middle-east-news/iran/2026-07-29/ty-article/iran-publicly-executes-two-men-accused-of-killing-police-during-january-protests/0000019f-acf2-d6af-a9ff-affa61650000
Israel Has Become America's Ultimate Identity Test,"The turn against Israel in U.S. public opinion, alongside a global explosion of antisemitism, requires a new strategic approach in Jerusalem",https://www.haaretz.com/opinion/2026-07-29/ty-article-opinion/.premium/israel-has-become-americas-ultimate-identity-test/0000019f-ad5d-de01-a5bf-ff5d2b0a0000,Haaretz,Joanna Landau,2026-07-29T10:35:14,2026-07-29 11:26:33.197848,https://www.haaretz.com/opinion/2026-07-29/ty-article-opinion/.premium/israel-has-become-americas-ultimate-identity-test/0000019f-ad5d-de01-a5bf-ff5d2b0a0000
Bedouin Israeli man sentenced to 21 years for raping woman in home invasion,"Barkat Abu Assa was convicted of aggravated rape, child abuse and breaking into a home in central Israel's Gedera, where he attacked a woman in front of her two-year-old son. Judges described the assault as 'a prolonged and terrifying event' and ordered him to pay 200,000 shekels in compensation",https://www.haaretz.com/israel-news/israel-crime/2026-07-29/ty-article/.premium/bedouin-israeli-man-sentenced-to-21-years-for-raping-woman-in-home-invasion/0000019f-acee-d51c-adff-eeffc1450000,Haaretz,Josh Breiner,2026-07-29T10:43:51,2026-07-29 11:26:33.197815,https://www.haaretz.com/israel-news/israel-crime/2026-07-29/ty-article/.premium/bedouin-israeli-man-sentenced-to-21-years-for-raping-woman-in-home-invasion/0000019f-acee-d51c-adff-eeffc1450000
Iran's influence operation hiding in plain sight,"Welcome to “Axis of Truth,” a fearless JNS series hosted by Emily Schrader—renowned journalist, human-rights activist and outspoken critic of authoritarian regimes. Each week, Schrader cuts through spin and censorship to uncover the political agendas, media manipulation and propaganda shaping Israel news and the broader Middle East. From Tehran to Tel Aviv and Washington to Damascus, “Axis of Truth” confronts the narratives driving conflict, misinformation and moral confusion in global coverage of Israel. Whether dissecting the Iranian regime’s election theater, Hamas’s tactics or the Western media’s distortion of Jewish self-defense, Schrader brings clarity and courage to stories too often clouded by ideology. Featuring in-depth interviews with dissidents, security experts, political leaders and journalists, Axis of Truth delivers hard-hitting analysis and unfiltered commentary on the issues that define the Middle East today. Episodes range from exclusive reporting on Gaza and Iran to exposés of Western hypocrisy, social media disinformation and the global networks enabling terror. With a sharp focus on facts, context and accountability, Schrader challenges both policymakers and the press to tell the truth about Israel’s fight for survival and the threats facing free societies. See more at: @JNS_TV and subscribe to our YouTube channel.",https://www.jns.org/jns-tv/axis-of-truth/irans-influence-operation-hiding-in-plain-sight,JNS,Emily Schrader,2026-07-29T08:55:04,2026-07-29 11:26:26.301889,https://www.jns.org/jns-tv/axis-of-truth/irans-influence-operation-hiding-in-plain-sight
How radical Islam drove this Egyptian activist into exile,,https://www.jns.org/jns-tv/how-radical-islam-drove-this-egyptian-activist-into-exile,JNS,Fleur Hassan-Nahoum,2026-07-29T09:06:21,2026-07-29 11:26:26.301798,https://www.jns.org/jns-tv/how-radical-islam-drove-this-egyptian-activist-into-exile
"Huckabee: No rift between Trump, Netanyahu","The U.S. ambassador to Israel called reports of increasing antisemitism in the United States ""shocking.""",https://www.jns.org/news/israel-news/huckabee-no-rift-between-trump-netanyahu,JNS,JNS Staff,2026-07-29T09:14:24,2026-07-29 11:26:26.301769,https://www.jns.org/news/israel-news/huckabee-no-rift-between-trump-netanyahu
Israeli study uncovers myelin’s hidden role in keeping the brain efficient,Ben-Gurion University scientists found the protective layer halves the metabolic costs of cellular communication without altering signal transmission.,https://www.jns.org/news/israel-news/israeli-study-uncovers-myelins-hidden-role-in-keeping-the-brain-efficient,JNS,Pesach Benson/TPS-IL,2026-07-29T09:24:45,2026-07-29 11:26:26.301745,https://www.jns.org/news/israel-news/israeli-study-uncovers-myelins-hidden-role-in-keeping-the-brain-efficient
The Israel-Lebanon agreement will be won or lost in the first 150 meters,"If early violations are glossed over to preserve a larger diplomatic process, the entire strategy will eventually fail.",https://www.jns.org/opinion/eyal-dror/the-israel-lebanon-agreement-will-be-won-or-lost-in-the-first-150-meters,JNS,Eyal Dror,2026-07-29T09:30:00,2026-07-29 11:26:26.301715,https://www.jns.org/opinion/eyal-dror/the-israel-lebanon-agreement-will-be-won-or-lost-in-the-first-150-meters
"Berlin Jew 'threatened', shown Nazi salute en route to prayer","Community leader said a man, who was detained, and his friend hurled antisemitic abuse at a pedestrian on the street.",https://www.jns.org/berlin-jew-threatened-shown-nazi-salute-en-route-to-prayer,JNS,Canaan Lidor,2026-07-29T09:46:05,2026-07-29 11:26:26.301689,https://www.jns.org/berlin-jew-threatened-shown-nazi-salute-en-route-to-prayer
"IDF strikes Hamas arms depots, including one inside Gaza mosque","The depots contained weapons intended for use against Israeli soldiers and civilians alike, the military said.",https://www.jns.org/news/israel-news/idf-strikes-hamas-arms-depots-including-one-inside-gaza-mosque,JNS,JNS Staff,2026-07-29T10:17:44,2026-07-29 11:26:26.301662,https://www.jns.org/news/israel-news/idf-strikes-hamas-arms-depots-including-one-inside-gaza-mosque
Ra'am Party chief refuses to condemn Hamas as terror group,"Mansour Abbas would not answer the question: ""Can you say unequivocally, clearly, that Hamas is a terrorist organization that massacred Israeli citizens, Jews and Arabs, on Oct. 7. [2023], and needs to be eliminated?""",https://www.jns.org/news/israel-news/raam-party-chief-refuses-to-condemn-hamas-as-terror-group,JNS,David Isaac,2026-07-29T10:32:45,2026-07-29 11:26:26.301635,https://www.jns.org/news/israel-news/raam-party-chief-refuses-to-condemn-hamas-as-terror-group
Sa'ar expresses solidarity with Japan after deadly earthquake,"""My thoughts are with the people of Japan,"" said the Israeli FM.",https://www.jns.org/news/israel-news/saar-expresses-solidarity-with-japan-after-deadly-earthquake,JNS,JNS Staff,2026-07-29T10:51:00,2026-07-29 11:26:26.301604,https://www.jns.org/news/israel-news/saar-expresses-solidarity-with-japan-after-deadly-earthquake
London borough votes to end twinning with Haifa,"Hackney's first step, under a Green Party mayor, toward severing ties with Israel's third-largest city drew accusations of anti-Israel bias from British Jews.",https://www.jns.org/news/world/london-borough-votes-to-end-twinning-with-haifa,JNS,JNS Staff,2026-07-29T11:14:00,2026-07-29 11:26:26.301570,https://www.jns.org/news/world/london-borough-votes-to-end-twinning-with-haifa
Israel Police launch nationwide emergency drill,"The nationwide exercise, underway in the north and center, tests readiness for terror attacks and civilian emergencies.",https://www.jns.org/news/israel-news/israel-police-launch-nationwide-emergency-drill,JNS,JNS Staff,2026-07-29T11:18:13,2026-07-29 11:26:26.301536,https://www.jns.org/news/israel-news/israel-police-launch-nationwide-emergency-drill
Was Our Golden Age Fool’s Gold?,"We didn’t think that we were living in a “Golden Age,” because it did not occur to us that what we were experiencing was only a temporary respite from centuries of animosity and intolerance. The post Was Our Golden Age Fool’s Gold? appeared first on Jewish Journal .",https://jewishjournal.com/commentary/columnist/390514/was-our-golden-age-fools-gold/,Jewish Journal,Dan Schnur,2026-07-29T09:01:01,2026-07-29 11:26:23.999978,https://jewishjournal.com/?p=390514
Boy George Releases Song Calling Out Israel’s Critics,"The Culture Club singer shared a new song, “We Will Dance Again,” while calling out fellow musicians’ “selective memories” and “mouthing like sheep.” The post Boy George Releases Song Calling Out Israel’s Critics appeared first on Jewish Journal .",https://jewishjournal.com/culture/arts/music/390518/boy-george-releases-song-calling-out-israels-critics/,Jewish Journal,Brian Fishbach,2026-07-29T09:06:56,2026-07-29 11:26:23.999938,https://jewishjournal.com/?p=390518
Leaving Behind a Better World,"The America my generation seems to be leaving our kids and grandkids is not safer nor saner, and it breaks my heart. The post Leaving Behind a Better World appeared first on Jewish Journal .",https://jewishjournal.com/commentary/columnist/390521/leaving-behind-a-better-world/,Jewish Journal,Mark Schiff,2026-07-29T09:10:11,2026-07-29 11:26:23.999897,https://jewishjournal.com/?p=390521
Finding Communal Comfort,"In the book of Isaiah, God calls the prophet to comfort the Jewish people. But we know this is really something we must do for one another. The post Finding Communal Comfort appeared first on Jewish Journal .",https://jewishjournal.com/commentary/columnist/390524/finding-communal-comfort/,Jewish Journal,Rabbi Yoshi Zweiback,2026-07-29T09:17:36,2026-07-29 11:26:23.999864,https://jewishjournal.com/?p=390524
"Hope in Faith, Faith in Hope","Will Americans ever regain trust in our institutions? I think so. The post Hope in Faith, Faith in Hope appeared first on Jewish Journal .",https://jewishjournal.com/commentary/columnist/390527/hope-in-faith-faith-in-hope/,Jewish Journal,Morton Schapiro,2026-07-29T09:26:54,2026-07-29 11:26:23.999823,https://jewishjournal.com/?p=390527
"Iran to get Chinese shoulder-launched missile systems in weeks, sources say","The reported $60–70 million agreement would provide Tehran with hundreds of portable air-defense systems as it seeks to rebuild capabilities after months of fighting with Washington and Jerusalem. China rejected the report, saying the claims were 'completely groundless,' while sources said deliveries could begin within weeks",https://www.haaretz.com/middle-east-news/iran/2026-07-29/ty-article/iran-to-get-chinese-shoulder-launched-missile-systems-in-weeks-sources-say/0000019f-acb0-d6af-a9ff-aff8edab0000,Haaretz,Reuters,2026-07-29T08:18:32,2026-07-29 08:41:32.695981,https://www.haaretz.com/middle-east-news/iran/2026-07-29/ty-article/iran-to-get-chinese-shoulder-launched-missile-systems-in-weeks-sources-say/0000019f-acb0-d6af-a9ff-aff8edab0000
IDF kills Islamic Jihad commander involved in Oct. 7 hostage-taking,"Muhammad Khalil Muhammad Aslam also advanced terror attacks in recent months, according to the Israeli military.",https://www.jns.org/news/israel-news/idf-kills-islamic-jihad-commander-involved-in-oct-7-hostage-taking,JNS,,2026-07-29T05:55:35,2026-07-29 08:41:25.949887,https://www.jns.org/news/israel-news/idf-kills-islamic-jihad-commander-involved-in-oct-7-hostage-taking
"American immigrants find a new home, and each other, in Israel","""I had to move to Israel to find my person,” said Sophie Lichtman of Savannah, Georgia.",https://www.jns.org/feature/american-immigrants-find-a-new-home-and-each-other-in-israel,JNS,Etgar Lefkovits,2026-07-29T06:09:00,2026-07-29 08:41:25.949859,https://www.jns.org/feature/american-immigrants-find-a-new-home-and-each-other-in-israel
JLIC to launch new program at the University of Florida this fall,"More than 80 Modern Orthodox students already call UF home. This fall, JLIC will launch a new program to support them.",https://www.jns.org/wire/ou-jlic/jlic-to-launch-new-program-at-the-university-of-florida-this-fall,JNS,,2026-07-29T06:32:40,2026-07-29 08:41:25.949832,https://www.jns.org/wire/ou-jlic/jlic-to-launch-new-program-at-the-university-of-florida-this-fall
"IDF reverses ban on Palestinian workers entering Judea, Samaria towns","The decision reversed an order issued just days earlier following a wave of Palestinian terrorist attacks • Israel's national security minister called on the premier to revoke the decision, calling it ""capitulation to terrorism.""",https://www.jns.org/news/israel-news/idf-reverses-ban-on-palestinian-workers-entering-judea-samaria-towns,JNS,Akiva Van Koningsveld,2026-07-29T06:34:18,2026-07-29 08:41:25.949802,https://www.jns.org/news/israel-news/idf-reverses-ban-on-palestinian-workers-entering-judea-samaria-towns
Israeli unicorn Cyera to buy Oasis Security for $1 billion,"The cybersecurity company, founded by two IDF Unit 8200 veterans, will acquire the fellow Israeli startup in cash and stock.",https://www.jns.org/news/israel-news/israeli-unicorn-cyera-to-buy-oasis-security-for-1-billion,JNS,JNS Staff,2026-07-29T06:41:20,2026-07-29 08:41:25.949767,https://www.jns.org/news/israel-news/israeli-unicorn-cyera-to-buy-oasis-security-for-1-billion
IDF soldiers seize Hezbollah weapons in Southern Lebanon,"Troops also fired on a suspect approaching ""in a manner that posed a threat to them,"" according to the military.",https://www.jns.org/news/israel-news/idf-soldiers-seize-hezbollah-weapons-in-southern-lebanon,JNS,JNS Staff,2026-07-29T06:52:43,2026-07-29 08:41:25.949732,https://www.jns.org/news/israel-news/idf-soldiers-seize-hezbollah-weapons-in-southern-lebanon
Israel must continue to stop settlers from crossing the Syrian border,Israel should not abandon a defensible policy for an indefensible one at precisely the moment the military can least afford it.,https://www.jns.org/opinion/brian-mcdonald/israel-must-continue-to-stop-settlers-from-crossing-the-syrian-border,JNS,Brian McDonald,2026-07-29T07:00:00,2026-07-29 08:41:25.949706,https://www.jns.org/opinion/brian-mcdonald/israel-must-continue-to-stop-settlers-from-crossing-the-syrian-border
"Israeli, Ukrainian FMs discuss Iran threat, Israel visit",The two diplomats pledged deeper cooperation as the nations mark 35 years of diplomatic relations amid Russia's war.,https://www.jns.org/news/world/israeli-ukrainian-fms-discuss-iran-threat-israel-visit,JNS,JNS Staff,2026-07-29T07:21:00,2026-07-29 08:41:25.949678,https://www.jns.org/news/world/israeli-ukrainian-fms-discuss-iran-threat-israel-visit
Ukraine: attack on Iranian vessel 'never intended' to target civilians,"""It is Russia who bears full responsibility for all provocations and casualties,"" said Ukrainian Foreign Minister Andrii Sybiha.",https://www.jns.org/news/world/ukraine-attack-on-iranian-vessel-never-intended-to-target-civilians,JNS,JNS Staff,2026-07-29T07:57:58,2026-07-29 08:41:25.949650,https://www.jns.org/news/world/ukraine-attack-on-iranian-vessel-never-intended-to-target-civilians
Netanyahu calls US-Israel alliance a 'wall of granite',"In a Fox News interview, the Israeli PM denied a rift with Trump and said both shared a goal of preventing Iran from getting nuclear weapons.",https://www.jns.org/news/israel-news/netanyahu-calls-us-israel-alliance-a-wall-of-granite,JNS,JNS Staff,2026-07-29T08:35:07,2026-07-29 08:41:25.949615,https://www.jns.org/news/israel-news/netanyahu-calls-us-israel-alliance-a-wall-of-granite
"2025 was deadliest year for Jews in decades, antisemitism watchdogs in 7 countries conclude","(JTA) — A coalition of leading Jewish organizations from seven countries has released a report confirming that 2025 was the deadliest year for antisemitic violence in the Jewish Diaspora in more than three decades. More than 20 people were killed in antisemitic violence last year, according to the J7 Large Communities’ Task Force Against Antisemitism... The post 2025 was deadliest year for Jews in decades, antisemitism watchdogs in 7 countries conclude appeared first on The Forward .",https://forward.com/fast-forward/841547/2025-was-deadliest-year-for-jews-in-decades-antisemitism-watchdogs-in-7-countries-conclude/,The Forward,Kelly Hartog,2026-07-29T08:39:40,2026-07-29 08:41:18.348787,https://forward.com/?p=841547
Engaging the next generation of lay leaders in fundraising,"As nonprofit organizations face increasing challenges in securing financial resources, there is a recognition that cultivating a new wave of passionate, skilled lay leaders can significantly enhance fundraising success. These lay leaders, volunteers and board members who work alongside professional staff are essential in bridging the gap between nonprofit missions and the community resources needed... Read More The post Engaging the next generation of lay leaders in fundraising appeared first on eJewishPhilanthropy .",https://ejewishphilanthropy.com/engaging-the-next-generation-of-lay-leaders-in-fundraising/,eJewish Philanthropy,Contributing Author,2026-07-29T08:00:00,2026-07-29 08:41:13.509464,https://ejewishphilanthropy.com/?p=177899
Haaretz Cartoon,,https://www.haaretz.com/opinion/daily-cartoon/2026-07-29/ty-article-opinion/haaretz-cartoon/0000019f-abc7-dfac-a5df-bbd7bae30000,Haaretz,Eran Wolkowski,2026-07-29T02:55:18,2026-07-29 05:52:50.928153,https://www.haaretz.com/opinion/daily-cartoon/2026-07-29/ty-article-opinion/haaretz-cartoon/0000019f-abc7-dfac-a5df-bbd7bae30000
"As Trump distances from Israel, don't write off Netanyahu's Washington influence","Judging by comments during the latest meeting between the two leaders, it seems that the U.S. president has no intention of taking orders from someone who got him embroiled in a prolonged entanglement in the Gulf",https://www.haaretz.com/us-news/2026-07-29/ty-article/.premium/as-trump-distances-from-israel-dont-write-off-netanyahus-washington-influence/0000019f-aa56-d993-af9f-ba5738c20000,Haaretz,Amos Harel,2026-07-29T03:00:17,2026-07-29 05:52:50.928118,https://www.haaretz.com/us-news/2026-07-29/ty-article/.premium/as-trump-distances-from-israel-dont-write-off-netanyahus-washington-influence/0000019f-aa56-d993-af9f-ba5738c20000
"Joint US, Saudi attacks on Iran-backed forces in Iraq after unsuccessful Islamic Republic 'surprise attack'","""All Iranian missiles were successfully intercepted,"" U.S. Central Command stated. ""U.S. forces remain vigilant and at a high state of readiness.""",https://www.jns.org/news/u-s-news/joint-us-saudi-attacks-on-iran-backed-forces-in-iraq-after-unsuccessful-islamic-republic-surprise-attack,JNS,JNS Staff,2026-07-29T03:07:10,2026-07-29 05:52:42.825872,https://www.jns.org/news/u-s-news/joint-us-saudi-attacks-on-iran-backed-forces-in-iraq-after-unsuccessful-islamic-republic-surprise-attack
Israeli hospital’s Oct. 7 experience offers lessons for future crises,A new study finds that one of Assuta Ashdod' Medical Centers greatest advantages was extensive preparation before the Hamas invasion and massacre.,https://www.jns.org/analysis/israeli-hospitals-oct-7-experience-offers-lessons-for-future-crises,JNS,Pesach Benson/TPS-IL,2026-07-29T03:28:00,2026-07-29 05:52:42.825842,https://www.jns.org/analysis/israeli-hospitals-oct-7-experience-offers-lessons-for-future-crises
Does China’s world AI coalition change the global order?,"Israel should focus on whether it is investing enough, fast enough, in the areas where its exposure is greatest.",https://www.jns.org/opinion/joseph-rozen/does-chinas-world-ai-coalition-change-the-global-order,JNS,Joseph Rozen,2026-07-29T03:30:00,2026-07-29 05:52:42.825813,https://www.jns.org/opinion/joseph-rozen/does-chinas-world-ai-coalition-change-the-global-order
"2025 deadliest year for Jews outside Israel since Buenos Aires bombing, report says","Last year ""was one of the most violent years for American Jews on record,"" stated Jonathan Greenblatt, of the ADL. ""We were targeted an average of 17 times a day.""",https://www.jns.org/news/world/2025-deadliest-year-for-jews-outside-israel-since-buenos-aires-bombing-report-says,JNS,JNS Staff,2026-07-29T04:00:00,2026-07-29 05:52:42.825784,https://www.jns.org/news/world/2025-deadliest-year-for-jews-outside-israel-since-buenos-aires-bombing-report-says
National Library exhibition explores humanity’s timeless search for knowledge,"Rare manuscripts by Maimonides, Newton, Avicenna and Galileo trace more than 1,000 years of scientific, religious and philosophical inquiry.",https://www.jns.org/feature/national-library-exhibition-explores-humanitys-timeless-search-for-knowledge,JNS,Sharon Altshul,2026-07-29T04:37:00,2026-07-29 05:52:42.825752,https://www.jns.org/feature/national-library-exhibition-explores-humanitys-timeless-search-for-knowledge
"White House meeting with Netanyahu 'very good,' says Trump","It was ""was one of the best conversations I've had with the president of the United States,"" said the Israeli premier.",https://www.jns.org/news/u-s-news/white-house-meeting-with-netanyahu-very-good-says-trump,JNS,JNS Staff,2026-07-29T05:37:20,2026-07-29 05:52:42.825715,https://www.jns.org/news/u-s-news/white-house-meeting-with-netanyahu-very-good-says-trump
"2025 was deadliest year for Jews in decades, antisemitism watchdogs in 7 countries conclude","A report from the J7 Large Communities' Task Force Against Antisemitism confirms an earlier analysis. -- The post 2025 was deadliest year for Jews in decades, antisemitism watchdogs in 7 countries conclude appeared first on Jewish Telegraphic Agency .",https://www.jta.org/2026/07/29/global/2025-was-deadliest-year-for-jews-in-decades-antisemitism-watchdogs-in-7-countries-conclude,JTA,Kelly Hartog,2026-07-29T04:01:43,2026-07-29 05:52:33.899360,https://www.jta.org/?p=1905161
U.S. intercepts Iranian ballistic missiles launched towards U.S. forces in Middle East,,https://www.haaretz.com/israel-news/israel-security/2026-07-29/ty-article-live/u-s-intercepts-iranian-ballistic-missiles-launched-towards-u-s-forces/0000019f-ab8e-d709-a39f-afee1e3a0000,Haaretz,Haaretz,2026-07-29T02:24:42,2026-07-29 02:40:41.790275,https://www.haaretz.com/israel-news/israel-security/2026-07-29/ty-article-live/u-s-intercepts-iranian-ballistic-missiles-launched-towards-u-s-forces/0000019f-ab8e-d709-a39f-afee1e3a0000
Armed Man Attacks Jewish Day Camp in Queens,"A hammer-wielding man entered a Jewish day camp in Queens on Tuesday and injured an 8-year-old child, further rattling a...",https://www.algemeiner.com/2026/07/28/armed-man-attacks-jewish-day-camp-in-queens/,Algemeiner,Corey Walker,2026-07-28T23:49:57,2026-07-29 02:40:37.225744,https://www.algemeiner.com/?p=776909
US aircraft are ‘better protected in Israel’,Ex-IAF fighter pilot tells JNS Israel can offer American aircraft the world’s most robust layered air-defense network.,https://www.jns.org/analysis/us-aircraft-are-better-protected-in-israel,JNS,Yaakov Lappin,2026-07-29T02:05:00,2026-07-29 02:40:34.947825,https://www.jns.org/analysis/us-aircraft-are-better-protected-in-israel
"Bibi’s Visit: Spin in the Air, Facts on the Ground","From Trump’s standpoint, the nuclear issue has been overtaken by the bedeviling problem of the Strait of Hormuz. What Trump sees now in Iran is a mess, not a victory. The post Bibi’s Visit: Spin in the Air, Facts on the Ground appeared first on Jewish Journal .",https://jewishjournal.com/commentary/columnist/editors-note/390495/bibis-visit-spin-in-the-air-facts-on-the-ground/,Jewish Journal,David Suissa,2026-07-29T00:57:34,2026-07-29 02:40:32.478615,https://jewishjournal.com/?p=390495
Genocide Shmenocide,"Since Israel evacuated Gaza in 2005, the Palestinian population has grown from 1.3 million to 2.1 million. In the West Bank, it has grown from 2.4 million to 3.4 million. If the Israelis were hellbent on committing genocide, it’s one of the most epic failures in military history. The post Genocide Shmenocide appeared first on Jewish Journal .",https://jewishjournal.com/commentary/opinion/390498/genocide-shmenocide/,Jewish Journal,Bruce L. Bialosky,2026-07-29T01:12:00,2026-07-29 02:40:32.478560,https://jewishjournal.com/?p=390498
"2 Jewish-owned Toronto bagel shops hit with gunfire, vandalism","(JTA) — Locals lined up outside a Toronto bagel shop on Monday in a show of support after attacks on two outposts of the Jewish-owned chain, adding to a string of incidents facing Jewish businesses in the city. Two locations of Kiva’s Bagel Bar, a fixture for Toronto Jews since it opened in 1979, were... The post 2 Jewish-owned Toronto bagel shops hit with gunfire, vandalism appeared first on The Forward .",https://forward.com/fast-forward/841481/2-jewish-owned-toronto-bagel-shops-hit-with-gunfire-vandalism/,The Forward,Shira Li Bartov,2026-07-28T23:41:06,2026-07-29 02:40:28.198449,https://forward.com/?p=841481
Netanyahu and Lapid vie for a critical title: Who is Israel’s most adept U.S. whisperer?,"(JTA) — WASHINGTON – Benjamin Netanyahu, the Israeli prime minister, and Yair Lapid, the leader of his opposition, are in Washington, ostensibly to attend the funeral of one of the staunchest pro-Israel American politicians, Lindsey Graham. They are also, as Lapid made clear in an appearance Monday at the influential Atlantic Council think tank, launching... The post Netanyahu and Lapid vie for a critical title: Who is Israel’s most adept U.S. whisperer? appeared first on The Forward .",https://forward.com/fast-forward/841313/netanyahu-and-lapid-vie-for-a-critical-title-who-is-israels-most-adept-u-s-whisperer/,The Forward,Ron Kampeas,2026-07-28T23:48:34,2026-07-29 02:40:28.198401,https://forward.com/?p=841313
"Ladino-speaking pirates, genies and grumpy demon cats: PJ Library expands bookshelves with Sephardic stories","In 1940s Baghdad, a little girl named Na&#8217;ima tries desperately to stay awake all night for Shavuot. In wartime Libya, a young boy embarks on a supernatural quest to find a lost city. In 19th-century Morocco, a father&#8217;s frustration with his son&#8217;s teacher leads him to a rabbinical court. Until recently, none of those stories... The post Ladino-speaking pirates, genies and grumpy demon cats: PJ Library expands bookshelves with Sephardic stories appeared first on The Forward .",https://forward.com/culture/841487/pj-library-sephardic-stories-initiative/,The Forward,Simone Saidmehr,2026-07-29T01:41:21,2026-07-29 02:40:28.198338,https://forward.com/?p=841487
Never mind the low profile – Netanyahu says his meeting with Trump on Iran was a triumph,"The Israeli prime minister may have come into the White House through a side door, but he was able to deliver his pitch, he said. -- The post Never mind the low profile – Netanyahu says his meeting with Trump on Iran was a triumph appeared first on Jewish Telegraphic Agency .",https://www.jta.org/2026/07/28/united-states/never-mind-the-low-profile-netanyahu-says-his-meeting-with-trump-on-iran-was-a-triumph,JTA,Ron Kampeas,2026-07-29T00:38:08,2026-07-29 02:40:25.779682,https://www.jta.org/?p=1905232
‘Der Goylem’ brings queer Yiddish puppetry to Oakland,A towering golem emerges from the redwoods. Garlic fairies dance through the trees. A live klezmer band leads an audience in song as giant puppets confront forces of oppression. That [&#8230;],https://jweekly.com/2026/07/28/der-goylem-brings-queer-yiddish-puppetry-to-an-oakland-forest/,J. Weekly,Lea Loeb,2026-07-28T22:44:48,2026-07-29 02:40:21.031615,https://jweekly.com/?p=307753
Meet the Berkeley rabbi Silicon Valley pays for advice on AI ethics,"When Zvika Krieger considered a major career shift just as he’d gained momentum in one field, a mentor cautioned him, “You don’t want people to look at your resume and [&#8230;]",https://jweekly.com/2026/07/28/silicon-valley-pays-this-berkeley-rabbi-for-advice-on-ai-ethics/,J. Weekly,Emma Goss,2026-07-28T23:08:27,2026-07-29 02:40:21.031573,https://jweekly.com/?p=307760
"Shin Bet chief reverses position, enabling far-right Kahanist party to run in Israeli election",The security agency had previously concluded the party should be barred from running because it was allegedly promoting Kahanist ideology and was deemed likely to engage in illegal activity,https://www.haaretz.com/israel-news/israel-politics/2026-07-29/ty-article/.premium/far-right-party-able-to-run-in-israeli-election-after-shin-bet-chief-u-turn/0000019f-aa2d-d6af-a9ff-abfdcc710000,Haaretz,Chen Maanit,2026-07-28T22:20:51,2026-07-28 23:12:42.046013,https://www.haaretz.com/israel-news/israel-politics/2026-07-29/ty-article/.premium/far-right-party-able-to-run-in-israeli-election-after-shin-bet-chief-u-turn/0000019f-aa2d-d6af-a9ff-abfdcc710000
Israel police withheld East Jerusalem man's body over Facebook funeral posts,"Khalil al-Rashak was shot last week at the Shoafat checkpoint and, according to his family, was denied medical treatment until he bled to death. Police said he was shot after failing to obey officers' orders during an arrest procedure",https://www.haaretz.com/israel-news/israel-security/2026-07-29/ty-article/.premium/israel-police-withheld-east-jerusalem-mans-body-over-facebook-funeral-posts/0000019f-a9f5-dfb1-a39f-edf53f9f0000,Haaretz,Nir Hasson,2026-07-28T22:21:56,2026-07-28 23:12:42.045984,https://www.haaretz.com/israel-news/israel-security/2026-07-29/ty-article/.premium/israel-police-withheld-east-jerusalem-mans-body-over-facebook-funeral-posts/0000019f-a9f5-dfb1-a39f-edf53f9f0000
Don't let Israel's democracy become a law for everyone except the chosen few,,https://www.haaretz.com/opinion/editorial/2026-07-29/ty-article-opinion/dont-let-israels-democracy-become-a-law-for-everyone-except-the-chosen-few/0000019f-aa49-d993-af9f-ba5f91d40000,Haaretz,Haaretz Editorial,2026-07-28T22:23:23,2026-07-28 23:12:42.045950,https://www.haaretz.com/opinion/editorial/2026-07-29/ty-article-opinion/dont-let-israels-democracy-become-a-law-for-everyone-except-the-chosen-few/0000019f-aa49-d993-af9f-ba5f91d40000
Wailing fences: Jerusalem has become Israel's City of Barriers,"Hyperfocus on unnecessary security and lack of planning have fragmented the city into countless fenced-off compounds, disconnecting its public and its space from its monumental buildings and gardens, and turning streets into obstacle courses for pedestrians and cyclists",https://www.haaretz.com/israel-news/2026-07-29/ty-article-magazine/.premium/wailing-fences-jerusalem-has-become-israels-city-of-barriers/0000019f-a78d-d7e5-afff-ef8dea330000,Haaretz,Nir Hasson,2026-07-28T22:26:12,2026-07-28 23:12:42.045918,https://www.haaretz.com/israel-news/2026-07-29/ty-article-magazine/.premium/wailing-fences-jerusalem-has-become-israels-city-of-barriers/0000019f-a78d-d7e5-afff-ef8dea330000
Two female Israeli soldiers die by suicide as IDF mental health crisis deepens,"Military Police probe deaths of Bardelas combat soldier and intelligence official, as active-duty suicides reach 16 this year amid post-war mental health crisis",https://www.haaretz.com/israel-news/2026-07-29/ty-article/.premium/two-female-israeli-soldiers-die-by-suicide-as-idf-mental-health-crisis-deepens/0000019f-aa01-d993-af9f-ba57757d0000,Haaretz,Tom Levinson,2026-07-28T23:07:29,2026-07-28 23:12:42.045872,https://www.haaretz.com/israel-news/2026-07-29/ty-article/.premium/two-female-israeli-soldiers-die-by-suicide-as-idf-mental-health-crisis-deepens/0000019f-aa01-d993-af9f-ba57757d0000
Five Countries Announce Departure from International Criminal Court On Heels of US Promise to ‘Dismantle’ Tribunal,"The International Criminal Court (ICC) is facing an accelerating revolt from within, with five member states moving to abandon the...",https://www.algemeiner.com/2026/07/28/five-countries-announce-departure-from-international-criminal-court-on-heels-of-us-promise-to-dismantle-tribunal/,Algemeiner,Corey Walker,2026-07-28T22:23:34,2026-07-28 23:12:36.503026,https://www.algemeiner.com/?p=776877
Pro-Palestinian Activists Found Guilty for Targeting Picasso Painting With Gaza Picture at London’s National Gallery,Two anti-Israel activists who pasted an image of a wounded Gazan mother and child over a Pablo Picasso painting at...,https://www.algemeiner.com/2026/07/28/pro-palestinian-activists-found-guilty-for-targeting-picasso-painting-with-gaza-picture-at-londons-national-gallery/,Algemeiner,Shiryn Ghermezian,2026-07-28T22:39:37,2026-07-28 23:12:36.502993,https://www.algemeiner.com/?p=776872
Mamdani Again Under Fire For Excluding Jews From Judicial Advisory Committee,New York City Mayor Zohran Mamdani is facing criticism from prominent Jewish legal organizations after appointing an 18-member judicial advisory...,https://www.algemeiner.com/2026/07/28/mamdani-under-fire-for-excluding-jews-from-judicial-advisory-committee/,Algemeiner,Corey Walker,2026-07-28T22:49:50,2026-07-28 23:12:36.502953,https://www.algemeiner.com/?p=776894
"Too soon to know if fire at Agri Star Meat and Poultry Plant will disrupt product distribution for upcoming holidays, major kosher plant says","""We're in the process of getting things going,"" a spokeswoman for the Iowa-based kosher meat processing facility told JNS. ""We're doing the best we can.""",https://www.jns.org/news/u-s-news/too-soon-to-know-if-fire-at-agri-star-meat-and-poultry-plant-will-disrupt-product-distribution-for-upcoming-holidays-major-kosher-plant-says,JNS,Jessica Russak-Hoffman,2026-07-28T22:05:13,2026-07-28 23:12:34.011916,https://www.jns.org/news/u-s-news/too-soon-to-know-if-fire-at-agri-star-meat-and-poultry-plant-will-disrupt-product-distribution-for-upcoming-holidays-major-kosher-plant-says
LA synagogue sues three anti-Israel groups for disrupting December event,"The attack on Dec. 3, 2025 “on the temple represents a dangerous escalation in antisemitic violence against Jewish houses of worship,” according to the lawsuit.",https://www.jns.org/news/u-s-news/la-synagogue-sues-three-anti-israel-groups-for-disrupting-december-event,JNS,Aaron Bandler,2026-07-28T22:11:07,2026-07-28 23:12:34.011876,https://www.jns.org/news/u-s-news/la-synagogue-sues-three-anti-israel-groups-for-disrupting-december-event
"2 Jewish-owned Toronto bagel shops hit with gunfire, vandalism","Prime Minister Mark Carney said he was ""appalled"" by the latest attacks. -- The post 2 Jewish-owned Toronto bagel shops hit with gunfire, vandalism appeared first on Jewish Telegraphic Agency .",https://www.jta.org/2026/07/28/global/2-jewish-owned-toronto-bagel-shops-hit-with-gunfire-vandalism,JTA,Shira Li Bartov,2026-07-28T21:39:12,2026-07-28 23:12:23.246883,https://www.jta.org/?p=1905208
"Netanyahu declined to meet Zelenskyy during Washington visit, Ukrainian sources say",A Ukrainian source said Netanyahu's office initially proposed the meeting but later said the prime minister's schedule was too tight; Trump supporters fear Israel and Ukraine are exacerbating the U.S. role in global conflicts against Iran and Russia,https://www.haaretz.com/israel-news/2026-07-28/ty-article/.premium/netanyahu-declined-to-meet-zelenskyy-during-u-s-visit-ukrainian-sources-say/0000019f-aa5a-de01-a5bf-ff5aa6e90000,Haaretz,Liza Rozovsky,2026-07-28T20:52:00,2026-07-28 22:04:41.847004,https://www.haaretz.com/israel-news/2026-07-28/ty-article/.premium/netanyahu-declined-to-meet-zelenskyy-during-u-s-visit-ukrainian-sources-say/0000019f-aa5a-de01-a5bf-ff5aa6e90000
The West Bank isn't burning fast enough for Israel's far right,"Since the start of 2025, the IDF has 'conquered' the Tulkarm, Jenin and Nur al-Shams camps and some 40,000 residents have been expelled. How many more will be displaced now? How many have to be displaced to spark an intifada? The answer: 'as many as necessary'",https://www.haaretz.com/opinion/2026-07-29/ty-article-opinion/.premium/the-west-bank-isnt-burning-fast-enough-for-israels-far-right/0000019f-a9b7-d709-a39f-adffe8e40000,Haaretz,Zvi Bar'el,2026-07-28T21:28:45,2026-07-28 22:04:41.846968,https://www.haaretz.com/opinion/2026-07-29/ty-article-opinion/.premium/the-west-bank-isnt-burning-fast-enough-for-israels-far-right/0000019f-a9b7-d709-a39f-adffe8e40000
"Whether Lebanon or Gaza, who tells the government 'no' when the army won't?",The difference between the two wars shows that not only has the balance of power between the government and the IDF changed – the ability to restrain military force has been completely eroded,https://www.haaretz.com/opinion/2026-07-29/ty-article-opinion/.premium/whether-lebanon-or-gaza-who-tells-the-government-no-when-the-army-wont/0000019f-a9b8-de48-a1bf-ffbc01420000,Haaretz,Yagil Levy,2026-07-28T21:29:48,2026-07-28 22:04:41.846933,https://www.haaretz.com/opinion/2026-07-29/ty-article-opinion/.premium/whether-lebanon-or-gaza-who-tells-the-government-no-when-the-army-wont/0000019f-a9b8-de48-a1bf-ffbc01420000
All Israel's leading 'left-wing' party has to offer Palestinians is selective empathy,"The center-left Democrats party has hinged its campaign on promising an alternative to Israel's right-wing status quo, but their response to the killings in the West Bank last weekend emphasized how narrow that alternative actually is",https://www.haaretz.com/opinion/2026-07-29/ty-article-opinion/.premium/all-israels-leading-leftist-party-can-offer-palestinians-is-selective-empathy/0000019f-aa01-dfac-a5df-bbd197420000,Haaretz,Hanin Majadli,2026-07-28T21:31:27,2026-07-28 22:04:41.846891,https://www.haaretz.com/opinion/2026-07-29/ty-article-opinion/.premium/all-israels-leading-leftist-party-can-offer-palestinians-is-selective-empathy/0000019f-aa01-dfac-a5df-bbd197420000
A plan for older American Jews,"Be a historian, a mentor and an activist all at once.",https://www.jns.org/news/jewish-life/steve-rosenberg/a-plan-for-older-american-jews,JNS,Steve Rosenberg,2026-07-28T20:15:00,2026-07-28 22:04:34.794727,https://www.jns.org/news/jewish-life/steve-rosenberg/a-plan-for-older-american-jews
Stevens defends pro-Israel record as El-Sayed attacks AIPAC spending in Michigan Senate debate,"“I want to see long-term peace. I want to see a two-state solution,” the Democratic congresswoman said as her progressive challenger accused pro-Israel groups of influencing her campaign.",https://www.jns.org/news/u-s-news/stevens-defends-pro-israel-record-as-el-sayed-attacks-aipac-spending-in-michigan-senate-debate,JNS,Rikki Zagelbaum,2026-07-28T20:21:48,2026-07-28 22:04:34.794695,https://www.jns.org/news/u-s-news/stevens-defends-pro-israel-record-as-el-sayed-attacks-aipac-spending-in-michigan-senate-debate
Ukrainian-Israeli man sentenced to four years for $3 million investment fraud,"Yaroslav Shilkloper, who was extradited from Poland, was the first of three defendants sentenced for operating a fake brokerage scheme that targeted American investors.",https://www.jns.org/news/u-s-news/ukrainian-israeli-man-sentenced-to-four-years-for-3-million-investment-fraud,JNS,,2026-07-28T21:00:43,2026-07-28 22:04:34.794661,https://www.jns.org/news/u-s-news/ukrainian-israeli-man-sentenced-to-four-years-for-3-million-investment-fraud
"Leaders pay tribute to Lindsey Graham, ‘a true American original,’ at Washington funeral","“The entire Jewish community feels that Senator Graham was a friend of ours and was with us on every issue—not just on Israel, but also antisemitism and security in the Jewish community,” Eric Fingerhut, president and CEO of the Federation, told JNS.",https://www.jns.org/news/u-s-news/leaders-pay-tribute-to-lindsey-graham-a-true-american-original-at-washington-funeral,JNS,Andrew Bernard,2026-07-28T21:31:38,2026-07-28 22:04:34.794627,https://www.jns.org/news/u-s-news/leaders-pay-tribute-to-lindsey-graham-a-true-american-original-at-washington-funeral
Mamdani ed-panel appointee accused Congress of ‘weaponizing’ Jew-hatred claims,Madeline Fox signed a 2025 letter denying a “rampant crisis of antisemitism” and accusing Congress of mounting a “far-right authoritarian attack on higher education.”,https://www.jns.org/news/u-s-news/mamdani-ed-panel-appointee-accused-congress-of-weaponizing-jew-hatred-claims,JNS,Rikki Zagelbaum,2026-07-28T21:53:14,2026-07-28 22:04:34.794588,https://www.jns.org/news/u-s-news/mamdani-ed-panel-appointee-accused-congress-of-weaponizing-jew-hatred-claims
Slouching towards 2028,"It is a “hinge moment,” a time when Americans face the responsibility of leaning toward either unification or further division.",https://www.jns.org/opinion/alan-newman/slouching-towards-2028,JNS,Alan Newman,2026-07-28T22:00:00,2026-07-28 22:04:34.794549,https://www.jns.org/opinion/alan-newman/slouching-towards-2028
Jewish authors object to scheduling of a Chicago literary festival on Rosh Hashanah,"Jewish writers say they are dismayed to learn that one of the nation’s largest free outdoor literary festivals is scheduled to take place during the two days of Rosh Hashanah, September 12 and 13. Printers Row Lit Fest, an outdoor book festival that draws thousands of authors and book lovers to the streets of Chicago’s... The post Jewish authors object to scheduling of a Chicago literary festival on Rosh Hashanah appeared first on The Forward .",https://forward.com/culture/books/841358/a-major-chicago-literary-festival-overlaps-with-rosh-hashanah-jewish-authors-are-dismayed-to-learn/,The Forward,Sage Lattman,2026-07-28T20:16:47,2026-07-28 22:04:26.817619,https://forward.com/?p=841358
OPINION | Tu B'Av is a holiday of love for a fractured people,"(JTA) — When red hearts and pink chocolate boxes pop up in the middle of summer, it can take a moment to remember that you’re not somehow late for February’s [&#8230;]",https://jweekly.com/2026/07/28/this-jewish-holiday-of-love-isnt-just-for-couples-its-for-a-fractured-people/,J. Weekly,Samantha Vinokor-Meinrath,2026-07-28T21:19:51,2026-07-28 22:04:18.903678,https://jweekly.com/?p=307736
Jerusalem protester fined for writing chalk grafitti outside environment minister's home,"The Environment Ministry cited a provision for drawing in a 'sensitive location,' despite the minister's home not falling under the characterization of the law, which defines such sites as nature reserves, memorials and archaeological sites",https://www.haaretz.com/israel-news/israel-crime/2026-07-28/ty-article/.premium/jerusalem-protester-fined-for-chalk-grafitti-outside-israeli-ministers-home/0000019f-a8b6-de01-a5bf-fff64bf00000,Haaretz,Nir Hasson,2026-07-28T18:26:30,2026-07-28 20:16:14.496829,https://www.haaretz.com/israel-news/israel-crime/2026-07-28/ty-article/.premium/jerusalem-protester-fined-for-chalk-grafitti-outside-israeli-ministers-home/0000019f-a8b6-de01-a5bf-fff64bf00000
"Trump's irritation, Netanyahu's desperation: White House smiles mask growing rifts","At yet another meeting, Trump and Netanyahu – both facing critical elections – found themselves indispensable to each other, even as their visions for the Middle East increasingly diverge",https://www.haaretz.com/us-news/2026-07-28/ty-article/.premium/trumps-irritation-netanyahus-desperation-oval-office-smiles-mask-rifts/0000019f-a9d4-d709-a39f-adfc96680000,Haaretz,Ben Samuels,2026-07-28T18:45:07,2026-07-28 20:16:14.496792,https://www.haaretz.com/us-news/2026-07-28/ty-article/.premium/trumps-irritation-netanyahus-desperation-oval-office-smiles-mask-rifts/0000019f-a9d4-d709-a39f-adfc96680000
Boy George Releases New Pro-Israel Song ‘We Will Dance Again’ Referencing Post-Oct. 7 War,Boy George released a new song on Monday expressing support for Israel and the Jewish community while defending the Jewish...,https://www.algemeiner.com/2026/07/28/boy-george-releases-new-pro-israel-song-we-will-dance-again-referencing-post-oct-7-war/,Algemeiner,Shiryn Ghermezian,2026-07-28T19:49:08,2026-07-28 20:16:09.705400,https://www.algemeiner.com/?p=776864
Fatah Supports Hamas’ Goals — It Just Wants to Rule Palestinians Instead,"Fatah&#8217;s conflict with Hamas is not an ideological or moral dispute, but a political struggle over leadership and control. A...",https://www.algemeiner.com/2026/07/28/fatah-supports-hamas-goals-it-just-wants-to-rule-palestinians-instead/,Algemeiner,Ephraim D. Tepler,2026-07-28T19:49:18,2026-07-28 20:16:09.705370,https://www.algemeiner.com/?p=776858
Antisemitic Vandals Target Pasadena Synagogue Rebuilding After Wildfire,Los Angeles County authorities are investigating an act of antisemitic vandalism at the fire-ravaged campus of the Pasadena Jewish Temple...,https://www.algemeiner.com/2026/07/28/california-synagogue-vandalized-as-major-coastal-city-continue-to-see-antisemitic-incidents/,Algemeiner,Dion J. Pierre,2026-07-28T19:53:28,2026-07-28 20:16:09.705336,https://www.algemeiner.com/?p=776827
Rabbi Doron Perez: ‘We’ve never lost hope’,"In this deeply moving interview, Rabbi Doron Perez, president of the World Zionist Organization and executive chairman of World Mizrachi, shares the extraordinary journey of faith that has sustained his family through unimaginable loss. Perez, the father of fallen IDF Capt. Daniel Perez , reflects on his son’s heroism and why hope has always been one of the defining strengths of the Jewish people. He also explains why Zionism must be reclaimed in the face of rising antisemitism and how greater Jewish unity is essential for Israel’s future. This is a powerful conversation about grief, courage, identity and the enduring spirit of the Jewish state.",https://www.jns.org/jns-tv/rabbi-doron-perez-weve-never-lost-hope,JNS,Steve Linde,2026-07-28T18:13:29,2026-07-28 20:16:07.390600,https://www.jns.org/jns-tv/rabbi-doron-perez-weve-never-lost-hope
"Man with hammer arrested after entering Jewish camp in NYC, bumping child who was hospitalized with ‘minor lacerations to the head’",The New York City Police Department told JNS that it is still determining motive but is probing the incident as bias related.,https://www.jns.org/news/u-s-news/man-with-hammer-arrested-after-entering-jewish-camp-in-nyc-bumping-child-who-was-hospitalized-with-minor-lacerations-to-the-head,JNS,Jessica Russak-Hoffman,2026-07-28T18:39:47,2026-07-28 20:16:07.390541,https://www.jns.org/news/u-s-news/man-with-hammer-arrested-after-entering-jewish-camp-in-nyc-bumping-child-who-was-hospitalized-with-minor-lacerations-to-the-head
"Behind closed doors, Trump and Netanyahu remain aligned on Iran","Despite speculation over policy differences, the White House meeting underscored broad strategic agreement as both leaders pursue regional peace while confronting the Iranian threat.",https://www.jns.org/opinion/column/fiamma-nirenstein/behind-closed-doors-trump-and-netanyahu-remain-aligned-on-iran,JNS,Fiamma Nirenstein,2026-07-28T19:11:14,2026-07-28 20:16:07.390513,https://www.jns.org/opinion/column/fiamma-nirenstein/behind-closed-doors-trump-and-netanyahu-remain-aligned-on-iran
"AIPAC, affiliates spent 50% more in last 18 months compared to in 2022 midterms","“We are also committed to impacting elections beyond the House, and Senate races are expensive,” Patrick Dorton, spokesman for United Democracy Project, told JNS.",https://www.jns.org/news/u-s-news/aipac-affiliates-spent-50-more-in-last-18-months-compared-to-in-2022-midterms,JNS,Jonathan D. Salant,2026-07-28T19:39:14,2026-07-28 20:16:07.390487,https://www.jns.org/news/u-s-news/aipac-affiliates-spent-50-more-in-last-18-months-compared-to-in-2022-midterms
Israeli Defense Ministry procurement head in US prays to have a more boring job,"“I think that the Israeli defense industry especially is very resilient, and I think they know how to adapt to the new situation,” Col. (Res.) Aviram Hasson told JNS.",https://www.jns.org/feature/israeli-defense-ministry-procurement-head-in-us-prays-to-have-a-more-boring-job,JNS,Menachem Wecker,2026-07-28T19:42:52,2026-07-28 20:16:07.390455,https://www.jns.org/feature/israeli-defense-ministry-procurement-head-in-us-prays-to-have-a-more-boring-job
The Obsession with Israel Is Creepy,The world’s fanatical fixation with a group that is less that 0.2 percent of the world’s population has crossed the boundaries of moral vocabulary and into creepiness. The post The Obsession with Israel Is Creepy appeared first on Jewish Journal .,https://jewishjournal.com/commentary/columnist/editors-note/390480/the-obsession-with-israel-is-creepy/,Jewish Journal,David Suissa,2026-07-28T20:10:32,2026-07-28 20:16:04.855899,https://jewishjournal.com/?p=390480
Trump and Netanyahu’s positive spin on White House meeting can’t disguise growing distance,"Israeli Prime Minister Benjamin Netanyahu, facing an uphill battle in his reelection bid and diminishing support in the U.S., concluded an 80-minute meeting with President Donald Trump with a simple one-word statement: “Excellent.” The White House called it “productive.” The Oval Office sit-down felt very different than that and signaled far more uncertainty. The meeting... The post Trump and Netanyahu’s positive spin on White House meeting can’t disguise growing distance appeared first on The Forward .",https://forward.com/news/841277/netanyahu-trump-meeting-iran-election/,The Forward,Jacob Kornbluh,2026-07-28T18:50:18,2026-07-28 20:16:00.446614,https://forward.com/?p=841277
"Our greatest folksinger wrote about America, Dust Bowl refugees and Jewish identity","Woody Guthrie is best known as one of the giants of 20th-century American folk music. From the late 1930s through the early 1950s, he wrote thousands of songs, many of which became modern-day standards, including “So Long, It’s Been Good to Know Yuh,” “I Ain’t Got No Home,” “Tom Joad,” “Hard Travelin’,” “Pastures of Plenty,”... The post Our greatest folksinger wrote about America, Dust Bowl refugees and Jewish identity appeared first on The Forward .",https://forward.com/culture/841190/our-greatest-folksinger-wrote-about-america-dust-bowl-refugees-and-jewish-identity/,The Forward,Seth Rogovoy,2026-07-28T18:51:55,2026-07-28 20:16:00.446569,https://forward.com/?p=841190
Shmuel Plavnik: A classic example of Jewish-Belarusian identity,"מיט צוויי חדשים צוריק האָב איך געשריבן אינעם פֿאָרווערטס, אַז איך האָב צופֿעליק אַנטדעקט מאַגישע כּתבֿ־ידן אויף ווײַסרוסיש, אָנגעשריבן מיט ייִדישע אותיות. דאָס געפֿינס איז ממש אויף אַ מיסטישן אופֿן צונויפֿגעפֿאַלן מיטן 160־יאָריקן געבורט־יוביליי פֿונעם ייִדישן שרײַבער שמואל־נחום פּלאַווניק, באַקאַנט אויף רײַסיש ווי זמיטראָק ביאַדוליאַ. פֿאַר וואָס איז דאָס אַ חידוש? אין 1921 האָט פּלאַווניק... The post Shmuel Plavnik: A classic example of Jewish-Belarusian identity appeared first on The Forward .",https://forward.com/yiddish/841349/shmuel-plavnik-a-classic-example-of-jewish-belarusian-identity/,The Forward,יואל מאַטוועיעוו,2026-07-28T19:38:06,2026-07-28 20:16:00.446523,https://forward.com/?p=841349
"‘Her hugs could brighten even the worst days’: On anniversary, loved ones remember two Jewish women killed in NYC shooting","One year after Blackstone executive and Jewish community leader Wesley LePatner was killed in a mass shooting in the lobby of her Midtown Manhattan office, her family is marking the yahrtzeit by launching a foundation in her name. “What we are officially launching today is not just the start of a love letter to my... The post &#8216;Her hugs could brighten even the worst days&#8217;: On anniversary, loved ones remember two Jewish women killed in NYC shooting appeared first on The Forward .",https://forward.com/news/841307/wesley-lapatner-julia-hyman-manhattan-shooting/,The Forward,Hannah Feuer,2026-07-28T19:43:43,2026-07-28 20:16:00.446474,https://forward.com/?p=841307
Netanyahu and Lapid vie for a critical title: Who is Israel’s most adept U.S. whisperer?,"Ahead of Israel’s elections, its warring leaders visit Washington ostensibly for a funeral – but also to win over America’s favor. -- The post Netanyahu and Lapid vie for a critical title: Who is Israel’s most adept U.S. whisperer? appeared first on Jewish Telegraphic Agency .",https://www.jta.org/2026/07/28/israel/netanyahu-and-lapid-vie-for-a-critical-title-who-is-israels-most-adept-u-s-whisperer,JTA,Ron Kampeas,2026-07-28T18:39:02,2026-07-28 20:15:57.700599,https://www.jta.org/?p=1905198
Mamdani faces backlash over lack of Jews on judicial committee,"Plus, Wall Street Journal sparks outcry for publishing image of Mamdani wearing Hamas headband. -- The post Mamdani faces backlash over lack of Jews on judicial committee appeared first on Jewish Telegraphic Agency .",https://www.jta.org/2026/07/28/ny/mamdani-faces-backlash-over-lack-of-jews-on-judicial-committee,JTA,New York Jewish Week Staff,2026-07-28T20:00:49,2026-07-28 20:15:57.700553,https://www.jta.org/?p=1905205
"Upcoming events: Holocaust play, postcard making, happy hour","So much happens in our community every day that it can be hard to sift through all of the events. We’re highlighting a few here, in every corner of the [&#8230;]",https://jweekly.com/2026/07/28/upcoming-events-holocaust-play-postcard-making-for-israeli-seniors-urban-adamah-happy-hour/,J. Weekly,Rahel Knight,2026-07-28T18:21:38,2026-07-28 20:15:52.804865,https://jweekly.com/?p=307738
Israel has finally discovered that threatening journalists is dangerous,"The brick thrown at Channel 12 News' Tel Aviv offices didn't come out of nowhere, but rather from a path of incitement and impunity that Israel has carefully built over the past three years, during which over 200 Palestinian journalists and other media personnel have been killed in Gaza",https://www.haaretz.com/israel-news/haaretz-today/2026-07-28/ty-article/.highlight/israel-has-finally-discovered-that-threatening-journalists-is-dangerous/0000019f-a8ec-d709-a39f-adece1440000,Haaretz,Nagham Zbeedat,2026-07-28T17:00:14,2026-07-28 18:14:52.968397,https://www.haaretz.com/israel-news/haaretz-today/2026-07-28/ty-article/.highlight/israel-has-finally-discovered-that-threatening-journalists-is-dangerous/0000019f-a8ec-d709-a39f-adece1440000
Will Syria become the next arena for Israel and Trump's clashing visions?,Al-Sharaa wants to make a still-fragile Syria a key strategic partner in the post-Iran Middle East. Israel must decide whether to accommodate the regional order Trump is shaping or try to stand in its way,https://www.haaretz.com/middle-east-news/2026-07-28/ty-article/.premium/will-syria-become-the-next-arena-for-israel-and-trumps-clashing-visions/0000019f-a8bc-de01-a5bf-fffc9ee40000,Haaretz,Zvi Bar'el,2026-07-28T17:12:41,2026-07-28 18:14:52.968362,https://www.haaretz.com/middle-east-news/2026-07-28/ty-article/.premium/will-syria-become-the-next-arena-for-israel-and-trumps-clashing-visions/0000019f-a8bc-de01-a5bf-fffc9ee40000
"In Michigan's Primary, Abdul El-Sayed puts AIPAC on the ballot","Abdul El-Sayed's campaign focused at first on healthcare and cost of living, but then made opposition to the pro-Israel lobby the defining issue of Michigan's Democratic primary",https://www.haaretz.com/us-news/2026-07-28/ty-article-magazine/.premium/in-michigans-primary-abdul-el-sayed-puts-aipac-on-the-ballot/0000019f-a96b-de01-a5bf-ff6b23490000,Haaretz,Etan Nechin,2026-07-28T17:23:45,2026-07-28 18:14:52.968332,https://www.haaretz.com/us-news/2026-07-28/ty-article-magazine/.premium/in-michigans-primary-abdul-el-sayed-puts-aipac-on-the-ballot/0000019f-a96b-de01-a5bf-ff6b23490000
Israeli deputy mayor indicted for assaulting workers playing Arabic music,"Prosecutors say the deputy mayor confronted two employees at a gas station near the Gaza border, striking them and brandishing his weapon, after one of them had been playing Arabic music in his vehicle",https://www.haaretz.com/israel-news/israel-crime/2026-07-28/ty-article/.premium/beer-sheva-politician-indicted-for-assault-of-workers-playing-arabic-music/0000019f-a92c-da42-afdf-afef78320000,Haaretz,Eden Solomon,2026-07-28T17:40:22,2026-07-28 18:14:52.968266,https://www.haaretz.com/israel-news/israel-crime/2026-07-28/ty-article/.premium/beer-sheva-politician-indicted-for-assault-of-workers-playing-arabic-music/0000019f-a92c-da42-afdf-afef78320000
Trump and Netanyahu's Meetings: A Trail of Broken Promises,From Trump's proposal to turn Gaza into the 'Riviera of the Middle East' to Netanyahu's private promise that triggered a global crisis: What the two leaders pledged at their meetings in the U.S. over the past 18 months - and what actually happened,https://www.haaretz.com/us-news/2026-07-28/ty-article-magazine/.premium/trump-and-netanyahus-meetings-a-trail-of-broken-promises/0000019f-a943-d993-af9f-b9574c610000,Haaretz,Yotam Frost,2026-07-28T18:03:38,2026-07-28 18:14:52.968234,https://www.haaretz.com/us-news/2026-07-28/ty-article-magazine/.premium/trump-and-netanyahus-meetings-a-trail-of-broken-promises/0000019f-a943-d993-af9f-b9574c610000
"Israel rabies cases soar hundreds of percent in four years, Health Ministry warns","Health Ministry warns animal rabies cases are on track to reach about 150 this year, with dogs overtaking jackals as the main carriers and more people requiring preventive treatment after exposure",https://www.haaretz.com/israel-news/2026-07-28/ty-article/.premium/israel-rabies-cases-soar-hundreds-of-percent-in-four-years-health-ministry-warns/0000019f-a935-d912-a39f-e97db4d70000,Haaretz,Yair Foldes,2026-07-28T18:11:23,2026-07-28 18:14:52.968189,https://www.haaretz.com/israel-news/2026-07-28/ty-article/.premium/israel-rabies-cases-soar-hundreds-of-percent-in-four-years-health-ministry-warns/0000019f-a935-d912-a39f-e97db4d70000
"Netanyahu, Trump meeting in DC ‘positive, productive’","It comes amid questions about the direction of the war in Iran, with Trump continuing to pursue negotiations with the Islamic Republic after suggesting last week that he was prepared to carry out a “higher level” of strikes.",https://www.jns.org/news/u-s-news/netanyahu-trump-meeting-positive-and-productive,JNS,Andrew Bernard,2026-07-28T17:43:38,2026-07-28 18:14:46.189404,https://www.jns.org/news/u-s-news/netanyahu-trump-meeting-positive-and-productive
High-wire artists return to Jerusalem skies for Israel Festival tribute to Philippe Petit,"The 65th Israel Festival opened with a breathtaking aerial performance over the Hinnom Valley, recreating an iconic 1987 crossing between east and west Jerusalem.",https://www.jns.org/feature/high-wire-artists-return-to-jerusalem-skies-for-israel-festival-tribute-to-philippe-petit,JNS,Steve Linde,2026-07-28T17:52:52,2026-07-28 18:14:46.189370,https://www.jns.org/feature/high-wire-artists-return-to-jerusalem-skies-for-israel-festival-tribute-to-philippe-petit
SCOOP: Anti-Israel Washington state human-rights commissioner appears to have term renewed,"Han Tran, whose term on the Washington State Human Rights Commission expired at the end of June, wrote that ""antisemitism was being instrumentalized to justify the slaughter of Palestinians.""",https://www.jns.org/news/u-s-news/scoop-anti-israel-washington-state-human-rights-commissioner-appears-to-have-term-renewed,JNS,Jessica Russak-Hoffman,2026-07-28T17:58:55,2026-07-28 18:14:46.189341,https://www.jns.org/news/u-s-news/scoop-anti-israel-washington-state-human-rights-commissioner-appears-to-have-term-renewed
Bernie Sanders and the Jew-washing of the American left,The senator from Vermont has given a kosher certificate to left-wing antisemitism.,https://www.jns.org/opinion/daniel-winston/bernie-sanders-and-the-jew-washing-of-the-american-left,JNS,Daniel Winston,2026-07-28T18:00:00,2026-07-28 18:14:46.189309,https://www.jns.org/opinion/daniel-winston/bernie-sanders-and-the-jew-washing-of-the-american-left
"Israeli envoy urges UN to designate Hamas, says terrorist group blocking Gaza plan","“Israel will do everything in our power to disarm Hamas,” Danny Danon said during a U.N. Security Council debate. “The question is, when will you?”",https://www.jns.org/news/israel-news/israeli-envoy-urges-un-to-designate-hamas-says-terrorist-group-blocking-gaza-plan,JNS,Rebecca Szlechter,2026-07-28T18:04:08,2026-07-28 18:14:46.189261,https://www.jns.org/news/israel-news/israeli-envoy-urges-un-to-designate-hamas-says-terrorist-group-blocking-gaza-plan
The man who changed Jewish bedtime stories is still reinventing himself at 97,(JTA) — Most people spend their later years looking back. Harold Grinspoon has spent his reinventing himself. The businessman became a philanthropist. The philanthropist discovered Jewish children’s books and created [&#8230;],https://jweekly.com/2026/07/28/the-man-who-changed-jewish-bedtime-stories-is-still-reinventing-himself-at-97/,J. Weekly,Penny Schwartz,2026-07-28T17:15:00,2026-07-28 18:14:32.463350,https://jweekly.com/?p=307730
Should Israeli architect Ram Karmi's 'megalomaniacal' designs have stayed on paper?,"A comprehensive exhibition revisits the works of Karmi, who designed controversial projects like Tel Aviv's Central Bus Station and Jerusalem's Holyland",https://www.haaretz.com/israel-news/culture/2026-07-28/ty-article-magazine/.premium/should-architect-ram-karmis-megalomaniacal-designs-have-stayed-on-paper/0000019f-64f4-d802-a9ff-fcfc639c0000,Haaretz,Naama Riba,2026-07-28T14:16:55,2026-07-28 16:40:29.916395,https://www.haaretz.com/israel-news/culture/2026-07-28/ty-article-magazine/.premium/should-architect-ram-karmis-megalomaniacal-designs-have-stayed-on-paper/0000019f-64f4-d802-a9ff-fcfc639c0000
These Palestinian artists exhibit a rare courage to look within,"The Jewish Israeli curator of the Rahat Art Gallery called the artists' participation 'an act of courage' at a time when, he says, silence has become the default response to violence – particularly in Jewish society, the subject of a new post-Gaza war book",https://www.haaretz.com/life/2026-07-28/ty-article-magazine/.premium/these-palestinian-artists-exhibit-a-rare-courage-to-look-within/0000019f-a3e2-df92-a7ff-a7e2e36b0000,Haaretz,Avshalom Halutz,2026-07-28T14:35:58,2026-07-28 16:40:29.916368,https://www.haaretz.com/life/2026-07-28/ty-article-magazine/.premium/these-palestinian-artists-exhibit-a-rare-courage-to-look-within/0000019f-a3e2-df92-a7ff-a7e2e36b0000
Netanyahu meets with Trump at closed-door meeting at White House,"Netanyahu is meeting Trump at the White House in talks closed to the press, following a secretive departure from Israel that journalists were barred from covering. The meeting comes amid growing tensions between the two leaders over Iran",https://www.haaretz.com/us-news/2026-07-28/ty-article/.premium/netanyahu-to-meet-trump-behind-closed-doors-at-white-house/0000019f-a8ef-d798-a3bf-baff93be0000,Haaretz,Ben Samuels,2026-07-28T14:36:38,2026-07-28 16:40:29.916333,https://www.haaretz.com/us-news/2026-07-28/ty-article/.premium/netanyahu-to-meet-trump-behind-closed-doors-at-white-house/0000019f-a8ef-d798-a3bf-baff93be0000
Gulf states back plan to let Iran collect voluntary fees to use Hormuz,"Iran wants to manage the strait alongside Oman, which controls the opposite shore, while Washington ‌wants to return to the status quo before the war, when ships were able to pass freely with no payments, claiming that charging mandatory fees would be illegal",https://www.haaretz.com/middle-east-news/iran/2026-07-28/ty-article/gulf-states-back-plan-to-let-iran-collect-voluntary-fees-to-use-hormuz/0000019f-a8a1-de01-a5bf-ffe160530000,Haaretz,Reuters,2026-07-28T15:19:36,2026-07-28 16:40:29.916300,https://www.haaretz.com/middle-east-news/iran/2026-07-28/ty-article/gulf-states-back-plan-to-let-iran-collect-voluntary-fees-to-use-hormuz/0000019f-a8a1-de01-a5bf-ffe160530000
"Nearly half of Americans want Netanyahu arrested on U.S. soil, poll finds","Almost a quarter of Trump voters believe Netanyahu should be arrested during his U.S. visit, a new poll finds. Netanyahu has made several trips to the U.S. over the past year, as Trump has vowed he will not be arrested over alleged Gaza war crimes",https://www.haaretz.com/us-news/2026-07-28/ty-article/.premium/nearly-half-of-americans-want-netanyahu-arrested-on-u-s-soil-poll-finds/0000019f-a96f-d993-af9f-b97f58520000,Haaretz,Ben Samuels,2026-07-28T16:04:07,2026-07-28 16:40:29.916258,https://www.haaretz.com/us-news/2026-07-28/ty-article/.premium/nearly-half-of-americans-want-netanyahu-arrested-on-u-s-soil-poll-finds/0000019f-a96f-d993-af9f-b97f58520000
How Qatar spent billions to reshape Western universities,,https://www.jns.org/jns-tv/how-qatar-spent-billions-to-reshape-western-universities,JNS,Fleur Hassan-Nahoum,2026-07-28T14:13:42,2026-07-28 16:40:21.973409,https://www.jns.org/jns-tv/how-qatar-spent-billions-to-reshape-western-universities
Legal group asks court to use 'substitution test' in Harvard Jew-hatred case,The National Jewish Advocacy Center argued that evidence of Jewish students hiding their identities would be viewed differently if they belonged to another protected group.,https://www.jns.org/news/u-s-news/legal-group-asks-court-to-use-substitution-test-in-harvard-jew-hatred-case,JNS,Jessica Russak-Hoffman,2026-07-28T14:30:00,2026-07-28 16:40:21.973383,https://www.jns.org/news/u-s-news/legal-group-asks-court-to-use-substitution-test-in-harvard-jew-hatred-case
Rabbi Doron Perez: ‘We’ve never lost hope’,"In an interview with JNS, the World Zionist Organization president reflects on the loss of his son, rising anti-Zionism and the need for Jewish unity.",https://www.jns.org/feature/rabbi-doron-perez-weve-never-lost-hope,JNS,Steve Linde,2026-07-28T14:30:35,2026-07-28 16:40:21.973353,https://www.jns.org/feature/rabbi-doron-perez-weve-never-lost-hope
The dangerous normalization of antisemitic violence,"“The Quad” is a dynamic weekly panel show hosted by Fleur Hassan-Nahoum, Israel’s innovation envoy and former deputy mayor of Jerusalem. The series brings together a powerhouse lineup of bold, insightful women to tackle the most pressing stories from Israel, the Middle East and the Jewish world. With Fleur at the helm, “The Quad” features regular co-hosts, including Shoshana Keats-Jaskel, founder of Chochmat Nashim; journalist and human-rights activist Emily Schrader and other leading voices shaping conversation and change. Through sharp analysis, diverse perspectives and unapologetic commentary, “The Quad” confronts the complex political, cultural and social challenges facing Israel and the Jewish people. Each episode cuts through noise and narrative spin to deliver insight and debate, and to empower female perspectives on issues that define our time. Bold, informed and refreshingly authentic, “The Quad” redefines how Israel and the Middle East are discussed, one conversation at a time. See more at: @JNS_TV and subscribe to our YouTube channel.",https://www.jns.org/jns-tv/the-quad/the-dangerous-normalization-of-antisemitic-violence,JNS,Fleur Hassan-Nahoum,2026-07-28T14:32:05,2026-07-28 16:40:21.973324,https://www.jns.org/jns-tv/the-quad/the-dangerous-normalization-of-antisemitic-violence
"Illinois appellate court upholds ruling that man, who said he'd kill former employer, called him 'dirty Jew,' remain in custody","Oleksiy Tsyapalo's lawyer told the court that his client wasn't dangerous and that “as a Jewish man, standing right next to him, I do not feel any threat from my client.”",https://www.jns.org/news/u-s-news/illinois-appellate-court-upholds-ruling-that-man-who-said-hed-kill-former-employer-called-him-dirty-jew-remain-in-custody,JNS,JNS Staff,2026-07-28T15:00:00,2026-07-28 16:40:21.973246,https://www.jns.org/news/u-s-news/illinois-appellate-court-upholds-ruling-that-man-who-said-hed-kill-former-employer-called-him-dirty-jew-remain-in-custody
Palestine is Europe?,"New findings about a 3,000-year-old conflict could lead to peace.",https://www.jns.org/opinion/gol-kalev/palestine-is-europe,JNS,Gol Kalev,2026-07-28T15:30:00,2026-07-28 16:40:21.973211,https://www.jns.org/opinion/gol-kalev/palestine-is-europe
Pasadena Jewish community ‘determined to be very Jewish’ after vandalism of synagogue mural,"“There are very sad, bad actors who go about their frustrations in the wrong ways, but we can’t let that keep us down,” Melissa Levy of Pasadena Jewish Temple and Center told JNS.",https://www.jns.org/news/u-s-news/pasadena-jewish-community-determined-to-be-very-jewish-after-vandalism-of-synagogue-mural,JNS,Aaron Bandler,2026-07-28T16:07:03,2026-07-28 16:40:21.973174,https://www.jns.org/news/u-s-news/pasadena-jewish-community-determined-to-be-very-jewish-after-vandalism-of-synagogue-mural
Over 12 Torah scrolls stolen from Paris suburb synagogue,"(JTA) — Over a dozen Torah scrolls have been stolen from a French synagogue in an attack the local rabbi called “antisemitic.” The burglary hit the Grand Synagogue of Levallois-Perret, a wealthy suburb of Paris, between Sunday night and Monday morning. Rabbi Chalom Lellouche said the Jewish community was “violated” by the theft. “It is,... The post Over 12 Torah scrolls stolen from Paris suburb synagogue appeared first on The Forward .",https://forward.com/fast-forward/841115/over-12-torah-scrolls-stolen-from-paris-suburb-synagogue/,The Forward,Shira Li Bartov,2026-07-28T15:02:04,2026-07-28 16:40:14.532463,https://forward.com/?p=841115
Why I stand with Israel — and don’t let nasty reader responses faze me,"I’m often asked why I take a public stand on behalf of Israel. Some have asked how I have the fortitude to do so. Others wonder about the “reputational risk.” Still others wonder about subjecting myself to the “awful” comments. To me, they’re like weather reports — a way to gauge the sentiments of those... The post Why I stand with Israel — and don&#8217;t let nasty reader responses faze me appeared first on The Forward .",https://forward.com/opinion/841127/why-i-stand-with-israel/,The Forward,Peter Himmelman,2026-07-28T15:20:47,2026-07-28 16:40:14.532415,https://forward.com/?p=841127
Antisemitic vitriol claims an unlikely new victim — a flamboyant and popular French DJ,"The celebrated French DJ Barbara Butch, whose flamboyant performance at the 2024 Olympic Games in Paris was condemned by Catholics and conservatives, is proudly lesbian and unabashedly Jewish. Last week, the latter quality sparked yet another flare up of antisemitism in France. On the evening of July 18, about 20 minutes after Butch began a... The post Antisemitic vitriol claims an unlikely new victim — a flamboyant and popular French DJ appeared first on The Forward .",https://forward.com/opinion/841133/barbara-butch-french-dj-antisemitism-genocide-unbowed-france-melenchon/,The Forward,Robert Zaretsky,2026-07-28T15:41:51,2026-07-28 16:40:14.532359,https://forward.com/?p=841133
"Charles Asher Small hails ISGAP successes in curbing Qatar, but says: ‘We’re losing the war’","Addressing a conference hosted by one of Israel’s top national security think tanks on Monday, former Israeli Prime Minister Naftali Bennett, one of the leading contenders to replace Prime Minister Benjamin Netanyahu, vowed to “immediately” declare Qatar an enemy state upon entering office. In his speech, Bennett called the country “a violent antisemitic cancer that... Read More The post Charles Asher Small hails ISGAP successes in curbing Qatar, but says: ‘We’re losing the war’ appeared first on eJewishPhilanthropy .",https://ejewishphilanthropy.com/charles-asher-small-hails-isgap-successes-in-curbing-qatar-but-says-were-losing-the-war/,eJewish Philanthropy,Judah Ari Gross,2026-07-28T14:34:50,2026-07-28 16:40:09.234749,https://ejewishphilanthropy.com/?p=177856
Your Daily Phil: Arab Israeli family honors father slain in gun violence through education,The post Your Daily Phil: Arab Israeli family honors father slain in gun violence through education appeared first on eJewishPhilanthropy .,https://ejewishphilanthropy.com/your-daily-phil-arab-israeli-family-honors-father-slain-in-gun-violence-through-education/,eJewish Philanthropy,EJP,2026-07-28T16:19:17,2026-07-28 16:40:09.234693,https://ejewishphilanthropy.com/?p=177867
"Family, friends of slain Blackstone executive Wesley LePatner launch foundation in her memory","One year after Jewish philanthropist and Blackstone executive Wesley LePatner was killed in a shooting at the firm’s Manhattan headquarters, her husband and community members announced they are launching a foundation in her memory to incubate lay leaders and promote civic engagement. According to a statement, the Wesley Mittman LePatner (WML) Foundation’s central goal is... Read More The post Family, friends of slain Blackstone executive Wesley LePatner launch foundation in her memory appeared first on eJewishPhilanthropy .",https://ejewishphilanthropy.com/family-friends-of-slain-blackstone-executive-wesley-lepatner-launch-foundation-in-her-memory/,eJewish Philanthropy,Nira Dayanim,2026-07-28T16:28:43,2026-07-28 16:40:09.234650,https://ejewishphilanthropy.com/?p=177876
Report: Torah scrolls stolen in break-in at synagogue near Paris,"At least 12 Torah scrolls were stolen Monday from the Grand Synagogue in Levallois-Perret, local authorities said, just two days after six suspects were detained over an alleged foiled terror attack targeting a synagogue in northern Paris",https://www.haaretz.com/jewish/2026-07-28/ty-article/report-torah-scrolls-stolen-in-break-in-at-synagogue-near-paris/0000019f-a7f0-dfac-a5df-bff186d70000,Haaretz,Haaretz,2026-07-28T12:37:20,2026-07-28 14:07:36.724160,https://www.haaretz.com/jewish/2026-07-28/ty-article/report-torah-scrolls-stolen-in-break-in-at-synagogue-near-paris/0000019f-a7f0-dfac-a5df-bff186d70000
'We need to finish the job': The town where Itamar Ben-Gvir ranks second only to the messiah,The ultra-Orthodox parties used to command overwhelming support in Kfar Chabad until Itamar Ben-Gvir came along. His list topped the polls here in the past two elections and seems poised to make an even stronger showing in October. A trip to the most political 'apolitical' town in Israel,https://www.haaretz.com/israel-news/elections/2026-07-28/ty-article-magazine/.premium/in-kfar-chabad-only-the-messiah-is-more-popular-than-ben-gvir/0000019f-9340-df92-a7ff-b7c26b210000,Haaretz,Judy Maltz,2026-07-28T13:05:16,2026-07-28 14:07:36.724130,https://www.haaretz.com/israel-news/elections/2026-07-28/ty-article-magazine/.premium/in-kfar-chabad-only-the-messiah-is-more-popular-than-ben-gvir/0000019f-9340-df92-a7ff-b7c26b210000
When Israeli girls' bodies become properties belonging to the state,"'Podium,' a new Israeli play on young women specializing in synchronized swimming, makes a stinging political statement: It's not good to die or be wounded for our country in any form – even artistically",https://www.haaretz.com/life/2026-07-28/ty-article-review/.premium/when-israeli-girls-bodies-become-properties-belonging-to-the-state/0000019f-a899-d993-af9f-b8df1b6e0000,Haaretz,Nano Shabtai,2026-07-28T13:16:05,2026-07-28 14:07:36.724096,https://www.haaretz.com/life/2026-07-28/ty-article-review/.premium/when-israeli-girls-bodies-become-properties-belonging-to-the-state/0000019f-a899-d993-af9f-b8df1b6e0000
Israeli settlers are running a security Ponzi scheme,Settlers want the rest of us to believe they provide the 'security belt of the State of Israel.' Every attack proves that settlements are essential; so does every quiet day. The argument is built so reality can never touch it,https://www.haaretz.com/opinion/2026-07-28/ty-article-opinion/.premium/israeli-settlers-are-running-a-security-ponzi-scheme/0000019f-a81f-d87e-ab9f-bc5f7ee30000,Haaretz,Yoana Gonen,2026-07-28T13:56:41,2026-07-28 14:07:36.724061,https://www.haaretz.com/opinion/2026-07-28/ty-article-opinion/.premium/israeli-settlers-are-running-a-security-ponzi-scheme/0000019f-a81f-d87e-ab9f-bc5f7ee30000
"Israel's Defense Minister orders IDF takeover of refugee camp, expulsion of Palestinians","Defense Minister Katz's statements followed Friday's clashes in the village of Tell that left two Israelis and four Palestinians dead. Earlier on Tuesday, Palestinian media reported that the IDF carried out raids in several West Bank communities, including Nablus, Hebron and Bethlehem",https://www.haaretz.com/west-bank/2026-07-28/ty-article/.premium/defense-minister-orders-idf-takeover-of-refugee-camp-expulsion-of-palestinians/0000019f-a88a-dfac-a5df-b9db2fdc0000,Haaretz,Matan Golan,2026-07-28T14:01:28,2026-07-28 14:07:36.724024,https://www.haaretz.com/west-bank/2026-07-28/ty-article/.premium/defense-minister-orders-idf-takeover-of-refugee-camp-expulsion-of-palestinians/0000019f-a88a-dfac-a5df-b9db2fdc0000
"‘Uncivilized,’ Brought to You by Qatar","A YouTube channel with 440,000 subscribers just published a video that surpassed 450,000 views in six days. The channel, Uncivilized, brands...",https://www.algemeiner.com/2026/07/28/uncivilized-brought-to-you-by-qatar/,Algemeiner,Micha Danzig,2026-07-28T13:57:32,2026-07-28 14:07:31.314384,https://www.algemeiner.com/?p=776852
The Erasure of History and the Changing of Historical Memory,"There is a disconcerting erasure phenomenon currently occurring in North America, across educational, political, and government institutions. Jewish and minority...",https://www.algemeiner.com/2026/07/28/the-erasure-of-history-and-the-changing-of-historical-memory/,Algemeiner,Alix Kahn,2026-07-28T13:57:36,2026-07-28 14:07:31.314356,https://www.algemeiner.com/?p=776855
Another Group Silently Removes 8 Terrorism-Linked Individuals From Slain Gazan Journalist List,Eight individuals with connections to terrorist organizations were silently removed from the International Federation of Journalists’ (IFJ) list of Palestinian media workers...,https://www.algemeiner.com/2026/07/28/another-group-silently-removes-8-terrorism-linked-individuals-from-slain-gazan-journalist-list/,Algemeiner,HonestReporting Staff,2026-07-28T13:57:40,2026-07-28 14:07:31.314327,https://www.algemeiner.com/?p=776862
Trump Reaffirms Administration Considering Selling F-35 Fighter Jets to Turkey,"US President Donald Trump reaffirmed his administration considering selling American military aircrafts to Turkey on Monday, downplaying concerns that the...",https://www.algemeiner.com/2026/07/28/trump-reaffirms-administration-considering-selling-f-35-fighter-jets-to-turkey/,Algemeiner,Corey Walker,2026-07-28T13:57:59,2026-07-28 14:07:31.314289,https://www.algemeiner.com/?p=776836
Boy George drops pro-Israel anthem 'We Will Dance Again',"The Culture Club singer's viral new track honors Oct. 7 victims and defends Israel, expressing strong solidarity with the Jewish community.",https://www.jns.org/news/culture-and-society/boy-george-drops-pro-israel-anthem-we-will-dance-again,JNS,JNS Staff,2026-07-28T12:18:40,2026-07-28 14:07:29.107794,https://www.jns.org/news/culture-and-society/boy-george-drops-pro-israel-anthem-we-will-dance-again
"Herzog marks Majdal Shams attack, launches Druze plan","The Israeli president cited the 12 children killed by Hezbollah and unveiled the ""Dorna"" leadership initiative as an IDF spokesperson video commemorated the victims.",https://www.jns.org/news/israel-news/herzog-marks-majdal-shams-attack-launches-druze-plan,JNS,JNS Staff,2026-07-28T12:25:38,2026-07-28 14:07:29.107769,https://www.jns.org/news/israel-news/herzog-marks-majdal-shams-attack-launches-druze-plan
Will Israel’s elections turn on the military draft?,Nearly three years of war have highlighted the insufficient participation of certain sectors of society in the nation’s critical needs.,https://www.jns.org/opinion/column/yisrael-medad/will-israels-elections-turn-on-the-military-draft,JNS,Yisrael Medad,2026-07-28T12:40:00,2026-07-28 14:07:29.107743,https://www.jns.org/opinion/column/yisrael-medad/will-israels-elections-turn-on-the-military-draft
US envoy attacks Belgian anti-circumcision activist,"Moshe Aryeh Friedman, who launched the prosecution of three Antwerp mohels, is a ""fraud"" with no mandate from Belgium's Jewish community, said Ambassador Bill White.",https://www.jns.org/news/world/us-envoy-attacks-belgian-anti-circumcision-activist,JNS,Canaan Lidor,2026-07-28T12:44:00,2026-07-28 14:07:29.107715,https://www.jns.org/news/world/us-envoy-attacks-belgian-anti-circumcision-activist
"Former Navy SEAL, motivated by Jew-hatred, sentenced to 16 months for plan to bomb police in California","Gregory Vandenberg was found to have ""clothing displaying antisemitic, anti-Israel and extremist imagery, including a shirt bearing the al-Qaeda flag and another calling for the destruction of Judea.""",https://www.jns.org/news/u-s-news/former-navy-seal-motivated-by-jew-hatred-sentenced-to-16-months-for-plan-to-bomb-police-in-california,JNS,JNS Staff,2026-07-28T13:00:00,2026-07-28 14:07:29.107688,https://www.jns.org/news/u-s-news/former-navy-seal-motivated-by-jew-hatred-sentenced-to-16-months-for-plan-to-bomb-police-in-california
"Trump, Netanyahu to discuss winning Iran war, 'peace through strength,' Israeli official tells JNS","Trump and Netanyahu will discuss ""the defining issues of our time,"" the official said.",https://www.jns.org/news/israel-news/trump-netanyahu-to-discuss-winning-iran-war-peace-through-strength-israeli-official-tells-jns,JNS,Akiva Van Koningsveld,2026-07-28T13:16:20,2026-07-28 14:07:29.107658,https://www.jns.org/news/israel-news/trump-netanyahu-to-discuss-winning-iran-war-peace-through-strength-israeli-official-tells-jns
"Houston man, who said 'hoping to kill the infidels,' pleads guilty to supporting ISIS","Anas Said faces up to 15 years in prison and $500,000 in fines for concealing material support to a foreign terrorist organization and making false statements.",https://www.jns.org/news/u-s-news/houston-man-who-said-hoping-to-kill-the-infidels-pleads-guilty-to-supporting-isis,JNS,JNS Staff,2026-07-28T13:30:00,2026-07-28 14:07:29.107629,https://www.jns.org/news/u-s-news/houston-man-who-said-hoping-to-kill-the-infidels-pleads-guilty-to-supporting-isis
Pennsylvania governor announces $10 million in state funds to fight hate crimes,"""We’re continuing to support critical security enhancements to help ensure that community members can safely gather, worship, and access services without fear,"" the state said.",https://www.jns.org/news/u-s-news/pennsylvania-governor-announces-10-million-in-state-funds-to-fight-hate-crimes,JNS,JNS Staff,2026-07-28T14:00:00,2026-07-28 14:07:29.107584,https://www.jns.org/news/u-s-news/pennsylvania-governor-announces-10-million-in-state-funds-to-fight-hate-crimes
AIPAC is the top issue at final primary debate between Stevens and El-Sayed in Michigan,(JTA) — SOUTHFIELD – The two figures standing on the suburban Detroit debate stage vying for the right to battle for Michigan’s rights on Capitol Hill were U.S. Rep. Haley Stevens and former county health official Abdul El-Sayed. But the dominant topic Monday night wasn’t either of them: it was AIPAC. In Michigan’s closely watched... The post AIPAC is the top issue at final primary debate between Stevens and El-Sayed in Michigan appeared first on The Forward .,https://forward.com/fast-forward/841103/aipac-is-the-top-issue-at-final-primary-debate-between-stevens-and-el-sayed-in-michigan/,The Forward,Andrew Lapin,2026-07-28T12:35:31,2026-07-28 14:07:22.301389,https://forward.com/?p=841103
"Feeling excluded in the literary world, Jews are launching their own publishing houses","Meg Keene, an activist whose own novel failed to sell, is helming an eponymous imprint at Wicked Son Books. -- The post Feeling excluded in the literary world, Jews are launching their own publishing houses appeared first on Jewish Telegraphic Agency .",https://www.jta.org/2026/07/28/culture/feeling-excluded-in-the-literary-world-jews-are-launching-their-own-publishing-houses,JTA,Philissa Cramer,2026-07-28T12:00:39,2026-07-28 14:07:19.874389,https://www.jta.org/?p=1905156
AIPAC is the top issue at final primary debate between Stevens and El-Sayed in Michigan,Stevens repeatedly dodged questions about her relationship to the pro-Israel lobbying group. -- The post AIPAC is the top issue at final primary debate between Stevens and El-Sayed in Michigan appeared first on Jewish Telegraphic Agency .,https://www.jta.org/2026/07/28/politics/aipac-is-the-top-issue-at-final-primary-debate-between-stevens-and-el-sayed-in-michigan,JTA,Andrew Lapin,2026-07-28T12:31:14,2026-07-28 14:07:19.874354,https://www.jta.org/?p=1905157
Over 12 Torah scrolls stolen from Paris suburb synagogue,"A local Jewish leader called the burglary ""a profound spiritual trauma."" -- The post Over 12 Torah scrolls stolen from Paris suburb synagogue appeared first on Jewish Telegraphic Agency .",https://www.jta.org/2026/07/28/global/over-12-torah-scrolls-stolen-from-paris-suburb-synagogue,JTA,Shira Li Bartov,2026-07-28T13:16:47,2026-07-28 14:07:19.874317,https://www.jta.org/?p=1905175
This Jewish holiday of love isn’t just for couples. It’s for a fractured people.,"Tu B'Av's ancient rituals of belonging offer a model for healing a polarized community, writes a Jewish educator. -- The post This Jewish holiday of love isn&#8217;t just for couples. It&#8217;s for a fractured people. appeared first on Jewish Telegraphic Agency .",https://www.jta.org/2026/07/28/ideas/this-jewish-holiday-of-love-isnt-just-for-couples-its-for-a-fractured-people,JTA,Samantha Vinokor-Meinrath,2026-07-28T14:02:13,2026-07-28 14:07:19.874277,https://www.jta.org/?p=1905181
‘Wherever you can help — help’: A bereaved family’s answer to gun violence in Arab society,"Every spring for the past 50 years, Levinsky-Wingate Academic College has held a ceremony on Jerusalem Day honoring its outstanding students. This spring, Noa Menin, a 27-year-old special education teacher from the southern city of Eilat, traveled with her parents to Tel Aviv for the ceremony, at which she was awarded a scholarship for excellence... Read More The post ‘Wherever you can help — help&#8217;: A bereaved family&#8217;s answer to gun violence in Arab society appeared first on eJewishPhilanthropy .",https://ejewishphilanthropy.com/wherever-you-can-help-help-a-bereaved-familys-answer-to-gun-violence-in-arab-society/,eJewish Philanthropy,Contributing Author,2026-07-28T12:13:32,2026-07-28 14:07:17.534557,https://ejewishphilanthropy.com/?p=177849
"Israel gives anti-Muslim Geert Wilders high-level welcome, West Bank settlement tour",The Dutch far-right leader met with Israel's defense and foreign ministers during a visit hosted by a settler leader – whom the Dutch parliament has called to sanction – and who took Wilders to several West Bank settlements,https://www.haaretz.com/israel-news/israel-politics/2026-07-27/ty-article/.premium/in-israel-anti-muslim-geert-wilders-gets-top-meetings-sweeping-settlement-tour/0000019f-a42d-db22-a5df-e53f32540000,Haaretz,David Issacharoff,2026-07-27T16:40:00,2026-07-28 11:58:24.785277,https://www.haaretz.com/israel-news/israel-politics/2026-07-27/ty-article/.premium/in-israel-anti-muslim-geert-wilders-gets-top-meetings-sweeping-settlement-tour/0000019f-a42d-db22-a5df-e53f32540000
"Israel's Channel 12 News entry door shattered, threatening letter left at scene","This is the second attack on the Channel 12 newsroom, following an attack on Haaretz's office. A letter was also left behind, warning: 'Shame, someone will eventually die' • Channel 12 News in response called on the gov't to 'stop its unrestrained, inflammatory attacks on the free press'",https://www.haaretz.com/israel-news/israel-crime/2026-07-28/ty-article/.premium/israels-channel-12-news-entry-door-shattered-threatening-letter-left-at-scene/0000019f-a7a9-d5e4-afff-afe9f6f50000,Haaretz,Yair Foldes,2026-07-28T09:49:20,2026-07-28 11:58:24.785175,https://www.haaretz.com/israel-news/israel-crime/2026-07-28/ty-article/.premium/israels-channel-12-news-entry-door-shattered-threatening-letter-left-at-scene/0000019f-a7a9-d5e4-afff-afe9f6f50000
British singer Boy George defends Israel's post-October 7 Gaza war in new song,"His latest song, titled 'We Will Dance Again' released on Instagram and X but not available on streaming services, targets his fellow artists who have expressed support for Palestinians while, he argues, ignoring Israeli suffering",https://www.haaretz.com/israel-news/culture/leisure/2026-07-28/ty-article/.premium/english-singer-boy-george-defends-israels-post-october-7-gaza-war-in-new-song/0000019f-a7ca-d5e4-afff-afca4efd0000,Haaretz,Linda Dayan,2026-07-28T10:40:54,2026-07-28 11:58:24.785130,https://www.haaretz.com/israel-news/culture/leisure/2026-07-28/ty-article/.premium/english-singer-boy-george-defends-israels-post-october-7-gaza-war-in-new-song/0000019f-a7ca-d5e4-afff-afca4efd0000
France weighs terror probe after Paris stabbing,"The World Jewish Congress offered prayers after a knife-wielding man, who reportedly said that Allah commanded him, attacked three women.",https://www.jns.org/news/world/france-weighs-terror-probe-after-paris-stabbing,JNS,JNS Staff,2026-07-28T09:41:54,2026-07-28 11:58:17.072646,https://www.jns.org/news/world/france-weighs-terror-probe-after-paris-stabbing
The most urgent problem with Iran is not the Strait of Hormuz,The situation with shipping must not distract attention from what is buried somewhere underground: nearly half a metric ton of uranium enriched to 60%.,https://www.jns.org/opinion/or-horvitz/the-most-urgent-problem-with-iran-is-not-the-strait-of-hormuz,JNS,Or Horvitz,2026-07-28T09:50:46,2026-07-28 11:58:17.072613,https://www.jns.org/opinion/or-horvitz/the-most-urgent-problem-with-iran-is-not-the-strait-of-hormuz
Smotrich: Israel will continue crackdown on illegal Palestinian construction,"""We will not allow the left to return to power and take us back to the Oslo era,"" the senior minister vowed.",https://www.jns.org/news/israel-news/smotrich-israel-will-continue-crackdown-on-illegal-palestinian-construction,JNS,,2026-07-28T10:44:26,2026-07-28 11:58:17.072579,https://www.jns.org/news/israel-news/smotrich-israel-will-continue-crackdown-on-illegal-palestinian-construction
Big Ben anti-Israel protester gets suspended sentence,"Daniel Day, who blocked traffic for hours in central London after scaling the monument, avoids prison time partly due to his bad eyesight.",https://www.jns.org/news/world/big-ben-anti-israel-protester-gets-suspended-sentence,JNS,JNS Staff,2026-07-28T11:14:04,2026-07-28 11:58:17.072548,https://www.jns.org/news/world/big-ben-anti-israel-protester-gets-suspended-sentence
"Katz: Israel wants to hit Iranian energy targets, US not approving","""As far as we are concerned, we are ready to set Iran back 40 years,"" said the Israeli defense minister.",https://www.jns.org/news/israel-news/katz-israel-wants-to-hit-iranian-energy-targets-us-not-approving,JNS,,2026-07-28T11:24:49,2026-07-28 11:58:17.072496,https://www.jns.org/news/israel-news/katz-israel-wants-to-hit-iranian-energy-targets-us-not-approving
IDF ordered to prepare for major op in Palestinian camp in Judea and Samaria,"Israeli Defense Minister Israel Katz did not specify which camp, or the time frame for the operation.",https://www.jns.org/news/israel-news/idf-ordered-to-prepare-for-major-op-in-palestinian-camp-in-judea-and-samaria,JNS,,2026-07-28T11:47:47,2026-07-28 11:58:17.072461,https://www.jns.org/news/israel-news/idf-ordered-to-prepare-for-major-op-in-palestinian-camp-in-judea-and-samaria
What Tu B’Av can teach us about addressing Jewish poverty,"One of my earliest dates with my husband was on Tu B’Av, the 15th day of the month of Av. While neither of us was very religious, the holiday — traditionally a celebration of the grape harvest and a day for finding love — gave us an invitation to plan a romantic date: dinner and... Read More The post What Tu B&#8217;Av can teach us about addressing Jewish poverty appeared first on eJewishPhilanthropy .",https://ejewishphilanthropy.com/what-tu-bav-can-teach-us-about-addressing-jewish-poverty/,eJewish Philanthropy,Rachel Sumekh,2026-07-28T09:38:36,2026-07-28 11:58:05.071415,https://ejewishphilanthropy.com/?p=177834
The community we build next,"Every day, we mobilize for Israel. We confront rising antisemitism. We raise resources. We strengthen security. We support Jewish students. We show up for one another through grief, uncertainty and resolve. Our institutions demonstrate resilience. Professionals and volunteers step forward. Communities act with speed, generosity and purpose. All this can serve to remind us of... Read More The post The community we build next appeared first on eJewishPhilanthropy .",https://ejewishphilanthropy.com/the-community-we-build-next/,eJewish Philanthropy,Orit Mizner,2026-07-28T10:09:54,2026-07-28 11:58:05.071357,https://ejewishphilanthropy.com/?p=177845
Israelis fight over framing of West Bank attacks. But settler violence is an Israeli strategy,"A confrontation in the West Bank village of Tell on Friday has ignited rare introspection in Israel about who is responsible for out of control settler pogroms. Still, most Israelis won't link the violence back to Netanyahu",https://www.haaretz.com/west-bank/2026-07-28/ty-article-magazine/.premium/west-bank-settler-violence-is-israels-strategy-no-matter-how-israelis-frame-it/0000019f-a3c0-db22-a5df-e7d224840000,Haaretz,Dahlia Scheindlin,2026-07-28T07:26:54,2026-07-28 09:36:55.703948,https://www.haaretz.com/west-bank/2026-07-28/ty-article-magazine/.premium/west-bank-settler-violence-is-israels-strategy-no-matter-how-israelis-frame-it/0000019f-a3c0-db22-a5df-e7d224840000
Netanyahu government skips High Court hearing on Haredi draft evasion law as justices set to strike it down,"The attorney general argued the law, which shields ultra-Orthodox men who evade the IDF draft from arrest, violates Israel's constitutional principle of equality, while the Knesset's legal adviser said it was passed through a flawed legislative process",https://www.haaretz.com/israel-news/israel-politics/2026-07-28/ty-article/.premium/govt-skips-top-court-hearing-on-haredi-evasion-law-as-justices-set-to-nix-it/0000019f-a7c7-db22-a5df-e7d72b200000,Haaretz,Chen Maanit,2026-07-28T09:09:31,2026-07-28 09:36:55.703917,https://www.haaretz.com/israel-news/israel-politics/2026-07-28/ty-article/.premium/govt-skips-top-court-hearing-on-haredi-evasion-law-as-justices-set-to-nix-it/0000019f-a7c7-db22-a5df-e7d72b200000
Likud vote allows Netanyahu to secure top slots on party's Knesset slate,"Over 3,400 Likud party members passed a motion by a wide majority allowing Netanyahu to effectively push out many incumbent Knesset members from securing realistic spots on the party's slate for the next Knesset",https://www.haaretz.com/israel-news/elections/2026-07-28/ty-article/.premium/likud-vote-allows-netanyahu-to-secure-top-slots-on-partys-knesset-slate/0000019f-a782-d3c1-ad9f-a7ba292f0000,Haaretz,Michael Hauser Tov,2026-07-28T09:18:23,2026-07-28 09:36:55.703878,https://www.haaretz.com/israel-news/elections/2026-07-28/ty-article/.premium/likud-vote-allows-netanyahu-to-secure-top-slots-on-partys-knesset-slate/0000019f-a782-d3c1-ad9f-a7ba292f0000
IDF downs UAV near Jordanian border in second incident in two days,"No air-raid sirens were activated ""in accordance with protocol,"" the military said.",https://www.jns.org/news/israel-news/idf-downs-uav-near-jordanian-border-in-second-incident-in-two-days,JNS,JNS Staff,2026-07-28T06:48:32,2026-07-28 09:36:48.929067,https://www.jns.org/news/israel-news/idf-downs-uav-near-jordanian-border-in-second-incident-in-two-days
US Embassy in Jerusalem extends Judea and Samaria travel limits,"Due to heightened security concerns, government personnel and their families face temporary restrictions on entering the territory.",https://www.jns.org/news/israel-news/us-embassy-in-jerusalem-extends-judea-and-samaria-travel-limits,JNS,JNS Staff,2026-07-28T07:07:47,2026-07-28 09:36:48.929043,https://www.jns.org/news/israel-news/us-embassy-in-jerusalem-extends-judea-and-samaria-travel-limits
Israeli airstrike kills Hamas internal security chief in central Gaza,Additional attacks over the weekend killed two terrorist commanders in the Strip.,https://www.jns.org/news/israel-news/israeli-airstrike-kills-hamas-internal-security-chief-in-central-gaza,JNS,JNS Staff,2026-07-28T07:28:00,2026-07-28 09:36:48.929017,https://www.jns.org/news/israel-news/israeli-airstrike-kills-hamas-internal-security-chief-in-central-gaza
Trump just delivered Israel a major victory in Lebanon,"Lebanon may get direct U.S. flights, but Israel retained control of the country’s south.",https://www.jns.org/opinion/avi-abelow/trump-just-delivered-israel-a-major-victory-in-lebanon,JNS,Avi Abelow,2026-07-28T07:45:00,2026-07-28 09:36:48.928991,https://www.jns.org/opinion/avi-abelow/trump-just-delivered-israel-a-major-victory-in-lebanon
WATCH: IDF arrests 30 Palestinians suspected of facilitating illegal crossings of Samaria security barrier,"The operation took place in and around Tulkarem, Qalqilya, Shuweika and nearby Palestinian Authority cities and villages.",https://www.jns.org/news/israel-news/watch-idf-arrests-30-palestinians-suspected-of-facilitating-illegal-crossings-of-samaria-security-barrier,JNS,JNS Staff,2026-07-28T08:12:06,2026-07-28 09:36:48.928958,https://www.jns.org/news/israel-news/watch-idf-arrests-30-palestinians-suspected-of-facilitating-illegal-crossings-of-samaria-security-barrier
Israel-Lebanon peace talks set to resume in Rome,"A State Department official said that there was ""significant momentum,"" citing a successful pilot-zone launch in Lebanon and the Lebanese president's meeting with Trump.",https://www.jns.org/news/world/israel-lebanon-peace-talks-set-to-resume-in-rome,JNS,JNS Staff,2026-07-28T08:33:07,2026-07-28 09:36:48.928930,https://www.jns.org/news/world/israel-lebanon-peace-talks-set-to-resume-in-rome
Valuable Torah scrolls stolen from Paris-area synagogue,"The thieves entered the building with a rope and took 13-15 items worth about $100,000, authorities said.",https://www.jns.org/news/jewish-life/valuable-torah-scrolls-stolen-from-paris-area-synagogue,JNS,,2026-07-28T09:10:42,2026-07-28 09:36:48.928895,https://www.jns.org/news/jewish-life/valuable-torah-scrolls-stolen-from-paris-area-synagogue
The man who changed Jewish bedtime stories is still reinventing himself at 97,"(JTA) — Most people spend their later years looking back. Harold Grinspoon has spent his reinventing himself. The businessman became a philanthropist. The philanthropist discovered Jewish children’s books and created PJ Library. In his late 80s, he became a sculptor after a cherry tree fell in his yard. Now, as he turns 97, Grinspoon is... The post The man who changed Jewish bedtime stories is still reinventing himself at 97 appeared first on The Forward .",https://forward.com/culture/840725/the-man-who-changed-jewish-bedtime-stories-is-still-reinventing-himself-at-97/,The Forward,Penny Schwartz,2026-07-28T08:52:50,2026-07-28 09:36:41.614872,https://forward.com/?p=840725
‘If you’re ever confused: I stand with the Jews’ Boy George sings in new pro-Israel song,"(JTA) — The British pop icon Boy George has gone to bat for Israel and its supporters multiple times in recent months, rejecting boycott calls and expressing solidarity after antisemitic violence. Now, he has released a single in the same key. “We Will Dance Again” defends Israel’s military response in Gaza, criticizes musicians and activists... The post &#8216;If you’re ever confused: I stand with the Jews&#8217; Boy George sings in new pro-Israel song appeared first on The Forward .",https://forward.com/fast-forward/840992/if-youre-ever-confused-i-stand-with-the-jews-boy-george-sings-in-new-pro-israel-song/,The Forward,Kelly Hartog,2026-07-28T08:56:16,2026-07-28 09:36:41.614822,https://forward.com/?p=840992
"In Detroit, pro-Israel Senate candidate Haley Stevens meets a pro-Palestinan El-Sayed supporter","(JTA) — DETROIT — Hours before a big debate showdown with her primary rival, U.S. Rep. Haley Stevens began a routine campaign stop Monday seemingly comfortably in her element. The Michigan candidate for U.S. Senate walked into The Roost, a cafe and wine shop in the Woodbridge neighborhood, chatting up her record on small businesses... The post In Detroit, pro-Israel Senate candidate Haley Stevens meets a pro-Palestinan El-Sayed supporter appeared first on The Forward .",https://forward.com/fast-forward/841019/in-detroit-pro-israel-senate-candidate-haley-stevens-meets-a-pro-palestinan-el-sayed-supporter/,The Forward,Andrew Lapin,2026-07-28T08:58:52,2026-07-28 09:36:41.614766,https://forward.com/?p=841019
"Netanyahu to meet Trump with Iran, Gaza and Saudi Arabia on the line","(JTA) — Prime Minister Benjamin Netanyahu is set to meet with U.S. President Donald Trump Tuesday, as the American leader is weighing whether to expand his bombing campaign against Iran or to find a diplomatic resolution regarding the Straits of Hormouz and the Islamic Republic’s nuclear program. Israel fears that Trump is going to negotiate... The post Netanyahu to meet Trump with Iran, Gaza and Saudi Arabia on the line appeared first on The Forward .",https://forward.com/fast-forward/841037/netanyahu-to-meet-trump-with-iran-gaza-and-saudi-arabia-on-the-line/,The Forward,Tovah Lazaroff,2026-07-28T09:00:40,2026-07-28 09:36:41.614706,https://forward.com/?p=841037
Giving Qatar control over Israel's top shipping company is pure madness,"Israel's largest shipping company, ZIM, is a vital asset in times of crisis. Selling it to a German corporation partially owned by Qatar would endanger national security",https://www.haaretz.com/opinion/2026-07-28/ty-article-opinion/.premium/giving-qatar-control-over-israels-top-shipping-company-is-pure-madness/0000019f-a6f5-db22-a5df-e7f703e80000,Haaretz,Oren Caspi,2026-07-28T04:42:14,2026-07-28 06:27:28.128069,https://www.haaretz.com/opinion/2026-07-28/ty-article-opinion/.premium/giving-qatar-control-over-israels-top-shipping-company-is-pure-madness/0000019f-a6f5-db22-a5df-e7f703e80000
"At 101, an Israeli photojournalist and Holocaust survivor still sees history through the lens","Dan Hadani, who documented Israel’s formative decades, reflects on a century of resilience, curiosity and rebuilding.",https://www.jns.org/feature/at-101-an-israeli-photojournalist-and-holocaust-survivor-still-sees-history-through-the-lens,JNS,Etgar Lefkovits,2026-07-28T03:36:00,2026-07-28 06:27:21.235695,https://www.jns.org/feature/at-101-an-israeli-photojournalist-and-holocaust-survivor-still-sees-history-through-the-lens
Tel Aviv graffiti reflects Israeli society since Oct. 7,"Florentine neighborhood becomes a canvas of a nation traumatized by war, but remaining resilient and full of color and life.",https://www.jns.org/feature/tel-aviv-graffiti-reflects-israeli-society-since-oct-7,JNS,Linda Gradstein,2026-07-28T04:07:00,2026-07-28 06:27:21.235664,https://www.jns.org/feature/tel-aviv-graffiti-reflects-israeli-society-since-oct-7
Israel and India deepen defense ties as arms deals expand past $8 billion,"Former officials tell JNS the relationship now extends far beyond weapons sales into technology, supply chains and shaping regional strategic trends.",https://www.jns.org/analysis/israel-and-india-deepen-defense-ties-as-arms-deals-expand-past-8-billion,JNS,Yaakov Lappin,2026-07-28T04:47:00,2026-07-28 06:27:21.235635,https://www.jns.org/analysis/israel-and-india-deepen-defense-ties-as-arms-deals-expand-past-8-billion
Thousands of ancient artifacts recovered in Judea and Samaria looting case,"The suspect was found carrying metal detectors, excavation tools and archaeological finds.",https://www.jns.org/news/israel-news/thousands-of-ancient-artifacts-recovered-in-judea-and-samaria-looting-case,JNS,Pesach Benson/TPS-IL,2026-07-28T05:18:00,2026-07-28 06:27:21.235602,https://www.jns.org/news/israel-news/thousands-of-ancient-artifacts-recovered-in-judea-and-samaria-looting-case
What we build; what they build,"Bomb shelters are big business in Israel, but not among its enemies.",https://www.jns.org/opinion/moshe-r-manheim/what-we-build-what-they-build,JNS,Moshe R. Manheim,2026-07-28T06:00:00,2026-07-28 06:27:21.235575,https://www.jns.org/opinion/moshe-r-manheim/what-we-build-what-they-build
New German envoy to Israel begins term with Yad Vashem visit,Alexander Lambsdorff marked his initial official engagement as Berlin's ambassador-designate by highlighting Germany's historical responsibility.,https://www.jns.org/news/world/new-german-envoy-to-israel-begins-term-with-yad-vashem-visit,JNS,JNS Staff,2026-07-28T06:04:49,2026-07-28 06:27:21.235547,https://www.jns.org/news/world/new-german-envoy-to-israel-begins-term-with-yad-vashem-visit
Netanyahu heads to White House for eighth meeting with Trump,The Israeli prime minister has met the U.S. president more than any other world leader since the latter's return to office.,https://www.jns.org/news/israel-news/netanyahu-heads-to-white-house-for-eighth-meeting-with-trump,JNS,JNS Staff,2026-07-28T06:07:07,2026-07-28 06:27:21.235508,https://www.jns.org/news/israel-news/netanyahu-heads-to-white-house-for-eighth-meeting-with-trump
Michigan's Democratic Senate primary becomes 2026's most significant referendum on Israel and AIPAC,AIPAC-backed Haley Stevens defends campaign funding while Abdul El-Sayed slams Israel aid as the primary rivals clash over millions in spending,https://www.haaretz.com/us-news/2026-07-28/ty-article/.premium/michigan-democratic-senate-primary-is-2026s-top-referendum-on-israel-aipac/0000019f-a555-df92-a7ff-a7d7301e0000,Haaretz,Etan Nechin,2026-07-28T01:14:13,2026-07-28 03:16:15.230907,https://www.haaretz.com/us-news/2026-07-28/ty-article/.premium/michigan-democratic-senate-primary-is-2026s-top-referendum-on-israel-aipac/0000019f-a555-df92-a7ff-a7d7301e0000
IDF intercepts drone near Jordan border; origin under review,,https://www.haaretz.com/israel-news/2026-07-28/ty-article-live/settlers-stone-palestinian-vehicle-in-west-bank-driver-loses-control-hits-teen/0000019f-a669-db22-a5df-e77b24180000,Haaretz,Haaretz,2026-07-28T02:05:59,2026-07-28 03:16:15.230863,https://www.haaretz.com/israel-news/2026-07-28/ty-article-live/settlers-stone-palestinian-vehicle-in-west-bank-driver-loses-control-hits-teen/0000019f-a669-db22-a5df-e77b24180000
Mamdani bears responsibility for anti-Jewish violence in New York,Ordinary political speech isn’t incitement to violence. But anti-Zionism—the core purpose of the mayor’s career and that of his followers—delegitimizes Jewish rights and existence.,https://www.jns.org/opinion/column/jonathan-s-tobin/mamdani-bears-responsibility-for-anti-jewish-violence-in-new-york,JNS,Jonathan S. Tobin,2026-07-28T00:30:00,2026-07-28 03:16:07.772656,https://www.jns.org/opinion/column/jonathan-s-tobin/mamdani-bears-responsibility-for-anti-jewish-violence-in-new-york
Israeli student wins math Olympiad gold in China,Rehovot 12th-grader Yotam Budnik led the Israeli team with a gold medal at the global mathematics competition.,https://www.jns.org/news/world/israeli-student-wins-math-olympiad-gold-in-china,JNS,JNS Staff,2026-07-28T03:06:00,2026-07-28 03:16:07.772615,https://www.jns.org/news/world/israeli-student-wins-math-olympiad-gold-in-china
How Yiddish compresses whole stories into one word,"As a kid, I had no idea schmuck wasn&#8217;t an English word. In 1985, my fourth-grade Cheder class in Los Angeles was assigned to write a short story about a time we felt embarrassed. I had a great example I wanted to share, so while the other girls asked the teacher questions, I got straight... The post How Yiddish compresses whole stories into one word appeared first on The Forward .",https://forward.com/yiddish-world/840902/yiddish-words-schmuck-stories-grandparents-grandchildren/,The Forward,Dena Schusterman,2026-07-28T00:48:30,2026-07-28 03:16:00.871564,https://forward.com/?p=840902
"Citing urgency, Israel cabinet bypasses Knesset to recognize Gaza Board of Peace",The Foreign Ministry's legal counsel permitted the government to bypass standard Knesset procedures due to urgent needs - but failed to explain what prompted the urgency,https://www.haaretz.com/israel-news/israel-security/2026-07-28/ty-article/.premium/citing-urgency-israel-cabinet-bypasses-knesset-to-recognize-gaza-board-of-peace/0000019f-a574-df92-a7ff-a7f650190000,Haaretz,Jonathan Lis,2026-07-27T22:11:11,2026-07-28 00:03:14.757864,https://www.haaretz.com/israel-news/israel-security/2026-07-28/ty-article/.premium/citing-urgency-israel-cabinet-bypasses-knesset-to-recognize-gaza-board-of-peace/0000019f-a574-df92-a7ff-a7f650190000
Why does the world support Ukraine but not Israel?,"Answer might be found by looking at two different stories – one easily understood, one complex – through four lenses",https://www.haaretz.com/opinion/2026-07-28/ty-article-opinion/.premium/why-does-the-world-support-ukraine-but-not-israel/0000019f-a535-d641-a1df-e77f2fc30000,Haaretz,Benjamin Miller,2026-07-27T23:13:12,2026-07-28 00:03:14.757828,https://www.haaretz.com/opinion/2026-07-28/ty-article-opinion/.premium/why-does-the-world-support-ukraine-but-not-israel/0000019f-a535-d641-a1df-e77f2fc30000
"Menin allocates another $750,000 to Brooklyn district attorney’s hate crimes bureau","“With the news of the stabbing last week of an Asian American and a Jewish American on the Upper West Side, this funding is especially critical and timely,” stated Inna Vernikov, a Jewish member of the New York City Council.",https://www.jns.org/news/u-s-news/menin-allocates-another-750-000-to-brooklyn-district-attorneys-hate-crimes-bureau,JNS,Rikki Zagelbaum,2026-07-27T22:36:00,2026-07-28 00:03:07.569495,https://www.jns.org/news/u-s-news/menin-allocates-another-750-000-to-brooklyn-district-attorneys-hate-crimes-bureau
"Netanyahu to meet Trump with Iran, Gaza and Saudi Arabia on the line","The sale of F-35s to Turkey is another tension point. “No one tells me what we should be selling,” the U.S. president said Monday. -- The post Netanyahu to meet Trump with Iran, Gaza and Saudi Arabia on the line appeared first on Jewish Telegraphic Agency .",https://www.jta.org/2026/07/27/israel/netanyahu-to-meet-trump-with-iran-gaza-and-saudi-arabia-on-the-line,JTA,Tovah Lazaroff,2026-07-27T22:53:06,2026-07-28 00:02:57.741332,https://www.jta.org/?p=1905137
"Jewish day school enrollment largely stalls in NorCal, as rest of U.S. surges","Jewish day school enrollment has climbed across North America, reversing decades of decline, according to a new study. But the region that includes California has seen by far the smallest [&#8230;]",https://jweekly.com/2026/07/27/jewish-day-school-enrollment-stalls-in-northern-california-as-rest-of-u-s-surges/,J. Weekly,Niva Ashkenazi,2026-07-27T23:25:28,2026-07-28 00:02:52.786172,https://jweekly.com/?p=307718
Haaretz Cartoon,,https://www.haaretz.com/opinion/daily-cartoon/2026-07-27/ty-article-opinion/haaretz-cartoon/0000019f-a53b-d641-a1df-e77fa6b50000,Haaretz,Amos Biderman,2026-07-27T20:24:36,2026-07-27 22:08:07.424726,https://www.haaretz.com/opinion/daily-cartoon/2026-07-27/ty-article-opinion/haaretz-cartoon/0000019f-a53b-d641-a1df-e77fa6b50000
"Ahead of Netanyahu meeting, Trump says U.S. and Israel are 'pretty close' on Iran","Trump says Turkey is a 'good ally' and that no one would tell the U.S. what to sell after saying he would consider F-35 sales to Ankara. A White House source told Haaretz that Trump will discuss Iran, Lebanon and the Abraham Accords with Netanyahu",https://www.haaretz.com/israel-news/2026-07-27/ty-article/.premium/ahead-of-netanyahu-meeting-trump-says-u-s-israel-are-pretty-close-on-iran/0000019f-a4e5-dc49-ad9f-fefd618d0000,Haaretz,Ben Samuels,2026-07-27T20:34:35,2026-07-27 22:08:07.424701,https://www.haaretz.com/israel-news/2026-07-27/ty-article/.premium/ahead-of-netanyahu-meeting-trump-says-u-s-israel-are-pretty-close-on-iran/0000019f-a4e5-dc49-ad9f-fefd618d0000
"Ahead of the election, Israeli news site offered to promote Ben-Gvir campaign for pay","Walla proposed to promote the far-right national security minister's plan to expand local security squads, a key part of Otzma Yehudit's election drive. Walla commented: 'There will be no deals with any government ministry before the election'",https://www.haaretz.com/israel-news/elections/2026-07-27/ty-article/.premium/ahead-of-election-israeli-news-site-offered-to-promote-ben-gvir-policy-for-pay/0000019f-a462-df92-a7ff-a6e2551e0000,Haaretz,Josh Breiner,2026-07-27T20:36:20,2026-07-27 22:08:07.424669,https://www.haaretz.com/israel-news/elections/2026-07-27/ty-article/.premium/ahead-of-election-israeli-news-site-offered-to-promote-ben-gvir-policy-for-pay/0000019f-a462-df92-a7ff-a6e2551e0000
Yet another poll shows opposition to Netanyahu has majority – but Jewish opposition doesn't,"As in a long series of recent polls, the opposition bloc holds a clear majority. However, a boycott of Arab parties, supported by several leaders of parties opposed to Netanyahu, leaves the bloc one seat short of a majority",https://www.haaretz.com/israel-news/elections/2026-07-28/ty-article/.premium/new-poll-shows-israels-opposition-has-majority-but-jewish-opposition-doesnt/0000019f-a557-d5e4-afff-afd761680000,Haaretz,Haaretz,2026-07-27T21:06:57,2026-07-27 22:08:07.424638,https://www.haaretz.com/israel-news/elections/2026-07-28/ty-article/.premium/new-poll-shows-israels-opposition-has-majority-but-jewish-opposition-doesnt/0000019f-a557-d5e4-afff-afd761680000
AG urges court to block law politicizing internal Israel Police probes,"Gali Baharav-Miara called on the High Court to issue an interim order against the law, warning that the politicization of the unit probing police misconduct has devastating effects on the rule of law and the entire law enforcement system",https://www.haaretz.com/israel-news/israel-politics/2026-07-28/ty-article/.premium/ag-urges-court-to-block-law-politicizing-internal-israel-police-probes/0000019f-a43b-d616-afdf-b4ff42350000,Haaretz,Chen Maanit,2026-07-27T21:13:36,2026-07-27 22:08:07.424600,https://www.haaretz.com/israel-news/israel-politics/2026-07-28/ty-article/.premium/ag-urges-court-to-block-law-politicizing-internal-israel-police-probes/0000019f-a43b-d616-afdf-b4ff42350000
Israel's troubles in the north bore Netanyahu and his callous coalition,,https://www.haaretz.com/opinion/editorial/2026-07-28/ty-article-opinion/israels-troubles-in-the-north-bore-netanyahu-and-his-callous-coalition/0000019f-a52f-db22-a5df-e53f36140000,Haaretz,Haaretz Editorial,2026-07-27T21:16:42,2026-07-27 22:08:07.424557,https://www.haaretz.com/opinion/editorial/2026-07-28/ty-article-opinion/israels-troubles-in-the-north-bore-netanyahu-and-his-callous-coalition/0000019f-a52f-db22-a5df-e53f36140000
Fate vs. destiny,"Did God choose us, or did we choose God?",https://www.jns.org/opinion/column/rabbi-yossy-goldman/fate-vs-destiny,JNS,Rabbi Yossy Goldman,2026-07-27T21:00:00,2026-07-27 22:07:59.864066,https://www.jns.org/opinion/column/rabbi-yossy-goldman/fate-vs-destiny
Holocaust Museum LA to open $70 million cultural center in August,"The museum CEO told JNS that she hopes it will be a place for learning, contemplation as well as hope and optimism.",https://www.jns.org/news/u-s-news/holocaust-museum-la-to-open-70-million-cultural-center-in-august,JNS,Ryan Torok,2026-07-27T21:01:11,2026-07-27 22:07:59.864042,https://www.jns.org/news/u-s-news/holocaust-museum-la-to-open-70-million-cultural-center-in-august
"At White House meeting, Netanyahu aims to keep Trump focused on Iran’s nuclear program, former Israeli envoy says",Danny Ayalon told JNS that the Israeli premier “will come with more intelligence showing that the Iranians are trying to rebuild their nuclear capabilities and infrastructure.”,https://www.jns.org/news/u-s-news/at-white-house-meeting-netanyahu-aims-to-keep-trump-focused-on-irans-nuclear-program-former-israeli-envoy-says,JNS,Mike Wagenheim,2026-07-27T21:29:04,2026-07-27 22:07:59.864010,https://www.jns.org/news/u-s-news/at-white-house-meeting-netanyahu-aims-to-keep-trump-focused-on-irans-nuclear-program-former-israeli-envoy-says
Orthodox Jew running against anti-Israel dem socialist for Denver seat in Congress still ‘refining my talking points’,"“I’m running as a pro-Denver candidate on what I can do to make life better for people in Denver on a day-to-day basis,” Dr. Shimon Blau told JNS.",https://www.jns.org/news/u-s-news/orthodox-jew-running-against-anti-israel-dem-socialist-for-denver-seat-in-congress-still-refining-my-talking-points,JNS,Debra Nussbaum Cohen,2026-07-27T21:59:23,2026-07-27 22:07:59.863964,https://www.jns.org/news/u-s-news/orthodox-jew-running-against-anti-israel-dem-socialist-for-denver-seat-in-congress-still-refining-my-talking-points
Can Israeli Liberals win back the Democratic center — and save the U.S.-Israel alliance?,"About a dozen Israelis gathered in my living room this week for a conversation that would have seemed unnecessary a decade ago. Some identified with the political left, others with the right. But everyone agreed that the bipartisan foundation of the U.S.-Israel alliance is being destroyed, that this is a disaster for Israel, and that... The post Can Israeli Liberals win back the Democratic center — and save the U.S.-Israel alliance? appeared first on The Forward .",https://forward.com/opinion/840920/librael-democratic-party-israel-united-states/,The Forward,Dan Perry,2026-07-27T20:54:06,2026-07-27 22:07:52.861013,https://forward.com/?p=840920
Man accused of stabbing Jewish man on the Upper West Side is charged with hate crimes,"Plus, Israel's Benjamin Netanyahu accuses Mayor Zohran Mamdani of “fomenting hate” before the stabbings. -- The post Man accused of stabbing Jewish man on the Upper West Side is charged with hate crimes appeared first on Jewish Telegraphic Agency .",https://www.jta.org/2026/07/27/ny/man-accused-of-stabbing-jewish-man-on-the-upper-west-side-is-charged-with-hate-crimes,JTA,New York Jewish Week Staff,2026-07-27T20:30:22,2026-07-27 22:07:50.197317,https://www.jta.org/?p=1905122
"In Detroit, pro-Israel Senate candidate Haley Stevens meets a pro-Palestinan El-Sayed supporter","“I don’t think we should be giving any more aid to the State of Israel,” a local nonprofit manager told Stevens. -- The post In Detroit, pro-Israel Senate candidate Haley Stevens meets a pro-Palestinan El-Sayed supporter appeared first on Jewish Telegraphic Agency .",https://www.jta.org/2026/07/27/politics/in-detroit-pro-israel-senate-candidate-haley-stevens-meets-a-pro-palestinan-el-sayed-supporter,JTA,Andrew Lapin,2026-07-27T20:30:42,2026-07-27 22:07:50.197263,https://www.jta.org/?p=1905101
"Ben-Gvir allegedly solicited far-right activist to admit to a crime he didn't commit, recording reveals","A recording filed recently to the Jerusalem Magistrate's Court reveals that, 15 years ago, Ben-Gvir pressured a far-right activist to 'take the fall' in an incitement case in which he was allegedly a suspect. The judge ignored the new information",https://www.haaretz.com/israel-news/israel-politics/2026-07-27/ty-article/.premium/ben-gvir-allegedly-asked-activist-to-falsely-admit-to-a-crime-recording-reveals/0000019f-996a-d0e8-a3df-bbea9fd70000,Haaretz,Michael Hauser Tov,2026-07-27T19:10:45,2026-07-27 20:22:53.219988,https://www.haaretz.com/israel-news/israel-politics/2026-07-27/ty-article/.premium/ben-gvir-allegedly-asked-activist-to-falsely-admit-to-a-crime-recording-reveals/0000019f-996a-d0e8-a3df-bbea9fd70000
Property tax delay prevents businesses in Israel's north from rebuilding after war,"Although their livelihoods were severely damaged during the war, northern Israeli residents say they have received little, if any, compensation so far. 'We are ordniary people,"" says the owner of a paper mill. 'Who has the strength for these wars?'",https://www.haaretz.com/israel-news/2026-07-27/ty-article-magazine/.premium/property-tax-delay-prevents-northern-israel-businesses-from-rebuilding-after-war/0000019f-a35f-db22-a5df-e75f6b540000,Haaretz,Adi Hashmonai,2026-07-27T19:25:06,2026-07-27 20:22:53.219954,https://www.haaretz.com/israel-news/2026-07-27/ty-article-magazine/.premium/property-tax-delay-prevents-northern-israel-businesses-from-rebuilding-after-war/0000019f-a35f-db22-a5df-e75f6b540000
"Netanyahu rivals reject Palestinian statehood, split over West Bank 'anarchy'","Eisenkot and Bennett spoke at a security conference amid deadly Israeli-Palestinian clashes in the West Bank, sharply attacking the Netanyahu government's policies, while Minister Ben-Gvir called for settlers to receive 'more guns and rifles'",https://www.haaretz.com/israel-news/elections/2026-07-27/ty-article/.premium/netanyahu-rivals-reject-palestinian-statehood-split-over-west-bank-anarchy/0000019f-a491-df92-a7ff-a69321500000,Haaretz,Linda Dayan,2026-07-27T20:11:37,2026-07-27 20:22:53.219916,https://www.haaretz.com/israel-news/elections/2026-07-27/ty-article/.premium/netanyahu-rivals-reject-palestinian-statehood-split-over-west-bank-anarchy/0000019f-a491-df92-a7ff-a69321500000
"‘This is Not Just a Left Issue—it is an American Issue’: Israel’s Favorability Sees Massive Decline Among US Public, Polls Say","US public opinion has shifted dramatically against Israel, according to a series of recently released polls, raising serious questions about...",https://www.algemeiner.com/2026/07/27/this-is-not-just-a-left-issue-it-is-an-american-issue-israels-favorability-sees-massive-decline-among-us-public-polls-say/,Algemeiner,Corey Walker,2026-07-27T18:28:04,2026-07-27 20:22:48.530516,https://www.algemeiner.com/?p=776815
Second Major Watchdog Removes Gaza Journalist Death-List Entries After Terror Groups Claim Them as Operatives,"A second major watchdog tracking journalist deaths in Gaza has removed names from its list without public acknowledgment, the latest...",https://www.algemeiner.com/2026/07/27/second-major-watchdog-removes-gaza-journalist-death-list-entries-after-terror-groups-claim-them-as-operatives/,Algemeiner,Debbie Weiss,2026-07-27T18:42:20,2026-07-27 20:22:48.530485,https://www.algemeiner.com/?p=776825
Israel Wins 2 Gold Medals at 58th International Chemistry Olympiad in Uzbekistan,"Israel’s national chemistry team won two gold and two silver medals at the 58th International Chemistry Olympiad in Uzbekistan, placing...",https://www.algemeiner.com/2026/07/27/israel-wins-2-gold-medals-at-58th-international-chemistry-olympiad-in-uzbekistan/,Algemeiner,Shiryn Ghermezian,2026-07-27T19:52:58,2026-07-27 20:22:48.530456,https://www.algemeiner.com/?p=776799
Trump Administration Drops Requests for Private Data on Jewish University of Pennsylvania Faculty,The Trump administration has withdrawn a federal subpoena seeking personal contact information for Jewish employees at the University of Pennsylvania...,https://www.algemeiner.com/2026/07/27/trump-administration-drops-requests-for-private-data-on-jewish-university-of-pennsylvania-faculty/,Algemeiner,Dion J. Pierre,2026-07-27T19:55:53,2026-07-27 20:22:48.530427,https://www.algemeiner.com/?p=776782
Israel’s Youth Basketball Team Continues Winning Streak at FIBA Under-18 EuroBasket 2026,Israel&#8217;s national youth basketball team continues to be rack up big wins at the FIBA Under-18 EuroBasket 2026 in Italy...,https://www.algemeiner.com/2026/07/27/israels-youth-basketball-team-continues-winning-streak-at-fiba-under-18-eurobasket-2026/,Algemeiner,Shiryn Ghermezian,2026-07-27T20:01:13,2026-07-27 20:22:48.530397,https://www.algemeiner.com/?p=776777
Manchester’s Jewish Community Faces Renewed Wave of Antisemitic Attacks,Britain’s Jewish community is confronting another series of suspected antisemitic attacks after several vehicles belonging to Haredi residents in Greater...,https://www.algemeiner.com/2026/07/27/manchesters-jewish-community-faces-renewed-wave-of-antisemitic-attacks/,Algemeiner,Ailin Vilches Arguello,2026-07-27T20:03:54,2026-07-27 20:22:48.530362,https://www.algemeiner.com/?p=776785
NY State Assembly member calls for Justice Dept investigation of Mamdani at rally after Upper West Side stabbing,"""New Yorkers are refusing to normalize extremist hatred,"" Jayne Zirkle, communications director for EndJewHatred, told JNS.",https://www.jns.org/news/u-s-news/ny-state-assembly-member-calls-for-justice-dept-investigation-of-mamdani-at-rally-after-upper-west-side-stabbing,JNS,Jessica Russak-Hoffman,2026-07-27T18:21:25,2026-07-27 20:22:46.194408,https://www.jns.org/news/u-s-news/ny-state-assembly-member-calls-for-justice-dept-investigation-of-mamdani-at-rally-after-upper-west-side-stabbing
Poll: Republicans hold narrow edge over Democrats on Iran policy,"A new CBS News-YouGov survey found Republicans leading Democrats by 2 percentage points on which party Americans trust more to handle Iran, even as most respondents said the conflict has been more difficult than the Trump administration expected.",https://www.jns.org/news/u-s-news/poll-republicans-hold-narrow-edge-over-democrats-on-iran-policy,JNS,,2026-07-27T18:29:27,2026-07-27 20:22:46.194378,https://www.jns.org/news/u-s-news/poll-republicans-hold-narrow-edge-over-democrats-on-iran-policy
Mamdani plans to go to 9/11 ceremony despite petition from family of victim calling for mayor to be excluded,"""I will proudly honor the families, the survivors, the first responders forever impacted by that horrific terror attack,"" the mayor said.",https://www.jns.org/news/u-s-news/mamdani-plans-to-go-to-9-11-ceremony-despite-petition-from-family-of-victim-calling-for-mayor-to-be-excluded,JNS,Jessica Russak-Hoffman,2026-07-27T18:30:22,2026-07-27 20:22:46.194339,https://www.jns.org/news/u-s-news/mamdani-plans-to-go-to-9-11-ceremony-despite-petition-from-family-of-victim-calling-for-mayor-to-be-excluded
The most dangerous antisemitism is the kind Jews believe,There's a dichotomy: those who recognize the obsession and those who internalize the accusation.,https://www.jns.org/opinion/raphael-shore/the-most-dangerous-antisemitism-is-the-kind-jews-believe,JNS,Raphael Shore,2026-07-27T18:45:00,2026-07-27 20:22:46.194308,https://www.jns.org/opinion/raphael-shore/the-most-dangerous-antisemitism-is-the-kind-jews-believe
Toronto police probing if shots fired outside US consulate tied to attacks on Jewish-owned bakeries prior day,"“Investigators are examining all possibilities, including whether the two incidents may be related,” a spokeswoman for the Toronto Police Service told JNS.",https://www.jns.org/news/world/toronto-police-probing-if-shots-fired-outside-us-consulate-tied-to-attacks-on-jewish-owned-bakeries-prior-day,JNS,Rikki Zagelbaum,2026-07-27T19:54:55,2026-07-27 20:22:46.194275,https://www.jns.org/news/world/toronto-police-probing-if-shots-fired-outside-us-consulate-tied-to-attacks-on-jewish-owned-bakeries-prior-day
"Mayor Mamdani, please step back from the brink","For much of the last year, I’ve defended Mayor Zohran Mamdani against critics who have accused him of antisemitism. And I continue to do so now: Mamdani is not antisemitic, and he has done great things for New York City, inspiring younger voters, improving the quality of life in the city with progressive polities, and... The post Mayor Mamdani, please step back from the brink appeared first on The Forward .",https://forward.com/opinion/840839/letter-to-mamdani-israel-netanyahu-war-crimes-genocide/,The Forward,Jay Michaelson,2026-07-27T18:51:19,2026-07-27 20:22:39.089544,https://forward.com/?p=840839
Israel’s Government Doesn’t Want to Protect American Jews. It Wants to Use Us.,"Consider two acts of antisemitic violence. In October 2018, a gunman entered the Tree of Life synagogue in Pittsburgh and murdered 11 Jews at Shabbat services, to date the deadliest antisemitic attack in American history. Before he opened fire, the shooter had spent months online railing against HIAS, the Jewish refugee resettlement agency, for supposedly... The post Israel&#8217;s Government Doesn&#8217;t Want to Protect American Jews. It Wants to Use Us. appeared first on The Forward .",https://forward.com/opinion/840968/trump-mamdani-netanyahu-israel/,The Forward,Joel Swanson,2026-07-27T20:21:38,2026-07-27 20:22:39.089491,https://forward.com/?p=840968
"‘If you’re ever confused: I stand with the Jews,’ Boy George sings in new pro-Israel song","The 1980s pop singer's new single is titled ‘We Will Dance Again,’ invoking an Oct. 7 slogan of resilience. -- The post &#8216;If you’re ever confused: I stand with the Jews,&#8217; Boy George sings in new pro-Israel song appeared first on Jewish Telegraphic Agency .",https://www.jta.org/2026/07/27/culture/if-youre-ever-confused-i-stand-with-the-jews-boy-george-sings-in-new-pro-israel-song,JTA,Kelly Hartog,2026-07-27T20:10:17,2026-07-27 20:22:36.597403,https://www.jta.org/?p=1905120
Words matter: It’s time for New Yorkers to reject Zohran Mamdani’s dangerous ‘genocide’ libel,"Language prepares the ground for antisemitic violence, write the CEO and chair of the Conference of Presidents of Major Jewish Institutions. -- The post Words matter: It&#8217;s time for New Yorkers to reject Zohran Mamdani&#8217;s dangerous &#8216;genocide&#8217; libel appeared first on Jewish Telegraphic Agency .",https://www.jta.org/2026/07/27/ideas/words-matter-its-time-for-new-yorkers-to-reject-zohran-mamdanis-dangerous-genocide-libel,JTA,Betsy Berns Korn,2026-07-27T20:21:50,2026-07-27 20:22:36.597348,https://www.jta.org/?p=1905094
Abbas' UAL breaks with Islamic Movement in push to expand voter base,"Negotiations are still underway among Hadash, Balad, and Ta'al to form a joint electoral list, while MK Mansour Abbas announced that the UAL now functions independently of the Islamic movement, though many of its members remain active in the party",https://www.haaretz.com/israel-news/elections/2026-07-27/ty-article/.premium/abbas-ual-breaks-with-islamic-movement-in-push-to-expand-voter-base/0000019f-a309-df42-a1df-e77962a50000,Haaretz,Jack Khoury,2026-07-27T16:25:44,2026-07-27 18:24:31.697812,https://www.haaretz.com/israel-news/elections/2026-07-27/ty-article/.premium/abbas-ual-breaks-with-islamic-movement-in-push-to-expand-voter-base/0000019f-a309-df42-a1df-e77962a50000
"Israel gives anti-Muslim Geert Wilders high-level welcome, West Bank settlement tour",The Dutch far-right leader met with Israel's defense and foreign ministers during a visit hosted by a settler leader – whom the Dutch parliament has called to sanction – and who took Wilders to several West Bank settlements,https://www.haaretz.com/world-news/europe/2026-07-27/ty-article/.premium/in-israel-anti-muslim-geert-wilders-gets-top-meetings-sweeping-settlement-tour/0000019f-a42d-db22-a5df-e53f32540000,Haaretz,David Issacharoff,2026-07-27T16:40:00,2026-07-27 18:24:31.697787,https://www.haaretz.com/world-news/europe/2026-07-27/ty-article/.premium/in-israel-anti-muslim-geert-wilders-gets-top-meetings-sweeping-settlement-tour/0000019f-a42d-db22-a5df-e53f32540000
Netanyahu visits Trump as Israel has fewer allies and no good options,"In the U.S. for Lindsey Graham's funeral, the Israeli prime minister arrives in Washington facing a hostile public, a skeptical Trump administration and the loss of his strongest ally",https://www.haaretz.com/israel-news/2026-07-27/ty-article-magazine/.premium/netanyahu-visits-trump-with-fewer-allies-and-no-good-options/0000019f-a451-df92-a7ff-a6d342ad0000,Haaretz,Ben Samuels,2026-07-27T17:05:52,2026-07-27 18:24:31.697761,https://www.haaretz.com/israel-news/2026-07-27/ty-article-magazine/.premium/netanyahu-visits-trump-with-fewer-allies-and-no-good-options/0000019f-a451-df92-a7ff-a6d342ad0000
Trump doesn't realize the risk settler violence poses to his plans. He will soon enough,"Many of Trump's Mideast aspirations hinge on Israel not being a headache or distraction, so there is no reason for him – whether morally, ethically, politically, geostrategically – to not prioritize calming tensions in the West Bank",https://www.haaretz.com/israel-news/haaretz-today/2026-07-27/ty-article/.highlight/trump-doesnt-realize-the-risk-settler-violence-poses-to-his-plans-he-soon-will/0000019f-a464-d5e4-afff-afe4b1690000,Haaretz,Ben Samuels,2026-07-27T17:08:49,2026-07-27 18:24:31.697738,https://www.haaretz.com/israel-news/haaretz-today/2026-07-27/ty-article/.highlight/trump-doesnt-realize-the-risk-settler-violence-poses-to-his-plans-he-soon-will/0000019f-a464-d5e4-afff-afe4b1690000
Shin Bet chief urges agency be kept out of politics amid dispute over election safeguarding,"Defense Committee Chairman Boaz Bismuth (Likud) accused the Central Elections Committee of making 'questionable appointments' that require 'explanations,' after the committee elected new roles for its legal adviser and director general",https://www.haaretz.com/israel-news/elections/2026-07-27/ty-article/.premium/shin-bet-chief-urges-agency-be-kept-out-of-politics-amid-election-security-row/0000019f-a3bd-db22-a5df-e7bf1ca90000,Haaretz,Noa Shpigel,2026-07-27T17:18:12,2026-07-27 18:24:31.697709,https://www.haaretz.com/israel-news/elections/2026-07-27/ty-article/.premium/shin-bet-chief-urges-agency-be-kept-out-of-politics-amid-election-security-row/0000019f-a3bd-db22-a5df-e7bf1ca90000
First-ever find: Mold of a First Temple figurine is discovered in Jerusalem,Figurines have been uncovered in almost every big dig in Jerusalem. Now a mold made of fired clay for creating a face was discovered for the first time,https://www.haaretz.com/archaeology/2026-07-27/ty-article-magazine/first-ever-find-mold-of-a-first-temple-figurine-is-discovered-in-jerusalem/0000019f-a3e4-d641-a1df-e3ee9b650000,Haaretz,Nir Hasson,2026-07-27T17:42:55,2026-07-27 18:24:31.697685,https://www.haaretz.com/archaeology/2026-07-27/ty-article-magazine/first-ever-find-mold-of-a-first-temple-figurine-is-discovered-in-jerusalem/0000019f-a3e4-d641-a1df-e3ee9b650000
IDF intercepts two drones near Jordanian border as regional attacks intensify,"The military said it is investigating where the drones were launched from of the drones. The interception comes amid a surge in drone and missile activity across the Middle East, with Jordan and Saudi Arabia reporting similar incidents",https://www.haaretz.com/israel-news/2026-07-27/ty-article/.premium/idf-intercepts-two-drones-near-jordanian-border-as-regional-attacks-intensify/0000019f-a3cf-df92-a7ff-a7cfe0100000,Haaretz,Yaniv Kubovich,2026-07-27T17:54:27,2026-07-27 18:24:31.697657,https://www.haaretz.com/israel-news/2026-07-27/ty-article/.premium/idf-intercepts-two-drones-near-jordanian-border-as-regional-attacks-intensify/0000019f-a3cf-df92-a7ff-a7cfe0100000
The Election That Could Define Israel’s Social Contract,"The final days of a parliament often reveal more about a country’s political priorities than its opening declarations. In Israel,...",https://www.algemeiner.com/2026/07/27/the-election-that-could-define-israels-social-contract/,Algemeiner,Daniel Beaudoin,2026-07-27T16:26:43,2026-07-27 18:24:26.674720,https://www.algemeiner.com/?p=776771
"When Journalists, Doctors, and Athletes Join the Fight",News readers are well informed about the wholesale violations of international humanitarian law (IHL) committed by Hamas and its allies...,https://www.algemeiner.com/2026/07/27/when-is-a-gaza-civilian-not-a-civilian/,Algemeiner,Joel M. Margolis,2026-07-27T16:26:55,2026-07-27 18:24:26.674699,https://www.algemeiner.com/?p=776758
How Palestinian Academics Inflame and Distort the History of 1948 and the Present,"Curiosity drove me to attend a seminar held at the University of Auckland, New Zealand, of visiting Palestinian academics, Dr....",https://www.algemeiner.com/2026/07/27/how-palestinian-academics-inflame-and-distort-the-history-of-1948-and-the-present/,Algemeiner,Sheree Trotter,2026-07-27T16:27:02,2026-07-27 18:24:26.674679,https://www.algemeiner.com/?p=776760
Public Diplomacy Is Now Part of National Security — and Israel Is Failing to Adapt,"Israel is a country that builds technologies used around the world, develops amazing intelligence capabilities, leads one of the most...",https://www.algemeiner.com/2026/07/27/public-diplomacy-is-now-part-of-national-security-and-israel-is-failing-to-adapt/,Algemeiner,Sabine Sterk,2026-07-27T16:27:09,2026-07-27 18:24:26.674659,https://www.algemeiner.com/?p=776764
Jewish History in Israel Is Being Attacked and Undermined Daily,"Hardly a day goes by without Palestinian leaders denying Jewish history in Israel, and undermining Israel&#8217;s right to exist. Israel...",https://www.algemeiner.com/2026/07/27/jewish-history-in-israel-is-being-attacked-and-undermined-daily/,Algemeiner,Nan Jacques Zilberdik,2026-07-27T16:27:34,2026-07-27 18:24:26.674637,https://www.algemeiner.com/?p=776775
"NBA Player Ridicules Mamdani For Netanyahu Arrest Video, Calls Him ‘A Mayor Playing President’",NBA player Kyle Kuzma criticized New York City Mayor Zohran Mamdani on Sunday in response to the latter&#8217;s empty threat...,https://www.algemeiner.com/2026/07/27/nba-player-ridicules-mamdani-for-netanyahu-arrest-video-calls-him-a-mayor-playing-president/,Algemeiner,Shiryn Ghermezian,2026-07-27T16:34:33,2026-07-27 18:24:26.674616,https://www.algemeiner.com/?p=776781
Canada Probes Gunfire Attacks on Jewish-Owned Bakery Chain Amid Escalating Antisemitic Violence,Toronto authorities are investigating gunfire attacks targeting two locations of a Jewish-owned bakery chain over the weekend in one of...,https://www.algemeiner.com/2026/07/27/canada-probes-gunfire-attacks-on-jewish-owned-bakery-chain-amid-escalating-antisemitic-violence/,Algemeiner,Ailin Vilches Arguello,2026-07-27T18:03:35,2026-07-27 18:24:26.674587,https://www.algemeiner.com/?p=776807
"State Department sees ‘convergence’ of Iranian terror proxies, far-left groups","“We’re seeing increasing links, perhaps increasing motivations, when it comes to terror plots,” State Department spokesperson Tommy Pigott said.",https://www.jns.org/news/u-s-news/state-department-sees-convergence-of-iranian-terror-proxies-far-left-groups,JNS,Mike Wagenheim,2026-07-27T16:26:13,2026-07-27 18:24:24.370890,https://www.jns.org/news/u-s-news/state-department-sees-convergence-of-iranian-terror-proxies-far-left-groups
"Trump, Netanyahu and choices that will shape the new Middle East",Perhaps the strategic convergence between the Mossad and the CIA will encourage the U.S. president and his administration to act with greater resolve against Tehran.,https://www.jns.org/opinion/erfan-fard/trump-netanyahu-and-choices-that-will-shape-the-new-middle-east,JNS,Erfan Fard,2026-07-27T17:00:00,2026-07-27 18:24:24.370849,https://www.jns.org/opinion/erfan-fard/trump-netanyahu-and-choices-that-will-shape-the-new-middle-east
"‘Shocking conflict of interest’ that Tlaleng Mofokeng advising UN while running to be Johannesburg mayor, expert says","“Even if she had resigned just beforehand, the immediate transition from an independent U.N. mandate to partisan political office would still raise serious questions about her independence and impartiality,” according to Hillel Neuer.",https://www.jns.org/news/world/shocking-conflict-of-interest-that-tlaleng-mofokeng-advising-un-while-running-to-be-johannesburg-mayor-expert-says,JNS,Mike Wagenheim,2026-07-27T17:35:36,2026-07-27 18:24:24.370818,https://www.jns.org/news/world/shocking-conflict-of-interest-that-tlaleng-mofokeng-advising-un-while-running-to-be-johannesburg-mayor-expert-says
"Their art was whimsical, elegant, ‘scandalous,’ and colorful. It was also revolutionary.","Even under glass, designer Fritzi Löw’s intricately beaded “Adam and Eve” bag manages to sparkle. One of 200 objects and artifacts on display in “Modernity and Opulence: Women of the Wiener Werkstätte,” a major new exhibition at the Jewish Museum, presented in cooperation with the MAK — Museum of Applied Arts, Vienna, the piece captures... The post Their art was whimsical, elegant, &#8216;scandalous,&#8217; and colorful. It was also revolutionary. appeared first on The Forward .",https://forward.com/culture/art/840653/wiener-werkstatte-vienna-modernity-and-opulence-jewish-museum-exhibit/,The Forward,Cathryn J. Prince,2026-07-27T16:25:28,2026-07-27 18:24:16.550015,https://forward.com/?p=840653
Experimenting with translation on today’s Yiddish stage,"„פֿרײַנד און פֿײַנט, ברוכים הבאים! זײַט באַגריסט צו דער װעלט־באַרימטער װעלט־מײַסטערשאַפֿט פֿון ייִדישע קללות!“ אַזוי רעוועט אויף דער בינע אַן אָנזאָגערין (געשפּילט פֿון װיװי לאַקס) אױף ייִדיש, אײדער אַ צווייטער אָנזאָגער (פּאָל קענדלער) זעצט איבער דעם זאַץ אױף ענגליש, אָנהייבנדיק מיט דער פֿראַזע !Friends and foes. שטייענדיק אין אַ מיזרח־לאָנדאָנער טעאַטער האָט קענדלער מיט אַ... The post Experimenting with translation on today’s Yiddish stage appeared first on The Forward .",https://forward.com/yiddish/840806/experimenting-with-translation-on-todays-yiddish-stage/,The Forward,דזשײק שנײַדער,2026-07-27T17:01:27,2026-07-27 18:24:16.549965,https://forward.com/?p=840806
"In Israel’s scorching summer, fears of war are returning","(JTA) — TEL AVIV —&#160;Oren Pesso, a Tel Aviv performance artist and the frontman of the avant-garde musical group Jilber and the Cats, opened his performance on Friday at HaTanacha [&#8230;]",https://jweekly.com/2026/07/27/in-israels-scorching-summer-schools-out-and-surfs-up-and-fears-of-war-are-returning/,J. Weekly,Theia Chatelle,2026-07-27T17:43:17,2026-07-27 18:24:08.943396,https://jweekly.com/?p=307703
Germany may criminalize denying Israel’s right to exist. Will the U.S. follow?,This story was originally published in the Forward. Click here to get the Forward&#8217;s free email newsletters delivered to your inbox. As Germany considers an unprecedented law that would criminalize [&#8230;],https://jweekly.com/2026/07/27/germany-could-criminalize-denying-israels-right-to-exist-could-the-u-s-follow/,J. Weekly,Hannah Feuer,2026-07-27T17:51:52,2026-07-27 18:24:08.943368,https://jweekly.com/?p=307708
FIRST PERSON | Enough already? Grappling with an excess of good fortune,"When is enough enough? I’ve been asking that question a lot lately. In a land of plenty, in a life blessed with plenty, when — and what — is enough?&#160; [&#8230;]",https://jweekly.com/2026/07/27/enough-already-i-find-myself-grappling-with-an-excess-of-bounty-and-fortune/,J. Weekly,Karen Galatz,2026-07-27T18:02:03,2026-07-27 18:24:08.943334,https://jweekly.com/?p=307714
How a battle over modesty erupted at a Sea of Galilee beach,"The reopening of a rare free public beach in Tiberias has divided the city, after ultra-Orthodox demands for modesty prompted the overnight installation of barriers and hedges. Secular residents call it religious coercion; both sides say they will not back down",https://www.haaretz.com/israel-news/travel/2026-07-27/ty-article/.premium/how-the-sea-of-galilees-trapezoid-beach-ignited-a-battle-over-modesty/0000019f-8ea1-dea1-a7bf-eeb9e2a20000,Haaretz,Eitan Leshem,2026-07-27T14:07:00,2026-07-27 16:20:26.386630,https://www.haaretz.com/israel-news/travel/2026-07-27/ty-article/.premium/how-the-sea-of-galilees-trapezoid-beach-ignited-a-battle-over-modesty/0000019f-8ea1-dea1-a7bf-eeb9e2a20000
Israel to release 60 Palestinian detainees to Gaza in largest release since October cease-fire,"The IDF said the detainees being released were not considered terrorists and would be freed after interrogation. 1,300 Gaza residents are currently held in Israeli prisons as 'unlawful combatants,' according to a human rights group",https://www.haaretz.com/israel-news/israel-security/2026-07-27/ty-article/.premium/israel-to-release-60-palestinian-detainees-to-gaza-from-israeli-facilities/0000019f-a3dc-df92-a7ff-a7de3ce10000,Haaretz,Rawan Suleiman,2026-07-27T14:13:14,2026-07-27 16:20:26.386605,https://www.haaretz.com/israel-news/israel-security/2026-07-27/ty-article/.premium/israel-to-release-60-palestinian-detainees-to-gaza-from-israeli-facilities/0000019f-a3dc-df92-a7ff-a7de3ce10000
"As a Palestinian citizen of Israel, I don't have the privilege of not voting in the Israeli elections",I'll be voting in the October 27 general election not because Israel is a democracy but because voting is a tool for survival,https://www.haaretz.com/opinion/2026-07-27/ty-article-opinion/.premium/as-a-palestinian-citizen-of-israel-i-dont-have-the-privilege-of-not-voting/0000019f-a370-dcf3-a9df-a7721fea0000,Haaretz,Tamer Nafar,2026-07-27T15:03:25,2026-07-27 16:20:26.386568,https://www.haaretz.com/opinion/2026-07-27/ty-article-opinion/.premium/as-a-palestinian-citizen-of-israel-i-dont-have-the-privilege-of-not-voting/0000019f-a370-dcf3-a9df-a7721fea0000
Do what is right and good,"A society is not transformed solely through legislation; it is transformed through millions of small acts of honesty, kindness and responsibility.",https://www.jns.org/opinion/daniel-meron/do-what-is-right-and-good,JNS,Ambassador Daniel Meron,2026-07-27T14:00:00,2026-07-27 16:20:18.973937,https://www.jns.org/opinion/daniel-meron/do-what-is-right-and-good
"US federal health agency sent $80 million in grants to groups with terror ties, per report","Emily Hilliard of the U.S. Department of Health and Human Services told JNS that the agency “will take appropriate action whenever there is evidence of fraud, abuse or other violations of federal requirements.”",https://www.jns.org/news/u-s-news/us-federal-health-agency-sent-80-million-in-grants-to-groups-with-terror-ties-per-report,JNS,Aaron Bandler,2026-07-27T14:51:03,2026-07-27 16:20:18.973916,https://www.jns.org/news/u-s-news/us-federal-health-agency-sent-80-million-in-grants-to-groups-with-terror-ties-per-report
Michigan governor endorses Stevens against anti-Israel Senate hopeful,"“She’ll be ready to deliver on day one,” Gov. Gretchen Whitmer said of Haley Stevens, who has AIPAC’s support.",https://www.jns.org/news/u-s-news/michigan-governor-endorses-stevens-against-anti-israel-senate-hopeful,JNS,,2026-07-27T15:00:06,2026-07-27 16:20:18.973878,https://www.jns.org/news/u-s-news/michigan-governor-endorses-stevens-against-anti-israel-senate-hopeful
Anti-Zionism as a proxy for anti-Americanism,"Europe still believes that when things are bad, you blame the Jews.",https://www.jns.org/opinion/gol-kalev/anti-zionism-as-a-proxy-for-anti-americanism,JNS,Gol Kalev,2026-07-27T15:30:00,2026-07-27 16:20:18.973852,https://www.jns.org/opinion/gol-kalev/anti-zionism-as-a-proxy-for-anti-americanism
Toronto police believe same SUV used in attacks on two Jewish-owned bakeries over weekend,The Toronto Police Service released a photo of the suspected vehicle and asked witnesses or those with relevant dash-camera or security footage to come forward.,https://www.jns.org/news/world/toronto-police-believe-same-suv-used-in-attacks-on-two-jewish-owned-bakeries-over-weekend,JNS,JNS Staff,2026-07-27T15:39:05,2026-07-27 16:20:18.973824,https://www.jns.org/news/world/toronto-police-believe-same-suv-used-in-attacks-on-two-jewish-owned-bakeries-over-weekend
The man who changed Jewish bedtime stories is still reinventing himself at 97,The philanthropist Harold Grinspoon has taken up art while continuing to fund the expansion of PJ Library. -- The post The man who changed Jewish bedtime stories is still reinventing himself at 97 appeared first on Jewish Telegraphic Agency .,https://www.jta.org/2026/07/27/culture/the-man-who-changed-jewish-bedtime-stories-is-still-reinventing-himself-at-97,JTA,Penny Schwartz,2026-07-27T15:00:08,2026-07-27 16:20:07.986313,https://www.jta.org/?p=1904958
"Your Daily Phil: Tuition tax breaks mainly help day school parents, new study finds","The post Your Daily Phil: Tuition tax breaks mainly help day school parents, new study finds appeared first on eJewishPhilanthropy .",https://ejewishphilanthropy.com/your-daily-phil-tuition-tax-breaks-mainly-help-day-school-parents-new-study-finds/,eJewish Philanthropy,EJP,2026-07-27T14:06:51,2026-07-27 16:20:05.528962,https://ejewishphilanthropy.com/?p=177804
Netanyahu secretly takes off for Washington from Israel Air Force base,"Netanyahu and his wife, Sara, departed for Washington aboard Wing of Zion from Nevatim Air Base, without the customary press statement or accompanying journalists. Such flights usually leave from Ben-Gurion Airport; PM is set to meet Trump on Tuesday",https://www.haaretz.com/israel-news/2026-07-27/ty-article/.premium/netanyahu-departs-for-washington-unannounced-ahead-of-trump-meeting/0000019f-a352-d114-a59f-efdfa3c20000,Haaretz,Liza Rozovsky,2026-07-27T11:37:09,2026-07-27 13:39:42.555773,https://www.haaretz.com/israel-news/2026-07-27/ty-article/.premium/netanyahu-departs-for-washington-unannounced-ahead-of-trump-meeting/0000019f-a352-d114-a59f-efdfa3c20000
"With no clear targets, Palestinians fear an IDF operation in the West Bank will be aimed at civilians","Israel has dismantled most of the West Bank's armed infrastructure, and the Palestinian leadership is too weak to lead an uprising – or to stop one",https://www.haaretz.com/middle-east-news/palestinians/2026-07-27/ty-article/palestinians-fear-an-idf-operation-in-the-west-bank-will-be-aimed-at-civilians/0000019f-a27a-dae3-a5df-f3fbf3c60000,Haaretz,Jack Khoury,2026-07-27T12:02:37,2026-07-27 13:39:42.555741,https://www.haaretz.com/middle-east-news/palestinians/2026-07-27/ty-article/palestinians-fear-an-idf-operation-in-the-west-bank-will-be-aimed-at-civilians/0000019f-a27a-dae3-a5df-f3fbf3c60000
Report: Australian tribunal says Israeli siblings facing jail time for IDF refusal may qualify as refugees,"Australia has allowed three Israelis being drafted to the IDF to reapply for protection visas after a tribunal found they could be persecuted for refusing military service out of fear of breaking international humanitarian law in Gaza, the Guardian reported",https://www.haaretz.com/world-news/asia-and-australia/2026-07-27/ty-article/.premium/report-israeli-siblings-refusing-idf-may-qualify-as-refugees-in-australia/0000019f-a233-df42-a1df-e77389d30000,Haaretz,Haaretz,2026-07-27T12:13:04,2026-07-27 13:39:42.555707,https://www.haaretz.com/world-news/asia-and-australia/2026-07-27/ty-article/.premium/report-israeli-siblings-refusing-idf-may-qualify-as-refugees-in-australia/0000019f-a233-df42-a1df-e77389d30000
French DJ Barbara Butch's original sin? Being Jewish,The violent boycott against the performer shows that there is basically no way for an Israeli or Jew who reveals the slightest empathy with Israelis to receive a shred of understanding,https://www.haaretz.com/opinion/2026-07-27/ty-article-opinion/.premium/french-dj-barbara-butchs-original-sin-being-jewish/0000019f-a2c5-df42-a1df-e7f561b20000,Haaretz,Sefy Hendler,2026-07-27T12:15:45,2026-07-27 13:39:42.555671,https://www.haaretz.com/opinion/2026-07-27/ty-article-opinion/.premium/french-dj-barbara-butchs-original-sin-being-jewish/0000019f-a2c5-df42-a1df-e7f561b20000
"Iran says it still controls Strait of Hormuz, rejects renewed U.S. talks after Trump halts strikes","Tehran said it would suspend attacks for as long as the U.S. pause in bombing lasts, while Iran's Foreign Ministry denied seeking to resume negotiations",https://www.haaretz.com/middle-east-news/iran/2026-07-27/ty-article/iran-says-it-still-controls-hormuz-not-seeking-talks-after-trump-halts-strikes/0000019f-a331-d114-a59f-efbda4950000,Haaretz,Reuters,2026-07-27T12:52:39,2026-07-27 13:39:42.555620,https://www.haaretz.com/middle-east-news/iran/2026-07-27/ty-article/iran-says-it-still-controls-hormuz-not-seeking-talks-after-trump-halts-strikes/0000019f-a331-d114-a59f-efbda4950000
Three months to Israel's election: Why is Netanyahu really going to Washington?,,https://www.haaretz.com/israel-news/podcasts/2026-07-27/ty-article-podcast/three-months-to-israels-election-why-is-netanyahu-really-going-to-washington/0000019f-a301-df92-a7ff-a7839a380000,Haaretz,Haaretz Podcast,2026-07-27T13:34:41,2026-07-27 13:39:42.555578,https://www.haaretz.com/israel-news/podcasts/2026-07-27/ty-article-podcast/three-months-to-israels-election-why-is-netanyahu-really-going-to-washington/0000019f-a301-df92-a7ff-a7839a380000
Netanyahu: Iran 'first and foremost' on agenda during White House visit,"""Our goal is to safeguard our security while also expanding the circle of peace around us,"" he added.",https://www.jns.org/news/israel-news/netanyahu-iran-first-and-foremost-on-agenda-during-white-house-visit,JNS,JNS Staff,2026-07-27T11:43:31,2026-07-27 13:39:34.882956,https://www.jns.org/news/israel-news/netanyahu-iran-first-and-foremost-on-agenda-during-white-house-visit
"Two Israeli civilians cross border into Syria, IDF says","The incident joins a series of similar ones in recent months, posing a danger to the safety of IDF troops, according to the military.",https://www.jns.org/news/israel-news/two-israeli-civilians-cross-border-into-syria-idf-says,JNS,JNS Staff,2026-07-27T12:03:00,2026-07-27 13:39:34.882929,https://www.jns.org/news/israel-news/two-israeli-civilians-cross-border-into-syria-idf-says
The media network advancing Qatar and Iran’s agenda,"Welcome to “Axis of Truth,” a fearless JNS series hosted by Emily Schrader—renowned journalist, human-rights activist and outspoken critic of authoritarian regimes. Each week, Schrader cuts through spin and censorship to uncover the political agendas, media manipulation and propaganda shaping Israel news and the broader Middle East. From Tehran to Tel Aviv and Washington to Damascus, “Axis of Truth” confronts the narratives driving conflict, misinformation and moral confusion in global coverage of Israel. Whether dissecting the Iranian regime’s election theater, Hamas’s tactics or the Western media’s distortion of Jewish self-defense, Schrader brings clarity and courage to stories too often clouded by ideology. Featuring in-depth interviews with dissidents, security experts, political leaders and journalists, Axis of Truth delivers hard-hitting analysis and unfiltered commentary on the issues that define the Middle East today. Episodes range from exclusive reporting on Gaza and Iran to exposés of Western hypocrisy, social media disinformation and the global networks enabling terror. With a sharp focus on facts, context and accountability, Schrader challenges both policymakers and the press to tell the truth about Israel’s fight for survival and the threats facing free societies. See more at: @JNS_TV and subscribe to our YouTube channel.",https://www.jns.org/jns-tv/axis-of-truth/the-media-network-advancing-qatar-and-irans-agenda,JNS,Emily Schrader,2026-07-27T12:06:26,2026-07-27 13:39:34.882900,https://www.jns.org/jns-tv/axis-of-truth/the-media-network-advancing-qatar-and-irans-agenda
What is Trump's plan for the Middle East?,"“The Meira K Show” brings a fresh, unfiltered look at society and politics in Israel and the Middle East. With her trademark energy and candor, she tackles stories too often ignored or distorted by mainstream media—offering clarity, courage and context in real time. Whether it’s breaking news, border tensions, political drama or cultural shifts, Meira delivers the facts and emotion behind the headlines with honesty and heart. Fast-paced, fearless and fiercely authentic, “The Meira K Show” gives viewers a frontline perspective on Israel’s most pressing challenges and inspiring moments. Each episode captures the urgency of the moment while keeping it grounded in truth and humanity. If you want to stay informed, inspired and connected to the real Israel, this is the show to watch. See more at: @JNS_TV and subscribe to our YouTube channel.",https://www.jns.org/jns-tv/meira-k-show/what-is-trumps-plan-for-the-middle-east,JNS,Meira K,2026-07-27T12:14:34,2026-07-27 13:39:34.882810,https://www.jns.org/jns-tv/meira-k-show/what-is-trumps-plan-for-the-middle-east
Is Iran's regime falling apart?,"“The Quad” is a dynamic weekly panel show hosted by Fleur Hassan-Nahoum, Israel’s innovation envoy and former deputy mayor of Jerusalem. The series brings together a powerhouse lineup of bold, insightful women to tackle the most pressing stories from Israel, the Middle East and the Jewish world. With Fleur at the helm, “The Quad” features regular co-hosts, including Shoshana Keats-Jaskel, founder of Chochmat Nashim; journalist and human-rights activist Emily Schrader and other leading voices shaping conversation and change. Through sharp analysis, diverse perspectives and unapologetic commentary, “The Quad” confronts the complex political, cultural and social challenges facing Israel and the Jewish people. Each episode cuts through noise and narrative spin to deliver insight and debate, and to empower female perspectives on issues that define our time. Bold, informed and refreshingly authentic, “The Quad” redefines how Israel and the Middle East are discussed, one conversation at a time. See more at: @JNS_TV and subscribe to our YouTube channel.",https://www.jns.org/jns-tv/the-quad/is-irans-regime-falling-apart,JNS,Fleur Hassan-Nahoum,2026-07-27T12:25:13,2026-07-27 13:39:34.882736,https://www.jns.org/jns-tv/the-quad/is-irans-regime-falling-apart
Israeli forces nab four Palestinians after off-duty soldier attacked in Hebron Hills,"""All of the terrorists were transferred to the security forces for further investigation,"" authorities added.",https://www.jns.org/news/israel-news/israeli-forces-nab-four-palestinians-after-off-duty-soldier-attacked-in-hebron-hills,JNS,JNS Staff,2026-07-27T12:57:24,2026-07-27 13:39:34.882628,https://www.jns.org/news/israel-news/israeli-forces-nab-four-palestinians-after-off-duty-soldier-attacked-in-hebron-hills
Israel sends three tons of medical aid to Congo amid Ebola epidemic,Foreign Minister Sa'ar hosted his Congolese counterpart in Jerusalem to sign two Memoranda of Understanding.,https://www.jns.org/news/israel-news/israel-sends-three-tons-of-medical-aid-to-congo-amid-ebola-epidemic,JNS,JNS Staff,2026-07-27T12:59:31,2026-07-27 13:39:34.882601,https://www.jns.org/news/israel-news/israel-sends-three-tons-of-medical-aid-to-congo-amid-ebola-epidemic
America’s upper-middle class antisemitism,The Jewish community has become the “safety valve” for this lumpen class’s discontents.,https://www.jns.org/opinion/column/benjamin-kerstein/americas-upper-middle-class-antisemitism,JNS,Benjamin Kerstein,2026-07-27T13:00:00,2026-07-27 13:39:34.882571,https://www.jns.org/opinion/column/benjamin-kerstein/americas-upper-middle-class-antisemitism
Israel: Guterres cements 'infamous legacy' with second term for UN rights chief,"Describing the move as “unprecedented and highly controversial,” Israel’s Foreign Ministry said it ties “the hands of his successor” and degrades the U.N.’s “rules-based order.”",https://www.jns.org/news/world/israel-guterres-cements-infamous-legacy-with-second-term-for-un-rights-chief,JNS,David Isaac,2026-07-27T13:15:00,2026-07-27 13:39:34.882536,https://www.jns.org/news/world/israel-guterres-cements-infamous-legacy-with-second-term-for-un-rights-chief
"‘Politically homeless’: As Maine’s Collins-Jackson Senate race kicks off, some Jewish voters find themselves adrift","(JTA) — BANGOR, Maine — With Maine’s marquee U.S. Senate race now set, many Jewish Democratic voters are confronting a difficult choice: whether concerns over newly nominated Democrat Troy Jackson’s rhetoric on Israel outweighs their longstanding opposition to incumbent Republican Sen. Susan Collins. “I, and many Jews in Maine, certainly feel politically homeless at this... The post ‘Politically homeless’: As Maine’s Collins-Jackson Senate race kicks off, some Jewish voters find themselves adrift appeared first on The Forward .",https://forward.com/fast-forward/840638/politically-homeless-as-maines-collins-jackson-senate-race-kicks-off-some-jewish-voters-find-themselves-adrift/,The Forward,Grace Gilson,2026-07-27T10:51:54,2026-07-27 13:39:27.002037,https://forward.com/?p=840638
"Leaving behind a well-grounded RootOne, Simon Amiel looks to build Jewish identity at Birthright","For the last six years, as executive director of RootOne — an initiative that provides vouchers for and coordinates immersive Israel experiences for high schoolers — Simon Amiel has been at the center of conversations about how young American Jews connect to Israel. As of last month, hes been taking on that work at a... Read More The post Leaving behind a well-grounded RootOne, Simon Amiel looks to build Jewish identity at Birthright appeared first on eJewishPhilanthropy .",https://ejewishphilanthropy.com/leaving-behind-a-well-grounded-rootone-simon-amiel-looks-to-build-jewish-identity-at-birthright/,eJewish Philanthropy,Nira Dayanim,2026-07-27T11:15:22,2026-07-27 13:39:21.918001,https://ejewishphilanthropy.com/?p=177790
Likud regains lead in new poll; opposition falls short of ruling majority without Arab parties,"Netanyahu's party overtook Gadi Eisenkot's Yashar, while the Democrats gained a seat following last week's primaries. Even with a projected majority, the opposition would not succeed in toppling Likud without Arab parties, the poll shows",https://www.haaretz.com/israel-news/elections/2026-07-27/ty-article/.premium/likud-regains-lead-in-new-poll-no-majority-for-opposition-without-arab-parties/0000019f-a2e7-df42-a1df-e7f706fb0000,Haaretz,Haaretz,2026-07-27T10:05:53,2026-07-27 10:43:27.234720,https://www.haaretz.com/israel-news/elections/2026-07-27/ty-article/.premium/likud-regains-lead-in-new-poll-no-majority-for-opposition-without-arab-parties/0000019f-a2e7-df42-a1df-e7f706fb0000
Why Netanyahu is heading to Washington,"Despite what appears to be close coordination, there are concerns that cooperation between Israel and the U.S. needs to be strengthened.",https://www.jns.org/analysis/why-netanyahu-is-heading-to-washington,JNS,Shirit Avitan Cohen,2026-07-27T06:43:59,2026-07-27 10:43:19.660754,https://www.jns.org/analysis/why-netanyahu-is-heading-to-washington
Khamenei says defense of Hezbollah remains Iran's 'strategic mandate',"Any deal with the U.S. must include an ""absolute, unconditional"" end to the fighting in Lebanon, he reiterated.",https://www.jns.org/news/world/khamenei-says-defense-of-hezbollah-remains-irans-strategic-mandate,JNS,JNS Staff,2026-07-27T06:50:05,2026-07-27 10:43:19.660733,https://www.jns.org/news/world/khamenei-says-defense-of-hezbollah-remains-irans-strategic-mandate
Netanyahu slams NYC mayor's 'hate speech' on Fox News,"The Israeli premier linked Mamdani's anti-Israel rhetoric to the stabbing of a Jewish person days later, and warned that an Iranian attack on Israel would trigger a ""very forceful"" response.",https://www.jns.org/news/israel-news/netanyahu-slams-nyc-mayors-hate-speech-on-fox-news,JNS,JNS Staff,2026-07-27T07:06:46,2026-07-27 10:43:19.660712,https://www.jns.org/news/israel-news/netanyahu-slams-nyc-mayors-hate-speech-on-fox-news
Is an Abraham Security Alliance possible in the Middle East?,"The next phase of Mideast security will be determined not only by Iran’s decline, but by whether the U.S. strengthens an Israel-led Abraham Security Alliance, or elevates Turkey as its preferred regional partner.",https://www.jns.org/analysis/is-an-abraham-security-alliance-possible-in-the-middle-east,JNS,Dan Diker,2026-07-27T07:22:56,2026-07-27 10:43:19.660689,https://www.jns.org/analysis/is-an-abraham-security-alliance-possible-in-the-middle-east
Einat Wilf challenges Israel’s left and right with new Oz Party,"Israel’s political future may be changing faster than many realize. In this exclusive interview, former Knesset member Einat Wilf argues that Israel is fighting a battle that extends far beyond rockets and missiles: a global war over narratives that could shape the country’s future. Wilf discusses constitutional reform, the role of the Supreme Court, military service, education, Palestinian identity and the establishment of her new Oz Party. She presents a political vision that challenges ideas associated with both the Israeli right and left, offering insight into the ideological debates shaping Israel’s next chapter. This is the first installment of “Basic Law,” a new interview series exploring the spectrum of Israeli political thought ahead of the country’s next national elections. Throughout the series, leaders from across the political landscape will present their visions for Israel’s future. The Israel Law & Liberty Forum partners with JNS to provide a platform for conservative and classical liberal legal thought from within Israel. The views expressed are those of the speaker and do not necessarily represent the positions of the Forum or JNS. The Forum promotes discussion and debate on key issues involving Israeli law and democracy. It takes no official positions on specific policy issues and does not advocate for particular policies.",https://www.jns.org/jns-tv/basic-law/einat-wilf-challenges-israels-left-and-right-with-new-oz-party,JNS,Aylana Meisel,2026-07-27T07:26:33,2026-07-27 10:43:19.660663,https://www.jns.org/jns-tv/basic-law/einat-wilf-challenges-israels-left-and-right-with-new-oz-party
First Temple-period figurine mold uncovered in Jerusalem excavation,"The find will be housed in an archaeology, art and innovation wing of the Tower of David Museum slated to open in late 2028.",https://www.jns.org/news/israel-news/first-temple-period-figurine-mold-uncovered-in-jerusalem-excavation,JNS,Joshua Marks,2026-07-27T07:37:01,2026-07-27 10:43:19.660585,https://www.jns.org/news/israel-news/first-temple-period-figurine-mold-uncovered-in-jerusalem-excavation
"Iran is playing for time, but Trump may be playing the longer game","In this episode of "" Straight Up "", Daniel Seaman argues that the United States is playing a longer game with Iran than many observers realize, using pressure, timing and targeted attrition to force Tehran toward a weaker negotiating position. Seaman examines the Strait of Hormuz, Iran’s nuclear program, Hezbollah, the Houthis and the Western media narratives shaping public perception of the conflict. He also takes aim at JD Vance’s comments on Joe Rogan, anti-Israel conspiracy theories and the Western tendency to reduce Middle East realities to simplistic narratives. He then connects today’s information war to Tisha B’Av, the Bar Kokhba revolt and this week’s Torah portion, showing why Zionism remains the answer to those who have spent centuries trying to erase the Jewish story.",https://www.jns.org/jns-tv/straight-up/iran-is-playing-for-time-but-trump-may-be-playing-the-longer-game,JNS,Daniel Seaman,2026-07-27T07:38:14,2026-07-27 10:43:19.660563,https://www.jns.org/jns-tv/straight-up/iran-is-playing-for-time-but-trump-may-be-playing-the-longer-game
Herzog: Israel-Bahrain ties a model for Jewish-Muslim coexistence,The Israeli president spoke with the Gulf state’s monarch about their shared goal of “standing up to terror and hate in our region.”,https://www.jns.org/news/israel-news/herzog-israeli-bahraini-ties-a-model-for-jew-and-muslim-coexistence,JNS,JNS Staff,2026-07-27T07:40:01,2026-07-27 10:43:19.660507,https://www.jns.org/news/israel-news/herzog-israeli-bahraini-ties-a-model-for-jew-and-muslim-coexistence
"Trump maintains military option against Iran, Waltz says",The American ambassador stressed the difficulties in striking a resolution with Tehran via diplomatic means.,https://www.jns.org/news/u-s-news/trump-maintains-military-option-against-iran-waltz-says,JNS,JNS Staff,2026-07-27T07:42:45,2026-07-27 10:43:19.660484,https://www.jns.org/news/u-s-news/trump-maintains-military-option-against-iran-waltz-says
Netanyahu departs for Washington ahead of White House meeting,The Israel leader is also set to participate in a memorial service for Sen. Lindsey Graham.,https://www.jns.org/news/israel-news/netanyahu-heads-to-washington-for-white-house-meeting,JNS,JNS Staff,2026-07-27T07:45:00,2026-07-27 10:43:19.660463,https://www.jns.org/news/israel-news/netanyahu-heads-to-washington-for-white-house-meeting
"WATCH: Lindsey Graham compares Trump, Netanyahu to Roosevelt, Churchill",A clip from an upcoming documentary on the late U.S. senator shows him praising the two leaders in the context of confronting Iran.,https://www.jns.org/news/u-s-news/watch-lindsey-graham-compares-trump-netanyahu-to-roosevelt-churchill,JNS,JNS Staff,2026-07-27T07:55:00,2026-07-27 10:43:19.660443,https://www.jns.org/news/u-s-news/watch-lindsey-graham-compares-trump-netanyahu-to-roosevelt-churchill
IDF intercepts two drones near Jordanian border,No air-raid sirens were activated.,https://www.jns.org/news/israel-news/idf-intercepts-two-drones-near-israel-jordan-border,JNS,JNS Staff,2026-07-27T07:58:34,2026-07-27 10:43:19.660420,https://www.jns.org/news/israel-news/idf-intercepts-two-drones-near-israel-jordan-border
Israeli hospital uses mothers’ scents to comfort premature babies during separation,"""It is a simple but powerful tool,"" said the occupational therapists at Hillel Yaffe Medical Center who are running the project.",https://www.jns.org/news/israel-news/israeli-hospital-uses-mothers-scents-to-comfort-premature-babies-during-separation,JNS,Pesach Benson/TPS-IL,2026-07-27T08:11:00,2026-07-27 10:43:19.660402,https://www.jns.org/news/israel-news/israeli-hospital-uses-mothers-scents-to-comfort-premature-babies-during-separation
French Jewish leaders meet Sa’ar amid terror concerns,Israel's foreign minister discussed rising antisemitism with CRIF delegation as France investigates an alleged synagogue attack plot and Toronto probes attacks on Jewish-owned businesses.,https://www.jns.org/news/israel-news/french-jewish-leaders-meet-saar-amid-terror-concerns,JNS,JNS Staff,2026-07-27T08:23:13,2026-07-27 10:43:19.660379,https://www.jns.org/news/israel-news/french-jewish-leaders-meet-saar-amid-terror-concerns
Geert Wilders visits family of IDF soldier killed in Samaria terror shooting,"The Dutch statesman told the grieving widow that ""millions of people all over Europe support her.""",https://www.jns.org/news/israel-news/geert-wilders-visits-family-of-idf-soldier-killed-in-samaria-terror-shooting,JNS,JNS Staff,2026-07-27T08:37:43,2026-07-27 10:43:19.660355,https://www.jns.org/news/israel-news/geert-wilders-visits-family-of-idf-soldier-killed-in-samaria-terror-shooting
Al-Sharaa says security framework with Israel could lead to ‘peace’,The Jewish state currently holds a narrow strip of the Syrian Golan Heights as a security measure against jihadist groups in Syria.,https://www.jns.org/news/israel-news/al-sharaa-says-security-framework-with-israel-could-lead-to-peace,JNS,JNS Staff,2026-07-27T08:55:00,2026-07-27 10:43:19.660333,https://www.jns.org/news/israel-news/al-sharaa-says-security-framework-with-israel-could-lead-to-peace
Trump pauses strikes as Iran tests the next phase,"“Jerusalem Minute” is your JNS weekly news briefing filmed in the JNS Media Hub in Jerusalem, the heart of where some of Israel’s biggest stories unfold. Hosted by Alex Traiman, JNS CEO and Jerusalem bureau chief, and Middle East correspondent Josh Hasten, the show delivers sharp, real-time analysis on the events shaping Israel and the Middle East. From Gaza to Lebanon to Iran’s regional aggression, U.S.-Israel diplomacy and domestic political turmoil, “Jerusalem Minute” offers an up-to-the-minute picture of what’s happening and why it matters. Bring an understanding of the history of the Middle East and insider perspectives, Traiman and Hasten unpack Israel’s most urgent developments. Each episode connects breaking news to the broader geopolitical landscape—examining how global decisions, regional tensions and media narratives impact Israel’s security and diplomacy. For anyone seeking a credible, fast-moving analysis of Israel news and Middle East affairs, “Jerusalem Minute” delivers context and clarity you won’t find anywhere else. See more at: @JNS_TV and subscribe to our YouTube channel.",https://www.jns.org/jns-tv/jlminute/trump-pauses-strikes-as-iran-tests-the-next-phase,JNS,Josh Hasten,2026-07-27T09:22:57,2026-07-27 10:43:19.660308,https://www.jns.org/jns-tv/jlminute/trump-pauses-strikes-as-iran-tests-the-next-phase
IDF soldier found dead at central Israel base,The Military Police has opened an investigation into the incident.,https://www.jns.org/news/israel-news/idf-soldier-found-dead-at-central-israel-base,JNS,JNS Staff,2026-07-27T09:23:28,2026-07-27 10:43:19.660241,https://www.jns.org/news/israel-news/idf-soldier-found-dead-at-central-israel-base
Is Judea and Samaria facing a new terror wave?,"“Judeacation” takes viewers to the heart of Judea and Samaria, where history, faith and modern Israel meet. Hosted by JNS Middle East correspondent Josh Hasten, the series dispels myths and misconceptions about life in the region the world calls the “West Bank,” but which Jews know as the cradle of their civilization. Through on-the-ground reporting and candid conversations with residents, leaders and pioneers, “Judeacation” reveals the truth about the people who live and build in the heart of the Jewish homeland—a place where ancient history and contemporary Zionism intertwine. Each episode offers a look at the realities of Israel’s heartland, countering media bias with firsthand stories of courage, community and connection to the land. Hasten explores topics ranging from security and sovereignty to faith, culture and innovation, spotlighting those shaping Israel’s future from its biblical core. As Hasten often reminds viewers, Jews are called Jews because they come from Judea. And “Judeacation” is where that story continues to unfold. See more at: @JNS_TV and subscribe to our YouTube channel.",https://www.jns.org/jns-tv/judeacation/is-judea-and-samaria-facing-a-new-terror-wave,JNS,Josh Hasten,2026-07-27T09:30:33,2026-07-27 10:43:19.660215,https://www.jns.org/jns-tv/judeacation/is-judea-and-samaria-facing-a-new-terror-wave
Albanese insists Australian Labor Party platform 'balanced' despite parroting Palestinian narrative,"The national platform, meant to guide the party for the next three years, calls for an end to the “occupation"" and condemns ""extremist settler violence.""",https://www.jns.org/news/world/albanese-insists-australian-labor-party-platform-balanced-despite-parroting-palestinian-narrative,JNS,David Isaac,2026-07-27T09:45:00,2026-07-27 10:43:19.660136,https://www.jns.org/news/world/albanese-insists-australian-labor-party-platform-balanced-despite-parroting-palestinian-narrative
Senior Dutch politician says rightist Israelis 'exactly' like Nazis,"Jewish groups and community representatives blast Frans Timmermans, an honorary adviser to the government and king, as an out-of-the-closet antisemite.",https://www.jns.org/news/antisemitism/senior-dutch-politician-says-rightist-israelis-exactly-like-nazis,JNS,Canaan Lidor,2026-07-27T10:01:00,2026-07-27 10:43:19.660101,https://www.jns.org/news/antisemitism/senior-dutch-politician-says-rightist-israelis-exactly-like-nazis
"‘Politically homeless’: As Maine’s Collins-Jackson Senate race kicks off, some Jewish voters find themselves adrift","The November election pits Israel supporter and GOP Sen. Susan Collins against Democrat Troy Jackson, who accuses the country of committing genocide. -- The post ‘Politically homeless’: As Maine’s Collins-Jackson Senate race kicks off, some Jewish voters find themselves adrift appeared first on Jewish Telegraphic Agency .",https://www.jta.org/2026/07/27/politics/politically-homeless-as-maines-collins-jackson-senate-race-kicks-off-some-jewish-voters-find-themselves-adrift,JTA,Grace Gilson,2026-07-27T10:00:41,2026-07-27 10:43:09.236557,https://www.jta.org/?p=1905085
Harold Grinspoon: When a Jewish philanthropist is also a role model,"Today, philanthropist Harold Grinspoon celebrates his 97th birthday, making him one of the oldest active major philanthropists in the world. The title goes hand in hand with his well-earned designation as one of the major Jewish philanthropists of the last half-century. The project that cemented his reputation worldwide was and continues to be PJ Library.... Read More The post Harold Grinspoon: When a Jewish philanthropist is also a role model appeared first on eJewishPhilanthropy .",https://ejewishphilanthropy.com/harold-grinspoon-when-a-jewish-philanthropist-is-also-a-role-model/,eJewish Philanthropy,Rabbi Yitz Greenberg,2026-07-27T07:09:32,2026-07-27 10:43:06.823356,https://ejewishphilanthropy.com/?p=177760
Envisioning Jewish citizenship,"As I sat watching my daughter’s eighth-grade graduation from her small Modern Orthodox day school in Oakland, Calif., I found myself reflecting on how different the Jewish world she is inheriting was from the one I knew at her age. It begins with her classmates, many of whom originally come from (or have parents or... Read More The post Envisioning Jewish citizenship appeared first on eJewishPhilanthropy .",https://ejewishphilanthropy.com/envisioning-jewish-citizenship/,eJewish Philanthropy,Joshua Ladon,2026-07-27T08:21:40,2026-07-27 10:43:06.823318,https://ejewishphilanthropy.com/?p=177778
"Teach Coalition study finds state-funded scholarships go mostly to families, not raising tuition","Three reasons are typically offered to explain the United States’ comparatively low enrollment in Jewish day schools, particularly among non-Orthodox families: chiefly high tuition costs, followed by logistical issues and perceived lack of excellence compared to other education options. To address the costs, a number of philanthropic initiatives have been rolled out over the years... Read More The post Teach Coalition study finds state-funded scholarships go mostly to families, not raising tuition appeared first on eJewishPhilanthropy .",https://ejewishphilanthropy.com/teach-coalition-study-finds-state-funded-scholarships-go-mostly-to-families-not-raising-tuition/,eJewish Philanthropy,Jay Deitcher,2026-07-27T08:44:17,2026-07-27 10:43:06.823272,https://ejewishphilanthropy.com/?p=177762
"Egypt praises Irish law banning imports from Israeli settlements, urges other countries to follow",,https://www.haaretz.com/israel-news/israel-security/2026-07-27/ty-article-live/red-sea-shipping-slows-after-houthi-attacks-data-shows/0000019f-a173-db22-a5df-e5731c7a0000,Haaretz,Haaretz,2026-07-27T03:04:04,2026-07-27 06:31:30.215561,https://www.haaretz.com/israel-news/israel-security/2026-07-27/ty-article-live/red-sea-shipping-slows-after-houthi-attacks-data-shows/0000019f-a173-db22-a5df-e5731c7a0000
"Netanyahu's Trump test: Gaza gestures, Iran tensions and a risky bet","After weeks of friction with Washington, Netanyahu heads to the White House with moves on Gaza and Lebanon aimed at showing he is cooperating with Trump. But Iran remains the central divide, as Netanyahu pushes for renewed military action while Trump leans toward diplomacy",https://www.haaretz.com/israel-news/israel-security/2026-07-27/ty-article/.premium/netanyahus-trump-test-gaza-gestures-iran-tensions-and-a-risky-bet/0000019f-a04a-db22-a5df-e55ae6d00000,Haaretz,Liza Rozovsky,2026-07-27T03:17:23,2026-07-27 06:31:30.215530,https://www.haaretz.com/israel-news/israel-security/2026-07-27/ty-article/.premium/netanyahus-trump-test-gaza-gestures-iran-tensions-and-a-risky-bet/0000019f-a04a-db22-a5df-e55ae6d00000
Trump's fear of a missile shortage shows strategic price of pursuing war,"Trump's hesitation over expanding the war with Iran highlights a strategic dilemma facing Washington and Jerusalem: missile defenses are being consumed faster than they can be replaced. As interceptor stocks shrink, the price of a prolonged conflict is becoming harder to ignore",https://www.haaretz.com/israel-news/israel-security/2026-07-27/ty-article/.premium/trumps-fear-of-a-missile-shortage-shows-strategic-price-of-pursuing-war/0000019f-a0ab-db22-a5df-e5bbf5930000,Haaretz,Oded Yaron,2026-07-27T03:40:43,2026-07-27 06:31:30.215496,https://www.haaretz.com/israel-news/israel-security/2026-07-27/ty-article/.premium/trumps-fear-of-a-missile-shortage-shows-strategic-price-of-pursuing-war/0000019f-a0ab-db22-a5df-e5bbf5930000
Netanyahu is stopping Trump from securing billions for U.S. companies,Netanyahu's surrender to extremist settlers makes it harder for Trump to promote economic opportunities between Israel and the Arab world. American companies are losing tens of billions of dollars as a result,https://www.haaretz.com/opinion/2026-07-27/ty-article-opinion/.premium/netanyahu-is-stopping-trump-from-securing-billions-for-u-s-companies/0000019f-a21b-d114-a59f-ee9fb2a20000,Haaretz,Gershon Baskin,2026-07-27T06:13:49,2026-07-27 06:31:30.215457,https://www.haaretz.com/opinion/2026-07-27/ty-article-opinion/.premium/netanyahu-is-stopping-trump-from-securing-billions-for-u-s-companies/0000019f-a21b-d114-a59f-ee9fb2a20000
UK's new solicitor general under fire for meetings with Hamas figures,"Photographs and reports resurfaced showing Andy Slaughter, one of Prime Minister Andy Burnham's first appointments, meeting Hamas officials during visits to Jerusalem and Gaza in 2010.",https://www.jns.org/news/world/uks-new-solicitor-general-under-fire-for-meetings-with-hamas-figures,JNS,JNS Staff,2026-07-27T03:17:05,2026-07-27 06:31:23.272554,https://www.jns.org/news/world/uks-new-solicitor-general-under-fire-for-meetings-with-hamas-figures
WATCH: Hamas ex-hostages learn they will be grandparents,"Shir Siegel telling her parents, former Hamas hostages Keith and Aviva Siegel, the good news was captured on video.",https://www.jns.org/news/israel-news/watch-hamas-ex-hostages-learn-they-will-be-grandparents,JNS,JNS Staff,2026-07-27T03:56:00,2026-07-27 06:31:23.272525,https://www.jns.org/news/israel-news/watch-hamas-ex-hostages-learn-they-will-be-grandparents
Persian-era coin from Cyprus surfaces on Israeli beach,"The 2,500-year-old find may offer ""significant information about trade ties and movement between Cyprus and the Land of Israel.""",https://www.jns.org/news/israel-news/persian-era-coin-from-cyprus-surfaces-on-israeli-beach,JNS,Pesach Benson/TPS-IL,2026-07-27T04:57:00,2026-07-27 06:31:23.272497,https://www.jns.org/news/israel-news/persian-era-coin-from-cyprus-surfaces-on-israeli-beach
"Rafael-VW plant deal not derailed, German magazine reports",Qatar’s 17% voting stake in Volkswagen is not currently blocking an Iron Dome production deal.,https://www.jns.org/news/israel-news/rafael-vw-plant-deal-not-derailed-german-magazine-reports,JNS,Yaakov Lappin,2026-07-27T04:58:50,2026-07-27 06:31:23.272465,https://www.jns.org/news/israel-news/rafael-vw-plant-deal-not-derailed-german-magazine-reports
Netanyahu: ICC dismissal of Karim Khan ‘exposes the truth’,"The former chief prosecutor issued arrest warrants against him “to divert attention from the allegations against him,"" the Israeli premier said.",https://www.jns.org/news/israel-news/netanyahu-icc-dismissal-of-karim-khan-exposes-the-truth,JNS,JNS Staff,2026-07-27T05:30:58,2026-07-27 06:31:23.272437,https://www.jns.org/news/israel-news/netanyahu-icc-dismissal-of-karim-khan-exposes-the-truth
IDF eliminates Hamas drone cell chief in central Gaza,"Hamam Eid was responsible for producing UAVs in Gaza's central camps sector, according to the Israeli military.",https://www.jns.org/news/israel-news/idf-eliminates-hamas-drone-cell-chief-in-central-gaza,JNS,JNS Staff,2026-07-27T05:35:32,2026-07-27 06:31:23.272403,https://www.jns.org/news/israel-news/idf-eliminates-hamas-drone-cell-chief-in-central-gaza
Smotrich to JNS: 'We are in an election campaign that pits the right against the left',The Religious Zionism Party held its internal primaries ahead of the Oct. 27 national elections.,https://www.jns.org/news/israel-news/smotrich-to-jns-we-are-in-an-election-campaign-that-pits-the-right-against-the-left,JNS,Amelie Botbol,2026-07-27T05:58:57,2026-07-27 06:31:23.272375,https://www.jns.org/news/israel-news/smotrich-to-jns-we-are-in-an-election-campaign-that-pits-the-right-against-the-left
Tehran threatens retaliation for Kyiv attack on Iranian ship 'at the behest of Israel',"Ukrainian President Volodymyr Zelenskyy said his armed forces struck targets in the Caspian Sea, including military cargo shipments involving Iran.",https://www.jns.org/news/world/tehran-kyiv-attack-on-iranian-ship-cannot-go-unanswered,JNS,JNS Staff,2026-07-27T06:19:17,2026-07-27 06:31:23.272340,https://www.jns.org/news/world/tehran-kyiv-attack-on-iranian-ship-cannot-go-unanswered
What Will It Take?,An open revolt for Jewish rights and protections is going to have to come from Jews finally making demands and fighting back—or not at all. The post What Will It Take? appeared first on Jewish Journal .,https://jewishjournal.com/commentary/opinion/390473/what-will-it-take/,Jewish Journal,Thane Rosenbaum,2026-07-27T06:29:01,2026-07-27 06:31:20.720568,https://jewishjournal.com/?p=390473
The ‘Are we there yet?’ mentality,"Nobody expects an oak tree to grow in a year. Farmers do not dig up crops every fortnight to check whether the roots are growing. We understand instinctively that some things take time. They require patient investment and consistent care, sometimes for years before anyone notices the results. Yet when it comes to how the... Read More The post The ‘Are we there yet?’ mentality appeared first on eJewishPhilanthropy .",https://ejewishphilanthropy.com/the-are-we-there-yet-mentality/,eJewish Philanthropy,Yos Tarshish,2026-07-27T03:30:42,2026-07-27 06:31:10.964010,https://ejewishphilanthropy.com/?p=177750
Israeli High Court declines to recognize hostage killed by military as fallen IDF soldier,"The justices ruled that the circumstances of the hostage's death, who was accidentally shot by IDF troops while escaping captivity in Gaza, do not fall under cases in which the law recognizes a civilian killed in action as an IDF casualty",https://www.haaretz.com/israel-news/israel-security/2026-07-27/ty-article/.premium/top-court-declines-to-recognize-hostage-killed-by-army-as-fallen-soldier/0000019f-9f52-db22-a5df-ff52f8dc0000,Haaretz,Chen Maanit,2026-07-26T23:07:14,2026-07-27 02:57:58.486614,https://www.haaretz.com/israel-news/israel-security/2026-07-27/ty-article/.premium/top-court-declines-to-recognize-hostage-killed-by-army-as-fallen-soldier/0000019f-9f52-db22-a5df-ff52f8dc0000
Court extends detention of suspects over arson of Shabbat-open cafe,"Police are investigating whether the suspects were behind repeated fires at Benedita cafe and whether opposition to its opening on Shabbat was the motive. After the latest arson, the Ramat Gan Mayor vowed municipal support for the business and called for another weekend-open cafe on the street",https://www.haaretz.com/israel-news/israel-crime/2026-07-27/ty-article/.premium/court-extends-detention-of-suspects-over-arson-of-shabbat-open-cafe/0000019f-a134-ddea-abdf-fb3d85a50000,Haaretz,Yair Foldes,2026-07-27T02:01:02,2026-07-27 02:57:58.486570,https://www.haaretz.com/israel-news/israel-crime/2026-07-27/ty-article/.premium/court-extends-detention-of-suspects-over-arson-of-shabbat-open-cafe/0000019f-a134-ddea-abdf-fb3d85a50000
Campaign ads must disclose AI use under new election rules,"The rules require prominent labels for campaign content created or significantly altered using AI, including in videos, radio and print ads. Justice Noam Sohlberg said the measures are intended to preserve public trust in elections as artificial intelligence becomes more widespread",https://www.haaretz.com/israel-news/israel-politics/2026-07-27/ty-article/.premium/campaign-ads-must-disclose-ai-use-under-new-election-rules/0000019f-a0a9-dcf3-a9df-a7bb647a0000,Haaretz,Chen Maanit,2026-07-27T02:33:01,2026-07-27 02:57:58.486531,https://www.haaretz.com/israel-news/israel-politics/2026-07-27/ty-article/.premium/campaign-ads-must-disclose-ai-use-under-new-election-rules/0000019f-a0a9-dcf3-a9df-a7bb647a0000
The missing terrorists: Lee Mordechai’s distorted Gaza narrative,"The Israeli military has reported on tens of thousands of eliminated operatives, yet the historian gives the impression that not a single armed combatant lives in the coastal enclave.",https://www.jns.org/opinion/shlomi-ben-meir/the-missing-terrorists-lee-mordechais-distorted-gaza-narrative,JNS,Shlomi Ben Meir,2026-07-27T00:30:00,2026-07-27 02:57:50.851117,https://www.jns.org/opinion/shlomi-ben-meir/the-missing-terrorists-lee-mordechais-distorted-gaza-narrative
Israeli High Court declines to recognize hostage killed by military as fallen IDF soldier,"The justices ruled that the circumstances of the hostage's death, who was accidentally shot by IDF troops while escaping captivity in Gaza, do not fall under cases in which the law recognizes a civilian killed in action as an IDF casualty",https://www.haaretz.com/gaza/2026-07-27/ty-article/.premium/top-court-declines-to-recognize-hostage-killed-by-army-as-fallen-soldier/0000019f-9f52-db22-a5df-ff52f8dc0000,Haaretz,Chen Maanit,2026-07-26T23:07:14,2026-07-27 00:00:20.998451,https://www.haaretz.com/gaza/2026-07-27/ty-article/.premium/top-court-declines-to-recognize-hostage-killed-by-army-as-fallen-soldier/0000019f-9f52-db22-a5df-ff52f8dc0000
Charges dropped against senior Israeli police officer accused of sexual harassment,"The senior officer, who serves in the police's major crimes unit, was suspected of sexually harassing a female officer who served under his command. Sources say that she has faced hostility from commanders since the charges became public and was encouraged to leave the unit",https://www.haaretz.com/israel-news/israel-security/2026-07-27/ty-article/.premium/charges-dropped-against-senior-police-officer-accused-of-sexual-harassment/0000019f-9d65-dcf3-a9df-9f774de40000,Haaretz,Josh Breiner,2026-07-26T23:07:55,2026-07-27 00:00:20.998416,https://www.haaretz.com/israel-news/israel-security/2026-07-27/ty-article/.premium/charges-dropped-against-senior-police-officer-accused-of-sexual-harassment/0000019f-9d65-dcf3-a9df-9f774de40000
Police chief opposed law weakening police misconduct watchdog,"Before the law passed, Commissioner Danny Levy warned colleagues that giving politicians control over the watchdog could deter officers from pursuing corruption cases. Senior Shin Bet and law enforcement officials voiced similar concerns, Haaretz has learned",https://www.haaretz.com/israel-news/israel-politics/2026-07-27/ty-article/.premium/police-chief-had-opposed-the-newlaw-weakening-police-probe-unit/0000019f-a046-db22-a5df-e5569d320000,Haaretz,Josh Breiner,2026-07-26T23:16:55,2026-07-27 00:00:20.998374,https://www.haaretz.com/israel-news/israel-politics/2026-07-27/ty-article/.premium/police-chief-had-opposed-the-newlaw-weakening-police-probe-unit/0000019f-a046-db22-a5df-e5569d320000
They can't say that they weren't warned,,https://www.haaretz.com/opinion/editorial/2026-07-27/ty-article-opinion/they-cant-say-that-they-werent-warned/0000019f-a00e-dcf3-a9df-a71e51bf0000,Haaretz,Haaretz Editorial,2026-07-26T22:46:48,2026-07-26 22:59:01.634520,https://www.haaretz.com/opinion/editorial/2026-07-27/ty-article-opinion/they-cant-say-that-they-werent-warned/0000019f-a00e-dcf3-a9df-a71e51bf0000
The father of the 'processes' doctrine is ignorant of the processes,,https://www.haaretz.com/opinion/2026-07-27/ty-article-opinion/.premium/the-father-of-the-processes-doctrine-is-ignorant-of-the-processes/0000019f-9fc1-df92-a7ff-bfc34ba80000,Haaretz,Odeh Bisharat,2026-07-26T22:47:57,2026-07-26 22:59:01.634495,https://www.haaretz.com/opinion/2026-07-27/ty-article-opinion/.premium/the-father-of-the-processes-doctrine-is-ignorant-of-the-processes/0000019f-9fc1-df92-a7ff-bfc34ba80000
The state is teaching citizens to bypass the law,,https://www.haaretz.com/opinion/2026-07-27/ty-article-opinion/.premium/the-state-is-teaching-citizens-to-bypass-the-law/0000019f-9fbf-df92-a7ff-bfbfee2a0000,Haaretz,Pasit Siach,2026-07-26T22:48:04,2026-07-26 22:59:01.634467,https://www.haaretz.com/opinion/2026-07-27/ty-article-opinion/.premium/the-state-is-teaching-citizens-to-bypass-the-law/0000019f-9fbf-df92-a7ff-bfbfee2a0000
Minimizing harm to civilians? The genocide continues,"The scale of death and destruction in Gaza is clear to all, yet the discourse among Israeli Jews, genocide has been swallowed up into a black hole as if it never happened",https://www.haaretz.com/opinion/2026-07-27/ty-article-opinion/.premium/minimizing-harm-to-civilians-the-genocide-continues/0000019f-9fc1-df92-a7ff-bfc3b6480000,Haaretz,Ilana Hammerman,2026-07-26T22:48:43,2026-07-26 22:59:01.634431,https://www.haaretz.com/opinion/2026-07-27/ty-article-opinion/.premium/minimizing-harm-to-civilians-the-genocide-continues/0000019f-9fc1-df92-a7ff-bfc3b6480000
"Israel beats the drums of war with Iran, but Trump is not picking up the tune","The Iran developments offer three possibilities: the situation remains fluid, Trump's statements should not be taken at face value, and Israeli readings of U.S. intentions require skepticism. If the Gulf does not escalate, the West Bank will",https://www.haaretz.com/israel-news/2026-07-27/ty-article/.premium/israel-beats-the-drums-of-war-with-iran-but-trump-is-not-picking-up-the-tune/0000019f-9fed-db22-a5df-ffff6e790000,Haaretz,Amos Harel,2026-07-26T21:16:40,2026-07-26 22:00:03.768707,https://www.haaretz.com/israel-news/2026-07-27/ty-article/.premium/israel-beats-the-drums-of-war-with-iran-but-trump-is-not-picking-up-the-tune/0000019f-9fed-db22-a5df-ffff6e790000
"Minister who urged risking hostages to win Gaza war, judicial coup architect top Religious Zionism primary","The top three consist of Settlements Minister Strock, who has described the government's tenure as an 'era of miracles,' Rothman, banned from Australia over saying Gaza's children are enemies, and Succot, who tried twice to break into Arab schools",https://www.haaretz.com/israel-news/elections/2026-07-26/ty-article/.premium/minister-who-urged-risking-hostages-to-win-war-tops-religious-zionism-primary/0000019f-9fa6-df92-a7ff-bfa626eb0000,Haaretz,Yael Freidson,2026-07-26T19:32:36,2026-07-26 20:58:34.901328,https://www.haaretz.com/israel-news/elections/2026-07-26/ty-article/.premium/minister-who-urged-risking-hostages-to-win-war-tops-religious-zionism-primary/0000019f-9fa6-df92-a7ff-bfa626eb0000
"Iran to halt attacks as long as U.S. maintains latest pause, Iranian source says","The Pentagon suspended bombing operations after nearly two weeks of escalating strikes. Meanwhile, Saudi television channel Al Hadath reported that the United States and Iran had responded to mediators' proposals aimed at restarting talks between the two countries",https://www.haaretz.com/middle-east-news/iran/2026-07-26/ty-article/iran-says-it-will-halt-attacks-as-long-as-u-s-maintains-pause-in-fighting/0000019f-9fd5-d114-a59f-dfddc2190000,Haaretz,Rawan Suleiman,2026-07-26T20:41:24,2026-07-26 20:58:34.901293,https://www.haaretz.com/middle-east-news/iran/2026-07-26/ty-article/iran-says-it-will-halt-attacks-as-long-as-u-s-maintains-pause-in-fighting/0000019f-9fd5-d114-a59f-dfddc2190000
Israeli Defense Minister Katz visits jailed settler suspected in violent raid on Palestinian community,"Katz visits hunger-striking settler Tal Yinon Dardik – suspected of taking part in a March attack on a Palestinian village that allegedly involved sexual abuse and looting – as ministers and MKs call for his release, citing his deteriorating health",https://www.haaretz.com/israel-news/israel-politics/2026-07-26/ty-article/.premium/defense-minister-katz-visits-jailed-settler-suspected-in-violent-west-bank-raid/0000019f-9e70-dcf3-a9df-9f726b200000,Haaretz,Yaniv Kubovich,2026-07-26T18:01:34,2026-07-26 19:12:56.755064,https://www.haaretz.com/israel-news/israel-politics/2026-07-26/ty-article/.premium/defense-minister-katz-visits-jailed-settler-suspected-in-violent-west-bank-raid/0000019f-9e70-dcf3-a9df-9f726b200000
"For Israel, the U.S.-Saudi nuclear deal is a major strategic failure","The agreement between Washington and Riyadh could create a regional nuclear arms race, while forgoing the only advantage Israel wanted to gain from it: Saudi normalization",https://www.haaretz.com/opinion/2026-07-26/ty-article-opinion/.premium/for-israel-the-u-s-saudi-nuclear-deal-is-a-major-strategic-failure/0000019f-9f89-dcf3-a9df-9f9b8afa0000,Haaretz,Or Rabinowitz,2026-07-26T18:36:51,2026-07-26 19:12:56.755018,https://www.haaretz.com/opinion/2026-07-26/ty-article-opinion/.premium/for-israel-the-u-s-saudi-nuclear-deal-is-a-major-strategic-failure/0000019f-9f89-dcf3-a9df-9f9b8afa0000
The missing piece of Israel’s venture capital story,This is not a market waiting to be rescued; the strongest capital in the world never left it.,https://www.jns.org/opinion/jacob-cordas/the-missing-piece-of-israels-venture-capital-story,JNS,Jacob Cordas,2026-07-26T18:00:00,2026-07-26 19:12:49.418694,https://www.jns.org/opinion/jacob-cordas/the-missing-piece-of-israels-venture-capital-story
World Jewish leader meets Iranian Crown Prince Reza Pahlavi,"“Iran and Israel are the only two countries on this planet that have a biblical relationship,” the exiled Iranian Crown Prince Reza Pahlavi said.",https://www.jns.org/news/world/world-jewish-leader-meets-iranian-crown-prince-reza-pahlavi,JNS,Etgar Lefkovits,2026-07-26T18:09:59,2026-07-26 19:12:49.418665,https://www.jns.org/news/world/world-jewish-leader-meets-iranian-crown-prince-reza-pahlavi
"Toronto police probing gunfire, broken window at two locations of Jewish-owned bakery chain Kiva's as hate crimes","""These attacks come amid a broader rise in violent extremism across Canada and other Western democracies—a toxic brew of anti-Zionist rhetoric, local criminal elements, Iranian-backed proxies and ISIS-inspired terrorism,"" CIJA stated.",https://www.jns.org/news/world/toronto-police-probing-gunfire-broken-window-at-two-locations-of-jewish-owned-bakery-chain-kivas-as-hate-crimes,JNS,JNS Staff,2026-07-26T18:34:05,2026-07-26 19:12:49.418629,https://www.jns.org/news/world/toronto-police-probing-gunfire-broken-window-at-two-locations-of-jewish-owned-bakery-chain-kivas-as-hate-crimes
"After New York stabbing, Netanyahu says Mamdani is making Jews less safe","Israeli Prime Minister Benjamin Netanyahu accused New York City Mayor Zohran Mamdani of “fomenting” hate and making Jews less safe through his fierce criticism of Israel. Netanyahu suggested the mayor’s rhetoric on the Gaza war contributed to the climate that led to Thursday’s stabbing of an Orthodox man outside a Manhattan synagogue. “I don&#8217;t think... The post After New York stabbing, Netanyahu says Mamdani is making Jews less safe appeared first on The Forward .",https://forward.com/news/840536/netanyahu-mamdani-stabbing-antisemitism-jews/,The Forward,Jacob Kornbluh,2026-07-26T18:12:59,2026-07-26 19:12:42.768042,https://forward.com/?p=840536
Red Sea rupture: Will the Houthis bring Trump and Iran back to the table?,The Red Sea blockade and exchange of strikes are no longer merely a local conflict. Further escalation between the Yemen-based Houthis and Riyadh would come at a steep cost for Saudi Arabia – and could shape Trump's next moves against Tehran,https://www.haaretz.com/middle-east-news/iran/2026-07-26/ty-article/.premium/red-sea-rupture-will-the-houthis-bring-trump-and-iran-back-to-the-table/0000019f-9dff-db22-a5df-fdff84fd0000,Haaretz,Zvi Bar'el,2026-07-26T17:00:06,2026-07-26 18:02:45.457935,https://www.haaretz.com/middle-east-news/iran/2026-07-26/ty-article/.premium/red-sea-rupture-will-the-houthis-bring-trump-and-iran-back-to-the-table/0000019f-9dff-db22-a5df-fdff84fd0000
"Netanyahu says Mamdani foments hatred against Jewish New Yorkers, dismisses 'bogus' ICC charges","Speaking to Fox News, Netanyahu was responding to Mamdani's statements last week that the city lacks the authority to execute an International Criminal Court warrant for the prime minister's arrest. The prime minister also accused Mamdani of supporting genocide",https://www.haaretz.com/us-news/2026-07-26/ty-article/.premium/netanyahu-dismisses-icc-charges-says-mamdani-inciting-against-new-york-jews/0000019f-9f1e-db22-a5df-ff1e9ea80000,Haaretz,Haaretz,2026-07-26T17:05:21,2026-07-26 18:02:45.457900,https://www.haaretz.com/us-news/2026-07-26/ty-article/.premium/netanyahu-dismisses-icc-charges-says-mamdani-inciting-against-new-york-jews/0000019f-9f1e-db22-a5df-ff1e9ea80000
"Halfway through 2026, daring to be different is Hollywood's best bet","A $750,000 horror film outdrew the franchise reboots, two YouTube directors became the year's biggest story and Christopher Nolan turned Homer into a blockbuster – plus a rare Israeli showing at Venice",https://www.haaretz.com/life/2026-07-26/ty-article-magazine/.premium/halfway-through-2026-daring-to-be-different-is-hollywoods-best-bet/0000019f-9eb1-dcf3-a9df-9fb3aef90000,Haaretz,Adrian Hennigan,2026-07-26T17:16:31,2026-07-26 18:02:45.457858,https://www.haaretz.com/life/2026-07-26/ty-article-magazine/.premium/halfway-through-2026-daring-to-be-different-is-hollywoods-best-bet/0000019f-9eb1-dcf3-a9df-9fb3aef90000
German police reportedly kill Islamist suspect after Berlin Pride crowd ramming,"After mowing people down with the vehicle, the attacker injured some with a bladed weapon, thought to have been a machete, according to German Interior Minister Alexander Dobrindt",https://www.haaretz.com/world-news/europe/2026-07-26/ty-article/.premium/german-poilice-reportedly-kill-islamist-suspect-after-berlin-pride-crowd-ramming/0000019f-9f18-df42-a1df-ff79f7d70000,Haaretz,Reuters,2026-07-26T17:18:22,2026-07-26 18:02:45.457824,https://www.haaretz.com/world-news/europe/2026-07-26/ty-article/.premium/german-poilice-reportedly-kill-islamist-suspect-after-berlin-pride-crowd-ramming/0000019f-9f18-df42-a1df-ff79f7d70000
"In D.C., Netanyahu will bid farewell both to Lindsey Graham and unconditional U.S. support","It is only fitting that the Israeli PM should be there to send off Lindsey Graham, a politician who represented the special U.S.-Israel relationship that Netanyahu is, more than most, responsible for killing",https://www.haaretz.com/israel-news/haaretz-today/2026-07-26/ty-article/.highlight/in-d-c-netanyahu-will-send-off-both-graham-and-unconditional-u-s-support/0000019f-9eb9-dcf3-a9df-9fbbfb060000,Haaretz,Allison Kaplan Sommer,2026-07-26T17:25:46,2026-07-26 18:02:45.457794,https://www.haaretz.com/israel-news/haaretz-today/2026-07-26/ty-article/.highlight/in-d-c-netanyahu-will-send-off-both-graham-and-unconditional-u-s-support/0000019f-9eb9-dcf3-a9df-9fbbfb060000
Syrian president al-Sharaa: Syria seeking security agreement with Israel to pave way for peace,"In an interview with Al Jazeera, al-Sharaa also said that Syria is trying to assist the Lebanese government, but will not intervene militarily in the country's efforts to dismantle Hezbollah's military power",https://www.haaretz.com/middle-east-news/syria/2026-07-26/ty-article/.premium/syrian-president-syria-seeking-security-deal-with-israel-to-pave-way-for-peace/0000019f-9e8f-dcf3-a9df-9f9f55d40000,Haaretz,Jack Khoury,2026-07-26T17:43:50,2026-07-26 18:02:45.457762,https://www.haaretz.com/middle-east-news/syria/2026-07-26/ty-article/.premium/syrian-president-syria-seeking-security-deal-with-israel-to-pave-way-for-peace/0000019f-9e8f-dcf3-a9df-9f9f55d40000
Netanyahu: IDF ready to expand operations against 'terror nests' in West Bank,"Defense Minister Israel Katz said that Israel's policy against Palestinian terrorism in the West Bank remains 'clear, determined and offensive,' claiming IDF operations have reduced what he called 'terror attacks' by more than 80 percent",https://www.haaretz.com/israel-news/israel-security/2026-07-26/ty-article/.premium/netanyahu-idf-ready-to-expand-operations-against-terror-nests-in-west-bank/0000019f-9ed9-df42-a1df-fff95dab0000,Haaretz,Jonathan Lis,2026-07-26T17:51:27,2026-07-26 18:02:45.457724,https://www.haaretz.com/israel-news/israel-security/2026-07-26/ty-article/.premium/netanyahu-idf-ready-to-expand-operations-against-terror-nests-in-west-bank/0000019f-9ed9-df42-a1df-fff95dab0000
America’s journey from Europe to Jerusalem,"Europe is uprooting its past, while the United States is deepening its ideological roots by coming home to Zion.",https://www.jns.org/opinion/gol-kalev/americas-journey-from-europe-to-jerusalem,JNS,Gol Kalev,2026-07-26T15:30:00,2026-07-26 18:02:38.705778,https://www.jns.org/opinion/gol-kalev/americas-journey-from-europe-to-jerusalem
Israel’s shameful West Bank front,"Two mosques burned in the West Bank on Sunday. One, in the village of Qusra south of Nablus, was torched and defaced with graffiti reading &#8220;Revenge for Benayahu,&#8221; referring to Benayahu Mellet, who was killed in the deadly clashes near the village of Tel two days earlier. Another mosque, in the village of Kur, was... The post Israel&#8217;s shameful West Bank front appeared first on The Forward .",https://forward.com/opinion/840524/israel-west-bank-mosques-burned/,The Forward,Dan Perry,2026-07-26T16:20:32,2026-07-26 18:02:31.420192,https://forward.com/?p=840524
"'Debased' Cypriot coin from 2,500 years ago found on Israeli beach","Generally, the siglos was made of silver, but this one has a base metal inside, suggesting a king under stress – or ancient skullduggery",https://www.haaretz.com/archaeology/2026-07-26/ty-article-magazine/debased-cypriot-coin-from-2-500-years-ago-found-on-israeli-beach/0000019f-9e98-db22-a5df-ff9a78170000,Haaretz,Ruth Schuster,2026-07-26T15:58:24,2026-07-26 16:10:38.307065,https://www.haaretz.com/archaeology/2026-07-26/ty-article-magazine/debased-cypriot-coin-from-2-500-years-ago-found-on-israeli-beach/0000019f-9e98-db22-a5df-ff9a78170000
Herzog congratulates Bahrain's king on 'bold leadership and vision',"""We discussed the friendship and relations between Israel and Bahrain, as well as the importance of the U.S.-led Abraham Accords,"" Isaac Herzog said.",https://www.jns.org/news/israel-news/herzog-congratulates-bahrains-king-on-bold-leadership-and-vision,JNS,JNS Staff,2026-07-26T15:49:27,2026-07-26 16:10:31.521284,https://www.jns.org/news/israel-news/herzog-congratulates-bahrains-king-on-bold-leadership-and-vision
How the Sea of Galilee's Trapezoid beach ignited a battle over modesty,"The reopening of a rare free public beach in Tiberias has divided the city, after ultra-Orthodox demands for modesty prompted the overnight installation of barriers and hedges. Secular residents call it religious coercion; both sides say they will not back down",https://www.haaretz.com/israel-news/travel/2026-07-26/ty-article/.premium/how-the-sea-of-galilees-trapezoid-beach-ignited-a-battle-over-modesty/0000019f-8ea1-dea1-a7bf-eeb9e2a20000,Haaretz,Eitan Leshem,2026-07-26T14:06:38,2026-07-26 15:06:00.463965,https://www.haaretz.com/israel-news/travel/2026-07-26/ty-article/.premium/how-the-sea-of-galilees-trapezoid-beach-ignited-a-battle-over-modesty/0000019f-8ea1-dea1-a7bf-eeb9e2a20000
Israeli security cabinet approves entry of Trump's Board of Peace into Gaza,"The decision, one day before Netanyahu is set to fly to Washington to meet Trump, also allows a small multinational peacekeeping force into Gaza, along with a Palestinian technocratic committee. Ben-Gvir objected to the move",https://www.haaretz.com/israel-news/israel-security/2026-07-26/ty-article/israeli-security-cabinet-approves-entry-of-trumps-board-of-peace-into-gaza/0000019f-9ecb-d114-a59f-dedf95ff0000,Haaretz,Jonathan Lis,2026-07-26T14:45:38,2026-07-26 15:06:00.463934,https://www.haaretz.com/israel-news/israel-security/2026-07-26/ty-article/israeli-security-cabinet-approves-entry-of-trumps-board-of-peace-into-gaza/0000019f-9ecb-d114-a59f-dedf95ff0000
"Nolan's ""Odyssey"" is set in Greece, but is really all about America",Christopher Nolan's ambitious adaptation of Homer's epic poem tells us more about the America that made it than about the ancient Greece it depicts,https://www.haaretz.com/opinion/2026-07-26/ty-article-opinion/.premium/nolans-odyssey-is-set-in-greece-but-is-really-all-about-america/0000019f-9ee2-df42-a1df-fff38d130000,Haaretz,Yonatan Touval,2026-07-26T15:01:18,2026-07-26 15:06:00.463898,https://www.haaretz.com/opinion/2026-07-26/ty-article-opinion/.premium/nolans-odyssey-is-set-in-greece-but-is-really-all-about-america/0000019f-9ee2-df42-a1df-fff38d130000
Fire destroys Chabad center in Ukrainian city where founding rabbi buried,The cause of the blaze near the grave of Rabbi Shneur Zalman of Liadi was not immediately clear.,https://www.jns.org/news/world/fire-destroys-chabad-center-in-ukrainian-city-where-founding-rabbi-buried,JNS,JNS Staff,2026-07-26T14:24:01,2026-07-26 15:05:52.171730,https://www.jns.org/news/world/fire-destroys-chabad-center-in-ukrainian-city-where-founding-rabbi-buried
"Report: Trump delays Iran escalation over air defense supply concerns, risk of broader regional war","According to The New York Times, Trump was concerned that a broader military operation could deplete U.S. air defense stockpiles and trigger a wider regional conflict. Haaretz reported Saturday that Israeli officials had anticipated a large-scale U.S. operation against Iran over the weekend",https://www.haaretz.com/us-news/2026-07-26/ty-article/report-trump-delays-iran-escalation-over-air-defense-supply-concerns/0000019f-9d98-dcf3-a9df-9f9a67d70000,Haaretz,Haaretz,2026-07-26T11:20:02,2026-07-26 13:23:34.754910,https://www.haaretz.com/us-news/2026-07-26/ty-article/report-trump-delays-iran-escalation-over-air-defense-supply-concerns/0000019f-9d98-dcf3-a9df-9f9a67d70000
Knesset legal adviser: Law shielding Haredi draft dodgers undermines IDF needs,The Knesset Legal Adviser told Israel's top court that the law was enacted through a flawed legislative process and contradicts the military's position on the need for additional troops and criminal enforcement against draft evaders,https://www.haaretz.com/israel-news/israel-politics/2026-07-26/ty-article/.premium/knesset-legal-adviser-law-shielding-haredi-draft-dodgers-undermines-idf-needs/0000019f-9df6-d114-a59f-ddff4cd60000,Haaretz,Chen Maanit,2026-07-26T12:12:33,2026-07-26 13:23:34.754877,https://www.haaretz.com/israel-news/israel-politics/2026-07-26/ty-article/.premium/knesset-legal-adviser-law-shielding-haredi-draft-dodgers-undermines-idf-needs/0000019f-9df6-d114-a59f-ddff4cd60000
Far-right Religious Zionism to hold primaries as polls show party clearing electoral threshold,"Party leader Bezalel Smotrich announced that one place on the slate is reserved for Zvika Mor, whose son, Eitan, was taken hostage on October 7, 2023. Among the leading contenders is Omer Rahamim, director of the Yesha Council, the umbrella body representing West Bank settlements",https://www.haaretz.com/israel-news/elections/2026-07-26/ty-article/.premium/far-right-religious-zionism-to-hold-primaries-after-comeback-in-polls/0000019f-9d1d-df92-a7ff-bf9fe9780000,Haaretz,Yael Freidson,2026-07-26T12:23:33,2026-07-26 13:23:34.754835,https://www.haaretz.com/israel-news/elections/2026-07-26/ty-article/.premium/far-right-religious-zionism-to-hold-primaries-after-comeback-in-polls/0000019f-9d1d-df92-a7ff-bf9fe9780000
Iran warns renewed US attacks would lead to expanded war,"The Revolutionary Guards threatens Israel, the United Kingdom and the Gulf states.",https://www.jns.org/news/u-s-news/iran-warns-us-against-renewed-attacks-warns-of-expanded-war,JNS,JNS Staff,2026-07-26T11:20:45,2026-07-26 13:23:27.126078,https://www.jns.org/news/u-s-news/iran-warns-us-against-renewed-attacks-warns-of-expanded-war
Netanyahu: Iran to top agenda during Washington visit,"""I will fly to Washington to meet, at his invitation, with President Trump,"" the premier said.",https://www.jns.org/news/israel-news/netanyahu-iran-to-top-agenda-during-washington-visit,JNS,JNS Staff,2026-07-26T11:50:20,2026-07-26 13:23:27.126047,https://www.jns.org/news/israel-news/netanyahu-iran-to-top-agenda-during-washington-visit
Israel bans imports made with forced labor in wake of US tariff policy,"The Cabinet decision instructs the minister of economy and industry to prohibit the import of such products, in accordance with accepted standards in international law.",https://www.jns.org/news/israel-news/israel-bans-imports-made-with-forced-labor-in-wake-of-us-tariff-policy,JNS,JNS Staff,2026-07-26T12:04:46,2026-07-26 13:23:27.126021,https://www.jns.org/news/israel-news/israel-bans-imports-made-with-forced-labor-in-wake-of-us-tariff-policy
Israel Police arrest northern resident over Havat Gilad post,"The suspect's writing about the deadly Samaria shooting prompted an investigation and the seizure of ammunition, cash and fireworks.",https://www.jns.org/news/israel-news/israel-police-arrest-northern-resident-over-havat-gilad-post,JNS,JNS Staff,2026-07-26T12:20:00,2026-07-26 13:23:27.125990,https://www.jns.org/news/israel-news/israel-police-arrest-northern-resident-over-havat-gilad-post
Japanese terrorist behind 1972 Lod Airport massacre dies,"The Japanese Red Army member, who helped kill 26 people, lived in Lebanon since his release in a 1985 prisoner exchange.",https://www.jns.org/news/israel-news/japanese-terrorist-behind-1972-lod-airport-massacre-dies,JNS,JNS Staff,2026-07-26T12:43:00,2026-07-26 13:23:27.125957,https://www.jns.org/news/israel-news/japanese-terrorist-behind-1972-lod-airport-massacre-dies
"MAGA influencer Laura Loomer mounts Jewish apology tour in Ukraine, meeting with Zelensky and rabbi","(JTA) — MAGA firebrand Laura Loomer, who is warring with anti-Israel figures on the right, is invoking her Judaism as she pulls an about-face on a former hobbyhorse of hers: Ukraine. Loomer interviewed Ukrainian President Volodymyr Zelensky on a visit to the country this week, asking him about his Jewish identity and the country’s antisemitism... The post MAGA influencer Laura Loomer mounts Jewish apology tour in Ukraine, meeting with Zelensky and rabbi appeared first on The Forward .",https://forward.com/fast-forward/840437/maga-influencer-laura-loomer-mounts-jewish-apology-tour-in-ukraine-meeting-with-zelensky-and-rabbi/,The Forward,Andrew Lapin,2026-07-26T12:31:02,2026-07-26 13:23:19.495225,https://forward.com/?p=840437
Maine Democratic Senate nominee Troy Jackson raises eyebrows in the Jewish community,"(JTA) — BANGOR, Maine – Throughout his two-decade-long career as a state lawmaker in Maine, Troy Jackson built his political brand around labor and economic issues. But as the former logger and state Senate president now seeks a seat in the U.S. Senate, Jackson has begun staking out positions on something new — Israel. Facing... The post Maine Democratic Senate nominee Troy Jackson raises eyebrows in the Jewish community appeared first on The Forward .",https://forward.com/fast-forward/840479/maine-democratic-senate-nominee-troy-jackson-raises-eyebrows-in-the-jewish-community/,The Forward,Grace Gilson,2026-07-26T12:32:44,2026-07-26 13:23:19.495175,https://forward.com/?p=840479
"Troy Jackson wins Maine Democratic Senate nomination, keeps mum on Israel, AIPAC","(JTA) — BANGOR, Maine – Troy Jackson accepted the Democratic nomination for Maine’s U.S. Senate race on Saturday with no mention of Israel, sidestepping an issue that has become a focal point for many Maine Jews as they assess the party’s new standard-bearer. Jackson secured the nomination in a landslide 566 to 5 vote by... The post Troy Jackson wins Maine Democratic Senate nomination, keeps mum on Israel, AIPAC appeared first on The Forward .",https://forward.com/fast-forward/840503/troy-jackson-wins-maine-democratic-senate-nomination-keeps-mum-on-israel-aipac/,The Forward,Grace Gilson,2026-07-26T12:34:03,2026-07-26 13:23:19.495118,https://forward.com/?p=840503
"For 963 days, a father confronted Israel's leaders. Now his protest is over",,https://www.haaretz.com/israel-news/2026-07-26/ty-article-magazine/.premium/protest-encampment-in-jerusalem-comes-down-but-hostage-families-keep-fighting/0000019f-9aba-d114-a59f-debf0ef50000,Haaretz,Nir Hasson,2026-07-26T09:50:43,2026-07-26 11:19:25.272568,https://www.haaretz.com/israel-news/2026-07-26/ty-article-magazine/.premium/protest-encampment-in-jerusalem-comes-down-but-hostage-families-keep-fighting/0000019f-9aba-d114-a59f-debf0ef50000
In the name of Jewish supremacy: How Israeli TV distorted this weekend's West Bank violence,"When Israeli officials make suggestions like destroying a Palestinian city or village after a fatal clash with settlers, the television anchors merely ask for details",https://www.haaretz.com/israel-news/israel-politics/2026-07-26/ty-article/.premium/in-the-name-of-jewish-supremacy-how-israeli-tv-distorts-west-bank-violence/0000019f-9d90-d114-a59f-dd9d2cdc0000,Haaretz,Yasmin Levy,2026-07-26T10:27:13,2026-07-26 11:19:25.272535,https://www.haaretz.com/israel-news/israel-politics/2026-07-26/ty-article/.premium/in-the-name-of-jewish-supremacy-how-israeli-tv-distorts-west-bank-violence/0000019f-9d90-d114-a59f-dd9d2cdc0000
Can religious Zionists save Netanyahu – or sink him?,"Once the right's most reliable voters, many now say polarization, reserve duty and the Haredi draft exemption have left them politically homeless",https://www.haaretz.com/israel-news/elections/2026-07-26/ty-article-magazine/.premium/can-religious-zionists-save-netanyahu-or-sink-him/0000019f-9d01-d356-ab9f-bda1073c0000,Haaretz,Yael Freidson,2026-07-26T10:50:25,2026-07-26 11:19:25.272498,https://www.haaretz.com/israel-news/elections/2026-07-26/ty-article-magazine/.premium/can-religious-zionists-save-netanyahu-or-sink-him/0000019f-9d01-d356-ab9f-bda1073c0000
How Qatar helped create today’s socialist movement,Affinities of ideology and rhetoric have allowed an Islamist network to infiltrate the American left.,https://www.jns.org/opinion/max-blankfeld/how-qatar-helped-create-todays-socialist-movement,JNS,Max Blankfeld,2026-07-26T09:15:00,2026-07-26 11:19:18.290893,https://www.jns.org/opinion/max-blankfeld/how-qatar-helped-create-todays-socialist-movement
Italian airline suspends flights to Israel,ITA Airways' move followed a security alert issued by the U.S. embassy in Jerusalem over heightened regional tensions.,https://www.jns.org/news/israel-news/italian-airline-suspends-flights-to-israel,JNS,Etgar Lefkovits,2026-07-26T09:22:24,2026-07-26 11:19:18.290859,https://www.jns.org/news/israel-news/italian-airline-suspends-flights-to-israel
Anti-Israel activists heckle French-Jewish DJ,"Barbara Butch was chased off stage in Grenoble, where she filed a police complaint against far-left figures who harassed her on stage.",https://www.jns.org/news/world/anti-israel-activists-heckle-french-jewish-dj,JNS,JNS Staff,2026-07-26T09:42:37,2026-07-26 11:19:18.290833,https://www.jns.org/news/world/anti-israel-activists-heckle-french-jewish-dj
Israeli tech fund aids startups squeezed by weak greenback,The 1 billion shekel fast-track initiative gives early-stage companies an extra six months of operational runway to combat the strong shekel.,https://www.jns.org/news/israel-news/israeli-tech-fund-aids-startups-squeezed-by-weak-greenback,JNS,JNS Staff,2026-07-26T09:50:11,2026-07-26 11:19:18.290806,https://www.jns.org/news/israel-news/israeli-tech-fund-aids-startups-squeezed-by-weak-greenback
Seven Palestinians arrested after Israeli assaulted at Gush Etzion farm,"An Israeli civilian, struck with a club, sustained light injuries.",https://www.jns.org/news/israel-news/seven-palestinians-arrested-after-israeli-assaulted-at-gush-etzion-farm,JNS,JNS Staff,2026-07-26T09:58:48,2026-07-26 11:19:18.290777,https://www.jns.org/news/israel-news/seven-palestinians-arrested-after-israeli-assaulted-at-gush-etzion-farm
Israel extends reserve call-up authority,"The maximum number of reservists who may be called up will be reduced from 280,000 to 240,000.",https://www.jns.org/news/israel-news/israel-extends-reserve-call-up-authority,JNS,JNS Staff,2026-07-26T10:38:24,2026-07-26 11:19:18.290750,https://www.jns.org/news/israel-news/israel-extends-reserve-call-up-authority
Herzl's grandparents will be reburied in Jerusalem,The remains of Shimon and Rivka Herzl are to be brought from Belgrade in the coming days and reinterred beside the Zionist visionary on Mount Herzl.,https://www.jns.org/news/israel-news/herzls-grandparents-will-be-reburied-in-jerusalem,JNS,JNS Staff,2026-07-26T10:42:21,2026-07-26 11:19:18.290716,https://www.jns.org/news/israel-news/herzls-grandparents-will-be-reburied-in-jerusalem
Why no one worships Odysseus anymore — but Jews still live by the Tanakh,"What one rabbi learned watching ""The Odyssey"" in Tel Aviv. -- The post Why no one worships Odysseus anymore — but Jews still live by the Tanakh appeared first on Jewish Telegraphic Agency .",https://www.jta.org/2026/07/26/ideas/why-no-one-worships-odysseus-anymore-but-jews-still-live-by-the-bible,JTA,Rabbi Benjamin Resnick,2026-07-26T10:00:16,2026-07-26 11:19:08.455281,https://www.jta.org/?p=1904931
'Not a one-man party': Likud blocks Netanyahu bid to scrap primaries,"The party tribunal accepted a petition against Netanyahu's proposal to cancel the Knesset slate primaries during a state of emergency, suggesting they instead be postponed or conducted electronically",https://www.haaretz.com/israel-news/elections/2026-07-26/ty-article/.premium/not-a-one-man-party-likud-blocks-netanyahu-bid-to-scrap-primaries/0000019f-9d2d-d114-a59f-ddbd356f0000,Haaretz,Michael Hauser Tov,2026-07-26T07:01:04,2026-07-26 09:13:12.742015,https://www.haaretz.com/israel-news/elections/2026-07-26/ty-article/.premium/not-a-one-man-party-likud-blocks-netanyahu-bid-to-scrap-primaries/0000019f-9d2d-d114-a59f-ddbd356f0000
Drone falls near Ben-Gvir's Judea home; incident under investigation,"""The minister and his family are safe,"" according to the Israeli national security minister's office.",https://www.jns.org/news/israel-news/drone-falls-near-ben-gvirs-judea-home-incident-under-investigation,JNS,JNS Staff,2026-07-26T06:22:08,2026-07-26 09:13:05.746323,https://www.jns.org/news/israel-news/drone-falls-near-ben-gvirs-judea-home-incident-under-investigation
Stanford Analysis ranks Ben-Gurion University third globally for Unicorn Founders,"According to a Stanford University Graduate School of Business study, Ben-Gurion University of the Negev ranks first among Israeli academic institutions in graduates' odds of founding a company worth over a billion dollars (a unicorn).",https://www.jns.org/wire/ben-gurion-university-of-the-negev/stanford-analysis-ranks-ben-gurion-university-third-globally-for-unicorn-founders,JNS,,2026-07-26T06:40:45,2026-07-26 09:13:05.746298,https://www.jns.org/wire/ben-gurion-university-of-the-negev/stanford-analysis-ranks-ben-gurion-university-third-globally-for-unicorn-founders
"Gaza strikes kill three Hamas commanders, including Oct. 7 terrorist","Muhannad Asaad Mahmoud Abu Ghazal, a Nukhba Force cell commander, infiltrated the Kissufim area on Oct. 7.",https://www.jns.org/news/israel-news/gaza-strikes-kill-three-hamas-commanders-including-oct-7-terrorist,JNS,JNS Staff,2026-07-26T06:43:55,2026-07-26 09:13:05.746262,https://www.jns.org/news/israel-news/gaza-strikes-kill-three-hamas-commanders-including-oct-7-terrorist
Israel advances plans for 853 new homes in Judea and Samaria,"The proposal includes 763 homes in the Samaria town of Eli, which would roughly triple the size of the community.",https://www.jns.org/news/israel-news/israel-advances-plans-for-853-new-homes-in-judea-and-samaria,JNS,JNS Staff,2026-07-26T07:11:11,2026-07-26 09:13:05.746236,https://www.jns.org/news/israel-news/israel-advances-plans-for-853-new-homes-in-judea-and-samaria
"One dead, 16 wounded in suspected Islamist terror attack in Berlin","A suspect remains at large after ramming a vehicle into crowds at the city's Pride celebration, sparking a massive manhunt.",https://www.jns.org/news/world/one-dead-16-wounded-in-suspected-islamist-terror-attack-in-berlin,JNS,JNS Staff,2026-07-26T07:34:44,2026-07-26 09:13:05.746210,https://www.jns.org/news/world/one-dead-16-wounded-in-suspected-islamist-terror-attack-in-berlin
IDF bars Palestinian workers from Judea and Samaria communities after attacks,They can still work in industrial zones.,https://www.jns.org/news/israel-news/idf-bars-palestinian-workers-from-judea-and-samaria-communities-after-attacks,JNS,JNS Staff,2026-07-26T07:48:00,2026-07-26 09:13:05.746183,https://www.jns.org/news/israel-news/idf-bars-palestinian-workers-from-judea-and-samaria-communities-after-attacks
Danon slams Guterres for not visiting Israel since Oct. 7,"During a visit to Damascus, the U.N. chief called the Golan Heights ""Syrian territory.""",https://www.jns.org/news/world/danon-slams-guterres-for-not-visiting-israel-since-oct-7,JNS,JNS Staff,2026-07-26T08:11:00,2026-07-26 09:13:05.746159,https://www.jns.org/news/world/danon-slams-guterres-for-not-visiting-israel-since-oct-7
CENTCOM: US naval blockade of Iran remains in full effect,"American forces redirected 12 vessels, disabled two and boarded two others to ensure compliance.",https://www.jns.org/news/world/centcom-us-naval-blockade-of-iran-remains-in-full-effect,JNS,JNS Staff,2026-07-26T08:29:12,2026-07-26 09:13:05.746134,https://www.jns.org/news/world/centcom-us-naval-blockade-of-iran-remains-in-full-effect
PA deputy chief congratulates new Hamas leader al-Hayya,"The Palestinian Authority is ""hand-in-hand"" with the terrorist group, Israel's Foreign Ministry says.",https://www.jns.org/news/israel-news/pa-deputy-chief-congratulates-new-hamas-leader-al-hayya,JNS,JNS Staff,2026-07-26T09:06:46,2026-07-26 09:13:05.746100,https://www.jns.org/news/israel-news/pa-deputy-chief-congratulates-new-hamas-leader-al-hayya
Israeli Settlers push relentless escalation in the West Bank as Palestinian restraint begins to crack,"Settler incursions, expanding outposts and the military's response have created conditions in which confrontation, as seen in the deadly clashes over the weekend, was increasingly inevitable",https://www.haaretz.com/west-bank/2026-07-26/ty-article/.premium/settlers-push-for-escalation-in-west-bank-as-palestinian-restraint-wears-thin/0000019f-9abe-df42-a1df-ffff2d9e0000,Haaretz,Amira Hass,2026-07-26T05:38:58,2026-07-26 06:06:53.328877,https://www.haaretz.com/west-bank/2026-07-26/ty-article/.premium/settlers-push-for-escalation-in-west-bank-as-palestinian-restraint-wears-thin/0000019f-9abe-df42-a1df-ffff2d9e0000
"Gov't officials fueling violence against Palestinians in West Bank, IDF officials say","The IDF raided Palestinian localities across the West Bank on Saturday after two Israelis and four Palestinians were killed near Nablus a day earlier, warning the escalating violence could require calling up reservists and deploying additional battalions.",https://www.haaretz.com/west-bank/2026-07-26/ty-article/.premium/govt-fueling-violence-against-palestinians-in-west-bank-idf-officials-say/0000019f-9afd-df42-a1df-fffd510d0000,Haaretz,Yaniv Kubovich,2026-07-26T06:01:28,2026-07-26 06:06:53.328841,https://www.haaretz.com/west-bank/2026-07-26/ty-article/.premium/govt-fueling-violence-against-palestinians-in-west-bank-idf-officials-say/0000019f-9afd-df42-a1df-fffd510d0000
The Haredi draft debate is becoming a political weapon,Any lasting solution will require more than legislation or enforcement measures.,https://www.jns.org/opinion/mordechai-traiman/the-haredi-draft-debate-is-becoming-a-political-weapon,JNS,Mordechai Traiman,2026-07-26T03:45:00,2026-07-26 06:06:46.281566,https://www.jns.org/opinion/mordechai-traiman/the-haredi-draft-debate-is-becoming-a-political-weapon
Turkey emerges as Hamas’s new strategic safe haven,"Following the degradation of the group's military infrastructure in Gaza, its external leadership has consolidated in Istanbul, raising new questions about Turkey’s role and the West’s counter-terrorism strategy.",https://www.jns.org/analysis/turkey-emerges-as-hamass-new-strategic-safe-haven,JNS,Yoni Ben Menachem,2026-07-26T04:37:00,2026-07-26 06:06:46.281541,https://www.jns.org/analysis/turkey-emerges-as-hamass-new-strategic-safe-haven
'It's escalating': IDF increasingly concerned by illegal crossings into Syria,"Activists are growing violent and jeopardizing their safety and that of soldiers, security source tells JNS.",https://www.jns.org/news/israel-news/its-escalating-idf-increasingly-concerned-by-illegal-crossings-into-syria,JNS,Yaakov Lappin,2026-07-26T05:15:21,2026-07-26 06:06:46.281509,https://www.jns.org/news/israel-news/its-escalating-idf-increasingly-concerned-by-illegal-crossings-into-syria
For whom the bell polls,"All electoral surveys should be taken with a grain of cynicism, especially those presented as some kind of gold standard for showing a left-wing victory.",https://www.jns.org/opinion/column/ruthie-blum/for-whom-the-bell-polls,JNS,Ruthie Blum,2026-07-26T05:22:00,2026-07-26 06:06:46.281482,https://www.jns.org/opinion/column/ruthie-blum/for-whom-the-bell-polls
Israeli elections 2026: Meet the parliament—MK Mickey Levy,"The next government must secure the nation's future through economic strength, internal security and diplomatic agreements, the former Jerusalem police chief tells JNS.",https://www.jns.org/feature/israeli-elections-2026-meet-the-parliament-mk-mickey-levy,JNS,Amelie Botbol,2026-07-26T05:22:34,2026-07-26 06:06:46.281454,https://www.jns.org/feature/israeli-elections-2026-meet-the-parliament-mk-mickey-levy
Israeli forces map homes of terrorists who carried out shooting near Havat Gilad,"""The homes of both terrorists were mapped in preparation for the temporary sealing of the buildings,"" the IDF said.",https://www.jns.org/news/israel-news/israeli-forces-map-homes-of-terrorists-who-carried-out-shooting-near-havat-gilad,JNS,JNS Staff,2026-07-26T05:36:12,2026-07-26 06:06:46.281422,https://www.jns.org/news/israel-news/israeli-forces-map-homes-of-terrorists-who-carried-out-shooting-near-havat-gilad
How Haredi parties mastered Israeli politics,"Despite holding a fraction of Knesset seats, Shas and United Torah Judaism have become indispensable coalition partners, reshaping Israeli politics.",https://www.jns.org/feature/how-haredi-parties-mastered-israeli-politics,JNS,Shimon Sherman,2026-07-26T06:00:04,2026-07-26 06:06:46.281384,https://www.jns.org/feature/how-haredi-parties-mastered-israeli-politics
How Arab party leader Mansour Abbas changed Israel's political game,"Abbas cracked open Israel's political map after long years of paralysis – from a game of recognition to a game of influence. He's an exceptional politician who not only heads a pragmatic Arab party, but also undermines the very facade of Israeli politics",https://www.haaretz.com/opinion/2026-07-26/ty-article-opinion/.premium/how-arab-party-leader-mansour-abbas-changed-israels-political-game/0000019f-9a90-db22-a5df-ff929d620000,Haaretz,Shani Pocker,2026-07-26T01:41:03,2026-07-26 02:54:06.542989,https://www.haaretz.com/opinion/2026-07-26/ty-article-opinion/.premium/how-arab-party-leader-mansour-abbas-changed-israels-political-game/0000019f-9a90-db22-a5df-ff929d620000
Friday's West Bank pogroms show Yair Golan is neither 'left' nor 'peace' – just another ultranationalist general,"What happened in the West Bank village of Tell was a settler-provoked pogrom blocked by Palestinian residents. But to Golan, 'Terror must be defeated with a strong military arm' – his Democrats are just another party of occupation and apartheid",https://www.haaretz.com/opinion/2026-07-26/ty-article-opinion/.premium/fridays-west-bank-pogroms-show-yair-golan-is-another-ultranationalist-general/0000019f-9a90-db22-a5df-ff92587f0000,Haaretz,Gideon Levy,2026-07-26T02:14:29,2026-07-26 02:54:06.542949,https://www.haaretz.com/opinion/2026-07-26/ty-article-opinion/.premium/fridays-west-bank-pogroms-show-yair-golan-is-another-ultranationalist-general/0000019f-9a90-db22-a5df-ff92587f0000
"By choosing pathetic populism, Israel's Defense Minister Katz shows contempt for the IDF","Israel Katz heads the Defense Ministry during one of Israel's most critical periods, with three active fronts. Instead of confronting those challenges, he has embraced populism that disparages the IDF while defending Haredi draft dodgers",https://www.haaretz.com/opinion/2026-07-26/ty-article-opinion/.premium/choosing-pathetic-populism-defense-minister-katz-shows-contempt-for-the-idf/0000019f-9a91-df92-a7ff-be9314540000,Haaretz,Sami Peretz,2026-07-26T02:49:14,2026-07-26 02:54:06.542907,https://www.haaretz.com/opinion/2026-07-26/ty-article-opinion/.premium/choosing-pathetic-populism-defense-minister-katz-shows-contempt-for-the-idf/0000019f-9a91-df92-a7ff-be9314540000
Does Trump prefer Erdoğan to Netanyahu?,We must ask whether the administration wants deals with the Turkish dictator more than promoting peace and stability.,https://www.jns.org/opinion/joseph-puder/does-trump-prefer-erdogan-to-netanyahu,JNS,Joseph Puder,2026-07-26T01:30:00,2026-07-26 02:53:58.840724,https://www.jns.org/opinion/joseph-puder/does-trump-prefer-erdogan-to-netanyahu
"End the Hasbara campaigns: Israel needs accountability, not more public relations","It may be a cliché, but it's still the truth: Israel has a reality problem because of its policies, not a hasbara problem. No campaign can fix policies, as Netanyahu will discover this week in Washington",https://www.haaretz.com/opinion/editorial/2026-07-26/ty-article-opinion/end-the-hasbara-campaigns-israel-needs-accountability-not-more-public-relations/0000019f-9aed-db22-a5df-ffffe6ea0000,Haaretz,Haaretz Editorial,2026-07-25T23:39:33,2026-07-26 00:01:18.069315,https://www.haaretz.com/opinion/editorial/2026-07-26/ty-article-opinion/end-the-hasbara-campaigns-israel-needs-accountability-not-more-public-relations/0000019f-9aed-db22-a5df-ffffe6ea0000
"Israel caught off guard as Trump decided last minute not to strike Iran, return to negotiations","An Israeli source said the IDF is prepared for an American escalation against Tehran, should Trump ultimately decide to proceed. Trump told Axios Israel would join the operation 'in two minutes if I ask them to,' but warned of 'consequences' to Israel should it join",https://www.haaretz.com/israel-news/israel-security/2026-07-25/ty-article/.premium/israel-caught-off-guard-as-trump-decided-last-minute-not-to-strike-iran/0000019f-9abf-d114-a59f-debfe8a70000,Haaretz,Jonathan Lis,2026-07-25T20:56:57,2026-07-25 21:56:48.868923,https://www.haaretz.com/israel-news/israel-security/2026-07-25/ty-article/.premium/israel-caught-off-guard-as-trump-decided-last-minute-not-to-strike-iran/0000019f-9abf-d114-a59f-debfe8a70000
Golan accuses Netanyahu of turning West Bank into 'powder keg' at protest rally,,https://www.haaretz.com/israel-news/israel-security/2026-07-26/ty-article-live/golan-accuses-netanyahu-of-turning-west-bank-into-powder-keg-at-protest-rally/0000019f-9b1d-db22-a5df-ff1f35660005,Haaretz,Haaretz,2026-07-25T21:11:46,2026-07-25 21:56:48.868804,https://www.haaretz.com/israel-news/israel-security/2026-07-26/ty-article-live/golan-accuses-netanyahu-of-turning-west-bank-into-powder-keg-at-protest-rally/0000019f-9b1d-db22-a5df-ff1f35660005
UN chief slams Israel's holding of Golan Heights in first visit to Syria since 2009,"Guterres is also set to visit the UN peacekeeping force in the Golan Heights, where tensions have risen since Assad's fall. 'What is happening in the region is totally unacceptable,' he said",https://www.haaretz.com/middle-east-news/syria/2026-07-25/ty-article/un-chief-slams-israels-holding-of-golan-heights-in-first-visit-to-postwar-syria/0000019f-9985-d1a3-adff-fbd70ef30000,Haaretz,Liza Rozovsky,2026-07-25T20:44:39,2026-07-25 20:54:01.567462,https://www.haaretz.com/middle-east-news/syria/2026-07-25/ty-article/un-chief-slams-israels-holding-of-golan-heights-in-first-visit-to-postwar-syria/0000019f-9985-d1a3-adff-fbd70ef30000
A settler march to Gaza unveils the face of Netanyahu's government,The event's insanity wasn't the Israelis who dream of settling the enclave but the state indulging fantasies of ethnic cleansing,https://www.haaretz.com/opinion/2026-07-25/ty-article-opinion/.premium/a-settler-march-to-gaza-unveils-the-face-of-netanyahus-government/0000019f-8f77-de9f-afdf-af77ab270000,Haaretz,Yoana Gonen,2026-07-25T18:35:20,2026-07-25 19:08:11.832739,https://www.haaretz.com/opinion/2026-07-25/ty-article-opinion/.premium/a-settler-march-to-gaza-unveils-the-face-of-netanyahus-government/0000019f-8f77-de9f-afdf-af77ab270000
"Eight arrested in Tel Aviv as Israelis rally against Netanyahu gov't, Jewish terror in West Bank","The protesters arrested were the left-wing activists who took part in a rally against the surge in settler violence in the West Bank. Some 3,000 rallied in the Democrats' inaugural election campaign demonstration in Tel Aviv, and thousands more across Israel",https://www.haaretz.com/israel-news/elections/2026-07-25/ty-article/.premium/eight-arrested-in-tel-aviv-as-israelis-protest-netanyahu-govt-jewish-terror/0000019f-9a6b-db22-a5df-ff7ba06b0000,Haaretz,Yair Foldes,2026-07-25T18:58:30,2026-07-25 19:08:11.832703,https://www.haaretz.com/israel-news/elections/2026-07-25/ty-article/.premium/eight-arrested-in-tel-aviv-as-israelis-protest-netanyahu-govt-jewish-terror/0000019f-9a6b-db22-a5df-ff7ba06b0000
"Palestinians wound, snatch weapon of reservist IDF soldier in Hebron region","“The terror against the communities is escalating to a very dangerous stage,” the head of Mount Hebron Regional Council said.",https://www.jns.org/news/israel-news/palestinians-wound-snatch-weapon-of-reservist-idf-soldier-in-hebron-region,JNS,JNS Staff,2026-07-25T18:08:06,2026-07-25 19:08:03.826188,https://www.jns.org/news/israel-news/palestinians-wound-snatch-weapon-of-reservist-idf-soldier-in-hebron-region
"Troy Jackson wins Maine Democratic Senate nomination, keeps mum on Israel, AIPAC","The logger and former lawmaker is taking on Republican Sen. Susan Collins, who is seeking her sixth term. -- The post Troy Jackson wins Maine Democratic Senate nomination, keeps mum on Israel, AIPAC appeared first on Jewish Telegraphic Agency .",https://www.jta.org/2026/07/25/politics/troy-jackson-wins-maine-democratic-senate-nomination-keeps-mum-on-israel-aipac,JTA,Grace Gilson,2026-07-25T18:04:08,2026-07-25 19:07:53.800797,https://www.jta.org/?p=1905077
Greece to purchase air defense system from Israel worth $4 billion,Radars and missiles of Rafael Advanced Defense Systems and Israel Aerospace Industries will form the bulk of the arms involved in the contract.,https://www.jns.org/news/israel-news/greece-to-purchase-air-defense-system-from-israel-worth-4-billion,JNS,JNS Staff,2026-07-25T16:34:05,2026-07-25 17:58:44.735576,https://www.jns.org/news/israel-news/greece-to-purchase-air-defense-system-from-israel-worth-4-billion
Woman calls Jewish leader ‘evil Zionist’ at Bondi Beach massacre site,The offender is reportedly a public servant out on bail for staging a fake bomb threat outside a synagogue in Sydney.,https://www.jns.org/news/antisemitism/woman-calls-jewish-leader-evil-zionist-at-bondi-beach-massacre-site,JNS,JNS Staff,2026-07-25T17:31:07,2026-07-25 17:58:44.735538,https://www.jns.org/news/antisemitism/woman-calls-jewish-leader-evil-zionist-at-bondi-beach-massacre-site
Maine Democrats nominate Troy Jackson as Graham Platner's replacement in key Senate race,"Like Platner, Jackson will run on a progressive platform with fundamentally altering the U.S.-Israel relationship serving as a key tentpole. 'Anybody with eyes and a heart knows the Israeli government is committing genocide in Gaza,' he said earlier this year",https://www.haaretz.com/us-news/2026-07-25/ty-article/.premium/maine-democrats-pick-troy-jackson-as-graham-platners-senate-race-replacement/0000019f-99eb-d1a3-adff-fbfbb4420000,Haaretz,Haaretz,2026-07-25T15:41:05,2026-07-25 16:08:56.946365,https://www.haaretz.com/us-news/2026-07-25/ty-article/.premium/maine-democrats-pick-troy-jackson-as-graham-platners-senate-race-replacement/0000019f-99eb-d1a3-adff-fbfbb4420000
"Following terror attack, Israeli forces arrest 70 suspects across Judea and Samaria","Israel will reach all of those involved in the deadly shootings near Havat Gilad, IDF chief says.",https://www.jns.org/news/israel-news/following-terror-attack-israeli-forces-arrest-70-suspects-across-judea-and-samaria,JNS,JNS Staff,2026-07-25T15:16:01,2026-07-25 16:08:49.875927,https://www.jns.org/news/israel-news/following-terror-attack-israeli-forces-arrest-70-suspects-across-judea-and-samaria
US summons Malaysian envoy over barring of duel American-Israeli citizen,“Our immigration policy does not recognise the State of Israel or the Zionist regime. This has long been our ⁠position.”,https://www.jns.org/news/u-s-news/us-summons-malaysian-envoy-over-barring-of-duel-american-israeli-citizen,JNS,JNS Staff,2026-07-25T15:28:58,2026-07-25 16:08:49.875896,https://www.jns.org/news/u-s-news/us-summons-malaysian-envoy-over-barring-of-duel-american-israeli-citizen
The Ro Khanna stunt and Israel’s missing strategic response,"The U.S. congressman’s visit underscores the need for a national strategy to counter political provocation, coordinated influence operations, and the erosion of Israel’s diplomatic legitimacy.",https://www.jns.org/analysis/the-ro-khanna-stunt-and-israels-missing-strategic-response,JNS,Dan Diker,2026-07-25T16:03:02,2026-07-25 16:08:49.875855,https://www.jns.org/analysis/the-ro-khanna-stunt-and-israels-missing-strategic-response
France to charge six in foiled synagogue attack,"The suspects planned to carry out a terrorist attack out of Islamist motives, the prosecutor said.",https://www.jns.org/news/antisemitism/france-to-charge-six-in-foiled-synagogue-attack,JNS,JNS Staff,2026-07-25T14:08:08,2026-07-25 15:02:57.478714,https://www.jns.org/news/antisemitism/france-to-charge-six-in-foiled-synagogue-attack
How Qatar’s 'AJ+' is shaping Gen Z’s view of Israel,"In polished English and under a veneer of Western progressivism, Doha is serving millions of young people around the world a poisoned arrow dipped in honey.",https://www.jns.org/analysis/how-qatars-aj-is-shaping-gen-zs-view-of-israel,JNS,Shachar Kleiman,2026-07-25T12:13:09,2026-07-25 13:49:24.790112,https://www.jns.org/analysis/how-qatars-aj-is-shaping-gen-zs-view-of-israel
Israel and Turkey compete for regional hegemony,The strategic center of gravity in the Middle East is gradually shifting from the confrontation with Iran to the struggle over the balance of power between Jerusalem and Ankara.,https://www.jns.org/analysis/israel-and-turkey-compete-for-regional-hegemony,JNS,Yoni Ben Menachem,2026-07-25T12:46:26,2026-07-25 13:49:24.790078,https://www.jns.org/analysis/israel-and-turkey-compete-for-regional-hegemony
"IDF, Shin Bet target Hamas sites across Gaza","The Islamist group is attempting to rebuild its military capabilities and terrorist infrastructure, the Israeli army said.",https://www.jns.org/news/israel-news/idf-shin-bet-target-hamas-sites-across-gaza,JNS,JNS Staff,2026-07-25T13:39:11,2026-07-25 13:49:24.790038,https://www.jns.org/news/israel-news/idf-shin-bet-target-hamas-sites-across-gaza
Trump reportedly forced to switch aircraft following Iranian threat in Turkey last month,"The Secret Service urged Trump to switch aircraft on his flight back from Turkey, where he was attending a NATO leaders' summit earlier this month, according to a report by the New York Times",https://www.haaretz.com/us-news/2026-07-25/ty-article/.premium/trump-reportedly-urged-to-swap-aircraft-at-nato-summit-following-iranian-threat/0000019f-9840-db22-a5df-fd520c0e0000,Haaretz,Haaretz,2026-07-25T08:18:53,2026-07-25 10:27:43.377883,https://www.haaretz.com/us-news/2026-07-25/ty-article/.premium/trump-reportedly-urged-to-swap-aircraft-at-nato-summit-following-iranian-threat/0000019f-9840-db22-a5df-fd520c0e0000
IDF conducts extensive raids in the West Bank after Friday clash left six dead,The operation comes after two Israelis and four Palestinians were killed near Nablus on Friday in a clash that developed after armed Israeli settlers entered the Palestinian town of Tell and a resident seized one of the settlers' weapons,https://www.haaretz.com/west-bank/2026-07-25/ty-article/.premium/idf-conducts-extensive-raids-in-the-west-bank-after-friday-clash-left-six-dead/0000019f-984e-db22-a5df-fd5e0e6f0000,Haaretz,Jack Khoury,2026-07-25T09:30:25,2026-07-25 10:27:43.377842,https://www.haaretz.com/west-bank/2026-07-25/ty-article/.premium/idf-conducts-extensive-raids-in-the-west-bank-after-friday-clash-left-six-dead/0000019f-984e-db22-a5df-fd5e0e6f0000
No U.S. strikes reported in Iran as Trump says talks with Tehran continue,Trump said Iran would 'love to make a deal' and that the war 'is going extremely well. Don't believe the fake news' while speaking at the White House Correspondents' Association dinner. He is is set to meet Netanyahu on Tuesday,https://www.haaretz.com/middle-east-news/iran/2026-07-25/ty-article/.premium/no-u-s-strikes-reported-in-iran-as-trump-says-talks-with-tehran-continue/0000019f-97bd-df92-a7ff-b7bfc1530000,Haaretz,Haaretz,2026-07-25T06:37:20,2026-07-25 08:07:16.523633,https://www.haaretz.com/middle-east-news/iran/2026-07-25/ty-article/.premium/no-u-s-strikes-reported-in-iran-as-trump-says-talks-with-tehran-continue/0000019f-97bd-df92-a7ff-b7bfc1530000
Israel's Magyar moment? Hungary's lesson is that populists must be defeated on their own turf,There's no need to look for an Israeli counterpart to the man who unseated Viktor Orbán. The real lesson from the recent Hungarian elections is that the populists' rules of the game must be broken,https://www.haaretz.com/opinion/2026-07-25/ty-article-magazine/.highlight/israels-magyar-moment-hungarys-lesson-defeat-populists-on-their-own-turf/0000019f-97f4-db22-a5df-f7f6f15d0000,Haaretz,Hadas Aron,2026-07-25T07:05:36,2026-07-25 08:07:16.523600,https://www.haaretz.com/opinion/2026-07-25/ty-article-magazine/.highlight/israels-magyar-moment-hungarys-lesson-defeat-populists-on-their-own-turf/0000019f-97f4-db22-a5df-f7f6f15d0000
Attorney General to court: Annul 'discriminatory' law that freezes Haredi draft dodgers' arrest,"In her response to the High Court, Baharav-Miara wrote that the arrest law creates selective and discriminatory enforcement, which contradicts the fundamental principle of equality before the law. The High Court is set to discuss the petitions against the law on Tuesday",https://www.haaretz.com/israel-news/israel-politics/2026-07-25/ty-article/.premium/attorney-general-discriminatory-law-shielding-draft-evaders-must-be-annulled/0000019f-96d3-d084-adbf-ffd33e800000,Haaretz,Chen Maanit,2026-07-25T07:15:11,2026-07-25 08:07:16.523559,https://www.haaretz.com/israel-news/israel-politics/2026-07-25/ty-article/.premium/attorney-general-discriminatory-law-shielding-draft-evaders-must-be-annulled/0000019f-96d3-d084-adbf-ffd33e800000
Judge drops Netanyahu's son's case against Haaretz journalist,"The prime minister's son, formerly known as Yair Netanyahu, requested that the court prohibit the journalist from publishing personal details relating to him, claiming he had been conducting surveillance operations and stalking the prime minister's son and his family",https://www.haaretz.com/israel-news/israel-crime/2026-07-25/ty-article/.premium/judge-drops-netanyahus-sons-case-against-haaretz-reporter/0000019f-975b-db22-a5df-f75b0d360000,Haaretz,Chen Maanit,2026-07-25T03:55:13,2026-07-25 05:43:43.392478,https://www.haaretz.com/israel-news/israel-crime/2026-07-25/ty-article/.premium/judge-drops-netanyahus-sons-case-against-haaretz-reporter/0000019f-975b-db22-a5df-f75b0d360000
The real opponents of Israel's liberals aren't conservatives – they're reactionaries,Israel's liberal protest movement will continue to lose as long as it treats the opposing camp as a mere cult of Netanyahu,https://www.haaretz.com/opinion/2026-07-25/ty-article-magazine/.highlight/the-real-opponents-of-israels-liberals-arent-conservatives/0000019f-9778-df42-a1df-f779cee30000,Haaretz,Ofer Sitbon,2026-07-25T04:41:52,2026-07-25 05:43:43.392453,https://www.haaretz.com/opinion/2026-07-25/ty-article-magazine/.highlight/the-real-opponents-of-israels-liberals-arent-conservatives/0000019f-9778-df42-a1df-f779cee30000
They survived the Gaza war alone. Now two children are finally reunited with their mother,Hiam al-Najjar lost her husband and two sons in the war; another son has been missing since Oct. 7. Her two youngest children lived alone in a tent in the Strip while she was stuck in the West Bank. They've now been reunited,https://www.haaretz.com/israel-news/twilight-zone/2026-07-25/ty-article-magazine/.highlight/after-surviving-the-gaza-war-alone-two-children-are-reunited-with-their-mother/0000019f-9797-df92-a7ff-b797408c0000,Haaretz,Gideon Levy,2026-07-25T05:08:19,2026-07-25 05:43:43.392421,https://www.haaretz.com/israel-news/twilight-zone/2026-07-25/ty-article-magazine/.highlight/after-surviving-the-gaza-war-alone-two-children-are-reunited-with-their-mother/0000019f-9797-df92-a7ff-b797408c0000
Are You Jewish? California considers asking on official state forms,"Ever since the Holocaust demonstrated the danger of appearing on state registries, many Jews have been wary of self-identifying to the government. But a bill racing through California’s state legislature would let Jewish people do just that — and it was a coalition of Jewish groups who proposed it. California’s SB 1387 would mandate that... The post Are You Jewish? California considers asking on official state forms appeared first on The Forward .",https://forward.com/news/840482/are-you-jewish-california-considers-asking-on-official-state-forms/,The Forward,Simone Saidmehr,2026-07-25T04:04:15,2026-07-25 05:43:27.959331,https://forward.com/?p=840482
Normalization with Israel and a Saudi nuclear deal might bring the Palestinians back into the picture,"The Americans' demand for a Saudi-Israeli accord may seem like an achievement for Netanyahu, but Trump would now have room to act on his pledges in his 20-point plan for Gaza",https://www.haaretz.com/israel-news/israel-security/2026-07-25/ty-article/.premium/normalization-with-israel-and-saudi-nuke-deal-may-bring-the-palestinians-back-in/0000019f-94eb-d114-a59f-dcff75820000,Haaretz,Zvi Bar'el,2026-07-25T02:03:34,2026-07-25 02:41:34.962785,https://www.haaretz.com/israel-news/israel-security/2026-07-25/ty-article/.premium/normalization-with-israel-and-saudi-nuke-deal-may-bring-the-palestinians-back-in/0000019f-94eb-d114-a59f-dcff75820000
Trump: Netanyahu coming to Washington next week,,https://www.haaretz.com/israel-news/israel-security/2026-07-25/ty-article-live/saudi-arabia-yemens-houthis-trade-strikes/0000019f-96f7-db22-a5df-f7f7ef180000,Haaretz,Haaretz,2026-07-25T02:16:00,2026-07-25 02:41:34.962744,https://www.haaretz.com/israel-news/israel-security/2026-07-25/ty-article-live/saudi-arabia-yemens-houthis-trade-strikes/0000019f-96f7-db22-a5df-f7f7ef180000
Rumor of Hamas sympathizer employed by S.F. goes viral,A viral controversy has embroiled San Francisco social media after a Jewish sandwich shop owner publicly accused a Jewish public defender of anonymously posting “Godspeed to Hamas” on X — [&#8230;],https://jweekly.com/2026/07/24/s-f-provocateurs-claim-that-city-worker-is-a-hamas-sympathizer-goes-viral-despite-no-evidence/,J. Weekly,Lea Loeb,2026-07-25T00:30:45,2026-07-25 02:41:13.164493,https://jweekly.com/?p=307699
Guatemala Becomes Third Nation to Recognize Jerusalem’s City of David as Part of Humanity’s Historic Heritage,Guatemala has formally recognized Jerusalem’s City of David and the archaeological treasures uncovered at the site as part of Israel’s...,https://www.algemeiner.com/2026/07/24/guatemala-becomes-third-nation-to-recognize-jerusalems-city-of-david-as-part-of-humanitys-historic-heritage/,Algemeiner,Ailin Vilches Arguello,2026-07-24T22:48:38,2026-07-24 23:11:23.837086,https://www.algemeiner.com/?p=776737
Trump Civil Rights Office Compels Reed College to Adopt IHRA Definition of Antisemitism Over Hate Incident,"Reed College in Portland, Oregon, will adopt the International Holocaust Remembrance Alliance’s working definition of antisemitism as part of a...",https://www.algemeiner.com/2026/07/24/trump-civil-rights-office-compels-reed-college-to-adopt-ihra-definition-of-antisemitism-over-hate-incident/,Algemeiner,Dion J. Pierre,2026-07-24T22:50:01,2026-07-24 23:11:23.837051,https://www.algemeiner.com/?p=776727
ICC Chief Prosecutor Removed From Office Amid Sexual Misconduct Scandal,Member states of the International Criminal Court voted on Friday to remove chief prosecutor Karim Khan from office after finding...,https://www.algemeiner.com/2026/07/24/icc-chief-prosecutor-removed-from-office-amid-sexual-misconduct-scandal/,Algemeiner,Corey Walker,2026-07-24T22:57:14,2026-07-24 23:11:23.837011,https://www.algemeiner.com/?p=776743
"Attempted murder hate crimes charges for man accused of stabbing visibly Jewish, Asian men in NYC","The New York City Police Department told JNS that the suspect is being charged with ""attempted murder as a hate crime, attempted murder, assault as a hate crime, two counts of assault and two counts of criminal possession of a weapon.""",https://www.jns.org/news/u-s-news/attempted-murder-hate-crimes-charges-for-man-accused-of-stabbing-visibly-jewish-asian-men-in-nyc,JNS,Jessica Russak-Hoffman,2026-07-24T22:50:04,2026-07-24 23:11:21.479823,https://www.jns.org/news/u-s-news/attempted-murder-hate-crimes-charges-for-man-accused-of-stabbing-visibly-jewish-asian-men-in-nyc
Maine Democratic Senate nominee-in-waiting Troy Jackson raises eyebrows in the Jewish community,"After a career focused on economic issues, the former state Senate president is now railing against AIPAC and ‘genocide.’ -- The post Maine Democratic Senate nominee-in-waiting Troy Jackson raises eyebrows in the Jewish community appeared first on Jewish Telegraphic Agency .",https://www.jta.org/2026/07/24/politics/maine-democratic-senate-nominee-in-waiting-troy-jackson-raises-eyebrows-in-the-jewish-community,JTA,Grace Gilson,2026-07-24T22:31:09,2026-07-24 23:11:11.895382,https://www.jta.org/?p=1905061
"Bahrain, Kuwait reportedly carried out secret Iran air strikes","The Arab Gulf countries attacked drone- and missile-storage depots inside the Islamic Republic after months of Iranian attacks on their countries, the “Wall Street Journal” reported.",https://www.jns.org/news/world/bahrain-kuwait-reportedly-carried-out-secret-iran-air-strikes,JNS,,2026-07-24T20:28:48,2026-07-24 22:05:00.694961,https://www.jns.org/news/world/bahrain-kuwait-reportedly-carried-out-secret-iran-air-strikes
ICC removes Karim Khan as prosecutor amid sexual misconduct allegations,"Khan “sought to scapegoat Israel in an attempt to divert attention from his own misconduct,” said Danny Danon, the Israeli envoy to the United Nations. “The international community rejected that cynical attempt today.”",https://www.jns.org/news/world/icc-removes-karim-khan-as-prosecutor-amid-sexual-misconduct-allegations,JNS,Rikki Zagelbaum,2026-07-24T20:32:57,2026-07-24 22:05:00.694928,https://www.jns.org/news/world/icc-removes-karim-khan-as-prosecutor-amid-sexual-misconduct-allegations
"Two Jewish groups register to lobby, as AIPAC, ADL and Federation trim such costs in 2026, federal data suggests","“Every community deserves a seat at the table when healthcare policy is being shaped,” Eveline Shekhman, CEO of the American Jewish Medical Association, told JNS.",https://www.jns.org/news/u-s-news/two-jewish-groups-register-to-lobby-as-aipac-adl-and-federation-trim-such-costs-in-2026-federal-data-suggests,JNS,Jonathan D. Salant,2026-07-24T21:00:25,2026-07-24 22:05:00.694893,https://www.jns.org/news/u-s-news/two-jewish-groups-register-to-lobby-as-aipac-adl-and-federation-trim-such-costs-in-2026-federal-data-suggests
"CAIR defends Mamdani after NYC stabbing, drawing backlash from Jewish groups","""Shame on Mamdani and those who continue to parade this dangerous rhetoric,"" Daniel S. Mariaschin of B'nai B'rith International told JNS.",https://www.jns.org/news/u-s-news/cair-defends-mamdani-after-nyc-stabbing-drawing-backlash-from-jewish-groups,JNS,Jessica Russak-Hoffman,2026-07-24T21:08:09,2026-07-24 22:05:00.694855,https://www.jns.org/news/u-s-news/cair-defends-mamdani-after-nyc-stabbing-drawing-backlash-from-jewish-groups
"At Corning museum in New York, some Israel depictions walk on broken glass","Art historian Jacob Wisse told JNS that he is concerned “when museums, which I value for the rigor, depth and richness of their curatorial voice, fall back, lazily, on untruths.”",https://www.jns.org/feature/at-corning-museum-in-southern-ny-some-israel-depictions-walk-on-broken-glass,JNS,Menachem Wecker,2026-07-24T21:14:47,2026-07-24 22:05:00.694826,https://www.jns.org/feature/at-corning-museum-in-southern-ny-some-israel-depictions-walk-on-broken-glass
"US ‘Locked and loaded’ for ‘higher level’ attacks on Iran, Trump says","The Islamic Republic’s foreign minister threatened on Friday to kill a U.S. soldier for every Iranian killed in the war, as Trump speculated that regime leaders might “cry uncle” or “go into a cave and hide.”",https://www.jns.org/news/u-s-news/us-locked-and-loaded-for-higher-level-attacks-on-iran-trump-says,JNS,Andrew Bernard,2026-07-24T21:22:08,2026-07-24 22:05:00.694793,https://www.jns.org/news/u-s-news/us-locked-and-loaded-for-higher-level-attacks-on-iran-trump-says
Federal judge recommends dismissing most of Israeli teacher's suit against Oregon school district,"The teacher alleged Portland Public Schools allowed Palestinian flags and anti-Israel displays while administrators told him that displaying ""an Israeli flag or related symbols would be too disruptive.""",https://www.jns.org/news/u-s-news/federal-judge-recommends-dismissing-most-of-israeli-teachers-suit-against-oregon-school-district,JNS,,2026-07-24T21:30:00,2026-07-24 22:05:00.694747,https://www.jns.org/news/u-s-news/federal-judge-recommends-dismissing-most-of-israeli-teachers-suit-against-oregon-school-district
Mamdani Needs to Pay a Price for Harming Jews,It’d be one thing if Mamdani were a lowly Israelophobe with a few hundred followers. But he’s not. He’s mayor of the city with the world’s largest Jewish population. The post Mamdani Needs to Pay a Price for Harming Jews appeared first on Jewish Journal .,https://jewishjournal.com/commentary/columnist/editors-note/390459/mamdani-needs-to-pay-a-price-for-harming-jews/,Jewish Journal,David Suissa,2026-07-24T22:01:43,2026-07-24 22:04:58.283579,https://jewishjournal.com/?p=390459
Germany could criminalize denying Israel’s right to exist. Could the U.S. follow?,"As Germany considers an unprecedented law that would criminalize denying Israel’s right to exist, American free speech advocates worry the proposal could spark similar efforts in the U.S. to curb Israel-related speech. The proposed law, which passed Germany’s upper house of parliament last week, would make publicly denying Israel&#8217;s right to exist a crime, with... The post Germany could criminalize denying Israel&#8217;s right to exist. Could the U.S. follow? appeared first on The Forward .",https://forward.com/news/840443/germany-free-speech-israel/,The Forward,Hannah Feuer,2026-07-24T21:05:21,2026-07-24 22:04:53.979901,https://forward.com/?p=840443
Suspect in fatal 2017 hit and run is extradited from Israel to Bay Area,"A former San Francisco man was extradited from Israel in mid-July to face charges in a fatal hit and run nine years ago in South San Francisco. Maher Abedelal, 32, [&#8230;]",https://jweekly.com/2026/07/24/former-s-f-resident-extradited-from-israel-over-fatal-2017-hit-and-run/,J. Weekly,Niva Ashkenazi,2026-07-24T21:33:32,2026-07-24 22:04:46.958905,https://jweekly.com/?p=307692
Jaffa residents face municipal tax hikes amid gentrification concerns,"The municipality claims that the decision, which regards two Jaffa neighborhoods, is intended 'to adapt to reality,' but residents fear it will push some of them out: 'People will not be able to bear this burden'",https://www.haaretz.com/israel-news/2026-07-24/ty-article/.premium/jaffa-residents-face-municipal-tax-hikes-amid-gentrification-concerns/0000019f-8e51-dea1-a7bf-eed9f8330000,Haaretz,Yair Foldes,2026-07-24T18:21:33,2026-07-24 20:20:03.578323,https://www.haaretz.com/israel-news/2026-07-24/ty-article/.premium/jaffa-residents-face-municipal-tax-hikes-amid-gentrification-concerns/0000019f-8e51-dea1-a7bf-eed9f8330000
"Iran flew IRGC commanders, missile gear to Yemen's Houthis, sources say","Four sources told Reuters that Iran sent IRGC commanders, military advisers and missile and drone-related equipment to Yemen aboard a July 13 flight, as Tehran seeks to bolster its Houthi allies' ability to threaten Red Sea shipping",https://www.haaretz.com/middle-east-news/2026-07-24/ty-article/iran-flew-irgc-commanders-missile-gear-to-yemens-houthis-sources-say/0000019f-948e-da96-a5bf-9ccec9a50000,Haaretz,Reuters,2026-07-24T18:24:19,2026-07-24 20:20:03.578295,https://www.haaretz.com/middle-east-news/2026-07-24/ty-article/iran-flew-irgc-commanders-missile-gear-to-yemens-houthis-sources-say/0000019f-948e-da96-a5bf-9ccec9a50000
Netanyahu to meet Trump at White House Tuesday as Iran tensions continue to escalate,"The meeting comes amid tensions between Jerusalem and Washington over the Iran war and Israel's Lebanon operations. Sources told Haaretz that the U.S. seeks to pressure Israel over Lebanon, with VP JD Vance accusing Israel of promoting a 'perpetual war' campaign",https://www.haaretz.com/israel-news/israel-security/2026-07-24/ty-article/.premium/netanyahu-to-meet-trump-in-washington-as-iran-tensions-continue-to-escalate/0000019f-952e-db22-a5df-f53eeb030000,Haaretz,Liza Rozovsky,2026-07-24T18:27:51,2026-07-24 20:20:03.578264,https://www.haaretz.com/israel-news/israel-security/2026-07-24/ty-article/.premium/netanyahu-to-meet-trump-in-washington-as-iran-tensions-continue-to-escalate/0000019f-952e-db22-a5df-f53eeb030000
"UNESCO lists West Bank's Sebastia, Lebanon's Beaufort Castle as endangered heritage sites",The World Heritage Committee cited 'ongoing conflicts in the Middle East' in listing the West Bank site and an Israeli-captured Lebanese fortress as endangered. Israel accused UNESCO of 'one-sided Palestinian political moves',https://www.haaretz.com/middle-east-news/lebanonnews/2026-07-24/ty-article/.premium/unesco-lists-west-banks-sebastia-lebanons-beaufort-castle-as-endangered-sites/0000019f-9558-d114-a59f-dddd64950000,Haaretz,Liza Rozovsky,2026-07-24T19:41:45,2026-07-24 20:20:03.578230,https://www.haaretz.com/middle-east-news/lebanonnews/2026-07-24/ty-article/.premium/unesco-lists-west-banks-sebastia-lebanons-beaufort-castle-as-endangered-sites/0000019f-9558-d114-a59f-dddd64950000
She wasn't supposed to survive. Her fight saved thousands,"Nothing in Susan Newman's life prepared her for the possibility of contracting HIV. But once she did, she turned her diagnosis into a battle that saved countless lives",https://www.haaretz.com/science-and-health/2026-07-24/ty-article-magazine/she-wasnt-supposed-to-survive-her-fight-saved-thousands/0000019f-8ef4-de9f-afdf-aef62daf0000,Haaretz,Hilo Glazer,2026-07-24T20:01:14,2026-07-24 20:20:03.578193,https://www.haaretz.com/science-and-health/2026-07-24/ty-article-magazine/she-wasnt-supposed-to-survive-her-fight-saved-thousands/0000019f-8ef4-de9f-afdf-aef62daf0000
Slate of Pro-Israel Arizona Moderates Emerge Victorious,A series of Democratic primary victories in Arizona has offered fresh evidence that candidates supportive of Israel remain competitive in...,https://www.algemeiner.com/2026/07/24/slate-of-pro-israel-arizona-moderates-emerge-victorious/,Algemeiner,Corey Walker,2026-07-24T18:55:48,2026-07-24 20:19:57.695303,https://www.algemeiner.com/?p=776726
"Malaysia Defies US Pressure, Vows to Deport Any Israeli Who Enters the Country","Malaysian Prime Minister Anwar Ibrahim has vowed to immediately deport any Israeli citizen found in the country, insisting that even...",https://www.algemeiner.com/2026/07/24/malaysia-defies-us-pressure-vows-to-deport-any-israeli-who-enters-the-country/,Algemeiner,Ailin Vilches Arguello,2026-07-24T18:56:52,2026-07-24 20:19:57.695269,https://www.algemeiner.com/?p=776728
Orthodox Jewish group urges federal appeals court to protect religious hiring rights in Christian ministry case,"""Under the First Amendment, a religious organization must have the freedom to hire individuals who share and live out their beliefs,"" Ryan Tucker of the Alliance Defending Freedom told JNS.",https://www.jns.org/news/u-s-news/orthodox-jewish-group-urges-federal-appeals-court-to-protect-religious-hiring-rights-in-christian-ministry-case,JNS,Jessica Russak-Hoffman,2026-07-24T18:17:03,2026-07-24 20:19:55.195656,https://www.jns.org/news/u-s-news/orthodox-jewish-group-urges-federal-appeals-court-to-protect-religious-hiring-rights-in-christian-ministry-case
Mamdani rejects charge from Jewish leaders that his anti-Israel rhetoric incites violence against Jews,"The morning after a Jew wearing a kippah was stabbed in Manhattan, the New York City mayor declined to apologize and said he hadn't made antisemitic statements.",https://www.jns.org/news/u-s-news/mamdani-rejects-charge-from-jewish-leaders-that-his-anti-israel-rhetoric-incites-violence-against-jews,JNS,JNS Staff,2026-07-24T18:23:56,2026-07-24 20:19:55.195627,https://www.jns.org/news/u-s-news/mamdani-rejects-charge-from-jewish-leaders-that-his-anti-israel-rhetoric-incites-violence-against-jews
"In interview day after Jew stabbed in NYC, Mamdani tells interviewer his biggest error was being photographed eating burrito on train","Jewish leaders have called for the mayor to apologize for his antisemitic rhetoric, which they say incites violence against Jews, and to be more careful about how he talks about Israel.",https://www.jns.org/news/u-s-news/in-interview-day-after-jew-stabbed-in-nyc-mamdani-tells-interviewer-his-biggest-error-was-being-photographed-eating-burrito-on-train,JNS,JNS Staff,2026-07-24T18:38:47,2026-07-24 20:19:55.195597,https://www.jns.org/news/u-s-news/in-interview-day-after-jew-stabbed-in-nyc-mamdani-tells-interviewer-his-biggest-error-was-being-photographed-eating-burrito-on-train
It was never about the arrest warrant,"Zohran Mamdani’s real goal was to stir up the waters, prepping anti-Israel protesters to pounce on the United Nations upon a visit by Benjamin Netanyahu for the annual General Assembly.",https://www.jns.org/opinion/gregg-mashberg/it-was-never-about-the-arrest-warrant,JNS,Gregg Mashberg,2026-07-24T19:00:00,2026-07-24 20:19:55.195559,https://www.jns.org/opinion/gregg-mashberg/it-was-never-about-the-arrest-warrant
"Trump admin's $200 million to Red Cross offers chance to press it over Oct. 7 hostages, B’nai B’rith tells JNS","The International Committee of the Red Cross “failed every test with respect to Israelis held captive by Hamas terrorists,” said Rabbi Eric Fusfield of B’nai B’rith.",https://www.jns.org/news/u-s-news/trump-admins-200-million-to-red-cross-offers-chance-to-press-it-over-oct-7-hostages-bnai-brith-tells-jns,JNS,Aaron Bandler,2026-07-24T19:11:20,2026-07-24 20:19:55.195527,https://www.jns.org/news/u-s-news/trump-admins-200-million-to-red-cross-offers-chance-to-press-it-over-oct-7-hostages-bnai-brith-tells-jns
"Trump is a puzzle, but he’s standing firm on Iran and the Saudis","The president’s refusal to appease Tehran, along with his insistence that Riyadh recognize Israel if it wants a nuclear program, are potential political liabilities. But both stands are right.",https://www.jns.org/opinion/column/jonathan-s-tobin/trump-is-a-puzzle-but-hes-standing-firm-on-iran-and-the-saudis,JNS,Jonathan S. Tobin,2026-07-24T19:35:00,2026-07-24 20:19:55.195493,https://www.jns.org/opinion/column/jonathan-s-tobin/trump-is-a-puzzle-but-hes-standing-firm-on-iran-and-the-saudis
"UNESCO designates Samaria’s Sebastia, Lebanese castles as World Heritage sites over Israeli objections","“Any discussion of Sebastia must recognize, explicitly, the ancient Jewish presence and connection to this land,” Israeli U.N. diplomat Nina Ben-Ami said. “Yet the Palestinian submission deliberately ignores this historic fact.”",https://www.jns.org/news/israel-news/unesco-designates-samarias-sebastia-lebanese-castles-as-world-heritage-sites-over-israeli-objections,JNS,Mike Wagenheim,2026-07-24T20:00:58,2026-07-24 20:19:55.195455,https://www.jns.org/news/israel-news/unesco-designates-samarias-sebastia-lebanese-castles-as-world-heritage-sites-over-israeli-objections
Why do I work for the “Foe-ward”? I traced my accent’s journey to find out,"I began my internship at The Forward in May, just a few weeks after I finished my sophomore year at Duke, where I’m majoring in religion and history. My initial days back in my home city were a whirlwind: dinners at Top Thai; long walks up to the Met; reconnecting with friends. The period also... The post Why do I work for the “Foe-ward”? I traced my accent’s journey to find out appeared first on The Forward .",https://forward.com/forward-newsletters/looking-forward/840374/why-do-i-work-for-the-foe-ward-i-traced-my-accents-journey-to-find-out/,The Forward,Sarah Diaz,2026-07-24T19:00:04,2026-07-24 20:19:48.380636,https://forward.com/?p=840374
Mamdani isn’t the real resistance against Netanyahu — Israelis are,"If you, like so many American Jews this week, are focused on New York Mayor Zohran Mamdani’s video message urging protests against Israeli Prime Minister Benjamin Netanyahu when he visits the city in September, you’re missing the real story. Pay attention, instead, to what is happening thousands of miles away — not in Manhattan, but... The post Mamdani isn&#8217;t the real resistance against Netanyahu — Israelis are appeared first on The Forward .",https://forward.com/opinion/840371/mamdani-netanyahu-israel-elections/,The Forward,Rob Eshman,2026-07-24T19:01:43,2026-07-24 20:19:48.380580,https://forward.com/?p=840371
"MAGA influencer Laura Loomer mounts Jewish apology tour in Ukraine, meeting with Zelensky and rabbi","Loomer, who has pull with President Trump, apologized for calling Zelensky ‘a self-hating Nazi Jew’. -- The post MAGA influencer Laura Loomer mounts Jewish apology tour in Ukraine, meeting with Zelensky and rabbi appeared first on Jewish Telegraphic Agency .",https://www.jta.org/2026/07/24/politics/maga-influencer-laura-loomer-mounts-jewish-apology-tour-in-ukraine-meeting-with-zelensky-and-rabbi,JTA,Andrew Lapin,2026-07-24T20:13:53,2026-07-24 20:19:45.864069,https://www.jta.org/?p=1905054
Lawyers Accuse ‘Love Island’ Producers Of Ignoring Concerns About Contestant’s Anti-Israel Instagram Posts,Producers of the British reality television show “Love Island” have come under fire for not taking action against a contestant...,https://www.algemeiner.com/2026/07/24/lawyers-accuse-love-island-producers-of-ignoring-concerns-about-contestants-anti-israel-instagram-posts/,Algemeiner,Shiryn Ghermezian,2026-07-24T17:26:04,2026-07-24 18:18:20.959553,https://www.algemeiner.com/?p=776719
Joy amid grief: Courage in relationships formed after loss,"As impossible as renewed happiness may seem after such an intense loss, we must celebrate those who choose to rebuild the most personal parts of their lives.",https://www.jns.org/opinion/rabbi-dr-kenneth-brander/joy-amid-grief-courage-in-relationships-formed-after-loss,JNS,Rabbi Dr. Kenneth Brander,2026-07-24T16:45:00,2026-07-24 18:18:18.188951,https://www.jns.org/opinion/rabbi-dr-kenneth-brander/joy-amid-grief-courage-in-relationships-formed-after-loss
Trump admin sanctions Iranian billionaire Babak Zanjani’s business network,"“The Iranian regime continues to pay a steep economic price for its reckless behavior,” the U.S. treasury secretary said.",https://www.jns.org/news/u-s-news/trump-admin-sanctions-iranian-billionaire-babak-zanjanis-business-network,JNS,Mike Wagenheim,2026-07-24T17:19:02,2026-07-24 18:18:18.188908,https://www.jns.org/news/u-s-news/trump-admin-sanctions-iranian-billionaire-babak-zanjanis-business-network
Austrian town turns Hitler’s birthplace into a police station to keep neo-Nazis at bay,"(JTA) — How do you stop neo-Nazis from meeting up at Adolf Hitler’s birthplace? Station officers there around the clock, of course. That is just what the small town of Braunau in Austria has done — but the officers are not providing surveillance. Instead, they will be on site as part of their regular duties, because... The post Austrian town turns Hitler&#8217;s birthplace into a police station to keep neo-Nazis at bay appeared first on The Forward .",https://forward.com/fast-forward/840293/austrian-town-turns-hitlers-birthplace-into-a-police-station-to-keep-neo-nazis-at-bay/,The Forward,Toby Axelrod,2026-07-24T17:47:01,2026-07-24 18:18:10.393861,https://forward.com/?p=840293
Trump administration drops demand that Penn turn over list of Jewish employees,"(JTA) — The Trump administration has withdrawn a controversial demand for the University of Pennsylvania to produce a list of Jewish employees as part of a larger investigation into alleged employment discrimination at the Ivy League university. The withdrawal ends a round of lawsuits over the legality of such a demand, which alarmed Jewish groups... The post Trump administration drops demand that Penn turn over list of Jewish employees appeared first on The Forward .",https://forward.com/fast-forward/840263/trump-administration-drops-demand-that-penn-turn-over-list-of-jewish-employees/,The Forward,Andrew Lapin,2026-07-24T17:47:58,2026-07-24 18:18:10.393798,https://forward.com/?p=840263
"When antisemitic violence came to our synagogue’s doorstep, Tisha B’Av’s ‘narrow straits’ became frighteningly real","We must resist the urge to give in to fear, writes an Upper West Side rabbi. -- The post When antisemitic violence came to our synagogue&#8217;s doorstep, Tisha B&#8217;Av&#8217;s &#8216;narrow straits&#8217; became frighteningly real appeared first on Jewish Telegraphic Agency .",https://www.jta.org/2026/07/24/ideas/when-antisemitic-violence-came-to-our-synagogues-doorstep-tisha-bavs-narrow-straits-became-frighteningly-real,JTA,Rabbi Benjamin Spratt,2026-07-24T16:51:36,2026-07-24 18:18:07.759724,https://www.jta.org/?p=1905029
"LETTERS | Don’t admire Musk, Berkeley High yearbook, genocide accusation","Ethnicity op-ed has it backwards Sara Sarasohn’s article, “Adding a Jewish ethnicity checkbox to California forms would erase our diversity” (online July 14) has the problem exactly backwards. For me, [&#8230;]",https://jweekly.com/2026/07/24/dont-admire-musk-berkeley-high-yearbook-genocide-accusation/,J. Weekly,J. Readers,2026-07-24T16:46:32,2026-07-24 18:18:02.938024,https://jweekly.com/?p=307665
"At the Psychedelicatessen, visitors receive a powerful dose of art","This story was originally published in the Forward. Click here to get the Forward&#8217;s free email newsletters delivered to your inbox. Hypothetically, if someone you had every reason to like [&#8230;]",https://jweekly.com/2026/07/24/sex-drugs-and-torah-scrolls-at-the-psychedelicatessen-visitors-receive-a-powerful-dose-of-art/,J. Weekly,Clara Shapiro,2026-07-24T16:58:20,2026-07-24 18:18:02.937985,https://jweekly.com/?p=307668
Austrian town turns Hitler’s birthplace into a police station to keep neo-Nazis at bay,"(JTA) — How do you stop neo-Nazis from meeting up at Adolf Hitler’s birthplace? Station officers there around the clock, of course. That is just what the small town of [&#8230;]",https://jweekly.com/2026/07/24/austrian-town-turns-hitlers-birthplace-into-a-police-station-to-keep-neo-nazis-at-bay/,J. Weekly,Toby Axelrod,2026-07-24T17:03:20,2026-07-24 18:18:02.937939,https://jweekly.com/?p=307677
Khalil al-Hayya: The New Hamas Leader Who Will Continue Sinwar’s Path,"By a small margin, Hamas has voted in veteran member Khalil al-Hayya as its new leader. While some in the media have portrayed al-Hayya...",https://www.algemeiner.com/2026/07/24/khalil-al-hayya-the-new-hamas-leader-who-will-continue-sinwars-path/,Algemeiner,Chaim Lax,2026-07-24T15:33:26,2026-07-24 16:42:43.831840,https://www.algemeiner.com/?p=776704
Why Does the Media Refuse to Expose Zohran Mamdani’s Threats to Arrest Netanyahu?,"New York City Mayor Zohran Mamdani once again threatened to arrest Israel’s democratically elected leader on July 18, 2026, in...",https://www.algemeiner.com/2026/07/24/why-does-the-media-refuse-to-expose-zohran-mamdanis-threats-to-arrest-netanyahu/,Algemeiner,Aaron Goren,2026-07-24T15:33:28,2026-07-24 16:42:43.831809,https://www.algemeiner.com/?p=776708
Why Tisha B’Av — and the Current Moment — Are Not the End of the Story,"The Tisha B’Av experience is utterly unique. You sit on the floor in the half-dark, your shoes off, your voice...",https://www.algemeiner.com/2026/07/24/why-tisha-bav-and-the-current-moment-are-not-the-end-of-the-story/,Algemeiner,Pini Dunner,2026-07-24T15:33:44,2026-07-24 16:42:43.831779,https://www.algemeiner.com/?p=776702
French Jewish DJ Sues Pro-Palestinian Activists For Violently Disrupting Festival Gig,A French Jewish DJ has filed a complaint against pro-Palestinian activists who verbally harassed her and violently disrupted her set...,https://www.algemeiner.com/2026/07/24/french-jewish-dj-sues-pro-palestinian-activists-for-violently-disrupting-festival-gig/,Algemeiner,Shiryn Ghermezian,2026-07-24T15:33:54,2026-07-24 16:42:43.831740,https://www.algemeiner.com/?p=776714
"Jewish stabbing victim named, 'especially frustrating' since Moshe Grunhaus was in process of leaving Manhattan to move to Florida, sources say","""When the mayor of New York repeatedly uses his platform to relentlessly single out and demonize Israel, the world’s only Jewish state, and calls those who support it 'monsters,' he contributes to a climate in which Jewish New Yorkers are increasingly targeted and unsafe,"" Eric Goldstein, CEO of the UJA, said at a press conference.",https://www.jns.org/news/u-s-news/jewish-stabbing-victim-named-especially-frustrating-since-moshe-grunhaus-was-in-process-of-leaving-manhattan-to-move-to-florida-sources-say,JNS,Menachem Wecker,2026-07-24T14:59:46,2026-07-24 16:42:41.501327,https://www.jns.org/news/u-s-news/jewish-stabbing-victim-named-especially-frustrating-since-moshe-grunhaus-was-in-process-of-leaving-manhattan-to-move-to-florida-sources-say
"Mamdani 'inciting violence against Jews in New York,' Israeli consul general says","""This pattern is too familiar and echoes Europe 100 years ago,"" stated Ofir Akunis, a day after a visibly Jewish man was stabbed outside a synagogue in Manhattan on the fast day Tisha B'Av.",https://www.jns.org/news/u-s-news/mamdani-inciting-violence-against-jews-in-new-york-israeli-consul-general-says,JNS,JNS Staff,2026-07-24T15:15:52,2026-07-24 16:42:41.501285,https://www.jns.org/news/u-s-news/mamdani-inciting-violence-against-jews-in-new-york-israeli-consul-general-says
"JNF-USA connects more than 30,000 Israelis with disabilities to nature","Support enables therapeutic, educational and resilience programs for children, wounded soldiers, frontline communities and individuals with disabilities.",https://www.jns.org/wire/ Jewish-National-Fund-USA/jnf-usa-connects-more-than-30-000-israelis-with-disabilities-to-nature,JNS,,2026-07-24T15:30:00,2026-07-24 16:42:41.501251,https://www.jns.org/wire/ Jewish-National-Fund-USA/jnf-usa-connects-more-than-30-000-israelis-with-disabilities-to-nature
Netanyahu to visit DC for White House meeting with Trump,The Israeli premier will also attend the funeral of the late senator Lindsey Graham during the official visit.,https://www.jns.org/news/u-s-news/netanyahu-to-visit-washington-for-white-house-meeting-with-trump,JNS,JNS Staff,2026-07-24T16:06:24,2026-07-24 16:42:41.501160,https://www.jns.org/news/u-s-news/netanyahu-to-visit-washington-for-white-house-meeting-with-trump
Stabbing of Jewish man in Manhattan prompts calls for Mamdani to turn down temperature,"The stabbing of two men on Manhattan’s Upper West Side on Thursday — one of whom was wearing a kippah on his way home from a Tisha B’Av service at a modern Orthodox shul — has intensified New Yorkers’ fears of being visibly Jewish in public, leaders and community members said. “Fear has become a... The post Stabbing of Jewish man in Manhattan prompts calls for Mamdani to turn down temperature appeared first on The Forward .",https://forward.com/news/840305/stabbing-of-jewish-man-in-manhattan-prompts-calls-for-mamdani-to-turn-down-temperature/,The Forward,Hannah Feuer,2026-07-24T16:34:40,2026-07-24 16:42:34.321844,https://forward.com/?p=840305
Austrian town turns Hitler’s birthplace into a police station to keep neo-Nazis at bay,The move has inspired debate how to preserve Nazi history without glorifying it. -- The post Austrian town turns Hitler&#8217;s birthplace into a police station to keep neo-Nazis at bay appeared first on Jewish Telegraphic Agency .,https://www.jta.org/2026/07/24/global/austrian-town-turns-hitlers-birthplace-into-a-police-station-to-keep-neo-nazis-at-bay,JTA,Toby Axelrod,2026-07-24T15:34:19,2026-07-24 16:42:31.696257,https://www.jta.org/?p=1905014
"After stabbing, Micah Lasher, who endorsed Mamdani, tells mayor to bring down the temperature","Other public figures link Mamdani video accusing Netanyahu of genocide to attack near an Upper West Side synagogue. -- The post After stabbing, Micah Lasher, who endorsed Mamdani, tells mayor to bring down the temperature appeared first on Jewish Telegraphic Agency .",https://www.jta.org/2026/07/24/ny/after-stabbing-micah-lasher-who-endorsed-mamdani-tells-mayor-to-bring-down-the-temperature,JTA,Joseph Strauss,2026-07-24T15:52:25,2026-07-24 16:42:31.696212,https://www.jta.org/?p=1905023
"In Israel’s scorching summer, school’s out and surf’s up – and fears of war are returning","After several weeks in which Iran has targeted multiple other Middle East countries, the war could soon reach Israel once again. -- The post In Israel&#8217;s scorching summer, school’s out and surf’s up – and fears of war are returning appeared first on Jewish Telegraphic Agency .",https://www.jta.org/2026/07/24/israel/in-israels-scorching-summer-schools-out-and-surfs-up-and-fears-of-war-are-returning,JTA,Theia Chatelle,2026-07-24T16:36:44,2026-07-24 16:42:31.696144,https://www.jta.org/?p=1905034
"Awards, comings and goings, happenings — July 2026",COMINGS &#38; GOINGS Micah Parzen has been named the new executive director of the Phoebe A. Hearst Museum of Anthropology at UC Berkeley. Parzen previously served as CEO of the [&#8230;],https://jweekly.com/2026/07/24/awards-comings-and-goings-happenings-and-opportunities-july-2026/,J. Weekly,Rahel Knight,2026-07-24T15:00:00,2026-07-24 16:42:26.587498,https://jweekly.com/?p=307621
"Death announcements for the week of July 24, 2026","Obituaries are underwritten by Sinai Memorial, the Bay Area’s nonprofit Jewish funeral home. Judit Ertsey March 24, 1933–July 7, 2026 Judit Kalman Ertsey was born in Romania on March 24, 1933, and [&#8230;]",https://jweekly.com/2026/07/24/death-announcements-for-the-week-of-july-24-2026/,J. Weekly,J. Staff,2026-07-24T15:00:00,2026-07-24 16:42:26.587463,https://jweekly.com/?p=307614
"Lifecycles announcements for the week of July 24, 2026","B’nai mitzvah Grayson Roberts Son of Jacynth and Elliott Roberts, Saturday, July 18, at Congregation Am Tikvah in San Francisco. Hannah Tobin Daughter of Cheo and Adam Tobin, Saturday, July 18, at [&#8230;]",https://jweekly.com/2026/07/24/lifecycles-announcements-for-the-week-of-july-24-2026/,J. Weekly,J. Staff,2026-07-24T16:33:08,2026-07-24 16:42:26.587418,https://jweekly.com/?p=307650
IDF set to launch West Bank offensive after deadly Israeli-Palestinian clashes,"Following the incident – where two Israelis and two Palestinians were killed – the IDF imposed a full closure on Nablus and nearby villages. The army said that it conducted 'targeted operation' at a Nablus hospital, where two Palestinians wounded in the clashes had been evacuated",https://www.haaretz.com/israel-news/israel-security/2026-07-24/ty-article/idf-readies-for-sweeping-west-bank-operation-after-deadly-clashes-near-nablus/0000019f-9414-d1a3-adff-f6d7ebf80000,Haaretz,Yaniv Kubovich,2026-07-24T13:44:10,2026-07-24 14:55:32.226079,https://www.haaretz.com/israel-news/israel-security/2026-07-24/ty-article/idf-readies-for-sweeping-west-bank-operation-after-deadly-clashes-near-nablus/0000019f-9414-d1a3-adff-f6d7ebf80000
"After October 7, many wrote off the DSA. Then it started winning","DSA's founder was sympathetic to Labor Zionism, but today, the organization's uncompromising stance against Israel has become one of the defining features of its political ascent.",https://www.haaretz.com/us-news/2026-07-24/ty-article-magazine/.premium/after-october-7-many-wrote-off-the-dsa-then-it-started-winning/0000019f-8665-d1d3-addf-ee7ddba50000,Haaretz,Etan Nechin,2026-07-24T13:54:31,2026-07-24 14:55:32.226042,https://www.haaretz.com/us-news/2026-07-24/ty-article-magazine/.premium/after-october-7-many-wrote-off-the-dsa-then-it-started-winning/0000019f-8665-d1d3-addf-ee7ddba50000
"Netanyahu vows to turn Israel into an AI superpower, but can he?",Becoming a major artificial intelligence power requires too much money and manpower for a small country. There's only one way Israel could do this,https://www.haaretz.com/israel-news/2026-07-24/ty-article/.premium/netanyahu-vows-to-turn-israel-into-an-ai-superpower-but-can-he/0000019f-8f03-df92-a7ff-af837f820000,Haaretz,David Rosenberg,2026-07-24T14:03:11,2026-07-24 14:55:32.226016,https://www.haaretz.com/israel-news/2026-07-24/ty-article/.premium/netanyahu-vows-to-turn-israel-into-an-ai-superpower-but-can-he/0000019f-8f03-df92-a7ff-af837f820000
"Snake in Brazil 80 million years ago lived in burrow, to surprise of science","In the beginning, what was the first snake really like? Newly discovered ancient serpent in Brazil expands the possibilities to the chthonic realm",https://www.haaretz.com/archaeology/2026-07-24/ty-article/snake-in-brazil-80-million-years-ago-lived-in-burrow-to-surprise-of-science/0000019f-8f5b-df92-a7ff-afdbb3ed0000,Haaretz,Ruth Schuster,2026-07-24T14:05:31,2026-07-24 14:55:32.225989,https://www.haaretz.com/archaeology/2026-07-24/ty-article/snake-in-brazil-80-million-years-ago-lived-in-burrow-to-surprise-of-science/0000019f-8f5b-df92-a7ff-afdbb3ed0000
"As it sinks ever deeper into the West Bank, the IDF launches a Greater Israel unit patch","Even officers as high as the Central Command chief are arguing that settler farms are enhancing security, an issue to remain in focus in the run-up to the October 27 general election",https://www.haaretz.com/israel-news/israel-security/2026-07-24/ty-article/.premium/as-it-sinks-deep-into-west-bank-the-idf-launches-a-greater-israel-unit-badge/0000019f-9336-d1a3-adff-f3f798480000,Haaretz,Amos Harel,2026-07-24T14:48:34,2026-07-24 14:55:32.225957,https://www.haaretz.com/israel-news/israel-security/2026-07-24/ty-article/.premium/as-it-sinks-deep-into-west-bank-the-idf-launches-a-greater-israel-unit-badge/0000019f-9336-d1a3-adff-f3f798480000
The beautiful blessing of Shoshana Bryen,One person described her as a “gentle giant.” I couldn’t agree more.,https://www.jns.org/opinion/lauri-b-regan/the-beautiful-blessing-of-shoshana-bryen,JNS,Lauri B. Regan,2026-07-24T12:45:00,2026-07-24 14:55:25.133155,https://www.jns.org/opinion/lauri-b-regan/the-beautiful-blessing-of-shoshana-bryen
IDF announces major Samaria op after deadly terror attack,"Military reinforces troops, postpones leave and arrests nine suspects after Israeli security volunteer was killed and two others wounded near Havat Gilad.",https://www.jns.org/news/israel-news/idf-announces-major-samaria-op-after-deadly-terror-attack,JNS,JNS Staff,2026-07-24T12:46:31,2026-07-24 14:55:25.133131,https://www.jns.org/news/israel-news/idf-announces-major-samaria-op-after-deadly-terror-attack
"For Jews at Kotel as Tisha B’Av fast ends, a sense of belonging","“When people are all together, the yeshiva, the secular, that’s a beautiful thing,” Rabbi Yitzchok Dinovitzer, of Baltimore, told JNS.",https://www.jns.org/news/u-s-news/for-jews-at-kotel-as-tisha-bav-fast-ends-a-sense-of-belonging,JNS,Rebecca Szlechter,2026-07-24T13:00:00,2026-07-24 14:55:25.133100,https://www.jns.org/news/u-s-news/for-jews-at-kotel-as-tisha-bav-fast-ends-a-sense-of-belonging
Commanding fundraising lead for Scott Wiener in race to succeed Pelosi,"The Jewish state senator had more than $1.2 million cash on hand, compared to $360,000 for Connie Chan.",https://www.jns.org/news/u-s-news/commanding-fundraising-lead-for-scott-wiener-in-race-to-succeed-pelosi,JNS,,2026-07-24T13:15:00,2026-07-24 14:55:25.133069,https://www.jns.org/news/u-s-news/commanding-fundraising-lead-for-scott-wiener-in-race-to-succeed-pelosi
Judge orders X to share deleted antisemitic posts with Media Matters,"Elon Musk's social media company accused the organization of ""knowingly and maliciously"" creating side-by-side images that showed advertiser posts alongside neo-Nazi and other extremist content.",https://www.jns.org/news/u-s-news/judge-orders-x-to-share-deleted-antisemitic-posts-with-media-matters,JNS,,2026-07-24T13:30:00,2026-07-24 14:55:25.133042,https://www.jns.org/news/u-s-news/judge-orders-x-to-share-deleted-antisemitic-posts-with-media-matters
"Mamdani picks for panel that appoints NYC judges, including those who hear hate crime cases, short on Jews","""If you were to pull 18 at random, you would expect there to be several Jewish members,"" Mark Goldfeder told JNS. ""When they call it 'truly representative,' that's ridiculous.""",https://www.jns.org/news/u-s-news/mamdani-picks-for-panel-that-appoints-nyc-judges-including-those-who-hear-hate-crime-cases-short-on-jews,JNS,Debra Nussbaum Cohen,2026-07-24T14:00:00,2026-07-24 14:55:25.133006,https://www.jns.org/news/u-s-news/mamdani-picks-for-panel-that-appoints-nyc-judges-including-those-who-hear-hate-crime-cases-short-on-jews
Uruguayan rabbi: What can Jews learn from the World Cup?,"דער מחבר פֿון דעם אַרטיקל, הרבֿ אליעזר שם טובֿ, פֿירט אָן מיטן חב״ד אין פּונטאַ דער עסטע, אורוגווײַ דעם פֿאַרגאַנגענעם זונטיק, גלײַך נאָכן סוף פֿונעם וועלט־בעכער טורניי 2026 האָב איך אָנגערופֿן אַ גוטן פֿרײַנד אין אַרגענטינע, כּדי צו הערן ווי עס גייט אים. איך בין ממש צעבראָכן — האָט ער געזאָגט — פֿאַרוואָס האָט דער... The post Uruguayan rabbi: What can Jews learn from the World Cup? appeared first on The Forward .",https://forward.com/yiddish/840194/uruguay-rabbi-what-can-learn-from-losing-the-world-cup/,The Forward,הרבֿ אליעזר שם טוב,2026-07-24T01:31:42,2026-07-24 14:55:17.652830,https://forward.com/?p=840194
"Hasan Piker is gaslighting American Jews. As a historian of antisemitism, I can tell.","We should not be afraid to call antisemitism what it is, writes a scholar. -- The post Hasan Piker is gaslighting American Jews. As a historian of antisemitism, I can tell. appeared first on Jewish Telegraphic Agency .",https://www.jta.org/2026/07/24/ideas/hasan-piker-is-gaslighting-american-jews-as-a-historian-of-antisemitism-i-can-tell,JTA,Pamela S. Nadell,2026-07-24T14:00:31,2026-07-24 14:55:15.013504,https://www.jta.org/?p=1904997
Your Daily Phil: NYC stabbing follows Jewish warnings of antisemitic violence,"SATURDAY Stuart M. Matlins, Former publisher and editor-in-chief of Jewish Lights Publishing, he is an economist and religious scholar best known for his interfaith work, turns 86… Peter Suschitzky, cinematographer whose work includes “The Rocky Horror Picture Show” and “The Empire Strikes Back,” turns 85… Alan N. Maisel, member of the New York City Council from 2014... Read More The post Your Daily Phil: NYC stabbing follows Jewish warnings of antisemitic violence appeared first on eJewishPhilanthropy .",https://ejewishphilanthropy.com/your-daily-phil-nyc-stabbing-follows-jewish-warnings-of-antisemitic-violence/,eJewish Philanthropy,EJP,2026-07-24T13:40:48,2026-07-24 14:55:12.425039,https://ejewishphilanthropy.com/?p=177723
Iran rejects reported Trump cease-fire proposal as U.S. completes 13th night of strikes,"Tehran reportedly rejected a truce proposal that leaves the Strait of Hormuz unresolved as Iran expanded drone attacks on U.S. military facilities in Kuwait, Bahrain and Jordan",https://www.haaretz.com/middle-east-news/iran/2026-07-24/ty-article/iran-rejects-reported-trump-truce-as-u-s-completes-13th-night-of-strikes/0000019f-936e-d1a3-adff-f3ff9a1d0000,Haaretz,Reuters,2026-07-24T11:11:14,2026-07-24 12:24:24.948935,https://www.haaretz.com/middle-east-news/iran/2026-07-24/ty-article/iran-rejects-reported-trump-truce-as-u-s-completes-13th-night-of-strikes/0000019f-936e-d1a3-adff-f3ff9a1d0000
Thousands of Koreans visit Israel in faith-based trip,"“Your decision to convene in Israel during these challenging times is a profound demonstration of friendship, solidarity and confidence in our nation,” Michael Izhakov, director general of the Israeli Tourism Ministry, told the Christian tourists",https://www.jns.org/news/israel-news/thousands-of-koreans-visit-israel-in-faith-based-trip,JNS,Etgar Lefkovits,2026-07-24T11:22:00,2026-07-24 12:24:18.277425,https://www.jns.org/news/israel-news/thousands-of-koreans-visit-israel-in-faith-based-trip
"Report: Israeli tourists fend off axe, knife attack in Mongolia","Diaspora Affairs Ministry said six Israelis were targeted after speaking Hebrew at a northern Mongolian campsite, where attackers reportedly shouted ""Heil Hitler.""",https://www.jns.org/news/world/report-israeli-tourists-fend-off-axe-knife-attack-in-mongolia,JNS,Canaan Lidor,2026-07-24T11:42:00,2026-07-24 12:24:18.277383,https://www.jns.org/news/world/report-israeli-tourists-fend-off-axe-knife-attack-in-mongolia
"Assailant stabs two men, one visibly Jewish, on Upper West Side","(JTA) — NEW YORK – An assailant stabbed two victims, at least one of whom was visibly Jewish, in an area of the Upper West Side known for its Jewish institutions. Police said two male victims, aged 57 and 50, were in stable condition and being treated for stab wounds to the torso. Rabbi Allen... The post Assailant stabs two men, one visibly Jewish, on Upper West Side appeared first on The Forward .",https://forward.com/fast-forward/840173/jewish-man-stabbed-manhattan/,The Forward,Joseph Strauss,2026-07-24T11:29:57,2026-07-24 12:24:11.400051,https://forward.com/?p=840173
Trump administration drops demand that Penn turn over list of Jewish employees,The demand had alarmed Jewish groups on campus and beyond. -- The post Trump administration drops demand that Penn turn over list of Jewish employees appeared first on Jewish Telegraphic Agency .,https://www.jta.org/2026/07/24/united-states/trump-administration-drops-demand-that-penn-turn-over-list-of-jewish-employees,JTA,Andrew Lapin,2026-07-24T11:13:12,2026-07-24 12:24:08.739867,https://www.jta.org/?p=1904972
New York City stabbing follows repeated Jewish warnings of antisemitic violence,"Yesterday’s stabbing on Manhattan’s Upper West Side, in which the assailant reportedly yelled “Allahu akhbar” before attacking two men — one of whom was visibly Jewish and attacked as he left a nearby synagogue, the other was not — with a screwdriver in what police are investigating as a hate crime, caught no one by... Read More The post New York City stabbing follows repeated Jewish warnings of antisemitic violence appeared first on eJewishPhilanthropy .",https://ejewishphilanthropy.com/new-york-city-stabbing-follows-repeated-jewish-warnings-of-antisemitic-violence/,eJewish Philanthropy,Judah Ari Gross,2026-07-24T12:11:22,2026-07-24 12:24:06.365678,https://ejewishphilanthropy.com/?p=177716
Israeli FM blames Mamdani for stabbing in New York,"After two men were stabbed in Manhattan, Gideon Sa'ar said that the mayor's anti-Israel rhetoric helped fuel a climate in which Jews are targeted.",https://www.jns.org/news/u-s-news/israeli-fm-blames-mamdani-for-stabbing-in-new-york,JNS,JNS Staff,2026-07-24T08:41:11,2026-07-24 11:03:35.554732,https://www.jns.org/news/u-s-news/israeli-fm-blames-mamdani-for-stabbing-in-new-york
"Israel begins preparing for 2,000-year anniversary of Jesus’s baptism",The milestone will be marked in 2030.,https://www.jns.org/news/israel-news/israel-begins-preparing-for-2-000-year-anniversary-of-jesuss-baptism,JNS,Etgar Lefkovits,2026-07-24T09:12:00,2026-07-24 11:03:35.554706,https://www.jns.org/news/israel-news/israel-begins-preparing-for-2-000-year-anniversary-of-jesuss-baptism
Mother of fallen soldier Oron Shaul dies at 71,"Zehava Shaul, whose son fell fighting in Gaza in 2014, will be buried beside him in northern Israel.",https://www.jns.org/news/israel-news/mother-of-fallen-soldier-oron-shaul-dies-at-71,JNS,JNS Staff,2026-07-24T09:29:57,2026-07-24 11:03:35.554675,https://www.jns.org/news/israel-news/mother-of-fallen-soldier-oron-shaul-dies-at-71
"The Jewish people stand, despite historic and current efforts to destroy them","In every generation, the answer has been defiance and resilience.",https://www.jns.org/wire/the-focus-project/the-jewish-people-stand-despite-historic-and-current-efforts-to-destroy-them,JNS,,2026-07-24T10:00:00,2026-07-24 11:03:35.554647,https://www.jns.org/wire/the-focus-project/the-jewish-people-stand-despite-historic-and-current-efforts-to-destroy-them
Guatemala recognizes City of David as part of its heritage,"At a Jerusalem ceremony, Guatemala’s ambassador unveiled a plaque recognizing the City of David archaeological site as part of the Central American country’s cultural heritage.",https://www.jns.org/news/israel-news/guatemala-recognizes-city-of-david-as-part-of-its-heritage,JNS,Josh Hasten,2026-07-24T10:03:53,2026-07-24 11:03:35.554617,https://www.jns.org/news/israel-news/guatemala-recognizes-city-of-david-as-part-of-its-heritage
Two arrested after BB gun attack targeting Manchester Jews,Three people were injured in a drive-by shooting near the British city days before the sentencing of an accomplice of a jihadist who'd targeted a local synagogue.,https://www.jns.org/news/antisemitism/two-arrested-after-bb-gun-attack-targeting-manchester-jews,JNS,JNS Staff,2026-07-24T10:21:00,2026-07-24 11:03:35.554562,https://www.jns.org/news/antisemitism/two-arrested-after-bb-gun-attack-targeting-manchester-jews
Hidden communities share their Jewish heritage through food,"ANU Museum festival pairs restaurants with emerging Jewish communities from India, China, Uganda, Peru and beyond.",https://www.jns.org/feature/hidden-communities-share-their-jewish-heritage-through-food,JNS,Linda Gradstein,2026-07-24T10:41:00,2026-07-24 11:03:35.554532,https://www.jns.org/feature/hidden-communities-share-their-jewish-heritage-through-food
Mamdani can still threaten Netanyahu without arresting him,The New York City mayor will count on a well-established playbook by anti-Israeli protesters to attempt to upend the prime minister’s visit.,https://www.jns.org/opinion/column/ben-cohen/mamdani-can-still-threaten-netanyahu-without-arresting-him,JNS,Ben Cohen,2026-07-24T11:00:00,2026-07-24 11:03:35.554497,https://www.jns.org/opinion/column/ben-cohen/mamdani-can-still-threaten-netanyahu-without-arresting-him
"Rabbi Artson Honored by WLCJ, Mem Global’s Embark Names Executive Director","Notable people and events in the Jewish LA community. The post Rabbi Artson Honored by WLCJ, Mem Global’s Embark Names Executive Director appeared first on Jewish Journal .",https://jewishjournal.com/events/movers-shakers/390449/rabbi-artson-honored-by-wlcj-mem-globals-embark-names-executive-director/,Jewish Journal,Jewish Journal Staff,2026-07-24T08:57:06,2026-07-24 11:03:32.965265,https://jewishjournal.com/?p=390449
Rabbis of LA | Rabbi Geller’s Feminist Education,Third of three parts The post Rabbis of LA | Rabbi Geller’s Feminist Education appeared first on Jewish Journal .,https://jewishjournal.com/community/rabbis-of-la/390455/rabbi-gellers-feminist-education/,Jewish Journal,Ari L. Noonan,2026-07-24T09:01:02,2026-07-24 11:03:32.965226,https://jewishjournal.com/?p=390455
What sort of Yiddish do Yiddishists speak today?,"Ask the question: “What sort of Yiddish do Yiddishists speak?” and a jokester might respond: “Well, these days they speak English.” But let&#8217;s consider the Yiddishists who really do speak it in order to preserve it as a living language, because they see it as a treasured part of the Ashkenazi cultural heritage. Their purpose... The post What sort of Yiddish do Yiddishists speak today? appeared first on The Forward .",https://forward.com/yiddish/840227/yiddish-yiddishists-dialect-standard-native-students/,The Forward,Leyzer Burko,2026-07-24T10:35:12,2026-07-24 11:03:28.782390,https://forward.com/?p=840227
A community divided: Maine’s Jewish Democrats gear up for Platner’s replacement,The state Democratic Party on Saturday is expected to tap Troy Jackson as its challenger against Republican Sen. Susan Collins. -- The post A community divided: Maine’s Jewish Democrats gear up for Platner’s replacement appeared first on Jewish Telegraphic Agency .,https://www.jta.org/2026/07/24/politics/a-community-divided-maines-jewish-democrats-gear-up-for-platners-replacement,JTA,Grace Gilson,2026-07-24T10:00:32,2026-07-24 11:03:26.357194,https://www.jta.org/?p=1904968
"JCC Association plans to expand its Maccabi Games, return them to Israel in 2028","The JCC Association of North America is taking a big swing, doubling down on Jewish teen sports with a planned $19.5 million investment over the next four years in its JCC Maccabi Games, most of which has already been raised, the organization announced on Thursday. Through the campaign, the JCC Association plans to grow participation... Read More The post JCC Association plans to expand its Maccabi Games, return them to Israel in 2028 appeared first on eJewishPhilanthropy .",https://ejewishphilanthropy.com/jcc-association-plans-to-expand-jcc-maccabi-games-return-them-to-israel-in-2028/,eJewish Philanthropy,Justin Hayet,2026-07-24T09:06:50,2026-07-24 11:03:23.980562,https://ejewishphilanthropy.com/?p=177660
Holding the middle ground: Reform layleader Daryl Messinger steps in as chair of Israel Policy Forum,"It’s a tough time to be a liberal Zionist, to remain deeply connected to a country who has not been led by a left-wing politician since 2001. (Yair Lapid, who served a six-month stint as prime minister in 2022, is a centrist.) The prospects of a two-state solution have reached a nadir in the wake... Read More The post Holding the middle ground: Reform layleader Daryl Messinger steps in as chair of Israel Policy Forum appeared first on eJewishPhilanthropy .",https://ejewishphilanthropy.com/holding-the-middle-ground-reform-layleader-daryl-messinger-steps-in-as-chair-of-israel-policy-forum/,eJewish Philanthropy,Judah Ari Gross,2026-07-24T09:35:15,2026-07-24 11:03:23.980511,https://ejewishphilanthropy.com/?p=177705
