title,description,link,source,author,published,scraped_at,guid
Tehran prepares to turn Hormuz into an instrument of regional pressure,Iranian conservatives are trying to turn control of the international shipping route into a permanent mechanism for extracting political concessions.,https://www.jns.org/analysis/tehran-prepares-to-turn-hormuz-into-an-instrument-of-regional-pressure,JNS,JCFA Iran-Syria Desk,2026-08-14T04:07:00,2026-08-14 06:13:58.843533,https://www.jns.org/analysis/tehran-prepares-to-turn-hormuz-into-an-instrument-of-regional-pressure
"Herzog marks Abraham Accords anniversary, calls to expand ‘circle of peace’",Israeli president says the landmark agreements are “just the beginning” and urges further normalization across the Middle East.,https://www.jns.org/news/israel-news/herzog-marks-abraham-accords-anniversary-calls-to-expand-circle-of-peace,JNS,JNS Staff,2026-08-14T05:02:10,2026-08-14 06:13:58.843504,https://www.jns.org/news/israel-news/herzog-marks-abraham-accords-anniversary-calls-to-expand-circle-of-peace
"At the site of a Nazi massacre, the Jews are forgotten",Former Italian Prime Minister Giuseppe Conte invokes Gaza at Sant’Anna di Stazzema while ignoring the antisemitic hatred behind the Oct. 7 massacre.,https://www.jns.org/opinion/column/fiamma-nirenstein/at-the-site-of-a-nazi-massacre-the-jews-are-forgotten,JNS,Fiamma Nirenstein,2026-08-14T05:26:59,2026-08-14 06:13:58.843473,https://www.jns.org/opinion/column/fiamma-nirenstein/at-the-site-of-a-nazi-massacre-the-jews-are-forgotten
"Families of fallen demand Netanyahu renew offensive, defeat Hamas","Forum HaGevura (""The Heroism Forum"") warned in the letter, a copy of which the group provided to JNS, that Hamas was exploiting the fact that Israel stopped taking the initiative in Gaza.",https://www.jns.org/news/israel-news/families-of-fallen-demand-netanyahu-renew-offensive-defeat-hamas,JNS,David Isaac,2026-08-14T05:44:39,2026-08-14 06:13:58.843436,https://www.jns.org/news/israel-news/families-of-fallen-demand-netanyahu-renew-offensive-defeat-hamas
War and uncertainty drives Israelis seeking quiet abroad,The high numbers of exits have led experts to warn of economic and security consequences. -- The post War and uncertainty drives Israelis seeking quiet abroad appeared first on Jewish Telegraphic Agency .,https://www.jta.org/2026/08/13/israel/war-and-uncertainty-drives-israelis-seeking-quiet-abroad,JTA,Deborah Danan,2026-08-13T13:17:04,2026-08-14 06:13:49.897450,https://www.jta.org/?p=1906108
Jared Kushner to visit Israel and Egypt next week with Board of Peace officials to talk Gaza,,https://www.haaretz.com/israel-news/israel-security/2026-08-14/ty-article-live/sources-kushner-to-visit-israel-and-egypt-next-week-to-push-trumps-gaza-plan/0000019f-fdf5-d337-a7df-fffd11570000,Haaretz,Haaretz,2026-08-14T02:00:33,2026-08-14 04:09:25.816348,https://www.haaretz.com/israel-news/israel-security/2026-08-14/ty-article-live/sources-kushner-to-visit-israel-and-egypt-next-week-to-push-trumps-gaza-plan/0000019f-fdf5-d337-a7df-fffd11570000
"Unmoved by Netanyahu's tricks and shticks, Eisenkot eyes a minority government","The Yashar chairman says he will ask nothing from the Arab factions: ""They can support us, abstain or be absent. That is their business' ■ He also has answers to the lies coming out of the Prime Minister's Office ■ What about the law the outgoing Knesset forgot to pass? ■ And after making sure to alienate them from Likud, Netanyahu is now searching for mainstream candidates",https://www.haaretz.com/israel-news/israel-politics/2026-08-14/ty-article/.premium/unmoved-by-netanyahus-tricks-and-shticks-eisenkot-eyes-a-minority-government/0000019f-fcf1-d28e-a3df-fcf15dcc0000,Haaretz,Yossi Verter,2026-08-14T03:00:32,2026-08-14 04:09:25.816316,https://www.haaretz.com/israel-news/israel-politics/2026-08-14/ty-article/.premium/unmoved-by-netanyahus-tricks-and-shticks-eisenkot-eyes-a-minority-government/0000019f-fcf1-d28e-a3df-fcf15dcc0000
"As battlefield shifts to low altitudes, IDF plans to build 100,000 attack drones a year","Fiber-optic explosive drones deployed by Hezbollah are eating away at Israeli air superiority in Lebanon. First proven in the Russia-Ukraine war, these micro-weapons are redefining the balance of power, and perhaps even changing warfare altogether",https://www.haaretz.com/israel-news/israel-security/2026-08-14/ty-article/.premium/as-battlefield-shifts-to-low-altitudes-idf-plans-to-build-100-000-drones-a-year/0000019f-fcf0-df09-abff-fff684040000,Haaretz,Amos Harel,2026-08-14T03:01:13,2026-08-14 04:09:25.816262,https://www.haaretz.com/israel-news/israel-security/2026-08-14/ty-article/.premium/as-battlefield-shifts-to-low-altitudes-idf-plans-to-build-100-000-drones-a-year/0000019f-fcf0-df09-abff-fff684040000
"Huckabee condemned 'settler terror' but he was defending Trump, not Palestinians","The U.S. ambassador's concern for an American citizen in Qusra, and the shock at reports in the international media, pale in comparison as the IDF once again punishes the Palestinians targeted by the settlers",https://www.haaretz.com/israel-news/israel-security/2026-08-14/ty-article/.premium/huckabee-condemned-settler-terror-but-he-was-defending-trump-not-palestinians/0000019f-fdbc-d337-a7df-fffc7dbc0000,Haaretz,Amira Hass,2026-08-14T01:10:12,2026-08-14 01:58:35.629313,https://www.haaretz.com/israel-news/israel-security/2026-08-14/ty-article/.premium/huckabee-condemned-settler-terror-but-he-was-defending-trump-not-palestinians/0000019f-fdbc-d337-a7df-fffc7dbc0000
The secret Jewish history of San Francisco folk hero Emperor Norton,"For decades, San Franciscans have been pushing the city to name a landmark after Emperor Norton, the eccentric 19th-century character who declared himself ruler of the United States and, decades [&#8230;]",https://jweekly.com/2026/08/13/the-secret-jewish-history-of-san-francisco-folk-hero-emperor-norton/,J. Weekly,Cayla Labgold-Carroll,2026-08-13T23:54:45,2026-08-14 01:58:13.961926,https://jweekly.com/?p=309784
'I don't know a wounded Israeli soldier whose soul wasn't affected',"This week at Ben-Gurion Airport: A tour guide takes Israeli troops wounded in combat on a challenging trek in India, and a tech worker finds community and belonging through soccer",https://www.haaretz.com/israel-news/holylandings/2026-08-14/ty-article-magazine/.highlight/i-dont-know-a-wounded-israeli-soldier-whose-soul-wasnt-affected/0000019f-fd13-d88f-abbf-fd9f71e40000,Haaretz,Mae Palty,2026-08-13T22:53:17,2026-08-13 23:41:20.756624,https://www.haaretz.com/israel-news/holylandings/2026-08-14/ty-article-magazine/.highlight/i-dont-know-a-wounded-israeli-soldier-whose-soul-wasnt-affected/0000019f-fd13-d88f-abbf-fd9f71e40000
Remembering Elly Katz: She Came to Teach Us How,"“Her prose disrupted my mind,” I wrote, “confronting me with words I had never seen come together before.” The post Remembering Elly Katz: She Came to Teach Us How appeared first on Jewish Journal .",https://jewishjournal.com/commentary/columnist/editors-note/391190/remembering-elly-katz-she-came-to-teach-us-how/,Jewish Journal,David Suissa,2026-08-13T22:53:05,2026-08-13 23:41:11.560826,https://jewishjournal.com/?p=391190
Plea — A poem for Parsha Shoftim,"Be fair, judges... The post Plea — A poem for Parsha Shoftim appeared first on Jewish Journal .",https://jewishjournal.com/judaism/391017/plea-a-poem-for-parsha-shoftim/,Jewish Journal,Rick Lupert,2026-08-13T23:00:48,2026-08-13 23:41:11.560780,https://jewishjournal.com/?p=391017
Haaretz Cartoon,,https://www.haaretz.com/opinion/daily-cartoon/2026-08-14/ty-article-opinion/haaretz-cartoon/0000019f-fd1f-df09-abff-ff3f08cf0000,Haaretz,Eran Wolkowski,2026-08-13T22:03:56,2026-08-13 22:41:53.988082,https://www.haaretz.com/opinion/daily-cartoon/2026-08-14/ty-article-opinion/haaretz-cartoon/0000019f-fd1f-df09-abff-ff3f08cf0000
Israel's blind Democrats are oblivious to the Odysseus in their midst,,https://www.haaretz.com/opinion/2026-08-14/ty-article-opinion/.premium/israels-blind-democrats-are-oblivious-to-the-odysseus-in-their-midst/0000019f-fc79-d28e-a3df-fc799ffd0000,Haaretz,Carolina Landsmann,2026-08-13T22:25:12,2026-08-13 22:41:53.988057,https://www.haaretz.com/opinion/2026-08-14/ty-article-opinion/.premium/israels-blind-democrats-are-oblivious-to-the-odysseus-in-their-midst/0000019f-fc79-d28e-a3df-fc799ffd0000
Even Huckabee condemned settler terror. Now Washington must act,America can no longer be silent and its ambassador to Israel must be the first to voice his displeasure at what is happening in the West Bank,https://www.haaretz.com/opinion/editorial/2026-08-14/ty-article-opinion/even-huckabee-condemned-settler-terror-now-washington-must-act/0000019f-fc6f-df09-abff-ff6f42d50000,Haaretz,Haaretz Editorial,2026-08-13T22:26:44,2026-08-13 22:41:53.988020,https://www.haaretz.com/opinion/editorial/2026-08-14/ty-article-opinion/even-huckabee-condemned-settler-terror-now-washington-must-act/0000019f-fc6f-df09-abff-ff6f42d50000
UNRWA warns Palestinian East Jerusalem facilities face 'imminent risk' after Israeli raids,"Jerusalem municipal authorities changed locks on a health center and cut off services for tens of thousands of Palestinians, an agency source told Haaretz. Last month, Israeli forces raided an East Jerusalem UNRWA training center, 'confining' staff and students",https://www.haaretz.com/israel-news/israel-security/2026-08-13/ty-article/.premium/unrwa-says-east-jerusalem-facilities-face-imminent-risk-after-israeli-raids/0000019f-fb78-d28e-a3df-fb780fad0000,Haaretz,Rawan Suleiman,2026-08-13T20:47:44,2026-08-13 21:45:26.519034,https://www.haaretz.com/israel-news/israel-security/2026-08-13/ty-article/.premium/unrwa-says-east-jerusalem-facilities-face-imminent-risk-after-israeli-raids/0000019f-fb78-d28e-a3df-fb780fad0000
Georgia's Jews may be turning on Jon Ossoff. But Mike Collins isn't making things easy for them,"An open letter accusing Sen. Jon Ossoff of betraying Israel has reignited the long-simmering tensions in Georgia's Jewish community. However, his opponent Mike Collins' links to white supremacists and antisemites have made defections difficult",https://www.haaretz.com/us-news/2026-08-13/ty-article-magazine/.premium/are-georgias-jews-turning-on-ossoff-an-open-letter-reignites-the-question/0000019f-fc9d-d28e-a3df-fcdd2f350000,Haaretz,Arno Rosenfeld,2026-08-13T20:57:26,2026-08-13 21:45:26.519001,https://www.haaretz.com/us-news/2026-08-13/ty-article-magazine/.premium/are-georgias-jews-turning-on-ossoff-an-open-letter-reignites-the-question/0000019f-fc9d-d28e-a3df-fcdd2f350000
'Noo-noo' the cicada cousin in amber had a bizarrely long mouth,A particle accelerator probed the proboscis of an extinct planthopper that lived 99 million years ago and may have drunk straight from trees,https://www.haaretz.com/israel-news/science/2026-08-14/ty-article/noo-noo-the-cicada-cousin-in-amber-had-a-bizarrely-long-mouth/0000019f-fb2f-d569-a5ff-fb6f313e0000,Haaretz,Ruth Schuster,2026-08-13T21:24:51,2026-08-13 21:45:26.518969,https://www.haaretz.com/israel-news/science/2026-08-14/ty-article/noo-noo-the-cicada-cousin-in-amber-had-a-bizarrely-long-mouth/0000019f-fb2f-d569-a5ff-fb6f313e0000
Israel's top court: Intelligence supports claim Gaza hospital director was Hamas operative,"A court ruling issued two months ago, published following a Haaretz request, found that classified intelligence indicated Abu Safiya posed a danger. The judge said he was placed in solitary confinement for a reason 'that cannot be disclosed'",https://www.haaretz.com/israel-news/israel-security/2026-08-14/ty-article/.premium/israels-top-court-intel-supports-claim-gaza-hospital-director-was-hamas-member/0000019f-fc35-d569-a5ff-fc7503920000,Haaretz,Nir Hasson,2026-08-13T21:32:58,2026-08-13 21:45:26.518938,https://www.haaretz.com/israel-news/israel-security/2026-08-14/ty-article/.premium/israels-top-court-intel-supports-claim-gaza-hospital-director-was-hamas-member/0000019f-fc35-d569-a5ff-fc7503920000
They were kidnapped and tortured en route to Israel. Now the nightmare haunts the next generation,"Years after fleeing war, persecution and torture, asylum seekers from Eritrea and Sudan are being contacted by African gangs who have abducted their relatives – and often demand an exorbitant ransom for their release",https://www.haaretz.com/israel-news/2026-08-14/ty-article-magazine/.premium/they-were-tortured-en-route-to-israel-now-the-nightmare-haunts-a-new-generation/0000019f-faac-d101-a5bf-fbbc66f50000,Haaretz,Eden Solomon,2026-08-13T21:38:37,2026-08-13 21:45:26.518898,https://www.haaretz.com/israel-news/2026-08-14/ty-article-magazine/.premium/they-were-tortured-en-route-to-israel-now-the-nightmare-haunts-a-new-generation/0000019f-faac-d101-a5bf-fbbc66f50000
"New Campaign Aims to Dispel ‘Genocide Libel’ Against Israel, Slams Mamdani for Role in Pushing False Charge",More than 50 Jewish and non-Jewish organizations have joined forces in a new international campaign aimed at challenging what they...,https://www.algemeiner.com/2026/08/13/new-campaign-aims-dispel-genocide-libel-against-israel-slams-mamdani-role-pushing-false-charge/,Algemeiner,Corey Walker,2026-08-13T21:42:15,2026-08-13 21:45:21.873956,https://www.algemeiner.com/?p=777759
Jayapal seems to advise student groups to invite antisemite Hasan Piker after University of Washington nixes official event with him,"Mari Leavitt, a Democratic state representative, told JNS that the public university ""used extremely poor judgment"" by inviting Piker and erred by not including mention of Piker's ""dangerous rhetoric"" in the initial event announcement.",https://www.jns.org/news/u-s-news/jayapal-seems-to-advise-student-groups-to-invite-antisemite-hasan-piker-after-university-of-washington-nixes-official-event-with-him,JNS,Jessica Russak-Hoffman,2026-08-13T20:54:51,2026-08-13 21:45:19.543437,https://www.jns.org/news/u-s-news/jayapal-seems-to-advise-student-groups-to-invite-antisemite-hasan-piker-after-university-of-washington-nixes-official-event-with-him
Are New York rabbis really ‘beseeching’ Mamdani?,"Jews should not be pleading with the mayor, but demanding their inherent rights.",https://www.jns.org/opinion/gregg-mashberg/are-new-york-rabbis-really-beseeching-mamdani,JNS,Gregg Mashberg,2026-08-13T20:00:00,2026-08-13 20:42:40.678912,https://www.jns.org/opinion/gregg-mashberg/are-new-york-rabbis-really-beseeching-mamdani
"‘I still have dough under my fingernails,’ Virginia bagel shop owner says","One man’s quest for the perfect bagel (or any at all) in his new home, miles from the Midwest.",https://www.jns.org/news/u-s-news/i-still-have-dough-under-my-fingernails-virginia-bagel-shop-owner-says,JNS,Bill Motchan,2026-08-13T20:25:00,2026-08-13 20:42:40.678879,https://www.jns.org/news/u-s-news/i-still-have-dough-under-my-fingernails-virginia-bagel-shop-owner-says
Mamdani says meeting with rabbis was ‘candid and productive’,"Plus, Palestinian students, faculty and alumni file a discrimination lawsuit against Columbia University. -- The post Mamdani says meeting with rabbis was ‘candid and productive’ appeared first on Jewish Telegraphic Agency .",https://www.jta.org/2026/08/13/ny/mamdani-says-meeting-with-rabbis-was-candid-and-productive,JTA,New York Jewish Week Staff,2026-08-13T20:11:13,2026-08-13 20:42:30.001763,https://www.jta.org/?p=1906159
"Israeli strikes kill two in Gaza, medics say; IDF says Hamas militant targeted","Thursday's fatalities are the first since the U.S. pressed Israel to curb strikes. Last week, Israel's political leadership instructed the military not to carry out strikes in Gaza without the IDF chief's approval, with the exception of 'imminent danger'",https://www.haaretz.com/gaza/2026-08-13/ty-article/.premium/israeli-strikes-kill-two-in-gaza-medics-say-idf-says-hamas-militant-targeted/0000019f-fc55-df09-abff-ff77cc960000,Haaretz,Rawan Suleiman,2026-08-13T19:02:11,2026-08-13 19:58:09.328486,https://www.haaretz.com/gaza/2026-08-13/ty-article/.premium/israeli-strikes-kill-two-in-gaza-medics-say-idf-says-hamas-militant-targeted/0000019f-fc55-df09-abff-ff77cc960000
Ken Burns thinks America's complicated history is exactly what can unite it,"The documentary filmmaker tells Haaretz that Americans 'inherited a bloodless, heroic version of history.' In his new series 10 years in the making, he hopes to bring nuance to war and Washington, because 'nobody wants a superficial story'",https://www.haaretz.com/life/2026-08-13/ty-article-magazine/.premium/ken-burns-thinks-americas-complicated-history-is-exactly-what-can-unite-it/0000019f-eb8b-d569-a5ff-fbef2bd60000,Haaretz,Shany Littman,2026-08-13T19:17:36,2026-08-13 19:58:09.328443,https://www.haaretz.com/life/2026-08-13/ty-article-magazine/.premium/ken-burns-thinks-americas-complicated-history-is-exactly-what-can-unite-it/0000019f-eb8b-d569-a5ff-fbef2bd60000
"Federal judge dismisses Trump admin’s lawsuit alleging Harvard violated Jewish, Israeli students' rights","U.S. District Judge Richard Stearns wrote that, “without diminishing any concern arising from these occurrences,” the incidents cited in the complaint were “too isolated and episodic” to support a finding that institutionalized noncompliance persists at Harvard.",https://www.jns.org/news/u-s-news/federal-judge-dismisses-trump-admins-lawsuit-alleging-harvard-violated-jewish-israeli-students-rights,JNS,Jessica Russak-Hoffman,2026-08-13T19:19:17,2026-08-13 19:58:01.863398,https://www.jns.org/news/u-s-news/federal-judge-dismisses-trump-admins-lawsuit-alleging-harvard-violated-jewish-israeli-students-rights
"‘Trying to prevent next Mamdani,’ say Israeli vets slated to visit NYC campuses","“I’m seeing what’s going on in New York,” Stav Cohen, founder of the Israeli nonprofit Frontline Advocates, told JNS. “I fear for my speakers’ lives.”",https://www.jns.org/news/u-s-news/trying-to-prevent-next-mamdani-say-israeli-vets-slated-to-visit-nyc-campuses,JNS,Rikki Zagelbaum,2026-08-13T19:22:51,2026-08-13 19:58:01.863336,https://www.jns.org/news/u-s-news/trying-to-prevent-next-mamdani-say-israeli-vets-slated-to-visit-nyc-campuses
"Judge throws out Trump’s Harvard antisemitism lawsuit, citing lack of evidence","(JTA) — A federal judge threw out the Trump administration’s lawsuit that had accused Harvard University of having “turned a blind eye” to Jewish and Israeli students, ending for now the most high-profile campus antisemitism case in the legal arena. The judge, Richard Stearns, ruled Thursday that the government’s evidence for Harvard having committed Title... The post Judge throws out Trump&#8217;s Harvard antisemitism lawsuit, citing lack of evidence appeared first on The Forward .",https://forward.com/fast-forward/844940/judge-throws-out-trumps-harvard-antisemitism-lawsuit-citing-lack-of-evidence/,The Forward,Andrew Lapin,2026-08-13T19:06:35,2026-08-13 19:57:54.121293,https://forward.com/?p=844940
Apple pays $150k to settle federal antisemitism lawsuit,"(JTA) — Apple has agreed to pay $150,000 to settle a federal lawsuit alleging that the company failed to accommodate a Jewish employee’s observance of Shabbat, and later fired him after he complained of religious discrimination. The lawsuit, which was filed by the U.S. Equal Employment Opportunity Commission in September 2025, accused Apple of discriminating... The post Apple pays $150k to settle federal antisemitism lawsuit appeared first on The Forward .",https://forward.com/fast-forward/844928/apple-pays-150k-to-settle-federal-antisemitism-lawsuit/,The Forward,Grace Gilson,2026-08-13T19:12:59,2026-08-13 19:57:54.121244,https://forward.com/?p=844928
Trump just used journalists as human shields — Jewish ethics has thoughts about that,"Everyone has been talking about The Odyssey this summer. So much so that, apparently, the president of the United States felt the need to act out a famous piece of Greek mythology, namely the story of the Trojan horse. When an Iranian assassination threat in July seemed credible enough, the Secret Service spirited Trump off... The post Trump just used journalists as human shields — Jewish ethics has thoughts about that appeared first on The Forward .",https://forward.com/culture/844931/trump-civilians-decoy-air-force-one-human-shields/,The Forward,Mira Fox,2026-08-13T19:23:13,2026-08-13 19:57:54.121196,https://forward.com/?p=844931
Israeli restaurants are hiding their identity. New York magazine won’t say why,"I walked into Jerusalem Chicken restaurant because someone told me it served the best maqluba this side of Jerusalem — all within a few minutes of LAX. Outside, the well-lit sign said, “Palestinian Chicken Eatery,” which, because I’d seen the Curb Your Enthusiasm “Palestinian Chicken” episode about a dozen times, already had me smiling. Then... The post Israeli restaurants are hiding their identity. New York magazine won&#8217;t say why appeared first on The Forward .",https://forward.com/opinion/844883/new-york-magazine-feature-israeli-palestinian-restaurants/,The Forward,Rob Eshman,2026-08-13T19:54:20,2026-08-13 19:57:54.121139,https://forward.com/?p=844883
Production company employed by Likud publishes Netanyahu supporters' podcasts,"The NVP production firm began publishing podcasts by pro-government media personalities, as well as Netanyahu's brother, after an American company with unknown owners acquired most of its shares",https://www.haaretz.com/israel-news/elections/2026-08-13/ty-article/.premium/likud-linked-production-company-publishes-netanyahu-supporters-podcasts/0000019f-f705-d28e-a3df-f75501fb0000,Haaretz,Bar Peleg,2026-08-13T17:57:41,2026-08-13 19:03:45.339206,https://www.haaretz.com/israel-news/elections/2026-08-13/ty-article/.premium/likud-linked-production-company-publishes-netanyahu-supporters-podcasts/0000019f-f705-d28e-a3df-f75501fb0000
Gag order issued on investigation of missing Israeli mother and daughter in Vienna,"The order was requested by the Israel Police's anti-corruption and major crime unit. Rumors sent Bank of Jerusalem shares plunging. Police say the mother and daughter likely disappeared voluntarily, with no sign of a criminal incident",https://www.haaretz.com/world-news/2026-08-13/ty-article/.premium/gag-order-issued-in-probe-of-missing-israeli-mother-and-daughter-in-vienna/0000019f-fb8d-d07e-a5ff-ff8f523f0000,Haaretz,Josh Breiner,2026-08-13T18:10:42,2026-08-13 19:03:45.339177,https://www.haaretz.com/world-news/2026-08-13/ty-article/.premium/gag-order-issued-in-probe-of-missing-israeli-mother-and-daughter-in-vienna/0000019f-fb8d-d07e-a5ff-ff8f523f0000
Israel's largest political party isn't enabling the far right. It is the far right,Likud's transformation is Israel's transformation: the triumph of a deeply rooted right-wing ideology that dehumanizes Palestinians and will make sharing this land impossible for as long as both remain committed to Jewish supremacy,https://www.haaretz.com/israel-news/haaretz-today/2026-08-13/ty-article/.highlight/netanyahus-likud-is-no-longer-enabling-the-far-right-it-is-the-far-right/0000019f-fc40-d88f-abbf-fccd05930000,Haaretz,David Issacharoff,2026-08-13T18:22:10,2026-08-13 19:03:45.339139,https://www.haaretz.com/israel-news/haaretz-today/2026-08-13/ty-article/.highlight/netanyahus-likud-is-no-longer-enabling-the-far-right-it-is-the-far-right/0000019f-fc40-d88f-abbf-fccd05930000
"Social Media Fails to Curb Rising Antisemitism, With 80% of Reported Posts Still Online, New Study Finds","As antisemitic hatred surges across Europe&#8217;s digital spaces, more than 80 percent of reported anti-Jewish posts remain online, exposing major...",https://www.algemeiner.com/2026/08/13/social-media-fails-curb-rising-antisemitism-80-reported-posts-still-online-new-study-finds/,Algemeiner,Ailin Vilches Arguello,2026-08-13T17:58:04,2026-08-13 19:03:40.876433,https://www.algemeiner.com/?p=777740
Massachusetts Considers Forming Commission to Help Place Muslims in Government,"Massachusetts lawmakers are considering reviving legislation that would establish a state commission to represent the interests of Muslim state residents,...",https://www.algemeiner.com/2026/08/13/massachusetts-considers-forming-commission-help-place-muslims-government/,Algemeiner,Corey Walker,2026-08-13T18:22:31,2026-08-13 19:03:40.876394,https://www.algemeiner.com/?p=777677
Treasury settles with Wisconsin company over Italian subsidiary’s sales to Iran,"“U.S. companies should ensure their foreign subsidiaries implement effective, risk-based controls to mitigate any sanctions risks,” the department said.",https://www.jns.org/news/u-s-news/treasury-settles-with-wisconsin-company-over-italian-subsidiarys-sales-to-iran,JNS,Mike Wagenheim,2026-08-13T17:59:00,2026-08-13 19:03:38.515511,https://www.jns.org/news/u-s-news/treasury-settles-with-wisconsin-company-over-italian-subsidiarys-sales-to-iran
Gaslighting on steroids,The libels against Israel are all falling apart.,https://www.jns.org/opinion/column/melanie-phillips/gaslighting-on-steroids,JNS,Melanie Phillips,2026-08-13T18:05:00,2026-08-13 19:03:38.515479,https://www.jns.org/opinion/column/melanie-phillips/gaslighting-on-steroids
"US military launches multi-country, kamikaze drone force","The Pentagon said that the Task Force Falcon Strike will “employ one-way attack drones consisting of unmanned systems from above, on and below the sea operated by military support staff from the United States and regional partners.”",https://www.jns.org/news/u-s-news/us-military-launches-multi-country-kamikaze-drone-force,JNS,Andrew Bernard,2026-08-13T18:46:41,2026-08-13 19:03:38.515453,https://www.jns.org/news/u-s-news/us-military-launches-multi-country-kamikaze-drone-force
California state legislature to decide on six bills ‘critically important’ to Jews,"“It’s like a Yom Kippur question,” David Bocarsly of Jewish California told JNS. “In one hearing, we’re going to figure out ‘who shall live and who shall die.’”",https://www.jns.org/news/u-s-news/california-state-legislature-to-decide-on-six-bills-critically-important-to-jews,JNS,Aaron Bandler,2026-08-13T18:54:49,2026-08-13 19:03:38.515403,https://www.jns.org/news/u-s-news/california-state-legislature-to-decide-on-six-bills-critically-important-to-jews
A Bisl Torah — If They’re Not Ready,"The philosopher Maimonides explains that if someone asks you for forgiveness, you should be open to their heartfelt apology. But this isn’t always realistic. The post A Bisl Torah — If They’re Not Ready appeared first on Jewish Journal .",https://jewishjournal.com/judaism/a-bisl-torah/391180/if-theyre-not-ready/,Jewish Journal,Rabbi Nicole Guzik,2026-08-13T18:00:50,2026-08-13 19:03:36.357947,https://jewishjournal.com/?p=391180
Evolution is the Goal of Textual Study,[&#8230;] The post Evolution is the Goal of Textual Study appeared first on Jewish Journal .,https://jewishjournal.com/spiritual/poetry/391183/evolution-is-the-goal-of-textual-study/,Jewish Journal,Gershon Hepner,2026-08-13T18:19:41,2026-08-13 19:03:36.357899,https://jewishjournal.com/?p=391183
Apple pays $150k to settle federal antisemitism lawsuit,Employee turned to the courts after manager insisted he work on the Sabbath. -- The post Apple pays $150k to settle federal antisemitism lawsuit appeared first on Jewish Telegraphic Agency .,https://www.jta.org/2026/08/13/united-states/apple-pays-150k-to-settle-federal-antisemitism-lawsuit,JTA,Grace Gilson,2026-08-13T18:33:14,2026-08-13 19:03:28.582514,https://www.jta.org/?p=1906143
"Judge throws out Trump’s Harvard antisemitism lawsuit, citing lack of evidence","The administration was seeking to hold the school liable for civil rights violations. -- The post Judge throws out Trump’s Harvard antisemitism lawsuit, citing lack of evidence appeared first on Jewish Telegraphic Agency .",https://www.jta.org/2026/08/13/united-states/judge-throws-out-trumps-harvard-antisemitism-lawsuit-citing-lack-of-evidence,JTA,Andrew Lapin,2026-08-13T19:00:55,2026-08-13 19:03:28.582470,https://www.jta.org/?p=1906144
TORAH | Our sages implore us to steer away from wanton cruelty,"The Torah column is supported by a generous donation from Eve Gordon-Ramek in memory of Kenneth Gordon. ShoftimDeuteronomy 16:18-21:9 Many years ago, a friend shared a little story I never [&#8230;]",https://jweekly.com/2026/08/13/our-sages-implore-us-to-steer-away-from-wanton-cruelty/,J. Weekly,Rabbi Shana Chandler Leon,2026-08-13T15:00:00,2026-08-13 19:03:23.572000,https://jweekly.com/?p=309771
"Israeli girl gets surgery at Stanford, as well as a ritual name change","Ilia Korguzalov stood on the bimah at Saratoga’s Congregation Beth David on Aug. 8, holding his 6-year-old daughter in his arms.&#160; Lina Korguzalov had her long blond hair in a [&#8230;]",https://jweekly.com/2026/08/13/israeli-girl-gets-surgery-at-stanford-as-well-as-a-ritual-name-change/,J. Weekly,Sue Fishkoff,2026-08-13T18:25:46,2026-08-13 19:03:23.571949,https://jweekly.com/?p=309744
"Israel continues to violate top court ruling, barring Red Cross visits to jailed Palestinians","Two months after the High Court judges unanimously ruled that the state must reinstate the organization's visits to security prisoners, Israel has not done so. The Association for Civil Rights described the situation as contempt of court",https://www.haaretz.com/israel-news/israel-security/2026-08-13/ty-article/.premium/two-months-after-court-ruling-israel-still-bars-red-cross-visits-to-prisons/0000019f-fb34-dc99-a3df-fbf4842e0000,Haaretz,Chen Maanit,2026-08-13T17:11:25,2026-08-13 17:57:25.015144,https://www.haaretz.com/israel-news/israel-security/2026-08-13/ty-article/.premium/two-months-after-court-ruling-israel-still-bars-red-cross-visits-to-prisons/0000019f-fb34-dc99-a3df-fbf4842e0000
Judge dismisses Trump administration lawsuit alleging Harvard failed to protect Jewish students,"The federal judge dismissed the lawsuit against the university, saying the alleged incidents were 'too isolated and episodic' to support a claim of ongoing civil rights violations against Jewish and Israeli students",https://www.haaretz.com/us-news/2026-08-13/ty-article/trump-admin-lawsuit-alleging-harvard-failed-to-protect-jewish-students-dismissed/0000019f-fbf8-d337-a7df-fffccf040000,Haaretz,Reuters,2026-08-13T17:22:00,2026-08-13 17:57:25.015120,https://www.haaretz.com/us-news/2026-08-13/ty-article/trump-admin-lawsuit-alleging-harvard-failed-to-protect-jewish-students-dismissed/0000019f-fbf8-d337-a7df-fffccf040000
AIPAC lashes out at NYT's Friedman for urging Michigan's El-Sayed to 'stick it' to pro-Israel lobby,"After the Times columnist Thomas Friedman urged the Michigan Democrat to embrace his pro-Palestinian roots and challenge AIPAC, the pro-Israel lobby accused him of amplifying 'lies' and ignoring what they see as El-Sayed's opposition to Israel as a Jewish state",https://www.haaretz.com/us-news/2026-08-13/ty-article/.premium/aipac-lashes-out-at-nyt-column-urging-el-sayed-to-stick-it-to-pro-israel-lobby/0000019f-fb81-d337-a7df-ffed069a0000,Haaretz,Ben Kroll,2026-08-13T17:33:27,2026-08-13 17:57:25.015091,https://www.haaretz.com/us-news/2026-08-13/ty-article/.premium/aipac-lashes-out-at-nyt-column-urging-el-sayed-to-stick-it-to-pro-israel-lobby/0000019f-fb81-d337-a7df-ffed069a0000
"Mike Huckabee Latest Pro-Israel Figure to Slam Settler Extremists, Calling Them ‘Israeli Terrorists’","US Ambassador to Israel Mike Huckabee, one of the Trump administration’s staunchest supporters of the Jewish state and a longtime...",https://www.algemeiner.com/2026/08/13/mike-huckabee-latest-pro-israel-figure-to-slam-settler-extremists-calling-them-israeli-terrorists/,Algemeiner,Algemeiner Staff,2026-08-13T17:18:14,2026-08-13 17:57:20.276022,https://www.algemeiner.com/?p=777739
"Jewish Billionaires Joshua Kushner, Bob Iger Buy LA Lakers in Deal Valued at $12.5 Billion","Former Disney CEO Bob Iger and venture capitalist Joshua Kushner, both of whom are Jewish, have teamed up to purchase...",https://www.algemeiner.com/2026/08/13/jewish-billionaires-joshua-kushner-bob-iger-buy-la-lakers-deal-valued-12-5-billion/,Algemeiner,Shiryn Ghermezian,2026-08-13T17:39:48,2026-08-13 17:57:20.275996,https://www.algemeiner.com/?p=777709
Eurovision Bans Countries at War From Hosting Song Contest After Israel Finishes Second Place Twice,Organizers of the Eurovision Song Contest (ESC) announced new rules on Wednesday that state if a country involved in an...,https://www.algemeiner.com/2026/08/13/eurovision-bans-countries-war-hosting-song-contest-after-israel-finishes-second-place-twice/,Algemeiner,Shiryn Ghermezian,2026-08-13T17:44:06,2026-08-13 17:57:20.275963,https://www.algemeiner.com/?p=777716
Husband of Jewish journalist killed in NYC crash raises concerns over suspect’s alleged antisemitic vandalism,"“If you’re going to do that kind of act in that area, at that time, you’re more than likely, if you’re going to kill somebody, to kill a Jew,” Michael Trager told the Daily Wire.",https://www.jns.org/news/u-s-news/husband-of-jewish-journalist-killed-in-nyc-crash-raises-concerns-over-suspects-alleged-antisemitic-vandalism,JNS,,2026-08-13T17:17:15,2026-08-13 17:57:17.893600,https://www.jns.org/news/u-s-news/husband-of-jewish-journalist-killed-in-nyc-crash-raises-concerns-over-suspects-alleged-antisemitic-vandalism
"South Carolina Senator Darline Graham 'doubles down' on support for Israel, her office says","""I truly believe we have a moral and religious duty to stand with the Jewish people and the nation of Israel to guard against those who seek to destroy them,"" stated the Republican senator, who is the sister of the late senator Lindsey Graham.",https://www.jns.org/news/u-s-news/south-carolina-senator-darline-graham-doubles-down-on-support-for-israel-her-office-says,JNS,Jessica Russak-Hoffman,2026-08-13T17:50:37,2026-08-13 17:57:17.893563,https://www.jns.org/news/u-s-news/south-carolina-senator-darline-graham-doubles-down-on-support-for-israel-her-office-says
A Moment in Time: What We Let Through,[&#8230;] The post A Moment in Time: What We Let Through appeared first on Jewish Journal .,https://jewishjournal.com/commentary/blogs/391139/a-moment-in-time-what-we-let-through/,Jewish Journal,Rabbi Zach Shapiro,2026-08-13T17:39:54,2026-08-13 17:57:14.919884,https://jewishjournal.com/?p=391139
Minnesota’s Democratic nominee is an Israel critic – but she is not El-Sayed 2.0,"(JTA) — Peggy Flanagan, the likely next senator from Minnesota, defeated a moderate pro-Israel congresswoman, accuses Israel of genocide and says she would oppose offensive weapons sales to Israel. If the victory Tuesday of the state’s lieutenant governor over Rep. Angie Craig sounds like an echo of last week’s election in another midwestern state, Michigan,... The post Minnesota&#8217;s Democratic nominee is an Israel critic – but she is not El-Sayed 2.0 appeared first on The Forward .",https://forward.com/fast-forward/844871/minnesotas-democratic-nominee-is-an-israel-critic-but-she-is-not-el-sayed-2-0/,The Forward,Joseph Strauss,2026-08-13T17:00:21,2026-08-13 17:57:09.351443,https://forward.com/?p=844871
War and uncertainty drives Israelis seeking quiet abroad,"(JTA) — When Iris Meiri-Snir moved from Israel to northern Italy last month, she gave up a job she loved, proximity to her children and grandchildren, and the social and [&#8230;]",https://jweekly.com/2026/08/13/war-and-uncertainty-drives-israelis-seeking-quiet-abroad/,J. Weekly,Deborah Danan,2026-08-13T17:42:05,2026-08-13 17:57:01.580373,https://jweekly.com/?p=309760
‘Hostages Square’ in Tel Aviv is formalized in official name change,"(JTA) — The plaza that became the center of Israel’s campaign to bring home the 251 captives Hamas seized on Oct.7, 2023 is now formally called “Hostages Square,” establishing a [&#8230;]",https://jweekly.com/2026/08/13/history-cannot-be-erased-hostages-square-in-tel-aviv-is-formalized-in-official-name-change/,J. Weekly,Deborah Danan,2026-08-13T17:45:42,2026-08-13 17:57:01.580335,https://jweekly.com/?p=309764
IDF punishes soldiers who filmed Palestinian detainee they tied to bed,"The IDF said the detainee was restrained after attempting to harm himself, but determined that the way he was treated, photographed and that his image spread online, violated military values. Five soldiers were punished following the incident",https://www.haaretz.com/israel-news/israel-security/2026-08-13/ty-article/.premium/idf-punishes-soldiers-who-filmed-palestinian-detainee-they-tied-to-bed/0000019f-fb4f-d4b6-a1df-fbcfb0840000,Haaretz,Yaniv Kubovich,2026-08-13T16:25:48,2026-08-13 16:56:16.336109,https://www.haaretz.com/israel-news/israel-security/2026-08-13/ty-article/.premium/idf-punishes-soldiers-who-filmed-palestinian-detainee-they-tied-to-bed/0000019f-fb4f-d4b6-a1df-fbcfb0840000
Fact-Checking the Media: Did Hamas Ever Say It Would Disarm?,NBC&#8217;s coverage of negotiations over a plan to ultimately rid Hamas of its weapons continues to be problematic. In at...,https://www.algemeiner.com/2026/08/13/fact-checking-the-media-did-hamas-ever-say-it-would-disarm/,Algemeiner,Aaron Goren,2026-08-13T16:00:53,2026-08-13 16:56:11.850391,https://www.algemeiner.com/?p=777705
The Two Narratives for the Jews of Ukraine,"In late June, the most hotly debated issue concerning the Jews of Ukraine was the meeting between Dmytro Korchynskyi, leader...",https://www.algemeiner.com/2026/08/13/the-two-narratives-for-the-jews-of-ukraine/,Algemeiner,Velvl Chernin,2026-08-13T16:08:56,2026-08-13 16:56:11.850366,https://www.algemeiner.com/?p=777701
From Falafel to Fascism: New York Magazine and the Demonization of Ordinary Israeli Life,"&#8220;Everything is politics,&#8221; Thomas Mann wrote in The Magic Mountain. George Orwell later offered his own variation: &#8220;All issues are...",https://www.algemeiner.com/2026/08/13/from-falafel-to-fascism-new-york-magazine-and-the-demonization-of-ordinary-israeli-life/,Algemeiner,Rachel O'Donoghue,2026-08-13T16:19:48,2026-08-13 16:56:11.850340,https://www.algemeiner.com/?p=777703
Jewish Leaders Must Treat Community Members as Their Brothers and Sisters,"Last week, California State Senator Scott Wiener introduced a proposal that is pure San Francisco. He wants the tunnel through...",https://www.algemeiner.com/2026/08/13/jewish-leaders-must-treat-community-members-as-their-brothers-and-sisters/,Algemeiner,Pini Dunner,2026-08-13T16:36:24,2026-08-13 16:56:11.850303,https://www.algemeiner.com/?p=777699
El Al cancels planned Vietnam flights due to security issues,Ticketed passengers will be offered a full cash refund or the opportunity to rebook with connecting service through Thailand.,https://www.jns.org/news/israel-news/el-al-cancels-planned-vietnam-flights-due-to-security-issues,JNS,JNS Staff,2026-08-13T16:25:35,2026-08-13 16:56:09.429762,https://www.jns.org/news/israel-news/el-al-cancels-planned-vietnam-flights-due-to-security-issues
Somaliland is Jerusalem’s answer to the Mecca defense pact,Israel must work to persuade more countries to join in recognizing the republic in the Horn of Africa.,https://www.jns.org/opinion/nassir-hussein-kahin/somaliland-is-jerusalems-answer-to-the-makka-pact,JNS,Nassir Hussein Kahin,2026-08-13T16:45:00,2026-08-13 16:56:09.429731,https://www.jns.org/opinion/nassir-hussein-kahin/somaliland-is-jerusalems-answer-to-the-makka-pact
War and uncertainty drives Israelis seeking quiet abroad,"(JTA) — When Iris Meiri-Snir moved from Israel to northern Italy last month, she gave up a job she loved, proximity to her children and grandchildren, and the social and professional ties she had built over a lifetime. She and her husband, Hagai Agmon-Snir, left for their home in Mevaseret Zion, an explicitly ideological choice... The post War and uncertainty drives Israelis seeking quiet abroad appeared first on The Forward .",https://forward.com/fast-forward/844865/war-and-uncertainty-drives-israelis-seeking-quiet-abroad/,The Forward,Deborah Danan,2026-08-13T16:52:46,2026-08-13 16:56:02.528542,https://forward.com/?p=844865
‘History cannot be erased’: ‘Hostages Square’ in Tel Aviv is formalized in official name change,"(JTA) — The plaza that became the center of Israel’s campaign to bring home the 251 captives Hamas seized on Oct.7, 2023 is now formally called “Hostages Square,” establishing a permanent reminder of the more than two-year struggle that ended with the return of the final hostage in January. Mayor Ron Huldai unveiled new signage... The post &#8216;History cannot be erased&#8217;: &#8216;Hostages Square&#8217; in Tel Aviv is formalized in official name change appeared first on The Forward .",https://forward.com/fast-forward/844889/history-cannot-be-erased-hostages-square-in-tel-aviv-is-formalized-in-official-name-change/,The Forward,Deborah Danan,2026-08-13T16:55:11,2026-08-13 16:56:02.528493,https://forward.com/?p=844889
‘History cannot be erased’: ‘Hostages Square’ in Tel Aviv is formalized in official name change,The formal designation settles a debate over whether or not the site’s role in one of the more significant events in Israel history should be remembered. -- The post ‘History cannot be erased’: ‘Hostages Square’ in Tel Aviv is formalized in official name change appeared first on Jewish Telegraphic Agency .,https://www.jta.org/2026/08/13/israel/history-cannot-be-erased-hostages-square-in-tel-aviv-is-formalized-in-official-name-change,JTA,Deborah Danan,2026-08-13T15:59:55,2026-08-13 16:55:59.937340,https://www.jta.org/?p=1906125
An India-Israel corridor is the biggest Middle East story nobody is talking about,"The transformative IMEC trade corridor linking India and Europe could turn Israel into a linchpin of international trade, if only the region could stop fighting. -- The post An India-Israel corridor is the biggest Middle East story nobody is talking about appeared first on Jewish Telegraphic Agency .",https://www.jta.org/2026/08/13/ideas/an-india-israel-corridor-is-the-biggest-middle-east-story-nobody-is-talking-about,JTA,Dan Perry,2026-08-13T16:05:57,2026-08-13 16:55:59.937288,https://www.jta.org/?p=1906096
Israeli Judo medalist and coach Oren Smadja joins Gilad Erdan's new party,"After saying he wanted to avoid the 'noise' and hatred of politics, Olympic medalist Oren Smadja enters the race with a new right-wing party that polls suggest is unlikely to cross the electoral threshold",https://www.haaretz.com/israel-news/elections/2026-08-13/ty-article/.premium/top-israeli-judo-medalist-oren-smadja-joins-gilad-erdans-new-party/0000019f-fb0b-d101-a5bf-fb1b74410000,Haaretz,Noa Shpigel,2026-08-13T15:04:34,2026-08-13 15:59:53.522348,https://www.haaretz.com/israel-news/elections/2026-08-13/ty-article/.premium/top-israeli-judo-medalist-oren-smadja-joins-gilad-erdans-new-party/0000019f-fb0b-d101-a5bf-fb1b74410000
Up to 100 meteors an hour expected as Perseid shower peaks over Israel's skies,"The Perseids, a trail of debris from Comet Swift-Tuttle, are expected to peak around 5:00–6:00 A.M., with up to 100 meteors an hour visible under favorable conditions. Dr. Yigal Pat-El said the desert offers the best viewing conditions, and that no telescope is needed – only patience and a dark sky",https://www.haaretz.com/science-and-health/nature-environment/2026-08-13/ty-article/.premium/up-to-100-meteors-an-hour-expected-as-perseid-shower-peaks-over-israels-skies/0000019f-fb4d-d4b6-a1df-fbcde0610000,Haaretz,Maya Roman,2026-08-13T15:36:46,2026-08-13 15:59:53.522309,https://www.haaretz.com/science-and-health/nature-environment/2026-08-13/ty-article/.premium/up-to-100-meteors-an-hour-expected-as-perseid-shower-peaks-over-israels-skies/0000019f-fb4d-d4b6-a1df-fbcde0610000
"After US Criticism, Israel Ties Lebanon Withdrawal to Hezbollah Disarmament","Israel won&#8217;t withdraw from southern Lebanon until Hezbollah is disarmed, the defense minister said on Thursday, qualifying remarks he made a day earlier that had...",https://www.algemeiner.com/2026/08/13/after-us-criticism-israel-ties-lebanon-withdrawal-hezbollah-disarmament/,Algemeiner,Reuters and Algemeiner Staff,2026-08-13T15:34:19,2026-08-13 15:59:48.127948,https://www.algemeiner.com/?p=777713
Turkey Lays Out Plans for Defense Pact With Pakistan and Saudi Arabia,"Turkey, Saudi Arabia, and Pakistan will group senior ministers, hold joint exercises, and deepen defense industry cooperation under a military pact signed between the regional powers last...",https://www.algemeiner.com/2026/08/13/turkey-lays-out-plans-defense-pact-pakistan-saudi-arabia/,Algemeiner,Reuters and Algemeiner Staff,2026-08-13T15:40:18,2026-08-13 15:59:48.127918,https://www.algemeiner.com/?p=777720
"Iran, US Make Competing Claims Over Control of Strait of Hormuz","The Strait of Hormuz is &#8220;under Iran&#8216;s control and management,&#8221; the recently appointed head of Iran&#8216;s Basij paramilitary unit said on Thursday, a day after US President Donald...",https://www.algemeiner.com/2026/08/13/iran-us-make-competing-claims-control-strait-hormuz/,Algemeiner,Reuters and Algemeiner Staff,2026-08-13T15:51:14,2026-08-13 15:59:48.127880,https://www.algemeiner.com/?p=777726
Understanding Oct. 7 as a ‘collective descent into evil’,Think Twice with Jonathan Tobin with guest Gloria Greenfield; Ep. 234,https://www.jns.org/jns-tv/think-twice/understanding-oct-7-as-a-collective-descent-into-evil,JNS,Jonathan S. Tobin,2026-08-13T15:45:00,2026-08-13 15:59:45.724893,https://www.jns.org/jns-tv/think-twice/understanding-oct-7-as-a-collective-descent-into-evil
Your Daily Phil: Instagram post reveals rifts in Israeli hospitals’ coexistence,The post Your Daily Phil: Instagram post reveals rifts in Israeli hospitals’ coexistence appeared first on eJewishPhilanthropy .,https://ejewishphilanthropy.com/your-daily-phil-instagram-post-reveals-rifts-in-israeli-hospitals-coexistence/,eJewish Philanthropy,EJP,2026-08-13T15:09:04,2026-08-13 15:59:33.231182,https://ejewishphilanthropy.com/?p=178713
Netanyahu's new election ploy smells of desperation and Elon Musk,"Stuck in the polls, Netanyahu is trying to scrape every possible vote, even if it means strongarming a Silicon Valley chickpea entrepreneur who called Trump a 'piece of shit' into the Likud candidate list",https://www.haaretz.com/israel-news/elections/2026-08-13/ty-article-magazine/.premium/netanyahus-new-election-ploy-smells-of-desperation-and-elon-musk/0000019f-fa3e-d101-a5bf-fb3e95100000,Haaretz,Esther Solomon,2026-08-13T13:47:54,2026-08-13 14:57:51.509003,https://www.haaretz.com/israel-news/elections/2026-08-13/ty-article-magazine/.premium/netanyahus-new-election-ploy-smells-of-desperation-and-elon-musk/0000019f-fa3e-d101-a5bf-fb3e95100000
Right-wing Israeli think tank hires lobbyists to push U.S. withdrawal from UN,"Misgav Institute hired major lobbying firm to disseminate a critical report co-authored by a fellow at the Heritage Foundation and Israel's former UN ambassador: 'Nowhere are the UN's double standards clearer than in its treatment of Israel, a 'model ally' of the United States'",https://www.haaretz.com/israel-news/security-aviation/2026-08-13/ty-article/.premium/right-wing-israeli-think-tank-hires-lobbyists-to-push-u-s-withdrawal-from-un/0000019f-f822-d28e-a3df-f872492a0000,Haaretz,Nettanel Slyomovics,2026-08-13T14:24:44,2026-08-13 14:57:51.508973,https://www.haaretz.com/israel-news/security-aviation/2026-08-13/ty-article/.premium/right-wing-israeli-think-tank-hires-lobbyists-to-push-u-s-withdrawal-from-un/0000019f-f822-d28e-a3df-f872492a0000
'We're not Nazis. This isn't an extermination machine such as existed during the Holocaust',"Israeli artist Yael Atzmony researched the horrors of Sobibor, the death camp where her father was imprisoned as a teenager – and transformed them into porcelain",https://www.haaretz.com/life/2026-08-13/ty-article-magazine/.highlight/were-not-nazis-this-isnt-an-extermination-machine-as-during-the-holocaust/0000019f-e682-deed-a9df-efaf30090000,Haaretz,Naama Riba,2026-08-13T14:26:40,2026-08-13 14:57:51.508928,https://www.haaretz.com/life/2026-08-13/ty-article-magazine/.highlight/were-not-nazis-this-isnt-an-extermination-machine-as-during-the-holocaust/0000019f-e682-deed-a9df-efaf30090000
The Secret Life of a Woman Journalist in Iran,"IRAN — I am at a corner table, coffee cooling in my hands, when two men walk in wearing black....",https://www.algemeiner.com/2026/08/13/secret-life-woman-journalist-iran/,Algemeiner,Maddie Ali,2026-08-13T14:54:07,2026-08-13 14:57:46.838082,https://www.algemeiner.com/?p=777710
The age of Iran’s killers and criminals,The new military hierarchy under Iranian Supreme Leader Mojtaba Khamenei doesn't show a government preparing for reform. It shows a regime struggling to survive.,https://www.jns.org/opinion/erfan-fard/the-age-of-irans-killers-and-criminals,JNS,Erfan Fard,2026-08-13T14:00:54,2026-08-13 14:57:44.517615,https://www.jns.org/opinion/erfan-fard/the-age-of-irans-killers-and-criminals
"Print Issue: Education for Jewish Endurance | August 14, 2026","The five things we get wrong in Jewish education and what we can all do to improve it. The post Print Issue: Education for Jewish Endurance | August 14, 2026 appeared first on Jewish Journal .",https://jewishjournal.com/print-issue/391175/print-issue-education-for-jewish-endurance-august-14-2026/,Jewish Journal,Jewish Journal Staff,2026-08-13T14:54:53,2026-08-13 14:57:41.992969,https://jewishjournal.com/?p=391175
The Forverts is on vacation. Here’s how to access our content while we’re away.,"From Thursday, Aug. 13, till Friday, Aug. 21, the Forverts will be on vacation. During this time, you can continue to read our English-language articles here; our Yiddish articles here and our Tidbits column of easy-to-read Yiddish news briefs accompanied by audio here. You can also play Vertl (Yiddish Wordle) or view one of our... The post The Forverts is on vacation. Here’s how to access our content while we’re away. appeared first on The Forward .",https://forward.com/yiddish-world/760177/the-forverts-is-on-vacation-heres-how-to-access-our-content-while-were-away/,The Forward,Forverts Staff,2026-08-13T13:32:48,2026-08-13 14:57:36.924758,https://forward.com/?p=760177
War and uncertainty drives Israelis seeking quiet abroad,The high numbers of exits have led experts to warn of economic and security consequences. -- The post War and uncertainty drives Israelis seeking quiet abroad appeared first on Jewish Telegraphic Agency .,https://www.jta.org/2026/08/13/default/war-and-uncertainty-drives-israelis-seeking-quiet-abroad,JTA,Deborah Danan,2026-08-13T13:17:04,2026-08-13 14:57:34.273130,https://www.jta.org/?p=1906108
Minnesota’s Democratic nominee is an Israel critic – but she is not El-Sayed 2.0,Peggy Flanagan backs a two-state solution and has unequivocally condemned violent attacks on Jewish targets. -- The post Minnesota’s Democratic nominee is an Israel critic – but she is not El-Sayed 2.0 appeared first on Jewish Telegraphic Agency .,https://www.jta.org/2026/08/13/politics/minnesotas-democratic-nominee-is-an-israel-critic-but-she-is-not-el-sayed-2-0,JTA,Joseph Strauss,2026-08-13T13:47:29,2026-08-13 14:57:34.273084,https://www.jta.org/?p=1906105
"Israel sees a drop in teacher quality and retention, statistics bureau says","Prospective teachers' average university admission test scores are continuing to plummet, while up to a quarter of new teachers leave within three years. Those entering the profession are also increasingly less likely to complete their training or make it into the classroom",https://www.haaretz.com/israel-news/2026-08-13/ty-article/.premium/israel-sees-a-drop-in-teacher-quality-and-retention-statistics-bureau-says/0000019f-f667-d929-afff-f6ef2d690000,Haaretz,Lior Dattel,2026-08-13T12:12:14,2026-08-13 13:11:40.991033,https://www.haaretz.com/israel-news/2026-08-13/ty-article/.premium/israel-sees-a-drop-in-teacher-quality-and-retention-statistics-bureau-says/0000019f-f667-d929-afff-f6ef2d690000
"Once a safe haven, Christian Palestinians say they 'have no future' in this village","Residents of the West Bank village describe constant harassment by Israeli settlers, threats, damage to vehicles and arson. Fifteen families have left, along with dozens of young people. Since October 7, they say, 'everything has changed'",https://www.haaretz.com/west-bank/2026-08-13/ty-article-magazine/.premium/once-a-haven-christian-palestinians-say-they-have-no-future-in-this-village/0000019f-fa44-de80-ab9f-fb6fd22c0000,Haaretz,Jack Khoury,2026-08-13T12:30:10,2026-08-13 13:11:40.990993,https://www.haaretz.com/west-bank/2026-08-13/ty-article-magazine/.premium/once-a-haven-christian-palestinians-say-they-have-no-future-in-this-village/0000019f-fa44-de80-ab9f-fb6fd22c0000
"NCJW rolls out new strategic plan focused on advocacy, inviting local sections to join or spin off","When the National Council of Jewish Women, in a bid to stay relevant in fast-changing times, presented its new strategic plan to local sections last July, it gave them three options: integrate, affiliate or disaffiliate, with the second option only offered to a select few larger sections. To continue using the NCJW name, sections needed... Read More The post NCJW rolls out new strategic plan focused on advocacy, inviting local sections to join or spin off appeared first on eJewishPhilanthropy .",https://ejewishphilanthropy.com/ncjw-rolls-out-new-strategic-plan-focused-on-advocacy-inviting-local-sections-to-join-or-spin-off/,eJewish Philanthropy,Jay Deitcher,2026-08-13T12:04:48,2026-08-13 13:11:15.908790,https://ejewishphilanthropy.com/?p=178691
An Instagram post reveals cracks in the long-hailed shared society of Israeli hospitals,"It started with an Instagram post. Last weekend, the brother of an IDF soldier wounded in Lebanon accused Arabic-speaking staff at Rambam Health Care Campus in Haifa of mistreating his siblinghis sibling and three other wounded soldiers during an overnight shift. The soldiers brother, David Chesterman, posted the allegation on Instagram, and his uncle, Yehoshua... Read More The post An Instagram post reveals cracks in the long-hailed shared society of Israeli hospitals appeared first on eJewishPhilanthropy .",https://ejewishphilanthropy.com/an-instagram-post-reveals-cracks-in-the-long-hailed-shared-society-of-israeli-hospitals/,eJewish Philanthropy,Justin Hayet,2026-08-13T12:22:16,2026-08-13 13:11:15.908732,https://ejewishphilanthropy.com/?p=178689
Israeli settlers move back to northern West Bank settlement evacuated in 2005,Ganim is the third of four northern West Bank settlements cleared in the 2005 disengagement to be reestablished. Finance Minister Bezalel Smotrich has called the return part of a campaign to 'erase the disgrace' of the evacuation,https://www.haaretz.com/israel-news/israel-security/2026-08-13/ty-article/.premium/israeli-settlers-move-back-to-northern-west-bank-settlement-evacuated-in-2005/0000019f-fa49-de80-ab9f-fb6b77cf0000,Haaretz,Matan Golan,2026-08-13T10:40:18,2026-08-13 11:46:52.733683,https://www.haaretz.com/israel-news/israel-security/2026-08-13/ty-article/.premium/israeli-settlers-move-back-to-northern-west-bank-settlement-evacuated-in-2005/0000019f-fa49-de80-ab9f-fb6b77cf0000
Ex-German ambassador urges measures against Israel over settlements,Steffen Seibert ended his tenure in Israel this summer amid harsh criticism from Netanyahu's government. He said settler violence aims at the 'displacement' of Palestinians and revealed he discreetly joined protective presence in the West Bank,https://www.haaretz.com/world-news/europe/2026-08-13/ty-article/.premium/ex-german-ambassador-urges-measures-against-israel-over-settlements/0000019f-faa6-d28e-a3df-faf664480000,Haaretz,Ben Kroll,2026-08-13T10:45:37,2026-08-13 11:46:52.733646,https://www.haaretz.com/world-news/europe/2026-08-13/ty-article/.premium/ex-german-ambassador-urges-measures-against-israel-over-settlements/0000019f-faa6-d28e-a3df-faf664480000
IDF evicts Palestinian families as settlers resist army operation to end siege,"Families whose homes were surrounded by settlers were ordered to leave despite refusing to go, while the army said it was deploying forces to protect residents and 'prevent the continuation of the serious incidents'",https://www.haaretz.com/west-bank/2026-08-13/ty-article/.premium/idf-evicts-several-palestinian-families-during-operation-to-end-settler-siege/0000019f-fa98-d28e-a3df-fad8651c0000,Haaretz,Matan Golan,2026-08-13T11:16:24,2026-08-13 11:46:52.733608,https://www.haaretz.com/west-bank/2026-08-13/ty-article/.premium/idf-evicts-several-palestinian-families-during-operation-to-end-settler-siege/0000019f-fa98-d28e-a3df-fad8651c0000
Vienna Jews aid search for missing Israeli women,Community leaders help seek a mother and daughter from Modi’in as an Israeli court restricts publication of investigative details.,https://www.jns.org/news/world/vienna-jews-aid-search-for-missing-israeli-women,JNS,Canaan Lidor,2026-08-13T10:14:18,2026-08-13 11:46:45.174001,https://www.jns.org/news/world/vienna-jews-aid-search-for-missing-israeli-women
Israeli envoy: Georgia plays key role in securing Israel’s energy supplies,"Ambassador Walid Abu Haya tells JNS that up to 60% of Israel’s oil imports transit through Georgia, as Jerusalem and Tbilisi deepen economic and strategic ties.",https://www.jns.org/news/israel-news/israeli-envoy-georgia-plays-key-role-in-securing-israels-energy-supplies,JNS,Amelie Botbol,2026-08-13T10:19:43,2026-08-13 11:46:45.173973,https://www.jns.org/news/israel-news/israeli-envoy-georgia-plays-key-role-in-securing-israels-energy-supplies
Erdoğan vows ‘resolute’ fight for Palestinian statehood,"The Turkish leader spoke alongside P.A. chief Abbas, who was on a two-day official visit to Ankara.",https://www.jns.org/news/world/erdogan-vows-resolute-fight-for-palestinian-statehood,JNS,JNS Staff,2026-08-13T10:22:39,2026-08-13 11:46:45.173942,https://www.jns.org/news/world/erdogan-vows-resolute-fight-for-palestinian-statehood
‘Not our way’: Israel clears out unauthorized Qusra outpost,"Israelis entering Palestinian homes and areas in the Samaria region was “illegal, obscene and unacceptable,” said the military, which declared the area a closed military zone.",https://www.jns.org/news/israel-news/not-our-way-israel-clears-out-unauthorized-qusra-outpost,JNS,Pesach Benson/TPS-IL,2026-08-13T10:48:45,2026-08-13 11:46:45.173911,https://www.jns.org/news/israel-news/not-our-way-israel-clears-out-unauthorized-qusra-outpost
Chabad House in Colombia damaged in earthquake,"“Thank God, we emerged unscathed from the earthquake, and that is the miracle for us,” said Chabad Rabbi Shmuel Friedman.",https://www.jns.org/news/world/chabad-house-in-colombia-damaged-in-earthquake,JNS,Etgar Lefkovits,2026-08-13T10:53:54,2026-08-13 11:46:45.173870,https://www.jns.org/news/world/chabad-house-in-colombia-damaged-in-earthquake
"Longing, dread and humor mingle in songs Sagui Dekel Chen wrote in Hamas captivity","Sagui Dekel Chen performed before 3,000 people at Kibbutz Nir Oz as part of the Israel Festival. On the surface, the evening offered a simple story with a happy ending. The reality is far more complex",https://www.haaretz.com/life/2026-08-13/ty-article/longing-dread-and-humor-mingle-in-songs-israeli-hostage-wrote-in-captivity/0000019f-f0af-dd29-a59f-faffe2180000,Haaretz,Ben Shalev,2026-08-13T09:21:28,2026-08-13 10:06:36.207958,https://www.haaretz.com/life/2026-08-13/ty-article/longing-dread-and-humor-mingle-in-songs-israeli-hostage-wrote-in-captivity/0000019f-f0af-dd29-a59f-faffe2180000
The Israeli Jewish public is supporting the destruction of Palestinian healthcare,"Palestinians can't get the treatments or medications they need to stay alive. It's the result of a conscious Israeli policy, and yet most Israelis couldn't care less",https://www.haaretz.com/opinion/2026-08-13/ty-article-opinion/.premium/israeli-jews-are-supporting-the-destruction-of-palestinian-healthcare/0000019f-f5eb-d266-a9bf-ffefe1f80000,Haaretz,Amira Hass,2026-08-13T09:33:35,2026-08-13 10:06:36.207925,https://www.haaretz.com/opinion/2026-08-13/ty-article-opinion/.premium/israeli-jews-are-supporting-the-destruction-of-palestinian-healthcare/0000019f-f5eb-d266-a9bf-ffefe1f80000
Israeli soccer clubs advance in major European competitions,"Hapoel Tel Aviv, Hapoel Be’er Sheva reach final qualifying rounds for the UEFA Conference League and Champions League, respectively.",https://www.jns.org/news/israel-news/israeli-soccer-clubs-advance-in-europe,JNS,JNS Staff,2026-08-13T08:23:00,2026-08-13 10:06:28.962190,https://www.jns.org/news/israel-news/israeli-soccer-clubs-advance-in-europe
The Agency Turks & Caicos and Vangow partner on luxury co-ownership,"Partnership will begin with Navah Villa 6, a contemporary beachfront residence in Providenciales",https://www.jns.org/wire/The-Agency-Turks-and-Caicos/the-agency-turks-caicos-and-vangow-partner-on-luxury-co-ownership,JNS,,2026-08-13T09:25:20,2026-08-13 10:06:28.962162,https://www.jns.org/wire/The-Agency-Turks-and-Caicos/the-agency-turks-caicos-and-vangow-partner-on-luxury-co-ownership
A tribute to Rabbi Berel Wein,Recalling a lifetime of vision.,https://www.jns.org/opinion/ariella-goldwicht/a-tribute-to-rabbi-berel-wein,JNS,Ariella Goldwicht,2026-08-13T09:30:00,2026-08-13 10:06:28.962133,https://www.jns.org/opinion/ariella-goldwicht/a-tribute-to-rabbi-berel-wein
Is Iran’s regime beginning to crack?,"“Israel Undiplomatic” brings sharp insight and spirited debate to the stories shaping Israel and the Middle East. Hosted by JNS senior contributing editor Ruthie Blum and former ambassador Mark Regev, both former advisers to the Prime Minister’s Office, the show goes beyond talking points to tackle Israel’s toughest political, diplomatic and security dilemmas head-on. From Gaza ceasefire negotiations to U.S.-Israel relations and from Iran’s nuclear ambitions to the war on terror, Blum and Regev dissect the week’s headlines with authority, candor and a touch of humor. What sets “Israel Undiplomatic” apart is the dynamic between its hosts: Two seasoned insiders often agree on the goals but clash on the details. Their conversations reveal how even shared worldviews can lead to different conclusions about policy, diplomacy and the future of Israel. Whether analyzing the latest Middle East peace proposals, exposing Western double standards or weighing the political fallout of Israel’s military actions, “Israel Undiplomatic” delivers smart, unscripted dialogue that cuts through spin and gets to the truth. Because in politics, as in life, the devil is always in the details. See more at: @JNS_TV and subscribe to our YouTube channel.",https://www.jns.org/jns-tv/israel-undiplomatic/is-irans-regime-beginning-to-crack,JNS,Mark Regev,2026-08-13T09:42:30,2026-08-13 10:06:28.962105,https://www.jns.org/jns-tv/israel-undiplomatic/is-irans-regime-beginning-to-crack
We need a fuller picture of Jewish young adults,"For years, conversations about Jewish young adults have often been framed through a familiar lens. Within the Jim Joseph Foundation, we’ve referenced “the 30%” who are actively served by Jewish organizations and institutions (the audiences for our Deliberate Strategy) and “the 70%” who are underserved or not served at all by Jewish communal institutions (the... Read More The post We need a fuller picture of Jewish young adults appeared first on eJewishPhilanthropy .",https://ejewishphilanthropy.com/we-need-a-fuller-picture-of-jewish-young-adults/,eJewish Philanthropy,Stacie Cherner,2026-08-13T08:30:00,2026-08-13 10:06:16.037925,https://ejewishphilanthropy.com/?p=178653
The power of Hebrew immersion,"The following essay, published here as part of a collaboration betweeneJewishPhilanthropyand theCenter for Jewish Peoplehood Education, is from the latest edition of CJPE’sPeoplehood Papersseries,“Cultivating Jewish Peoplehood at Camp,”produced in partnership with theFoundation for Jewish Camp. The sky had just opened up and we were in the midst of a fairly typical July rainstorm, or what... Read More The post The power of Hebrew immersion appeared first on eJewishPhilanthropy .",https://ejewishphilanthropy.com/the-power-of-hebrew-immersion/,eJewish Philanthropy,Rabbi Ami Hersh,2026-08-13T09:00:00,2026-08-13 10:06:16.037875,https://ejewishphilanthropy.com/?p=178659
Netanyahu is sabotaging Trump's Gaza Plan. Will the President Care?,"After the Israeli Prime Minister poured cold water on Trump's Gaza plan, it is now up to the president to decide if he will apply pressure, or watch a flagship diplomatic achievement go to waste",https://www.haaretz.com/opinion/2026-08-13/ty-article-opinion/.premium/netanyahu-is-sabotaging-trumps-gaza-plan-will-the-president-care/0000019f-f9a9-de80-ab9f-fbab01f80000,Haaretz,Nimrod Novik,2026-08-13T06:13:54,2026-08-13 08:21:19.367686,https://www.haaretz.com/opinion/2026-08-13/ty-article-opinion/.premium/netanyahu-is-sabotaging-trumps-gaza-plan-will-the-president-care/0000019f-f9a9-de80-ab9f-fbab01f80000
"Oren Nahari, veteran journalist who brought the world to Israeli audiences, dies at 70","Nahari, who reported on some of the world's defining events from the late 1980s onward, died of ALS. In his final interview, he warned of processes underway in Israel: 'Relying on God as a work plan has not proven itself throughout history'",https://www.haaretz.com/israel-news/2026-08-13/ty-article/.premium/oren-nahari-veteran-journalist-who-brought-the-world-to-israel-dies-at-70/0000019f-f9e2-de80-ab9f-fbeb3dd70000,Haaretz,Ido David Cohen,2026-08-13T07:03:25,2026-08-13 08:21:19.367652,https://www.haaretz.com/israel-news/2026-08-13/ty-article/.premium/oren-nahari-veteran-journalist-who-brought-the-world-to-israel-dies-at-70/0000019f-f9e2-de80-ab9f-fbeb3dd70000
The Hormuz model moves to the Red Sea – and Yemen's Houthis determine its rules,"The Houthis are attacking ships sailing through the Red Sea as part of the implementation of the blockade on Saudi Arabia. This is an integrated war in which Iranian interests are linked with Houthi ones, but one in which the Houthis determine priorities",https://www.haaretz.com/middle-east-news/2026-08-13/ty-article/.premium/the-hormuz-model-moves-to-the-red-sea-and-the-houthis-determine-its-rules/0000019f-f78c-d929-afff-f78f58580000,Haaretz,Zvi Bar'el,2026-08-13T07:24:40,2026-08-13 08:21:19.367620,https://www.haaretz.com/middle-east-news/2026-08-13/ty-article/.premium/the-hormuz-model-moves-to-the-red-sea-and-the-houthis-determine-its-rules/0000019f-f78c-d929-afff-f78f58580000
Anthropic reportedly in talks to buy Israeli AI startup Decart for $6 billion,The report comes days after Elon Musk denied that SpaceX was in talks to acquire the Israeli AI startup for several billion dollars,https://www.haaretz.com/israel-news/tech-news/2026-08-13/ty-article/anthropic-reportedly-in-talks-to-buy-israeli-ai-startup-decart-for-6-billion/0000019f-f9f7-d569-a5ff-f9f7b6110000,Haaretz,Omri Zerachovitz,2026-08-13T07:35:25,2026-08-13 08:21:19.367582,https://www.haaretz.com/israel-news/tech-news/2026-08-13/ty-article/anthropic-reportedly-in-talks-to-buy-israeli-ai-startup-decart-for-6-billion/0000019f-f9f7-d569-a5ff-f9f7b6110000
U.S. Ambassador Huckabee calls settlers besieging West Bank Palestinian family 'Israeli terrorists',"The U.S. ambassador said the embassy asked Israeli security forces to remove the settlers and called their actions against the Palestinian family 'criminal,' despite his long record of support for West Bank settlements",https://www.haaretz.com/west-bank/2026-08-13/ty-article/.premium/huckabee-settlers-besieging-w-bank-palestinian-family-are-israeli-terrorists/0000019f-f9f9-db94-a3df-fdfb00c20000,Haaretz,Haaretz,2026-08-13T08:13:07,2026-08-13 08:21:19.367547,https://www.haaretz.com/west-bank/2026-08-13/ty-article/.premium/huckabee-settlers-besieging-w-bank-palestinian-family-are-israeli-terrorists/0000019f-f9f9-db94-a3df-fdfb00c20000
IDF strikes Hamas commander in northern Gaza,Board of Peace envoy Nickolay Mladenov denies claims of a financial agreement with the terror group.,https://www.jns.org/news/israel-news/idf-strikes-hamas-commander-in-northern-gaza,JNS,JNS Staff,2026-08-13T06:24:55,2026-08-13 08:21:11.382078,https://www.jns.org/news/israel-news/idf-strikes-hamas-commander-in-northern-gaza
Trump vows to maintain 'wall of steel' blockade on Iran,"Fifty-nine vessels have been redirected to date ""to ensure full compliance with the blockade,"" according to CENTCOM.",https://www.jns.org/news/u-s-news/trump-vows-to-maintain-wall-of-steel-blockade-on-iran,JNS,JNS Staff,2026-08-13T07:00:58,2026-08-13 08:21:11.382050,https://www.jns.org/news/u-s-news/trump-vows-to-maintain-wall-of-steel-blockade-on-iran
AEPi convention celebrates Jewish leadership and brotherhood,"More than 500 undergraduate and alumni brothers gather at the 113th International Convention for Jewish programming, leadership development and lifelong brotherhood.",https://www.jns.org/wire/aepi/aepi-convention-celebrates-jewish-leadership-and-brotherhood,JNS,,2026-08-13T07:44:24,2026-08-13 08:21:11.382014,https://www.jns.org/wire/aepi/aepi-convention-celebrates-jewish-leadership-and-brotherhood
Ro Khanna attempts to take Israel hostage,"If the facts contradict the narrative, then the narrative must be revised.",https://www.jns.org/opinion/farley-weiss/ro-khanna-attempts-to-take-israel-hostage,JNS,Farley Weiss,2026-08-13T05:00:00,2026-08-13 06:16:36.133764,https://www.jns.org/opinion/farley-weiss/ro-khanna-attempts-to-take-israel-hostage
Sderot grows in the shadow of Gaza,Residents of the southern Israeli city show resilience and optimism nearly three years after the Oct. 7 massacre.,https://www.jns.org/feature/sderot-grows-in-the-shadow-of-gaza,JNS,Linda Gradstein,2026-08-13T05:25:48,2026-08-13 06:16:36.133747,https://www.jns.org/feature/sderot-grows-in-the-shadow-of-gaza
Mecca defense pact ‘sidesteps the United States and Israel’,Israeli observers tell JNS the Pakistan-Saudi-Turkish agreement signifies the rise of a Sunni axis.,https://www.jns.org/analysis/mecca-defense-pact-sidesteps-united-states-and-israel,JNS,Yaakov Lappin,2026-08-13T05:42:12,2026-08-13 06:16:36.133729,https://www.jns.org/analysis/mecca-defense-pact-sidesteps-united-states-and-israel
Trump urges senators to pass daylight saving bill,"""People are sick and tired of having to change their clocks twice a year,"" said the U.S. president.",https://www.jns.org/news/u-s-news/trump-urges-senators-to-pass-daylight-saving-bill,JNS,,2026-08-13T05:51:18,2026-08-13 06:16:36.133707,https://www.jns.org/news/u-s-news/trump-urges-senators-to-pass-daylight-saving-bill
Former Southern Poverty Law Center finance officer charged in informant-payment scheme,"Prosecutors accused Heidi Beirich of helping route funds through sham entities to informants in white supremacist groups, including one with whom she had a romantic relationship.",https://www.jns.org/news/u-s-news/former-southern-poverty-law-center-finance-officer-charged-in-informant-payment-scheme,JNS,,2026-08-13T05:54:06,2026-08-13 06:16:36.133677,https://www.jns.org/news/u-s-news/former-southern-poverty-law-center-finance-officer-charged-in-informant-payment-scheme
Let Go & Let G-d ft. Elizabeth Sutton,[&#8230;] The post Let Go & Let G-d ft. Elizabeth Sutton appeared first on Jewish Journal .,https://jewishjournal.com/podcasts/schmuckboys/391142/let-go-let-g-d-ft-elizabeth-sutton/,Jewish Journal,Schmuckboys Marla &#38; Libby,2026-08-13T05:04:07,2026-08-13 06:16:33.732351,https://jewishjournal.com/uncategorized/391142/let-go-let-g-d-ft-elizabeth-sutton/
Education for Jewish Endurance,The five things we get wrong in Jewish education and what we can all do to improve it. The post Education for Jewish Endurance appeared first on Jewish Journal .,https://jewishjournal.com/community/391145/education-for-jewish-endurance/,Jewish Journal,Miriam Heller Stern,2026-08-13T05:36:22,2026-08-13 06:16:33.732333,https://jewishjournal.com/?p=391145
Table for Five: Shoftim,Pursuing Justice The post Table for Five: Shoftim appeared first on Jewish Journal .,https://jewishjournal.com/judaism/391148/shoftim/,Jewish Journal,Salvador Litvak,2026-08-13T05:41:10,2026-08-13 06:16:33.732314,https://jewishjournal.com/?p=391148
"Dafina, the Shabbat Dish That Brings Us Home","For generations, Moroccan Jewish mothers and grandmothers prepared their dafina on Friday, knowing that it would sustain their families on Saturday. The post Dafina, the Shabbat Dish That Brings Us Home appeared first on Jewish Journal .",https://jewishjournal.com/culture/food/391151/dafina-the-shabbat-dish-that-brings-us-home/,Jewish Journal,Sharon Gomperts and Rachel Emquies Sheff,2026-08-13T05:45:49,2026-08-13 06:16:33.732297,https://jewishjournal.com/?p=391151
"Elie Wiesel Film Premiere, JNF-USA Golf Tournament, AJC Los Angeles Names Director","Notable people and events in the Jewish LA community. The post Elie Wiesel Film Premiere, JNF-USA Golf Tournament, AJC Los Angeles Names Director appeared first on Jewish Journal .",https://jewishjournal.com/events/movers-shakers/391154/elie-wiesel-film-premiere-jnf-usa-golf-tournament-ajc-los-angeles-names-director/,Jewish Journal,Jewish Journal Staff,2026-08-13T05:50:38,2026-08-13 06:16:33.732274,https://jewishjournal.com/?p=391154
Rabbis of LA | A Tale of Two Cities … and Two Rabbis,Second of two parts The post Rabbis of LA | A Tale of Two Cities … and Two Rabbis appeared first on Jewish Journal .,https://jewishjournal.com/community/rabbis-of-la/391159/a-tale-of-two-cities-and-two-rabbis/,Jewish Journal,Ari L. Noonan,2026-08-13T05:53:03,2026-08-13 06:16:33.732246,https://jewishjournal.com/?p=391159
Report: U.S. intelligence doubted Israeli warning of Iranian plot to assassinate Trump in Turkey,,https://www.haaretz.com/israel-news/israel-security/2026-08-13/ty-article-live/israels-military-says-it-targeted-a-hamas-commander-planning-attacks-in-gaza/0000019f-f8d1-d101-a5bf-fbd185800000,Haaretz,Haaretz,2026-08-13T02:12:36,2026-08-13 04:13:04.548892,https://www.haaretz.com/israel-news/israel-security/2026-08-13/ty-article-live/israels-military-says-it-targeted-a-hamas-commander-planning-attacks-in-gaza/0000019f-f8d1-d101-a5bf-fbd185800000
Israel was being restrained before Hamas was disarmed,Reports of new restrictions on targeted strikes showed how quickly a diplomatic process can become a protective shield for Hamas.,https://www.jns.org/opinion/eyal-dror/israel-was-being-restrained-before-hamas-was-disarmed,JNS,Eyal Dror,2026-08-13T01:45:00,2026-08-13 02:00:39.230683,https://www.jns.org/opinion/eyal-dror/israel-was-being-restrained-before-hamas-was-disarmed
Israel’s enemies say it is anti-Christian. Jewish extremists are helping them make the case,"One of the more damaging charges against Israel now circulating in the United States portrays the Jewish state as increasingly hostile to Christianity and Christians. The accusation has acquired considerable prominence in American media, where stories about attacks on clergy, harassment of worshippers, restrictions around Christian holy sites and violence against Christian communities have accumulated... The post Israel’s enemies say it is anti-Christian. Jewish extremists are helping them make the case appeared first on The Forward .",https://forward.com/opinion/844814/jewish-extremists-israel-enemies/,The Forward,Dan Perry,2026-08-13T01:20:50,2026-08-13 02:00:31.194808,https://forward.com/?p=844814
Netanyahu taps Oren Dobronsky of Oren's Hummus for Knesset run,"He’s much more than the “hummus guy.” Oren Dobronsky is known across the Bay Area as the founder of Oren’s Hummus, a chain with six locations in Silicon Valley and [&#8230;]",https://jweekly.com/2026/08/12/netanyahu-taps-bay-area-hummus-guy-and-tech-leader-oren-dobronsky-for-knesset-run/,J. Weekly,Emma Goss,2026-08-13T00:19:07,2026-08-13 02:00:23.593773,https://jweekly.com/?p=309748
"66% of Jewish New Yorkers oppose Mamdani, 75% against Democratic Socialists of America, new poll suggests","More than half of Jewish voters in New York, 51%, said that the state is headed in the wrong direction, compared to 39% who said it is on the right track.",https://www.jns.org/news/u-s-news/66-of-jewish-new-yorkers-oppose-mamdani-75-against-democratic-socialists-of-america-new-poll-suggests,JNS,JNS Staff,2026-08-12T22:47:09,2026-08-12 23:41:20.160988,https://www.jns.org/news/u-s-news/66-of-jewish-new-yorkers-oppose-mamdani-75-against-democratic-socialists-of-america-new-poll-suggests
"‘Worried for our brothers and sisters,’ Jews near NYC say of Mamdani’s mayorship","The mayor is not “an isolated New York phenomenon,” a Rockland County, N.Y., activist told JNS.",https://www.jns.org/news/u-s-news/worried-for-our-brothers-and-sisters-jews-near-nyc-say-of-mamdanis-mayorship,JNS,Rikki Zagelbaum,2026-08-12T22:08:46,2026-08-12 22:41:02.591821,https://www.jns.org/news/u-s-news/worried-for-our-brothers-and-sisters-jews-near-nyc-say-of-mamdanis-mayorship
"‘Deeply troubling’ how disproportionately Jews targeted in San Francisco, ADL says","“Jews make up a small fraction of San Francisco’s population, yet anti-Jewish bias accounted for nearly half of all hate crimes reported so far this year,” Marc Levine, of the ADL, told JNS.",https://www.jns.org/news/u-s-news/deeply-troubling-how-disproportionately-jews-are-targeted-in-san-francisco-adl-says,JNS,Aaron Bandler,2026-08-12T22:08:51,2026-08-12 22:41:02.591786,https://www.jns.org/news/u-s-news/deeply-troubling-how-disproportionately-jews-are-targeted-in-san-francisco-adl-says
"Jack Ukeles, who used data and idealism to shape Jewish communal life, dies at 89","(JTA) — Throughout a storied career of more than five decades that included key roles in teaching courses at elite universities, policy planning for city and state governments and community surveys for Jewish organizations around the world, Jack Ukeles had one consistent goal: to blend research, data and strategic problem-solving with idealism in making the... The post Jack Ukeles, who used data and idealism to shape Jewish communal life, dies at 89 appeared first on The Forward .",https://forward.com/fast-forward/844784/jack-ukeles-who-used-data-and-idealism-to-shape-jewish-communal-life-dies-at-89/,The Forward,Gary Rosenblatt,2026-08-12T21:58:03,2026-08-12 22:40:55.961926,https://forward.com/?p=844784
A Democratic upset in Connecticut — but Israel was not a factor,"(JTA) — Luke Bronin scored a decisive victory over longtime Rep. John Larson in Connecticut’s Democratic primary Tuesday, marking another defeat for AIPAC which had backed the 14-term congressman. The pro-Israel lobby group is increasingly viewed as politically toxic in Democratic primaries across the country, with several progressive candidates notching victories after making opposition to... The post A Democratic upset in Connecticut — but Israel was not a factor appeared first on The Forward .",https://forward.com/fast-forward/844739/a-democratic-upset-in-connecticut-but-israel-was-not-a-factor/,The Forward,Grace Gilson,2026-08-12T21:59:53,2026-08-12 22:40:55.961867,https://forward.com/?p=844739
"This AI chatbot parses 3,000 years of Jewish text but doesn’t stop there","If you ask ChatGPT, Claude or any of the most popular AI chatbots about a passage from a Jewish text, you will get a range of responses — from summaries [&#8230;]",https://jweekly.com/2026/08/12/sefarias-ai-chatbot-parses-3000-years-of-jewish-text-but-doesnt-stop-there/,J. Weekly,Emma Goss,2026-08-12T22:03:49,2026-08-12 22:40:48.955115,https://jweekly.com/?p=309739
What Netanyahu really reveals about Israel by promoting a Palo Alto shark,,https://www.haaretz.com/opinion/2026-08-13/ty-article-opinion/.premium/what-netanyahu-really-reveals-about-israel-by-promoting-a-palo-alto-shark/0000019f-f75d-d929-afff-f7df82b60000,Haaretz,Uri Misgav,2026-08-12T21:04:35,2026-08-12 21:45:09.563362,https://www.haaretz.com/opinion/2026-08-13/ty-article-opinion/.premium/what-netanyahu-really-reveals-about-israel-by-promoting-a-palo-alto-shark/0000019f-f75d-d929-afff-f7df82b60000
Israel using the Judea and Samaria Militia to enforce Palestinian expulsion,,https://www.haaretz.com/opinion/editorial/2026-08-13/ty-article-opinion/israel-using-the-judea-and-samaria-militia-to-enforce-palestinian-expulsion/0000019f-f786-db94-a3df-ff876c9b0000,Haaretz,Haaretz Editorial,2026-08-12T21:22:58,2026-08-12 21:45:09.563344,https://www.haaretz.com/opinion/editorial/2026-08-13/ty-article-opinion/israel-using-the-judea-and-samaria-militia-to-enforce-palestinian-expulsion/0000019f-f786-db94-a3df-ff876c9b0000
How did the IDF become the army of wimpish condemnations?,,https://www.haaretz.com/opinion/2026-08-13/ty-article-opinion/.premium/how-did-the-idf-become-the-army-of-wimpish-condemnations/0000019f-f75d-d101-a5bf-ff5d92750000,Haaretz,Gideon Levy,2026-08-12T21:28:36,2026-08-12 21:45:09.563326,https://www.haaretz.com/opinion/2026-08-13/ty-article-opinion/.premium/how-did-the-idf-become-the-army-of-wimpish-condemnations/0000019f-f75d-d101-a5bf-ff5d92750000
"Senior Israeli security official: West Bank on verge of explosion, officers reluctant to act","Sources in the military's central command say many IDF officers avoid taking action against the settlers, fearing that doing so could harm their military careers",https://www.haaretz.com/west-bank/2026-08-13/ty-article/.premium/senior-security-source-settler-violence-pushes-west-bank-to-verge-of-explosion/0000019f-f70f-d569-a5ff-f76f54bc0000,Haaretz,Yaniv Kubovich,2026-08-12T21:34:39,2026-08-12 21:45:09.563307,https://www.haaretz.com/west-bank/2026-08-13/ty-article/.premium/senior-security-source-settler-violence-pushes-west-bank-to-verge-of-explosion/0000019f-f70f-d569-a5ff-f76f54bc0000
"How dare expat Israelis come back home to vote? Against Bibi, that is",,https://www.haaretz.com/opinion/2026-08-13/ty-article-opinion/.premium/how-dare-expat-israelis-come-back-home-to-vote-against-bibi-that-is/0000019f-f75d-db94-a3df-ffdf71b40000,Haaretz,Yoana Gonen,2026-08-12T21:42:02,2026-08-12 21:45:09.563277,https://www.haaretz.com/opinion/2026-08-13/ty-article-opinion/.premium/how-dare-expat-israelis-come-back-home-to-vote-against-bibi-that-is/0000019f-f75d-db94-a3df-ffdf71b40000
Nearly Half of UK Public Wants Israeli Immigration Cut or Halted Amid Rising Anti-Israel Hostility,"As anti-Israel hostility and antisemitism intensify across the United Kingdom, nearly half of the British public now favors reducing or...",https://www.algemeiner.com/2026/08/12/nearly-half-uk-public-wants-israeli-immigration-cut-halted-amid-rising-anti-israel-hostility/,Algemeiner,Ailin Vilches Arguello,2026-08-12T21:11:09,2026-08-12 21:45:05.042249,https://www.algemeiner.com/?p=777679
Iran Says No Progress on Reviving Interim Peace Deal With US,"Iran and the United States remain at loggerheads over efforts to agree a permanent end to the war in the Gulf,...",https://www.algemeiner.com/2026/08/12/iran-says-no-progress-reviving-interim-peace-deal-us/,Algemeiner,Reuters and Algemeiner Staff,2026-08-12T21:26:09,2026-08-12 21:45:05.042225,https://www.algemeiner.com/?p=777684
"Credible Missile Threat Led to Secret Aircraft Switch for Trump, Source Says",A threat that Air Force One could be targeted by a shoulder-fired missile prompted the Secret Service to secretly move President Donald Trump onto a smaller government jet during...,https://www.algemeiner.com/2026/08/12/credible-missile-threat-led-secret-aircraft-switch-trump-source-says/,Algemeiner,Reuters and Algemeiner Staff,2026-08-12T21:36:43,2026-08-12 21:45:05.042195,https://www.algemeiner.com/?p=777687
"Joshua Kushner, Bob Iger to buy Los Angeles Lakers for record $12.5 billion","The Jewish investor and the former Disney CEO are set to take control of the NBA franchise, pending league approval, just one year after businessman Mark Walter acquired it for $10 billion.",https://www.jns.org/news/u-s-news/joshua-kushner-bob-iger-to-buy-los-angeles-lakers-for-record-12-5-billion,JNS,,2026-08-12T20:51:23,2026-08-12 21:45:02.727079,https://www.jns.org/news/u-s-news/joshua-kushner-bob-iger-to-buy-los-angeles-lakers-for-record-12-5-billion
"Arab American group sues Boeing, Lockheed Martin and Caterpillar over Israel aid","The proposed federal class action alleges that the U.S. companies and U.S. Secretary of State Marco Rubio enabled Israeli military operations that damaged U.S. citizen-owned property in Lebanon, though no ownership documentation was provided with the filing.",https://www.jns.org/news/u-s-news/arab-american-group-sues-boeing-lockheed-martin-and-caterpillar-over-israel-aid,JNS,Jessica Russak-Hoffman,2026-08-12T21:08:45,2026-08-12 21:45:02.727047,https://www.jns.org/news/u-s-news/arab-american-group-sues-boeing-lockheed-martin-and-caterpillar-over-israel-aid
Taking the Gloves Off: New Initiative Says ‘Enough’ to the Boycott of Israeli Academics,"We may be able to tolerate a wild mob that goes after anything associated with Israel, but academics whose lives revolve around the search for knowledge? The post Taking the Gloves Off: New Initiative Says ‘Enough’ to the Boycott of Israeli Academics appeared first on Jewish Journal .",https://jewishjournal.com/commentary/columnist/391105/taking-the-gloves-off-new-initiative-says-enough-to-the-boycott-of-israeli-academics/,Jewish Journal,David Suissa,2026-08-12T21:13:20,2026-08-12 21:45:00.416663,https://jewishjournal.com/?p=391105
Mamdani sidesteps question on NYPD’s Israel training,"Plus, just one-quarter of Jewish New Yorkers have a favorable view of the mayor. -- The post Mamdani sidesteps question on NYPD’s Israel training appeared first on Jewish Telegraphic Agency .",https://www.jta.org/2026/08/12/default/mamdani-sidesteps-question-on-nypds-israel-training,JTA,Grace Gilson,2026-08-12T20:58:50,2026-08-12 21:44:52.900866,https://www.jta.org/?p=1906092
Haaretz Cartoon,,https://www.haaretz.com/opinion/daily-cartoon/2026-08-12/ty-article-opinion/haaretz-cartoon/0000019f-f7a1-d28e-a3df-f7f193280000,Haaretz,Amos Biderman,2026-08-12T20:31:20,2026-08-12 20:49:51.383522,https://www.haaretz.com/opinion/daily-cartoon/2026-08-12/ty-article-opinion/haaretz-cartoon/0000019f-f7a1-d28e-a3df-f7f193280000
Christian sports ministry sues NJ school district over ban on outside mentors,The Fellowship of Christian Athletes alleges that the Hopewell Valley Regional School District allows secular student clubs to invite outside mentors while barring religious clubs from doing so.,https://www.jns.org/news/u-s-news/christian-sports-ministry-sues-nj-school-district-over-ban-on-outside-mentors,JNS,,2026-08-12T20:21:31,2026-08-12 20:49:44.547373,https://www.jns.org/news/u-s-news/christian-sports-ministry-sues-nj-school-district-over-ban-on-outside-mentors
ZAKA responds nonstop during the organization’s busiest 24 hours of 5786,"The intense period demonstrated the breadth of operations, with teams responding across Israel while the organization’s network coordinated with authorities and community partners overseas.",https://www.jns.org/wire/zaka/zaka-responds-nonstop-during-the-organizations-busiest-24-hours-of-5786,JNS,,2026-08-12T20:30:00,2026-08-12 20:49:44.547332,https://www.jns.org/wire/zaka/zaka-responds-nonstop-during-the-organizations-busiest-24-hours-of-5786
"Jack Ukeles, who used data and idealism to shape Jewish communal life, dies at 89","The longtime Jewish communal researcher and consultant conducted influential population studies, advised major organizations and mentored generations of Jewish professionals. -- The post Jack Ukeles, who used data and idealism to shape Jewish communal life, dies at 89 appeared first on Jewish Telegraphic Agency .",https://www.jta.org/2026/08/12/obituaries/jack-ukeles-who-used-data-and-idealism-to-shape-jewish-communal-life-dies-at-89,JTA,Gary Rosenblatt,2026-08-12T20:20:15,2026-08-12 20:49:35.283239,https://www.jta.org/?p=1906067
"Jewish businessmen Joshua Kushner, Bob Iger buy Los Angeles Lakers for record $12.5b","Jared Kushner’s brother and the longtime Disney CEO kvell at the prospect of owning an “iconic” team. -- The post Jewish businessmen Joshua Kushner, Bob Iger buy Los Angeles Lakers for record $12.5b appeared first on Jewish Telegraphic Agency .",https://www.jta.org/2026/08/12/sports/jewish-businessmen-joshua-kushner-bob-iger-buy-los-angeles-lakers-for-record-12-5b,JTA,Jacob Gurvis,2026-08-12T20:31:57,2026-08-12 20:49:35.283192,https://www.jta.org/?p=1906082
Hillel’s Rabbi Ben Berger announced as president and CEO of Yeshivat Chovevei Torah,"The Modern Orthodox seminary Yeshivat Chovevei Torah announced on Tuesday that Rabbi Ben Berger will serve as president and CEO, replacing Rabbi Dov Linzer, who served as president and rosh yeshiva for seven years and will continue in that role. Berger comes to the school after spending eight years at Hillel. Ordained at YCT in... Read More The post Hillel’s Rabbi Ben Berger announced as president and CEO of Yeshivat Chovevei Torah appeared first on eJewishPhilanthropy .",https://ejewishphilanthropy.com/hillels-rabbi-ben-berger-announced-as-president-and-ceo-of-yeshivat-chovevei-torah/,eJewish Philanthropy,Jay Deitcher,2026-08-12T20:45:21,2026-08-12 20:49:32.902490,https://ejewishphilanthropy.com/?p=178638
New Eurovision rule change could prevent Israel from hosting in the future,The European Broadcasting Union has ruled that the hosting rights awarded to the winner will no longer be automatic in the event of a security conflict or geopolitical instability,https://www.haaretz.com/israel-news/culture/2026-08-12/ty-article/.premium/eurovision-rule-change-could-prevent-israel-from-hosting-in-the-future/0000019f-f6b7-d4e1-a7df-f6f715160000,Haaretz,Shay Ringel,2026-08-12T19:44:28,2026-08-12 20:02:05.823936,https://www.haaretz.com/israel-news/culture/2026-08-12/ty-article/.premium/eurovision-rule-change-could-prevent-israel-from-hosting-in-the-future/0000019f-f6b7-d4e1-a7df-f6f715160000
"Hunter Biden, Tucker Carlson Unite Over ‘Evil Incarnate’ Netanyahu, Blame Israel for Laptop Scandal","Hunter Biden, once a frequent target of Tucker Carlson&#8217;s attacks on the Biden family, appeared on Carlson&#8217;s podcast Monday and...",https://www.algemeiner.com/2026/08/12/hunter-biden-tucker-carlson-unite-evil-incarnate-netanyahu-blame-israel-laptop-scandal/,Algemeiner,Debbie Weiss,2026-08-12T19:20:07,2026-08-12 20:02:00.924101,https://www.algemeiner.com/?p=777675
"25 years later, parents of Malki Roth sue mastermind of Sbarro pizzeria suicide bombing","Mark Goldfeder of the National Jewish Advocacy Center told JNS that a judgment would follow Ahlam Tamimi ""if she travels to any jurisdiction that will recognize it, and it forecloses her from ever monetizing her celebrity through any channel that touches the American financial system.""",https://www.jns.org/news/u-s-news/25-years-later-parents-of-malki-roth-sue-mastermind-of-sbarro-pizzeria-suicide-bombing,JNS,Jessica Russak-Hoffman,2026-08-12T18:23:26,2026-08-12 20:01:58.598580,https://www.jns.org/news/u-s-news/25-years-later-parents-of-malki-roth-sue-mastermind-of-sbarro-pizzeria-suicide-bombing
"Majority of antisemitic social-media posts reported by Jewish communities remain online, study finds","A World Jewish Congress study found that social-media platforms removed just 19.5% of reported antisemitic posts, with Israel-related content among the least likely to be taken down.",https://www.jns.org/news/world/majority-of-antisemitic-social-media-posts-reported-by-jewish-communities-remain-online-study-finds,JNS,,2026-08-12T19:20:18,2026-08-12 20:01:58.598512,https://www.jns.org/news/world/majority-of-antisemitic-social-media-posts-reported-by-jewish-communities-remain-online-study-finds
Can the US win a bloodless war?,Conflicts don’t always require destroying an army on the battlefield. But failing to do so can plant the seeds of the next war.,https://www.jns.org/opinion/column/mitchell-bard/can-the-us-win-a-bloodless-war,JNS,Mitchell Bard,2026-08-12T19:31:33,2026-08-12 20:01:58.598466,https://www.jns.org/opinion/column/mitchell-bard/can-the-us-win-a-bloodless-war
"New York Jews should direct their anger at Netanyahu, not Mamdani","The mayor's statements and videos can and should be criticized, but the biggest problem facing the American Jewish community is the far-right government in Israel",https://www.haaretz.com/opinion/2026-08-12/ty-article-opinion/.premium/new-york-jews-should-direct-their-anger-at-netanyahu-not-mamdani/0000019f-f6fd-db94-a3df-fffff5d30000,Haaretz,Esther Sperber,2026-08-12T18:02:19,2026-08-12 19:02:38.698840,https://www.haaretz.com/opinion/2026-08-12/ty-article-opinion/.premium/new-york-jews-should-direct-their-anger-at-netanyahu-not-mamdani/0000019f-f6fd-db94-a3df-fffff5d30000
IDF chief deploys troops on leave to West Bank after settlers besiege Palestinian-owned house,"Earlier on Wednesday, soldiers who arrived to remove the outpost built on a Palestinian family's land were forced to retreat after clashes broke out. On Monday, Israeli settlers attacked a Haaretz crew that tried to reach the isolated property",https://www.haaretz.com/west-bank/2026-08-12/ty-article/.premium/idf-chief-pulls-troops-into-west-bank-after-settlers-besiege-palestinian-family/0000019f-f6d1-d569-a5ff-f6f5112d0000,Haaretz,Yaniv Kubovich,2026-08-12T18:33:37,2026-08-12 19:02:38.698806,https://www.haaretz.com/west-bank/2026-08-12/ty-article/.premium/idf-chief-pulls-troops-into-west-bank-after-settlers-besiege-palestinian-family/0000019f-f6d1-d569-a5ff-f6f5112d0000
"From Italy to France, Jews Face Mounting Abuse as Antisemitic Incidents Surge Across Europe","Amid a worsening climate of anti-Israel hostility and rising antisemitism across Europe, Jews and Israelis are increasingly finding themselves targeted...",https://www.algemeiner.com/2026/08/12/italy-france-jews-face-mounting-abuse-antisemitic-incidents-surge-europe/,Algemeiner,Ailin Vilches Arguello,2026-08-12T18:08:22,2026-08-12 19:02:33.989429,https://www.algemeiner.com/?p=777659
"Far-Left, Anti-Israel Candidate Falls Short in Wisconsin Democratic Governor’s Primary","In a stunning upset, Milwaukee County Executive David Crowley narrowly defeated democratic socialist state Rep. Francesca Hong in Wisconsin&#8217;s Democratic...",https://www.algemeiner.com/2026/08/12/far-left-anti-israel-candidate-falls-short-wisconsin-democratic-governors-primary/,Algemeiner,Corey Walker,2026-08-12T18:56:46,2026-08-12 19:02:33.989388,https://www.algemeiner.com/?p=777632
"After Michigan, will pro-Israel politics get a ground game?",Deep pockets are not enough to win primaries against well-organized socialist opponents.,https://www.jns.org/opinion/ben-ehrenkranz/after-michigan-will-pro-israel-politics-get-a-ground-game,JNS,Ben Ehrenkranz,2026-08-12T18:05:00,2026-08-12 19:02:31.415584,https://www.jns.org/opinion/ben-ehrenkranz/after-michigan-will-pro-israel-politics-get-a-ground-game
Parents of Malki Roth sue Sbarro terrorist 25 years after Jerusalem attack,"Mark Goldfeder of the National Jewish Advocacy Center told JNS that a judgment would follow Ahlam al-Tamimi ""if she travels to any jurisdiction that will recognize it, and it forecloses her from ever monetizing her celebrity through any channel that touches the American financial system.""",https://www.jns.org/news/u-s-news/parents-of-malki-roth-sue-sbarro-terrorist-25-years-after-jerusalem-attack,JNS,Jessica Russak-Hoffman,2026-08-12T18:23:26,2026-08-12 19:02:31.415557,https://www.jns.org/news/u-s-news/parents-of-malki-roth-sue-sbarro-terrorist-25-years-after-jerusalem-attack
"South Carolina man charged over violent, antisemitic social media posts","Zayne Daniel Smith, 22, allegedly posted images of rifles and Nazi symbolism and wrote messages that investigators said indicated an intent to incite further violence.",https://www.jns.org/news/u-s-news/south-carolina-man-charged-over-violent-antisemitic-social-media-posts,JNS,,2026-08-12T18:47:31,2026-08-12 19:02:31.415517,https://www.jns.org/news/u-s-news/south-carolina-man-charged-over-violent-antisemitic-social-media-posts
A pair of Jewish businessmen gave the Lakers their name. Now another Jewish duo is buying the team.,"Back when the National Basketball Association was little more than a startup, two Jewish businessmen named Benjamin Berger and Morris Chalfen bought the worst team in the sport, the Detroit Gems, for $15,000. They relocated the franchise to Minneapolis and gave it a name that nodded to state geography. Eighty years later, the Lakers are... The post A pair of Jewish businessmen gave the Lakers their name. Now another Jewish duo is buying the team. appeared first on The Forward .",https://forward.com/news/sports/844712/kushner-lakers-jewish-nba-owners/,The Forward,Louis Keene,2026-08-12T18:35:54,2026-08-12 19:02:24.061246,https://forward.com/?p=844712
A Democratic upset in Connecticut — but Israel was not a factor,"The incumbent, Rep. John Larson, and the winner, Luke Bronin, are both pro-Israel. -- The post A Democratic upset in Connecticut — but Israel was not a factor appeared first on Jewish Telegraphic Agency .",https://www.jta.org/2026/08/12/politics/a-democratic-upset-in-connecticut-but-israel-was-not-a-factor,JTA,Grace Gilson,2026-08-12T18:30:34,2026-08-12 19:02:21.236033,https://www.jta.org/?p=1906042
A pair of Jewish businessmen gave the Lakers their name. Now another Jewish duo is buying the team.,This story was originally published in the Forward. Click here to get the Forward&#8217;s free email newsletters delivered to your inbox. Back when the National Basketball Association was little more [&#8230;],https://jweekly.com/2026/08/12/a-pair-of-jewish-businessmen-gave-the-lakers-their-name-now-another-jewish-duo-is-buying-the-team/,J. Weekly,Louis Keene,2026-08-12T18:55:01,2026-08-12 19:02:16.273274,https://jweekly.com/?p=309733
Netanyahu changes Likud rules to let far-right politician run in primary,"Deputy Minister Almog Cohen, who has faced investigations and public backlash over alleged assault and social media posts, announced on X that he will take part in the Likud primary",https://www.haaretz.com/israel-news/elections/2026-08-12/ty-article/.premium/netanyahu-changes-likud-rules-to-let-far-right-politician-run-in-primary/0000019f-f643-db94-a3df-ffc38f740000,Haaretz,Haaretz,2026-08-12T17:02:36,2026-08-12 17:56:51.240679,https://www.haaretz.com/israel-news/elections/2026-08-12/ty-article/.premium/netanyahu-changes-likud-rules-to-let-far-right-politician-run-in-primary/0000019f-f643-db94-a3df-ffc38f740000
'Zionist' has become toxic in America. The U.S. Jewish establishment must face it head-on,"An organized community that cannot tolerate any dissent will lose its dissenting members, deepening its resistance to alternate views and making it less able to exert any influence outside the community",https://www.haaretz.com/israel-news/haaretz-today/2026-08-12/ty-article/.highlight/zionist-has-become-toxic-in-america-the-jewish-establishment-must-confront-it/0000019f-f613-d101-a5bf-ff130bc70000,Haaretz,Arno Rosenfeld,2026-08-12T17:46:39,2026-08-12 17:56:51.240651,https://www.haaretz.com/israel-news/haaretz-today/2026-08-12/ty-article/.highlight/zionist-has-become-toxic-in-america-the-jewish-establishment-must-confront-it/0000019f-f613-d101-a5bf-ff130bc70000
Mamdani Draws Criticism for Attending Pakistan Day Parade — After Refusing to Attend Israel Day Parade,New York City Mayor Zohran Mamdani has drawn backlash for attending the city&#8217;s annual parade celebrating Pakistan — after refusing...,https://www.algemeiner.com/2026/08/12/mamdani-draws-criticism-attending-pakistan-day-parade-after-refusing-attend-israel-day-parade/,Algemeiner,Corey Walker,2026-08-12T17:38:23,2026-08-12 17:56:46.778376,https://www.algemeiner.com/?p=777609
"Gal Gadot Discusses Courage, Vulnerability, Motherhood in New Interview for ‘The Runner’","Israeli actress Gal Gadot talked about the kind of courage she finds inspiring, vulnerability, and being a &#8220;lioness&#8221; wanting to...",https://www.algemeiner.com/2026/08/12/gal-gadot-discusses-courage-vulnerability-motherhood-new-interview-the-runner/,Algemeiner,Shiryn Ghermezian,2026-08-12T17:42:18,2026-08-12 17:56:46.778345,https://www.algemeiner.com/?p=777634
"‘We saw a gap in the system,’ Canadian provincial parliamentarian says of new Ontario unit to prosecute hate crimes","“We can’t prevent people from committing crimes,” Michelle Cooper told JNS. “For me, it’s about holding people accountable.”",https://www.jns.org/news/world/we-saw-a-gap-in-the-system-canadian-provincial-parliamentarian-says-of-new-ontario-unit-to-prosecute-hate-crimes,JNS,Dave Gordon,2026-08-12T17:54:08,2026-08-12 17:56:44.462996,https://www.jns.org/news/world/we-saw-a-gap-in-the-system-canadian-provincial-parliamentarian-says-of-new-ontario-unit-to-prosecute-hate-crimes
How a monument to a Jewish Confederate ended up in a storage unit,This story was originally published in the Forward. Click here to get the Forward&#8217;s free email newsletters delivered to your inbox. Behind an orange roll-up door at a self-storage facility [&#8230;],https://jweekly.com/2026/08/12/how-a-monument-to-a-jewish-confederate-ended-up-in-a-storage-unit-next-to-a-vacuum-cleaner/,J. Weekly,Benyamin Cohen,2026-08-12T17:36:40,2026-08-12 17:56:30.185866,https://jweekly.com/?p=309723
The devil wears Galliano? Met Gala honor for designer disgraced by antisemitism gets mixed reviews,"Sixteen years after his antisemitic rant ended his Dior career, John Galliano is getting a dedicated Met Gala and exhibit. New York Jewish leaders are expressing cautious optimism, but as tensions rise in the city, some worry about the move",https://www.haaretz.com/us-news/2026-08-12/ty-article-magazine/met-gala-honor-for-designer-disgraced-by-antisemitism-gets-mixed-reviews/0000019f-f4ff-d929-afff-f6ff05a10000,Haaretz,Linda Dayan,2026-08-12T16:48:31,2026-08-12 16:57:09.504935,https://www.haaretz.com/us-news/2026-08-12/ty-article-magazine/met-gala-honor-for-designer-disgraced-by-antisemitism-gets-mixed-reviews/0000019f-f4ff-d929-afff-f6ff05a10000
The Democratic Party is running out of room for Jews,Michigan Attorney Dana Nessel will most likely be another silent casualty of antisemitic trends in the party that was home to the majority of American Jews for decades.,https://www.jns.org/opinion/rabbi-steven-burg/the-democratic-party-is-running-out-of-room-for-jews,JNS,Rabbi Steven Burg,2026-08-12T16:15:00,2026-08-12 16:57:02.083707,https://www.jns.org/opinion/rabbi-steven-burg/the-democratic-party-is-running-out-of-room-for-jews
Hitler’s favorite composer Richard Wagner found early inspiration in a Jewish artist’s music,"BAYREUTH, GERMANY — Midway through the second act of the Bayreuth Festival&#8217;s new production of Rienzi, a miniature Richard Wagner takes command of the Festspielhaus. A child painted gold and wearing the composer’s familiar velvet cap and facial hair bursts onstage and presides over a manic pageant of the ten operas that have made up... The post Hitler&#8217;s favorite composer Richard Wagner found early inspiration in a Jewish artist&#8217;s music appeared first on The Forward .",https://forward.com/culture/music/844682/bayreuth-opera-rienzi-wagner-meyerbeer-hitler-review/,The Forward,A.J. Goldmann,2026-08-12T16:34:47,2026-08-12 16:56:55.391887,https://forward.com/?p=844682
Sister of pro-Israel stalwart Lindsey Graham wins runoff slot,Trump-backed Darline Graham hopes to claim the GOP nomination for her late brother's Senate seat. -- The post Sister of pro-Israel stalwart Lindsey Graham wins runoff slot appeared first on Jewish Telegraphic Agency .,https://www.jta.org/2026/08/11/politics/sister-of-pro-israel-stalwart-lindsey-graham-wins-runoff-slot,JTA,Sharon Udasin,2026-08-12T00:53:23,2026-08-12 16:56:52.944101,https://www.jta.org/?p=1905964
Colombia faces regional backlash after recognizing Israeli sovereignty over Golan Heights,"The move by Colombia's new far-right government comes amid a rapprochement with Israel and marks only the second time a country has recognized Israel's claim to the territory, after the Trump administration's 2019 decision",https://www.haaretz.com/israel-news/israel-security/2026-08-12/ty-article/.premium/colombia-faces-middle-east-backlash-over-golan-heights-recognition/0000019f-f59a-d28e-a3df-f5da91350000,Haaretz,Ben Kroll,2026-08-12T15:00:21,2026-08-12 15:59:31.743171,https://www.haaretz.com/israel-news/israel-security/2026-08-12/ty-article/.premium/colombia-faces-middle-east-backlash-over-golan-heights-recognition/0000019f-f59a-d28e-a3df-f5da91350000
IDF: Remains of Israeli soldier killed in 1948 located in Haifa cemetery,"Shlomo Haimson was killed during an escape attempt from a detention camp in Cyprus in September 1948 and buried on the island in an unmarked grave. In the 1970s, his remains and those of 160 other people were brought to Israel for burial, most unidentified",https://www.haaretz.com/israel-news/israel-security/2026-08-12/ty-article/.premium/idf-remains-of-israeli-soldier-killed-in-1948-located-in-haifa-cemetery/0000019f-f5a0-ddcb-a99f-ffe33dc70000,Haaretz,Ofer Aderet,2026-08-12T15:22:00,2026-08-12 15:59:31.743142,https://www.haaretz.com/israel-news/israel-security/2026-08-12/ty-article/.premium/idf-remains-of-israeli-soldier-killed-in-1948-located-in-haifa-cemetery/0000019f-f5a0-ddcb-a99f-ffe33dc70000
'At least Google their names': Sweden's Left Party scrutinized over solidarity letters to Palestinian terrorists,Sweden's Left Party has come under intense scrutiny after two of its senior lawmakers sent letters of support to Palestinian prisoners convicted of deadly terror attacks weeks before a general election,https://www.haaretz.com/world-news/europe/2026-08-12/ty-article-magazine/.premium/swedish-left-party-faces-scrutiny-over-support-letters-to-palestinian-terrorists/0000019f-f543-d929-afff-f7cba7e30000,Haaretz,David Stavrou,2026-08-12T15:40:53,2026-08-12 15:59:31.743109,https://www.haaretz.com/world-news/europe/2026-08-12/ty-article-magazine/.premium/swedish-left-party-faces-scrutiny-over-support-letters-to-palestinian-terrorists/0000019f-f543-d929-afff-f7cba7e30000
Families of Israel-backed Lebanese militia members can now return to Lebanon,"The law grants amnesty to Lebanese civilians without military backgrounds who fled to Israel after the Israeli withdrawal from Lebanon in 2000. 'Lebanon does not abandon its children,' said a lawmaker who pushed for the provision",https://www.haaretz.com/middle-east-news/lebanonnews/2026-08-12/ty-article/.premium/families-of-israel-backed-lebanese-militia-members-can-now-return-to-lebanon/0000019f-f617-d4e1-a7df-f6f714d50000,Haaretz,Rawan Suleiman,2026-08-12T15:55:23,2026-08-12 15:59:31.743073,https://www.haaretz.com/middle-east-news/lebanonnews/2026-08-12/ty-article/.premium/families-of-israel-backed-lebanese-militia-members-can-now-return-to-lebanon/0000019f-f617-d4e1-a7df-f6f714d50000
The Faces of Tuba - Testimonies from a settler assault on a West Bank village.,,https://jewishcurrents.org/the-faces-of-tuba,Jewish Currents,Maya Rosen,2026-08-11T21:19:00,2026-08-12 15:59:28.624514,https://jewishcurrents.org/the-faces-of-tuba
"The Jewish Establishment Can’t Face Reality - Cowed by its radical base, a major Jewish organization throws a spin doctor under the bus.",,https://jewishcurrents.org/the-jewish-establishment-cant-face-reality,Jewish Currents,Josh Nathan-Kazis,2026-08-11T21:19:00,2026-08-12 15:59:28.624459,https://jewishcurrents.org/the-jewish-establishment-cant-face-reality
Fatah Says Egypt Views Israel as ‘Number One’ Enemy; Should Jews Be Concerned?,"Egypt&#8217;s military still designates &#8220;Israel as enemy number one&#8221; despite 50 years of Egyptian-Israeli diplomatic relations, according to Fatah Central...",https://www.algemeiner.com/2026/08/12/fatah-says-egypt-views-israel-as-number-one-enemy-should-jews-be-concerned/,Algemeiner,Itamar Marcus and Ahron Shapiro,2026-08-12T15:16:33,2026-08-12 15:59:26.341912,https://www.algemeiner.com/?p=777622
Is Hezbollah Sabotaging the Israel-Lebanon Ceasefire?,"On Aug. 5, 2026, the fragile ceasefire between Israel and Hezbollah came under renewed threat after two Israeli soldiers were...",https://www.algemeiner.com/2026/08/12/is-hezbollah-sabotaging-the-israel-lebanon-ceasefire/,Algemeiner,Chaim Lax,2026-08-12T15:19:01,2026-08-12 15:59:26.341883,https://www.algemeiner.com/?p=777626
The Jewish History of Prague (PART TWO),Part One of this article appeared here. The Thirty Years War The devastation of the Thirty Years&#8217; War (1618-1648) brought...,https://www.algemeiner.com/2026/08/12/the-jewish-history-of-prague-part-two/,Algemeiner,Menachem Levine,2026-08-12T15:31:09,2026-08-12 15:59:26.341856,https://www.algemeiner.com/?p=777533
"Abdul El-Sayed Lies About ‘Apartheid’: Israeli Arabs Have Full Rights, and Say So Themselves","Last week, Abdul El-Sayed, who just won the Michigan Democratic Senate primary, accused Israel of, among other calumnies, the crime...",https://www.algemeiner.com/2026/08/12/abdul-el-sayed-lies-about-apartheid-israeli-arabs-have-full-rights-and-say-so-themselves/,Algemeiner,Jason Shvili,2026-08-12T15:38:16,2026-08-12 15:59:26.341827,https://www.algemeiner.com/?p=777613
‘I Want to Be Here for a Long Time:’ Israeli Winger Manor Solomon Signs With West Ham,West Ham United has completed its signing of Israeli winger Manor Solomon from Tottenham Hotspur on a three-year contract with...,https://www.algemeiner.com/2026/08/12/i-want-be-here-long-time-israeli-winger-manor-solomon-signs-west-ham/,Algemeiner,Shiryn Ghermezian,2026-08-12T15:41:13,2026-08-12 15:59:26.341789,https://www.algemeiner.com/?p=777628
US finds fiscal transparency lacking across much of Middle East,"A U.S. State Department report states that the Palestinian Authority and several other regional governments failed to meet transparency standards, while Lebanon has made significant progress.",https://www.jns.org/news/u-s-news/us-finds-fiscal-transparency-lacking-across-much-of-middle-east,JNS,Mike Wagenheim,2026-08-12T15:25:48,2026-08-12 15:59:24.077495,https://www.jns.org/news/u-s-news/us-finds-fiscal-transparency-lacking-across-much-of-middle-east
Your Daily Phil: Close encounters of the Jewish kind,The post Your Daily Phil: Close encounters of the Jewish kind appeared first on eJewishPhilanthropy .,https://ejewishphilanthropy.com/your-daily-phil-close-encounters-of-the-jewish-kind/,eJewish Philanthropy,EJP,2026-08-12T15:20:38,2026-08-12 15:59:09.412776,https://ejewishphilanthropy.com/?p=178629
Berlin filmmaker launches crowdfunding campaign for love story shaped by Oct. 7,"""We Were Celebrating Life"" is inspired by Zieziula’s real experiences while living in Australia.",https://www.jns.org/wire/Hannah-Zieziula-Productions/berlin-filmmaker-launches-crowdfunding-campaign-for-love-story-shaped-by-oct-7,JNS,,2026-08-12T13:51:15,2026-08-12 14:57:09.222045,https://www.jns.org/wire/Hannah-Zieziula-Productions/berlin-filmmaker-launches-crowdfunding-campaign-for-love-story-shaped-by-oct-7
"This fall, Jewish students should look for more than a place to belong",There is no single doorway to grow one’s Jewish identity. What matters is walking through one.,https://www.jns.org/opinion/rob-derdiger/this-fall-jewish-students-should-look-for-more-than-a-place-to-belong,JNS,Rob Derdiger,2026-08-12T14:30:00,2026-08-12 14:57:09.222007,https://www.jns.org/opinion/rob-derdiger/this-fall-jewish-students-should-look-for-more-than-a-place-to-belong
Should Jews who support Israel avoid the word ‘Zionism’?,A consultant was fired for telling Jewish leaders not to use the term. But many think he has a point. -- The post Should Jews who support Israel avoid the word ‘Zionism’? appeared first on Jewish Telegraphic Agency .,https://www.jta.org/2026/08/12/ideas/should-jews-who-support-israel-avoid-the-word-zionism,JTA,Andrew Silow-Carroll,2026-08-12T14:00:00,2026-08-12 14:57:00.008152,https://www.jta.org/?p=1905927
I was attacked by settlers as a journalist. What the IDF lets them do will get Palestinians killed,"On our way to visit a Palestinian family besieged by an Israeli settler outpost, photographer Itai Ron and I were spat on, kicked and blocked, as IDF soldiers stood idly by. This happens every day, except the victims are usually local Palestinians",https://www.haaretz.com/israel-news/israel-security/2026-08-12/ty-article-magazine/.premium/settlers-attacked-me-what-the-idf-lets-them-do-will-get-palestinians-killed/0000019f-f2ab-d101-a5bf-fbbbe5060000,Haaretz,Matan Golan,2026-08-11T21:46:46,2026-08-12 13:09:23.707229,https://www.haaretz.com/israel-news/israel-security/2026-08-12/ty-article-magazine/.premium/settlers-attacked-me-what-the-idf-lets-them-do-will-get-palestinians-killed/0000019f-f2ab-d101-a5bf-fbbbe5060000
Phones of missing Israeli mother and daughter last located near Vienna central train station,"Mali and Liel Yahalomi left their rented apartment on Saturday and were last located near the station around 9:30 A.M., Haaretz has learned. The two were scheduled to return to Israel from Vienna on Monday evening but did not arrive for their flight",https://www.haaretz.com/world-news/europe/2026-08-12/ty-article/phones-of-missing-israeli-mother-daughter-last-found-near-vienna-train-station/0000019f-f51b-d28e-a3df-f55bca500000,Haaretz,Josh Breiner,2026-08-12T10:23:07,2026-08-12 13:09:23.707155,https://www.haaretz.com/world-news/europe/2026-08-12/ty-article/phones-of-missing-israeli-mother-daughter-last-found-near-vienna-train-station/0000019f-f51b-d28e-a3df-f55bca500000
How Naftali Bennett lost his edge,"Naftali Bennett's union with Yair Lapid aimed to solidify Bennett's leadership of Israel's anti-Netanyahu bloc, but Gadi Eisenkot's success in polling proves that the two underestimated Eisenkot when they went behind his back",https://www.haaretz.com/israel-news/elections/2026-08-12/ty-article-magazine/.premium/how-naftali-bennett-lost-his-edge/0000019f-f511-db94-a3df-fd93d49d0000,Haaretz,Joshua Leifer,2026-08-12T12:34:45,2026-08-12 13:09:23.707116,https://www.haaretz.com/israel-news/elections/2026-08-12/ty-article-magazine/.premium/how-naftali-bennett-lost-his-edge/0000019f-f511-db94-a3df-fd93d49d0000
Former Israeli chief rabbi urges ultra-Orthodox voters to bring down Netanyahu bloc,"Rabbi Yitzhak Yosef urged Israel's ultra-Orthodox not to vote for the Shas party, of which he is a senior official, escalating his feud with chairman Aryeh Deri. 'Netanyahu hates us, but the left respects us,' a student quoting Yosef said",https://www.haaretz.com/israel-news/israel-politics/2026-08-12/ty-article/.premium/former-israeli-chief-rabbi-urges-haredi-voters-to-bring-down-netanyahu-bloc/0000019f-f4ca-d359-a7bf-feebef6b0000,Haaretz,Aaron Rabinowitz,2026-08-12T12:54:52,2026-08-12 13:09:23.707083,https://www.haaretz.com/israel-news/israel-politics/2026-08-12/ty-article/.premium/former-israeli-chief-rabbi-urges-haredi-voters-to-bring-down-netanyahu-bloc/0000019f-f4ca-d359-a7bf-feebef6b0000
Israelis don't only dance to forget what they've committed. Sometimes they just dance,An article in Current Affairs portrays Israel's club and trance scene as a place where Israelis seek to drown out the sound of their victims. But there's something crucial the author fails to hear,https://www.haaretz.com/life/2026-08-12/ty-article-magazine/.premium/israelis-dont-dance-to-forget-what-theyve-committed-sometimes-they-just-dance/0000019f-f56e-d302-afff-fdeebb780000,Haaretz,Nissan Shor,2026-08-12T12:56:37,2026-08-12 13:09:23.707041,https://www.haaretz.com/life/2026-08-12/ty-article-magazine/.premium/israelis-dont-dance-to-forget-what-theyve-committed-sometimes-they-just-dance/0000019f-f56e-d302-afff-fdeebb780000
IDF: Hamas intensifies Gaza torture,"The terror group escalated abuses against civilians following a ceasefire late last year, according to the Israeli military.",https://www.jns.org/news/israel-news/idf-hamas-intensifies-gaza-torture,JNS,JNS Staff,2026-08-12T11:09:13,2026-08-12 13:09:16.850734,https://www.jns.org/news/israel-news/idf-hamas-intensifies-gaza-torture
IDF: Grave of fallen soldier Shlomo Haimson identified after 78 years,"“The unwavering moral commitment of the IDF and Israel to honoring the memory and dignity of our beloved father and grandfather fills us with immense pride,"" the family said.",https://www.jns.org/news/israel-news/idf-grave-of-fallen-soldier-shlomo-haimson-identified-after-78-years,JNS,JNS Staff,2026-08-12T11:12:11,2026-08-12 13:09:16.850707,https://www.jns.org/news/israel-news/idf-grave-of-fallen-soldier-shlomo-haimson-identified-after-78-years
Why Netanyahu rejected the new Gaza deal,"“The Quad” is a dynamic weekly panel show hosted by Fleur Hassan-Nahoum, Israel’s innovation envoy and former deputy mayor of Jerusalem. The series brings together a powerhouse lineup of bold, insightful women to tackle the most pressing stories from Israel, the Middle East and the Jewish world. With Fleur at the helm, “The Quad” features regular co-hosts, including Shoshana Keats-Jaskel, founder of Chochmat Nashim; journalist and human-rights activist Emily Schrader and other leading voices shaping conversation and change. Through sharp analysis, diverse perspectives and unapologetic commentary, “The Quad” confronts the complex political, cultural and social challenges facing Israel and the Jewish people. Each episode cuts through noise and narrative spin to deliver insight and debate, and to empower female perspectives on issues that define our time. Bold, informed and refreshingly authentic, “The Quad” redefines how Israel and the Middle East are discussed, one conversation at a time. See more at: @JNS_TV and subscribe to our YouTube channel.",https://www.jns.org/jns-tv/the-quad/why-netanyahu-rejected-the-new-gaza-deal,JNS,Fleur Hassan-Nahoum,2026-08-12T11:31:56,2026-08-12 13:09:16.850666,https://www.jns.org/jns-tv/the-quad/why-netanyahu-rejected-the-new-gaza-deal
No holiday from antisemitism,"For Jews and Israelis, the summer vacation season has become another arena of exclusion, intimidation and increasingly open hatred.",https://www.jns.org/opinion/column/fiamma-nirenstein/no-holiday-from-antisemitism,JNS,Fiamma Nirenstein,2026-08-12T12:25:49,2026-08-12 13:09:16.850563,https://www.jns.org/opinion/column/fiamma-nirenstein/no-holiday-from-antisemitism
"'We are one,' Israeli president tells Conservative movement",President Isaac Herzog was presented with an honorary degree by the Jewish Theological Seminary in Jerusalem.,https://www.jns.org/news/israel-news/we-are-one-israeli-president-tells-conservative-movement,JNS,Etgar Lefkovits,2026-08-12T12:45:53,2026-08-12 13:09:16.850512,https://www.jns.org/news/israel-news/we-are-one-israeli-president-tells-conservative-movement
"'I've always condemned antisemitism,' deputy Dem leader of NY state Assembly says, after 'New York Post' mentions him in story on Jew-hatred","""I have always condemned antisemitism, racism and hate in all forms, and I will continue to do so unequivocally,"" stated Charles Fall, a state representative in New York.",https://www.jns.org/news/u-s-news/ive-always-condemned-antisemitism-deputy-dem-leader-of-ny-state-assembly-says-after-new-york-post-mentions-him-in-story-on-jew-hatred,JNS,JNS Staff,2026-08-12T12:46:13,2026-08-12 13:09:16.850470,https://www.jns.org/news/u-s-news/ive-always-condemned-antisemitism-deputy-dem-leader-of-ny-state-assembly-says-after-new-york-post-mentions-him-in-story-on-jew-hatred
Ancient olive trees burned in Ayalon Canada Park get second life as bonsai trees,"The stumps were uprooted and transferred to a nursery; after about a month, fresh leaves began to emerge, followed several weeks later by new roots.",https://www.jns.org/wire/kkl-jnf/ancient-olive-trees-burned-in-ayalon-canada-park-get-second-life-as-bonsai-trees,JNS,,2026-08-12T13:00:00,2026-08-12 13:09:16.850430,https://www.jns.org/wire/kkl-jnf/ancient-olive-trees-burned-in-ayalon-canada-park-get-second-life-as-bonsai-trees
Want Jewish continuity? Put Jews together in a room (or a camp or a basketball court or a tour bus),"Face time isnt just an app on your phone its a recipe for forging Jewish identity. Each in its own way, the news stories and opinion pieces making up today’s edition of Your Daily Phil demonstrate a profound, if somewhat banal, truth about the creation and reinforcement of Jewish identity: There is no substitute... Read More The post Want Jewish continuity? Put Jews together in a room (or a camp or a basketball court or a tour bus) appeared first on eJewishPhilanthropy .",https://ejewishphilanthropy.com/want-jewish-continuity-put-jews-together-in-a-room-or-a-camp-or-a-basketball-court-or-a-tour-bus/,eJewish Philanthropy,Judah Ari Gross,2026-08-12T12:32:04,2026-08-12 13:09:05.542457,https://ejewishphilanthropy.com/?p=178617
How Seed the Dream saw an opening and helped rewrite the Israel travel playbook with Maccabi USA,"Most philanthropists name their foundation after themselves. Marcy Gringlas and her husband, Joel Greenberg, named theirs after a conviction: that a strategic, well-placed gift can grow into something far, far larger. Gringlas and Greenberg’s Seed the Dream Foundation has planted many anchor investments in philanthropic projects in their portfolio, but few as personal as Maccabi... Read More The post How Seed the Dream saw an opening and helped rewrite the Israel travel playbook with Maccabi USA appeared first on eJewishPhilanthropy .",https://ejewishphilanthropy.com/how-seed-the-dream-saw-an-opening-and-helped-rewrite-the-israel-travel-playbook-with-maccabi-usa/,eJewish Philanthropy,Justin Hayet,2026-08-12T12:36:31,2026-08-12 13:09:05.542394,https://ejewishphilanthropy.com/?p=178621
When tourists were still coming here: A tour of Israel's hotels 70 years ago,"Make your bed and keep quiet: In the summer of 1956, Haaretz journalist Shabtai Teveth was sent to vacation at hotels across Israel. Lucky man? Think again",https://www.haaretz.com/life/2026-08-12/ty-article/.premium/when-tourists-were-still-coming-here-a-tour-of-israels-hotels-70-years-ago/0000019f-f064-d302-afff-fcec1f850000,Haaretz,Ofer Aderet,2026-08-12T10:13:45,2026-08-12 11:07:44.638526,https://www.haaretz.com/life/2026-08-12/ty-article/.premium/when-tourists-were-still-coming-here-a-tour-of-israels-hotels-70-years-ago/0000019f-f064-d302-afff-fcec1f850000
Phones of missing Israeli mother and daughter last located near Vienna central train station,"Mali and Liel Yahalomi left their rented apartment on Saturday and were last located near the station around 9:30 A.M., Haaretz has learned. The two were scheduled to return to Israel from Vienna on Monday evening but did not arrive for their flight",https://www.haaretz.com/world-news/europe/2026-08-12/ty-article/.premium/phones-of-missing-israeli-mother-daughter-last-found-near-vienna-train-station/0000019f-f51b-d28e-a3df-f55bca500000,Haaretz,Josh Breiner,2026-08-12T10:23:07,2026-08-12 11:07:44.638494,https://www.haaretz.com/world-news/europe/2026-08-12/ty-article/.premium/phones-of-missing-israeli-mother-daughter-last-found-near-vienna-train-station/0000019f-f51b-d28e-a3df-f55bca500000
"She documents settler arson attacks: 'Eventually, this fire will be turned against us too'","Noga Kalinsky's haunting photography documents the devastation wrought by settler violence in Palestinian villages, juxtaposing the beauty of Masafer Yatta and Mukhmas with scenes of burned homes and shattered lives",https://www.haaretz.com/life/2026-08-12/ty-article-magazine/.premium/she-documents-settler-arson-attacks-this-fire-will-be-turned-against-us-too/0000019f-f489-d302-afff-fce974c80000,Haaretz,Ofir Hovav,2026-08-12T10:23:35,2026-08-12 11:07:44.638452,https://www.haaretz.com/life/2026-08-12/ty-article-magazine/.premium/she-documents-settler-arson-attacks-this-fire-will-be-turned-against-us-too/0000019f-f489-d302-afff-fce974c80000
"How a monument to a Jewish Confederate ended up in a storage unit, next to a vacuum cleaner","Behind an orange roll-up door at a self-storage facility in New Orleans, sits a vacuum cleaner, some lighting gear and a cardboard box. Inside the box is a Confederate monument, one of the strangest Jewish heirlooms in America. It is granite, four and a half feet tall, 1,600 pounds and shaped like a thick tombstone.... The post How a monument to a Jewish Confederate ended up in a storage unit, next to a vacuum cleaner appeared first on The Forward .",https://forward.com/news/844463/judah-benjamin-confederate-monument-charlotte/,The Forward,Benyamin Cohen,2026-08-12T10:49:56,2026-08-12 11:07:29.681116,https://forward.com/?p=844463
"Israeli charged with smashing entrances at Haaretz, Channel 12 offices in Tel Aviv","Avraham Hadi, 44, is charged with extortion by threats targeting journalists, malicious damage and obstruction of justice. Police said the attacks intended to 'deter and threaten the way the outlets cover the news'",https://www.haaretz.com/israel-news/israel-crime/2026-08-12/ty-article/.premium/israeli-charged-with-smashing-entrances-at-haaretz-channel-12-offices/0000019f-f545-d929-afff-f7cf2bbd0001,Haaretz,Yair Foldes,2026-08-12T09:41:24,2026-08-12 10:05:39.133111,https://www.haaretz.com/israel-news/israel-crime/2026-08-12/ty-article/.premium/israeli-charged-with-smashing-entrances-at-haaretz-channel-12-offices/0000019f-f545-d929-afff-f7cf2bbd0001
Haaretz Cartoon,,https://www.haaretz.com/opinion/daily-cartoon/2026-08-12/ty-article-opinion/haaretz-cartoon/0000019f-f2eb-d101-a5bf-fbfb53a80000,Haaretz,Eran Wolkowski,2026-08-12T09:47:32,2026-08-12 10:05:39.133076,https://www.haaretz.com/opinion/daily-cartoon/2026-08-12/ty-article-opinion/haaretz-cartoon/0000019f-f2eb-d101-a5bf-fbfb53a80000
Test in Morocco exposes Covenant's secret cruise missile,Covenant is one of the leading defense-tech firms operating in Israel. U.S. army photos and press release revealed their low-cost Anthem cruise missiles being tested last week in Morocco,https://www.haaretz.com/israel-news/security-aviation/2026-08-12/ty-article/.premium/test-in-morocco-exposes-covenants-secret-cruise-missile/0000019f-f4d9-d71d-a9df-f7dd691d0000,Haaretz,Sagi Cohen,2026-08-12T09:51:11,2026-08-12 10:05:39.133039,https://www.haaretz.com/israel-news/security-aviation/2026-08-12/ty-article/.premium/test-in-morocco-exposes-covenants-secret-cruise-missile/0000019f-f4d9-d71d-a9df-f7dd691d0000
"Trump: I don’t trust Iran, U.S. has ‘total control’ over Hormuz",CENTCOM confirmed it fired missiles at a commercial vessel that it said attempted to violate the blockade on Iranian ports.,https://www.jns.org/news/u-s-news/trump-i-dont-trust-iran-u-s-has-total-control-over-hormuz,JNS,JNS Staff,2026-08-12T08:31:03,2026-08-12 10:05:32.148828,https://www.jns.org/news/u-s-news/trump-i-dont-trust-iran-u-s-has-total-control-over-hormuz
Pro-Israel students build advocacy skills at CAMERA leadership course,"Journalists, educators and legal experts shared practical strategies to help students navigate difficult conversations, respond to misinformation and build resilient campus communities.",https://www.jns.org/wire/camera/pro-israel-students-build-advocacy-skills-at-camera-leadership-course,JNS,,2026-08-12T09:03:01,2026-08-12 10:05:32.148797,https://www.jns.org/wire/camera/pro-israel-students-build-advocacy-skills-at-camera-leadership-course
Algerian arrested in connection with assault on Jew in Rome,"A French tourist wearing a kippah was reportedly sprayed, kicked and punched as assailants chanted “Free Palestine.”",https://www.jns.org/news/world/algerian-arrested-in-connection-with-assault-on-jew-in-rome,JNS,Canaan Lidor,2026-08-12T09:11:58,2026-08-12 10:05:32.148764,https://www.jns.org/news/world/algerian-arrested-in-connection-with-assault-on-jew-in-rome
The Iranian government is the problem,"The Islamic Republic’s structure, not just the IRGC, is the true obstacle to freedom and stability.",https://www.jns.org/opinion/sarah-n-stern/the-iranian-government-is-the-problem,JNS,Sarah N. Stern,2026-08-12T09:30:00,2026-08-12 10:05:32.148733,https://www.jns.org/opinion/sarah-n-stern/the-iranian-government-is-the-problem
Israel braces for Perseid meteor shower spectacle,Meteoroids entering the Earth’s atmosphere will display “fireballs” transiting the night sky at 36 miles per second.,https://www.jns.org/news/israel-news/israel-braces-for-perseid-meteor-shower-spectacle,JNS,JNS Staff,2026-08-12T09:58:49,2026-08-12 10:05:32.148698,https://www.jns.org/news/israel-news/israel-braces-for-perseid-meteor-shower-spectacle
Let’s make an egalitarian approach to fostering Jewish identity in the home a communal priority,"There is an old Jewish joke about a woman calling up her mother and informing her that she married an unemployed gentile man and they have nowhere to live. The mother doesn’t object; instead, she invites her daughter and new son-in-law to sleep in her bed. When the daughter protests, asking where her parents will... Read More The post Let’s make an egalitarian approach to fostering Jewish identity in the home a communal priority appeared first on eJewishPhilanthropy .",https://ejewishphilanthropy.com/lets-make-an-egalitarian-approach-to-fostering-jewish-identity-in-the-home-a-communal-priority/,eJewish Philanthropy,Keren R. McGinity,2026-08-12T08:45:00,2026-08-12 10:05:19.382678,https://ejewishphilanthropy.com/?p=178610
Hunter Biden calls Netanyahu 'evil incarnate' in Tucker Carlson interview,"Carlson also alleged that allegations surrounding Hunter Biden's laptop, which sparked a barrage of right-wing conspiracy theories, 'came from the Israelis'",https://www.haaretz.com/us-news/2026-08-11/ty-article/hunter-biden-calls-netanyahu-evil-incarnate-on-tucker-carlsons-interview/0000019f-f09a-d28e-a3df-f0dab9de0000,Haaretz,Ben Kroll,2026-08-11T14:17:07,2026-08-12 08:17:57.921949,https://www.haaretz.com/us-news/2026-08-11/ty-article/hunter-biden-calls-netanyahu-evil-incarnate-on-tucker-carlsons-interview/0000019f-f09a-d28e-a3df-f0dab9de0000
IDF leaves settlers in Palestinian family's yard after trying to clear West Bank outpost,"Settlers on the scene are blocking roads and confronting Israeli forces, despite a military order declaring the area a closed military zone.",https://www.haaretz.com/israel-news/israel-security/2026-08-12/ty-article/.premium/idf-clashes-with-settlers-as-it-tries-to-clear-outpost-from-palestinians-yard/0000019f-f4c6-d28e-a3df-f4d693610000,Haaretz,Matan Golan,2026-08-12T07:24:21,2026-08-12 08:17:57.921858,https://www.haaretz.com/israel-news/israel-security/2026-08-12/ty-article/.premium/idf-clashes-with-settlers-as-it-tries-to-clear-outpost-from-palestinians-yard/0000019f-f4c6-d28e-a3df-f4d693610000
"Sa'ar, Miliband discuss Hamas disarmament in first call",The Israeli foreign minister welcomed Britain's IRGC ban and urged action against Hezbollah financing.,https://www.jns.org/news/israel-news/saar-miliband-discuss-hamas-disarmament-in-first-call,JNS,JNS Staff,2026-08-12T06:40:16,2026-08-12 08:17:50.966338,https://www.jns.org/news/israel-news/saar-miliband-discuss-hamas-disarmament-in-first-call
Abdul El-Sayed lies: ‘Apartheid’ Israel is a paradise for its Arab citizens,Michigan’s Democratic Senate candidate proves his Islamist bona fides by slandering the Jewish state.,https://www.jns.org/opinion/jason-shvili/abdul-el-sayed-lies-apartheid-israel-is-a-paradise-for-its-arab-citizens,JNS,Jason Shvili,2026-08-12T06:45:00,2026-08-12 08:17:50.966310,https://www.jns.org/opinion/jason-shvili/abdul-el-sayed-lies-apartheid-israel-is-a-paradise-for-its-arab-citizens
Italian union targets journalists over Israel coverage,"The petition accusing three journalists of Zionist propaganda recalled Fascist-era blacklists, said Jewish leaders.",https://www.jns.org/news/world/italian-union-targets-journalists-over-israel-coverage,JNS,Canaan Lidor,2026-08-12T06:45:46,2026-08-12 08:17:50.966277,https://www.jns.org/news/world/italian-union-targets-journalists-over-israel-coverage
"Israel, Venezuela renew consular relations after 17 years",The nations agreed on a coordination mechanism for citizen services following Jerusalem's prolonged humanitarian assistance deployment to the country.,https://www.jns.org/news/israel-news/israel-venezuela-renew-consular-relations-after-17-years,JNS,JNS Staff,2026-08-12T08:13:14,2026-08-12 08:17:50.966238,https://www.jns.org/news/israel-news/israel-venezuela-renew-consular-relations-after-17-years
Rooted in love: Investing in the future of Jewish peoplehood at scale,"The following essay, published here as part of a collaboration between eJewishPhilanthropy and the Center for Jewish Peoplehood Education, is from the latest edition of CJPEs Peoplehood Papers series, “Cultivating Jewish Peoplehood at Camp,” produced in partnership with the Foundation for Jewish Camp and coming out this week. To strengthen the Jewish community, we must do more than... Read More The post Rooted in love: Investing in the future of Jewish peoplehood at scale appeared first on eJewishPhilanthropy .",https://ejewishphilanthropy.com/rooted-in-love-investing-in-the-future-of-jewish-peoplehood-at-scale/,eJewish Philanthropy,Jamie Simon,2026-08-12T08:15:00,2026-08-12 08:17:39.315990,https://ejewishphilanthropy.com/?p=178589
Israeli court advances $116 million lawsuit over ‘sugar-free’ ice cream,The Central District Court in Lod will examine whether consumers were misled by labeling that the company says meant no sugar had been added.,https://www.jns.org/news/israel-news/israeli-court-advances-116-million-lawsuit-over-sugar-free-ice-cream,JNS,Pesach Benson/TPS-IL,2026-08-12T04:07:00,2026-08-12 06:14:23.232525,https://www.jns.org/news/israel-news/israeli-court-advances-116-million-lawsuit-over-sugar-free-ice-cream
The war of words,"Hamas, not Israel, is the real genocidal force.",https://www.jns.org/opinion/leonard-grunstein/the-war-of-words,JNS,Leonard Grunstein,2026-08-12T05:00:00,2026-08-12 06:14:23.232497,https://www.jns.org/opinion/leonard-grunstein/the-war-of-words
Mojtaba Khamenei appoints 6 new chiefs to Iran's war-ravaged command,All of the newly promoted officials are sanctioned by the United States.,https://www.jns.org/news/world/mojtaba-khamenei-appoints-6-new-chiefs-to-irans-war-ravaged-command,JNS,David Isaac,2026-08-12T05:11:22,2026-08-12 06:14:23.232475,https://www.jns.org/news/world/mojtaba-khamenei-appoints-6-new-chiefs-to-irans-war-ravaged-command
"Netanyahu names first candidates to reserve spots on party list, with one setback",Those who receive reserved slots have a guaranteed spot on the party list and don’t have to campaign ahead of party primaries.,https://www.jns.org/news/israel-news/netanyahu-names-first-candidates-to-reserve-spots-on-party-list-with-one-setback,JNS,David Isaac,2026-08-12T05:19:32,2026-08-12 06:14:23.232451,https://www.jns.org/news/israel-news/netanyahu-names-first-candidates-to-reserve-spots-on-party-list-with-one-setback
"Jerusalem, Washington hit back on UN claims of rampant 'settler violence'","“Calling it ‘settler violence’ is a provocation” which “denies our connection to the land of Israel” and “distracts from constant terrorist attacks against Israelis,” said Israeli Ambassador Danny Danon.",https://www.jns.org/news/u-s-news/jerusalem-washington-hit-back-on-un-claims-of-rampant-settler-violence,JNS,Mike Wagenheim,2026-08-12T05:24:09,2026-08-12 06:14:23.232422,https://www.jns.org/news/u-s-news/jerusalem-washington-hit-back-on-un-claims-of-rampant-settler-violence
"Young professionals gain insight into Israel, its people and communities",Select JNFuture leaders take part in leadership training and engage with Jewish National Fund-USA’s work across Israel.,https://www.jns.org/wire/ Jewish-National-Fund-USA/young-professionals-gain-insight-into-israel-its-people-and-communities,JNS,,2026-08-12T05:26:10,2026-08-12 06:14:23.232391,https://www.jns.org/wire/ Jewish-National-Fund-USA/young-professionals-gain-insight-into-israel-its-people-and-communities
Yeshivah or the army? The Haredi draft after Oct. 7,"The war transformed a decades-old legal and political dispute into an urgent fight over military manpower, equality of service and the future of Haredi society.",https://www.jns.org/feature/yeshivah-or-the-army-the-haredi-draft-after-oct-7,JNS,Shimon Sherman,2026-08-12T05:35:47,2026-08-12 06:14:23.232360,https://www.jns.org/feature/yeshivah-or-the-army-the-haredi-draft-after-oct-7
"Wisconsin gov primary too close to call, with anti-Israel Dem socialist neck and neck with Milwaukee County exec","After midnight local time, it was reported that Milwaukee County had misplaced votes on five memory drives, which it needed to retrieve.",https://www.jns.org/news/u-s-news/wisconsin-gov-primary-too-close-to-call-with-anti-israel-dem-socialist-neck-and-neck-with-milwaukee-county-exec,JNS,Andrew Bernard,2026-08-12T05:36:26,2026-08-12 06:14:23.232331,https://www.jns.org/news/u-s-news/wisconsin-gov-primary-too-close-to-call-with-anti-israel-dem-socialist-neck-and-neck-with-milwaukee-county-exec
Abbas touches down in Ankara for two-day official visit,Smotrich urges Netanyahu to bar the Palestinian Authority leader’s return to Israel and Judea and Samaria.,https://www.jns.org/news/world/abbas-touches-down-in-ankara-for-two-day-official-visit,JNS,JNS Staff,2026-08-12T05:59:36,2026-08-12 06:14:23.232294,https://www.jns.org/news/world/abbas-touches-down-in-ankara-for-two-day-official-visit
Jewish Democrats Take Note: It’s OK to Be Self-Protective,"Because antizionists like El-Sayed interweave their antizionism with anti-Americanism and antisemitism, every self-respecting American Jew should work even harder to oppose him. The post Jewish Democrats Take Note: It’s OK to Be Self-Protective appeared first on Jewish Journal .",https://jewishjournal.com/commentary/opinion/391069/jewish-democrats-take-note-its-ok-to-be-self-protective/,Jewish Journal,Gil Troy,2026-08-12T05:16:31,2026-08-12 06:14:20.832731,https://jewishjournal.com/?p=391069
The Power of a Quilt,"I think of how something as simple as a blanket can carry a person’s spirit, their story, their love, their hope. The post The Power of a Quilt appeared first on Jewish Journal .",https://jewishjournal.com/commentary/opinion/391072/the-power-of-a-quilt/,Jewish Journal,Regina Portnoy,2026-08-12T05:19:07,2026-08-12 06:14:20.832693,https://jewishjournal.com/?p=391072
Rosner’s Domain | No Suspension of Suspicion,These countries plotted – or at least one of them plotted – to advance peace agreements with Israel simply to lull it to sleep ahead of a war at a more convenient time. Or so the “sources” say. The post Rosner&#8217;s Domain | No Suspension of Suspicion appeared first on Jewish Journal .,https://jewishjournal.com/rosnersdomain/391075/no-suspension-of-suspicion/,Jewish Journal,Shmuel Rosner,2026-08-12T05:24:11,2026-08-12 06:14:20.832659,https://jewishjournal.com/?p=391075
One Rabbi’s Crusade Against Qatar’s Global Influence,Rabbi Pini Dunner sees himself as sounding an alarm about what he describes as Qatar’s growing influence and ties to Hamas. The post One Rabbi’s Crusade Against Qatar’s Global Influence appeared first on Jewish Journal .,https://jewishjournal.com/community/391079/one-rabbis-crusade-against-qatars-global-influence/,Jewish Journal,Ayala Or-El,2026-08-12T05:28:17,2026-08-12 06:14:20.832612,https://jewishjournal.com/?p=391079
The Torah on One Foot: Disability Inclusion as the Core of Jewish Life,"He didn’t ask the audience to overlook his disability; he showed us how it could become a source of power, beauty and artistic innovation. The post The Torah on One Foot: Disability Inclusion as the Core of Jewish Life appeared first on Jewish Journal .",https://jewishjournal.com/community/391083/the-torah-on-one-foot-disability-inclusion-as-the-core-of-jewish-life/,Jewish Journal,Lisa Ansell,2026-08-12T05:31:02,2026-08-12 06:14:20.832576,https://jewishjournal.com/?p=391083
Beth Jacob Holds Farewell Shabbat for Longtime Rabbi Kalman Topp,"Topp is departing Beth Jacob, where he has served as senior rabbi since 2009. He and his wife, Rebbetzin Jordana, are making aliyah. The post Beth Jacob Holds Farewell Shabbat for Longtime Rabbi Kalman Topp appeared first on Jewish Journal .",https://jewishjournal.com/community/391086/beth-jacob-holds-farewell-shabbat-for-longtime-rabbi-kalman-topp/,Jewish Journal,Ryan Torok,2026-08-12T05:33:58,2026-08-12 06:14:20.832537,https://jewishjournal.com/?p=391086
My Teacher Union Ejected Me from a Meeting for Being a Zionist,"For more than 30 minutes, approximately 160 delegates took turns denouncing me by name for being a Zionist, and calling Zionism racism. The post My Teacher Union Ejected Me from a Meeting for Being a Zionist appeared first on Jewish Journal .",https://jewishjournal.com/community/391090/my-teacher-union-ejected-me-from-a-meeting-for-being-a-zionist/,Jewish Journal,Amy Leserman,2026-08-12T05:37:59,2026-08-12 06:14:20.832502,https://jewishjournal.com/?p=391090
Why Diaspora Jews Should Care About a New Haredi Political Voice,"The Haredi Public Party was created because the Haredi public deserves more than excuses, Israeli society deserves more than permanent confrontation, and the Jewish people deserve an Israel capable of reconciling Torah, responsibility and national unity. The post Why Diaspora Jews Should Care About a New Haredi Political Voice appeared first on Jewish Journal .",https://jewishjournal.com/commentary/opinion/391094/why-diaspora-jews-should-care-about-a-new-haredi-political-voice/,Jewish Journal,Moti Leitner,2026-08-12T05:41:12,2026-08-12 06:14:20.832466,https://jewishjournal.com/?p=391094
A Look Back at Israel’s Concert History — and When the Big Acts Might Return,"For decades, the world’s biggest musical acts brought their concert tours through Israel: Michael Jackson, Madonna, U2, Paul McCartney, Pearl Jam, Alanis Morissette, Rihanna and Rage Against the Machine. The post A Look Back at Israel’s Concert History — and When the Big Acts Might Return appeared first on Jewish Journal .",https://jewishjournal.com/culture/arts/music/391097/a-look-back-at-israels-concert-history-and-when-the-big-acts-might-return/,Jewish Journal,Brian Fishbach,2026-08-12T05:45:28,2026-08-12 06:14:20.832421,https://jewishjournal.com/?p=391097
A Book That Writes Itself: Dalia Rotter Youngerwood’s Jewish Journal,"""Shavua"" is an interactive journal woven with Jewish wisdom, inviting readers to pause, reflect and add their own thoughts to an ongoing Jewish conversation. The post A Book That Writes Itself: Dalia Rotter Youngerwood’s Jewish Journal appeared first on Jewish Journal .",https://jewishjournal.com/culture/arts/books/391100/a-book-that-writes-itself-dalia-rotter-youngerwoods-jewish-journal/,Jewish Journal,Ayala Or-El,2026-08-12T05:49:18,2026-08-12 06:14:20.832369,https://jewishjournal.com/?p=391100
Trump says advisers wanted him off Air Force One in Turkey due to Iranian threat,,https://www.haaretz.com/israel-news/israel-security/2026-08-12/ty-article-live/trump-says-advisers-wanted-him-off-air-force-one-in-turkey-due-to-iranian-threat/0000019f-f3bf-d569-a5ff-f3fff0e20000,Haaretz,Haaretz,2026-08-12T02:24:27,2026-08-12 04:08:46.561823,https://www.haaretz.com/israel-news/israel-security/2026-08-12/ty-article-live/trump-says-advisers-wanted-him-off-air-force-one-in-turkey-due-to-iranian-threat/0000019f-f3bf-d569-a5ff-f3fff0e20000
Progressive defeats AIPAC-backed opponent in Minnesota Senate primary,"Result is another defeat for Democratic supporters of Israel - and for AIPAC, which hosted fundraisers for the losing candidate",https://www.haaretz.com/us-news/2026-08-12/ty-article/.premium/progressive-defeats-aipac-backed-opponent-in-minnesota-senate-primary/0000019f-f38e-db94-a3df-ff8f5e990000,Haaretz,Arno Rosenfeld,2026-08-12T03:48:47,2026-08-12 04:08:46.561785,https://www.haaretz.com/us-news/2026-08-12/ty-article/.premium/progressive-defeats-aipac-backed-opponent-in-minnesota-senate-primary/0000019f-f38e-db94-a3df-ff8f5e990000
"Lindsey Graham’s sister Sen. Darline Graham, Rep. Ralph Norman advance to runoff for South Carolina Senate seat","“Very good woman. She’s got good genetics, and she’s a real professional,” U.S. President Donald Trump said, even as he praised her opponents in the race as well.",https://www.jns.org/news/u-s-news/lindsey-grahams-sister-sen-darline-graham-rep-ralph-norman-advance-to-runoff-for-south-carolina-senate-seat,JNS,JNS Staff,2026-08-12T02:44:54,2026-08-12 04:08:39.550302,https://www.jns.org/news/u-s-news/lindsey-grahams-sister-sen-darline-graham-rep-ralph-norman-advance-to-runoff-for-south-carolina-senate-seat
"Almost 20% of hate crimes in Seattle this year targeted Jews, who are an estimated 1% of city's metro area","The city released the statistics the day after JNS reported that from Jan. 1, 2023, until the end of this past January, Jews were the targets of 9.1% of all hate crimes in Seattle.",https://www.jns.org/news/u-s-news/almost-20-of-hate-crimes-in-seattle-this-year-targeted-jews-who-are-an-estimated-1-of-citys-metro-area,JNS,Menachem Wecker,2026-08-12T03:31:00,2026-08-12 04:08:39.550267,https://www.jns.org/news/u-s-news/almost-20-of-hate-crimes-in-seattle-this-year-targeted-jews-who-are-an-estimated-1-of-citys-metro-area
"Former Hartford mayor beats AIPAC-endorsed congressman, seeking 15th term, in Connecticut Dem primary","Luke Bronin, the victor, has said he would support Iron Dome but not offensive weapons for Israel.",https://www.jns.org/news/u-s-news/former-hartford-mayor-beats-aipac-endorsed-congressman-seeking-15th-term-in-connecticut-dem-primary,JNS,JNS Staff,2026-08-12T03:47:30,2026-08-12 04:08:39.550233,https://www.jns.org/news/u-s-news/former-hartford-mayor-beats-aipac-endorsed-congressman-seeking-15th-term-in-connecticut-dem-primary
Progressive who accuses Israel of ‘genocide’ wins Minnesota Dem Senate primary,The “Associated Press” called the race for Lt. Gov. Peggy Flanagan about two hours after polls closed.,https://www.jns.org/news/u-s-news/progressive-who-accuses-israel-of-genocide-wins-minnesota-dem-senate-primary,JNS,Andrew Bernard,2026-08-12T03:57:24,2026-08-12 04:08:39.550196,https://www.jns.org/news/u-s-news/progressive-who-accuses-israel-of-genocide-wins-minnesota-dem-senate-primary
Rabbis tell Mamdani: ‘This is not going well’,A group of Jewish religious leaders met with the New York mayor to convey their concerns over his rhetoric on Israel. -- The post Rabbis tell Mamdani: ‘This is not going well’ appeared first on Jewish Telegraphic Agency .,https://www.jta.org/2026/08/12/ny/rabbis-tell-mamdani-this-is-not-going-well,JTA,Grace Gilson,2026-08-12T04:07:01,2026-08-12 04:08:30.006986,https://www.jta.org/?p=1905974
Sports unite — let’s use them,"Sports have an extraordinary ability to reach broad audiences, build pride and engagement and unite communities. Just ask any New Yorker how they felt for two weeks this June; the Knicks united one of the most diverse cities in the world in ways not seen in a generation. And the FIFA Men’s World Cup captivated... Read More The post Sports unite — let’s use them appeared first on eJewishPhilanthropy .",https://ejewishphilanthropy.com/sports-unite-lets-use-them/,eJewish Philanthropy,Marshall Einhorn,2026-08-12T00:41:00,2026-08-12 04:08:27.267692,https://ejewishphilanthropy.com/?p=178566
Sister of pro-Israel stalwart Lindsey Graham wins runoff slot,"(JTA) — South Carolina Sen. Darline Graham and a second Republican candidate will advance to a special primary runoff in two weeks, when voters will decide which GOP candidate might take the vacant seat of her late brother Lindsey Graham. Just over an hour after polls closed, at about 8:15 pm, the Associated Press declared... The post Sister of pro-Israel stalwart Lindsey Graham wins runoff slot appeared first on The Forward .",https://forward.com/fast-forward/844598/sister-of-pro-israel-stalwart-lindsey-graham-wins-runoff-slot/,The Forward,Sharon Udasin,2026-08-12T00:57:41,2026-08-12 01:58:17.939335,https://forward.com/?p=844598
Israel and AIPAC on the ballot in the Minnesota Senate and U.S. House races,"(JTA) — A pair of Democratic primaries in Minnesota on Tuesday are among a string of high-profile battles between progressive and moderate candidates, where Israel and the pro-Israel lobby serve as key wedge issues. The state’s highest-profile race is the U.S. Senate primary between Rep. Angie Craig, who has been endorsed by the pro-Israel lobbying... The post Israel and AIPAC on the ballot in the Minnesota Senate and U.S. House races appeared first on The Forward .",https://forward.com/fast-forward/844574/israel-and-aipac-on-the-ballot-in-the-minnesota-senate-and-u-s-house-races/,The Forward,Joseph Strauss,2026-08-12T00:59:05,2026-08-12 01:58:17.939290,https://forward.com/?p=844574
Iran appoints AMIA bombing suspect to National Security Council,"(JTA) — For the second time this year, Iran has named a wanted suspect in the 1994 bombing of the AMIA Jewish community center in Buenos Aires to a top security role. A spokesman for the Islamic Republic’s president, Masoud Pezeshkian, said Monday that Mohsen Rezaei had resigned as an adviser to the supreme leader,... The post Iran appoints AMIA bombing suspect to National Security Council appeared first on The Forward .",https://forward.com/fast-forward/844412/iran-appoints-amia-bombing-suspect-to-national-security-council/,The Forward,Juan Melamed,2026-08-12T01:00:09,2026-08-12 01:58:17.939236,https://forward.com/?p=844412
Sister of pro-Israel stalwart Lindsey Graham wins runoff slot,Trump-backed Darline Graham seeks to claim the GOP nomination for her late brother's Senate seat. -- The post Sister of pro-Israel stalwart Lindsey Graham wins runoff slot appeared first on Jewish Telegraphic Agency .,https://www.jta.org/2026/08/11/default/sister-of-pro-israel-stalwart-lindsey-graham-wins-runoff-slot,JTA,Sharon Udasin,2026-08-12T00:53:23,2026-08-12 01:58:15.596307,https://www.jta.org/?p=1905964
S.F. Jewish billionaire rolls out contest seeking solutions to city’s problems,"Jewish entrepreneur and philanthropist Michael Moritz has launched a new competition to fund innovative responses to San Francisco’s challenges.&#160; The competition, named Boundless San Francisco, will award three organizations $10 [&#8230;]",https://jweekly.com/2026/08/11/jewish-billionaire-rolls-out-contest-seeking-solutions-to-san-franciscos-problems/,J. Weekly,Niva Ashkenazi,2026-08-11T23:44:45,2026-08-12 01:58:10.915032,https://jweekly.com/?p=309696
Conservative intermarriage rulings affirm NorCal rabbis,A new batch of Jewish legal rulings from the rabbinic arm of Conservative Judaism bills itself as a step forward toward greater inclusion for interfaith families in the movement.&#160; The [&#8230;],https://jweekly.com/2026/08/11/conservative-intermarriage-rulings-affirm-what-many-norcal-rabbis-are-already-doing/,J. Weekly,David A.M. Wilensky,2026-08-12T00:47:08,2026-08-12 01:58:10.914982,https://jweekly.com/?p=309703
Chraime with açaí? The delicious cuisine of the Amazon's Moroccan Jews,"For the past 200 years, a Moroccan-Jewish community has existed on the banks of the Amazon River in northern Brazil. Drawn there by the rubber boom, its fascinating culinary tradition is only now coming to light",https://www.haaretz.com/jewish/2026-08-12/ty-article-magazine/.premium/chraime-with-acai-the-delicious-cuisine-of-the-amazons-moroccan-jews/0000019f-efd4-da92-a7df-efde13e50000,Haaretz,Eitan Leshem,2026-08-11T22:55:46,2026-08-11 23:40:45.832923,https://www.haaretz.com/jewish/2026-08-12/ty-article-magazine/.premium/chraime-with-acai-the-delicious-cuisine-of-the-amazons-moroccan-jews/0000019f-efd4-da92-a7df-efde13e50000
"Don't let this government keep 37,000 elderly Israelis from voting",,https://www.haaretz.com/opinion/editorial/2026-08-12/ty-article-opinion/dont-let-this-government-keep-37-000-elderly-israelis-from-voting/0000019f-f270-db94-a3df-fff3e4ec0000,Haaretz,Haaretz Editorial,2026-08-11T23:39:15,2026-08-11 23:40:45.832883,https://www.haaretz.com/opinion/editorial/2026-08-12/ty-article-opinion/dont-let-this-government-keep-37-000-elderly-israelis-from-voting/0000019f-f270-db94-a3df-fff3e4ec0000
Saudi Arabia doubles down on its failed Yemen strategy,"Riyadh’s new Red Sea coalition mistakes a territorial insurgency for a maritime security problem, and the Houthis know it.",https://www.jns.org/opinion/habtom-ghebrezghiabher/saudi-arabia-doubles-down-on-its-failed-yemen-strategy,JNS,Habtom Ghebrezghiabher,2026-08-11T23:30:00,2026-08-11 23:40:38.065130,https://www.jns.org/opinion/habtom-ghebrezghiabher/saudi-arabia-doubles-down-on-its-failed-yemen-strategy
Israel and AIPAC on the ballot in the Minnesota Senate and U.S. House races,Democratic Majority for Israel backs Angie Craig for Senate and Matt Klein to replace her in the House. -- The post Israel and AIPAC on the ballot in the Minnesota Senate and U.S. House races appeared first on Jewish Telegraphic Agency .,https://www.jta.org/2026/08/11/default/israel-and-aipac-on-the-ballot-in-the-minnesota-senate-and-u-s-house-races,JTA,Joseph Strauss,2026-08-11T23:03:00,2026-08-11 23:40:28.554535,https://www.jta.org/?p=1905948
I was attacked by settlers as a journalist. What the IDF lets them do will get Palestinians killed,"On our way to visit a Palestinian family besieged in their home because of an outpost, photographer Itai Ron and I were spat on and kicked by settlers, and the road ahead of us was blocked. Israeli soldiers stood idly by. After two hours, we were informed that we would not be allowed to continue. We are fine, but even though the army knows that the family is in danger, it is willing to take the risk",https://www.haaretz.com/israel-news/israel-security/2026-08-12/ty-article/.premium/settlers-attacked-me-what-the-idf-lets-them-do-will-get-palestinians-killed/0000019f-f2ab-d101-a5bf-fbbbe5060000,Haaretz,Matan Golan,2026-08-11T21:46:46,2026-08-11 22:41:53.533587,https://www.haaretz.com/israel-news/israel-security/2026-08-12/ty-article/.premium/settlers-attacked-me-what-the-idf-lets-them-do-will-get-palestinians-killed/0000019f-f2ab-d101-a5bf-fbbbe5060000
It's okay to be kidnapped; there are enough bodies for everyone,"In hostage deals with Hamas over the past few years, Hamas, shockingly, preferred live prisoners to bodies, and this will presumably be the position of any terrorist organization that manages to lay its hands on Israeli citizens",https://www.haaretz.com/opinion/2026-08-12/ty-article-opinion/.premium/its-okay-to-be-kidnapped-there-are-enough-bodies-for-everyone/0000019f-f203-d101-a5bf-fb139f410000,Haaretz,Zvi Bar'el,2026-08-11T21:50:28,2026-08-11 22:41:53.533554,https://www.haaretz.com/opinion/2026-08-12/ty-article-opinion/.premium/its-okay-to-be-kidnapped-there-are-enough-bodies-for-everyone/0000019f-f203-d101-a5bf-fb139f410000
Our comfort zone: Why Israel's liberal discourse can't confront Jewish supremacy,The attack on Arab medical staff at Rambam exposes the limits of Israel's liberal discourse. Calling out racism is not enough when Palestinians are treated as non-persons,https://www.haaretz.com/opinion/2026-08-12/ty-article-opinion/.premium/our-comfort-zone-why-israels-liberal-discourse-cant-confront-jewish-supremacy/0000019f-f22e-db94-a3df-ffafb7f90000,Haaretz,Hanin Majadli,2026-08-11T21:51:40,2026-08-11 22:41:53.533530,https://www.haaretz.com/opinion/2026-08-12/ty-article-opinion/.premium/our-comfort-zone-why-israels-liberal-discourse-cant-confront-jewish-supremacy/0000019f-f22e-db94-a3df-ffafb7f90000
Israel lost control of West Bank and ability to act freely in Gaza and Lebanon,"As Trump pushes for de-escalation, Israel's freedom of action in Gaza and Lebanon narrows. Meanwhile, settler violence and political interference have eroded the rule of law in the West Bank",https://www.haaretz.com/israel-news/israel-security/2026-08-12/ty-article/.premium/israel-lost-control-of-west-bank-and-ability-to-act-freely-in-gaza-and-lebanon/0000019f-f1f7-d310-a3df-f5f7ecc70000,Haaretz,Amos Harel,2026-08-11T21:53:14,2026-08-11 22:41:53.533501,https://www.haaretz.com/israel-news/israel-security/2026-08-12/ty-article/.premium/israel-lost-control-of-west-bank-and-ability-to-act-freely-in-gaza-and-lebanon/0000019f-f1f7-d310-a3df-f5f7ecc70000
Arab-Israeli activist files police report against 'neo-Nazi' for alleged assault,"""I am OK,"" Yoseph Haddad told JNS, after he was attacked him during a debate about Israel. ""I can't say the same thing about the neo-Nazi.""",https://www.jns.org/news/u-s-news/arab-israeli-activist-files-police-report-against-neo-nazi-for-alleged-assault,JNS,Jessica Russak-Hoffman,2026-08-11T21:50:00,2026-08-11 22:41:46.477331,https://www.jns.org/news/u-s-news/arab-israeli-activist-files-police-report-against-neo-nazi-for-alleged-assault
SCOOP: Nevada governor tells JNS he wasn’t asked before state added to ‘friend of court’ brief defending Harvard against federal charges of being lax on Jew-hatred,"The state was listed as one of 21, including the District of Columbia, that said that the Trump administration is unfairly going after the Ivy.",https://www.jns.org/news/u-s-news/scoop-nevada-governor-tells-jns-he-wasnt-asked-before-state-added-to-friend-of-court-brief-defending-harvard-against-federal-charges-of-being-lax-on-jew-hatred,JNS,Jessica Russak-Hoffman,2026-08-11T22:19:45,2026-08-11 22:41:46.477301,https://www.jns.org/news/u-s-news/scoop-nevada-governor-tells-jns-he-wasnt-asked-before-state-added-to-friend-of-court-brief-defending-harvard-against-federal-charges-of-being-lax-on-jew-hatred
US Rep. Ro Khanna Struggles to Defend ‘Genocide’ Accusations Against Israel,US Rep. Ro Khanna (D-CA) struggled to defend his earlier claims that Israel has committed a genocide in Gaza during...,https://www.algemeiner.com/2026/08/11/us-rep-ro-khanna-struggles-defend-genocide-accusations-against-israel/,Algemeiner,Corey Walker,2026-08-11T21:13:25,2026-08-11 21:48:19.583609,https://www.algemeiner.com/?p=777579
"Rising UK Antisemitism Leaves Jewish School Principals Forced to Focus on Security, Not Education, Study Finds","Jewish school principals across Britain are increasingly forced to prioritize student safety over education, as rising antisemitism and anti-Israel hostility...",https://www.algemeiner.com/2026/08/11/rising-uk-antisemitism-leaves-jewish-school-principals-forced-focus-security-not-education-study-finds/,Algemeiner,Ailin Vilches Arguello,2026-08-11T21:25:35,2026-08-11 21:48:19.583558,https://www.algemeiner.com/?p=777587
"Russia Says Syria Base Deal Will Boost Ties, Source Says Some Russian Forces Will Stay","Russia&#8216;s Foreign Ministry said on Tuesday that a deal reached with Syria on the future of Moscow&#8217;s military bases in the country would boost ties between the nations,...",https://www.algemeiner.com/2026/08/11/russia-says-syria-base-deal-boost-ties-source-says-some-russian-forces-stay/,Algemeiner,Reuters and Algemeiner Staff,2026-08-11T21:30:03,2026-08-11 21:48:19.583525,https://www.algemeiner.com/?p=777597
"Hormuz to Stay Closed Unless US Meets Iran’s Conditions, Iran Official Says",The Strait of Hormuz will remain closed as long as the US does not change its behavior and accept Iran&#8216;s...,https://www.algemeiner.com/2026/08/11/hormuz-stay-closed-unless-us-meets-irans-conditions-iran-official-says/,Algemeiner,Reuters and Algemeiner Staff,2026-08-11T21:36:14,2026-08-11 21:48:19.583479,https://www.algemeiner.com/?p=777600
House lawmakers push US backing for Israel-Greece-Cyprus power link,"The bipartisan group says the $2 billion project would strengthen regional energy security and connectivity between Europe, the Middle East and India.",https://www.jns.org/news/u-s-news/house-lawmakers-push-us-backing-for-israel-greece-cyprus-power-link,JNS,,2026-08-11T21:13:26,2026-08-11 21:48:17.211125,https://www.jns.org/news/u-s-news/house-lawmakers-push-us-backing-for-israel-greece-cyprus-power-link
Something moved beneath Schumer’s feet,"The longtime New York senator is no longer the guardian of anything, let alone Israel.",https://www.jns.org/opinion/stephen-flatow/something-moved-beneath-schumers-feet,JNS,Stephen M. Flatow,2026-08-11T21:15:00,2026-08-11 21:48:17.211086,https://www.jns.org/opinion/stephen-flatow/something-moved-beneath-schumers-feet
Chosen Links by Boaz – Ep 16 Jewish Matchmaking: The Reunion,"Boaz gathered 14 members of the cast and crew from the Netflix show ""Jewish Matchmaking,"" and it was so much fun! The post Chosen Links by Boaz &#8211; Ep 16 Jewish Matchmaking: The Reunion appeared first on Jewish Journal .",https://jewishjournal.com/community/chosen-links/391037/chosen-links-by-boaz-ep-16-jewish-matchmaking-the-reunion/,Jewish Journal,Boaz Hepner,2026-08-11T20:55:45,2026-08-11 21:48:14.150247,https://jewishjournal.com/?p=391037
NYPD denies plans to accompany Rama Duwaji to Syria and Lebanon,"Plus, The Neighborhood, a Jewish event nonprofit in Brooklyn, has found a permanent home. -- The post NYPD denies plans to accompany Rama Duwaji to Syria and Lebanon appeared first on Jewish Telegraphic Agency .",https://www.jta.org/2026/08/11/ny/nypd-denies-plans-to-accompany-rama-duwaji-to-syria-and-lebanon,JTA,New York Jewish Week Staff,2026-08-11T21:07:21,2026-08-11 21:48:06.497753,https://www.jta.org/?p=1905952
"Events: Mizrahi LGBTQ+ perspectives, Rick Recht concert","So much happens in our community every day that it can be hard to sift through all of the events. We’re highlighting a few here, in every corner of the [&#8230;]",https://jweekly.com/2026/08/11/upcoming-events-mizrahi-lgbtq-perspectives-rick-recht-concert/,J. Weekly,Rahel Knight,2026-08-11T21:38:05,2026-08-11 21:48:01.587468,https://jweekly.com/?p=309665
OPINION | Sermoneta didn’t compromise principle for popularity,"As Israeli consul general Marco Sermoneta concludes his service in the Bay Area and the wider Pacific Northwest region, I find myself reflecting with deep gratitude on the leadership he [&#8230;]",https://jweekly.com/2026/08/11/sermoneta-didnt-compromise-principle-for-popularity/,J. Weekly,Sarah Levin,2026-08-11T21:43:38,2026-08-11 21:48:01.587422,https://jweekly.com/?p=309676
"'Shame, shame, shame’ on Satmar leader for saying it’s Torah violation to criticize Mamdani, experts say","“They’ve done a lot of radical crazy stuff, but this goes beyond the pale,” Dov Hikind, a former New York state Assembly member, told JNS.",https://www.jns.org/news/u-s-news/shame-shame-shame-on-satmar-leader-for-saying-its-torah-violation-to-criticize-mamdani-experts-say,JNS,Vita Fellig,2026-08-11T20:01:15,2026-08-11 20:44:04.356956,https://www.jns.org/news/u-s-news/shame-shame-shame-on-satmar-leader-for-saying-its-torah-violation-to-criticize-mamdani-experts-say
Amnesty: India’s weapons shipments to Israel suggest 'complicity' in 'genocide',"“This is all just an antisemitic op,” Max Abrahms, a political science professor at Northeastern University, told JNS about a July 30 report.",https://www.jns.org/news/world/amnesty-indias-weapons-shipments-to-israel-suggest-complicity-in-genocide,JNS,Aaron Bandler,2026-08-11T20:36:32,2026-08-11 20:44:04.356923,https://www.jns.org/news/world/amnesty-indias-weapons-shipments-to-israel-suggest-complicity-in-genocide
"NY executives called salesman 'cheap Jew' before firing him, lawsuit alleges",The federal lawsuit alleges that Straight Line Source withheld commissions and that the two executives made antisemitic comments after a former employee demanded records.,https://www.jns.org/news/u-s-news/ny-executives-called-salesman-cheap-jew-before-firing-him-lawsuit-alleges,JNS,,2026-08-11T20:39:00,2026-08-11 20:44:04.356882,https://www.jns.org/news/u-s-news/ny-executives-called-salesman-cheap-jew-before-firing-him-lawsuit-alleges
Arab-Israeli activist Yoseph Haddad brawls during podcast debate on Israel,"A debate between Arab-Israeli activist Yoseph Haddad and an anti-Israeli activist turned physical during the filming of a popular podcast on Monday. Dennis Feitosa, who unsuccessfully ran as a Republican for California&#8217;s 30th Congressional District, was one of 10 anti-Israel activists scheduled to debate Haddad for an episode of the Digital Social Hour, a longform... The post Arab-Israeli activist Yoseph Haddad brawls during podcast debate on Israel appeared first on The Forward .",https://forward.com/news/844532/arab-israeli-pro-israel-activist-yoseph-haddad-dennis-feitosa-republican-social-hour-podcast/,The Forward,Simone Saidmehr,2026-08-11T20:43:03,2026-08-11 20:43:57.469154,https://forward.com/?p=844532
Israel Police prevented teen from turning himself in despite an arrest warrant,"After fleeing an alternative detention center where he was held for aggravated theft, the minor says he repeatedly tried to turn himself in to the police, who ignored him. Now the prosecution is seeking to have him transferred to juvenile jail",https://www.haaretz.com/israel-news/israel-crime/2026-08-11/ty-article/.premium/israel-police-prevented-teen-from-turning-himself-in-despite-an-arrest-warrant/0000019f-ecff-db03-a9ff-feff8e690000,Haaretz,Yair Foldes,2026-08-11T19:08:11,2026-08-11 20:00:50.988027,https://www.haaretz.com/israel-news/israel-crime/2026-08-11/ty-article/.premium/israel-police-prevented-teen-from-turning-himself-in-despite-an-arrest-warrant/0000019f-ecff-db03-a9ff-feff8e690000
'Fake news': Elon Musk denies reports of acquiring Israeli AI company Decart,"In recent days, rumors and speculation have circulated in the high-tech industry that Decart AI has attracted interest from potential acquirers, including Nvidia",https://www.haaretz.com/israel-news/business/economy-finance/2026-08-11/ty-article/.premium/fake-news-elon-musk-denies-reports-of-acquiring-israeli-ai-company-decart/0000019f-f00f-d71d-a9df-f78ff8410000,Haaretz,Sagi Cohen,2026-08-11T19:13:36,2026-08-11 20:00:50.987994,https://www.haaretz.com/israel-news/business/economy-finance/2026-08-11/ty-article/.premium/fake-news-elon-musk-denies-reports-of-acquiring-israeli-ai-company-decart/0000019f-f00f-d71d-a9df-f78ff8410000
Israel and Venezuela agree to renew consular ties after 17-year diplomatic break,The agreement follows an Israeli aid mission after two deadly earthquakes in June and comes as Caracas shifts closer to Washington. Venezuela's chief rabbi had urged its interim president to restore ties with Israel just a day earlier,https://www.haaretz.com/world-news/americas/2026-08-11/ty-article/.premium/israel-and-venezuela-agree-to-renew-consular-ties-after-17-year-diplomatic-break/0000019f-f21e-d28e-a3df-f25e03fc0000,Haaretz,Linda Dayan,2026-08-11T19:41:14,2026-08-11 20:00:50.987958,https://www.haaretz.com/world-news/americas/2026-08-11/ty-article/.premium/israel-and-venezuela-agree-to-renew-consular-ties-after-17-year-diplomatic-break/0000019f-f21e-d28e-a3df-f25e03fc0000
Israel Sees Major New Diplomatic Gains in Latin America,"Israel this week has notched big diplomatic wins in both Colombia and Venezuela, continuing a wave of momentum across Latin...",https://www.algemeiner.com/2026/08/11/israel-sees-diplomatic-gains-latin-america-colombia-recognizes-israeli-sovereignty-golan-heights/,Algemeiner,Ailin Vilches Arguello,2026-08-11T19:03:06,2026-08-11 20:00:46.293818,https://www.algemeiner.com/?p=777573
The new era of Israel-Japan intelligence cooperation,The Asian nation is building up its autonomy in the security sphere and diversifying its partnerships beyond the alliance with the United States.,https://www.jns.org/opinion/joseph-rozen/the-new-era-of-israel-japan-intelligence-cooperation,JNS,Joseph Rozen,2026-08-11T19:00:00,2026-08-11 20:00:43.906120,https://www.jns.org/opinion/joseph-rozen/the-new-era-of-israel-japan-intelligence-cooperation
"Touro’s Jewish identity can give ‘moral grounding,’ its new business dean says","“When I heard about this opportunity and the opportunity to build a new business school at Touro, it was an opportunity I just couldn’t pass up,” Larry Singleton told JNS.",https://www.jns.org/news/u-s-news/touros-jewish-identity-can-give-moral-grounding-its-new-business-dean-says,JNS,Rebecca Szlechter,2026-08-11T19:17:03,2026-08-11 20:00:43.906081,https://www.jns.org/news/u-s-news/touros-jewish-identity-can-give-moral-grounding-its-new-business-dean-says
Israel's top judge: Knesset decision to close nursing home polls a democratic 'step backward',"The Knesset scrapped special polling stations in nursing homes and assisted-living facilities ahead of October's election, making it difficult for tens of thousands of Israeli elders to cast their ballots",https://www.haaretz.com/israel-news/israel-politics/2026-08-11/ty-article/.premium/israeli-top-judge-knesset-closing-nursing-home-polls-democratic-step-backward/0000019f-f1bf-d569-a5ff-f1ff0a180000,Haaretz,Chen Maanit,2026-08-11T18:32:00,2026-08-11 19:02:09.188841,https://www.haaretz.com/israel-news/israel-politics/2026-08-11/ty-article/.premium/israeli-top-judge-knesset-closing-nursing-home-polls-democratic-step-backward/0000019f-f1bf-d569-a5ff-f1ff0a180000
Trump and Netanyahu's feuds never lasted. This one might,"Republicans may have adored Netanyahu over the years, but their loyalty lies squarely with Trump. As both camps increasingly air their grievances, those resentments may define what comes next more than any policy disagreement",https://www.haaretz.com/israel-news/haaretz-today/2026-08-11/ty-article/.highlight/trump-and-netanyahus-feuds-never-lasted-this-one-might/0000019f-f0cd-d101-a5bf-fbdd6c100000,Haaretz,Ben Samuels,2026-08-11T18:47:08,2026-08-11 19:02:09.188798,https://www.haaretz.com/israel-news/haaretz-today/2026-08-11/ty-article/.highlight/trump-and-netanyahus-feuds-never-lasted-this-one-might/0000019f-f0cd-d101-a5bf-fbdd6c100000
"US optimistic about ‘trajectory’ of Israel-Lebanon talks, State Dept official says","The sides finalized plans to expand pilot zones in southern Lebanon as part of a U.S.-brokered framework aimed at restoring Lebanese sovereignty and disarming Hezbollah, the official said.",https://www.jns.org/news/u-s-news/us-optimistic-about-trajectory-of-israel-lebanon-talks-state-dept-official-says,JNS,Mike Wagenheim,2026-08-11T18:12:05,2026-08-11 19:02:01.702616,https://www.jns.org/news/u-s-news/us-optimistic-about-trajectory-of-israel-lebanon-talks-state-dept-official-says
Poll: Only 23% of Americans comfortable discussing Israeli-Palestinian conflict without fear of reprimand,"""Ideally, everyone should be comfortable expressing their opinions about key topics of debate, but most Americans don't appear to feel that way,"" said Nathan Honeycutt, polling manager for the Foundation for Individual Rights and Expression.",https://www.jns.org/news/u-s-news/poll-only-23-of-americans-comfortable-discussing-israeli-palestinian-conflict-without-fear-of-reprimand,JNS,,2026-08-11T18:26:10,2026-08-11 19:02:01.702581,https://www.jns.org/news/u-s-news/poll-only-23-of-americans-comfortable-discussing-israeli-palestinian-conflict-without-fear-of-reprimand
Michigan property owners challenge township's rejection of Christian club,The federal lawsuit alleges that Leland Township officials violated constitutional and civil-rights protections by denying a permit for Youth for Christ to meet in a privately owned building.,https://www.jns.org/news/u-s-news/michigan-property-owners-challenge-townships-rejection-of-christian-club,JNS,,2026-08-11T18:39:14,2026-08-11 19:02:01.702539,https://www.jns.org/news/u-s-news/michigan-property-owners-challenge-townships-rejection-of-christian-club
‘The first time my band ever encountered such hostility’,"[On Aug. 2, a performance by the klezmer band Dobranotch at a large folk festival in Galicia, Spain, was cut short when pro-Palestinian members of the audience began heckling the musicians and then throwing stones and other objects at them, targeting the band over recent concert appearances they made in Israel. Afterwards, the festival organizers... The post ‘The first time my band ever encountered such hostility’ appeared first on The Forward .",https://forward.com/yiddish-world/844454/the-first-time-my-band-ever-encountered-such-hostility/,The Forward,Mitia Khramtsov,2026-08-11T18:40:33,2026-08-11 19:01:54.694370,https://forward.com/?p=844454
Montenegro’s tiny Jewish community navigates uncertain territory,"(JTA) — PODGORICA, Montenegro — At the entrance to Nikšić, Montenegro’s second-largest city, a vintage fighter jet painted in the colors of the Israeli Air Force perches atop a giant [&#8230;]",https://jweekly.com/2026/08/11/montenegros-tiny-jewish-community-navigates-uncertain-territory-as-hostility-toward-israel-increases/,J. Weekly,Larry Luxner,2026-08-11T18:41:31,2026-08-11 19:01:46.917970,https://jweekly.com/?p=309640
One of Dachau’s last living liberators still has somewhere to be,This story was originally published in the Forward. Click here to get the Forward&#8217;s free email newsletters delivered to your inbox. ATLANTA — Hilbert “Hibby” Margol wears two watches. It [&#8230;],https://jweekly.com/2026/08/11/one-of-dachaus-last-living-liberators-still-has-somewhere-to-be/,J. Weekly,Benyamin Cohen,2026-08-11T18:49:14,2026-08-11 19:01:46.917925,https://jweekly.com/?p=309650
Was Israel’s War With Iran a Success? The Answer Is Still Unclear,"Public discussions of war often resemble commentary after a sporting event. Politicians, journalists, and even military analysts are quick to...",https://www.algemeiner.com/2026/08/11/was-israels-war-iran-success-answer-still-unclear/,Algemeiner,Eado Hecht and Eitan Shamir,2026-08-11T17:14:39,2026-08-11 17:57:09.690848,https://www.algemeiner.com/?p=777528
Former Hamas Hostage Sagui Dekel-Chen Performs Album Written During Captivity,"Former hostage Sagui Dekel-Chen, who was kidnapped by Hamas-led terrorists from Kibbutz Nir Oz on Oct. 7, 2023, performed for...",https://www.algemeiner.com/2026/08/11/former-hamas-hostage-sagui-dekel-chen-performs-album-written-during-captivity/,Algemeiner,Shiryn Ghermezian,2026-08-11T17:17:53,2026-08-11 17:57:09.690818,https://www.algemeiner.com/?p=777557
Mamdani’s Recent Video Is a Masterclass in Distorting What’s Happening in Israel and the Middle East,New York City Mayor Zohran Mamdani&#8217;s July 21 video urging the federal government to arrest Israeli Prime Minister Benjamin Netanyahu...,https://www.algemeiner.com/2026/08/11/mamdanis-recent-video-masterclass-distorting-whats-happening-israel-middle-east/,Algemeiner,Zac Schildcrout,2026-08-11T17:43:48,2026-08-11 17:57:09.690782,https://www.algemeiner.com/?p=777520
Queasy alliances and the progressive left’s turn against Israel,Jews who sense something rotten in Michigan or New York should trust their sense of smell.,https://www.jns.org/opinion/alan-levenson/queasy-alliances-and-the-progressive-lefts-turn-against-israel,JNS,Alan Levenson,2026-08-11T17:00:00,2026-08-11 17:57:07.264955,https://www.jns.org/opinion/alan-levenson/queasy-alliances-and-the-progressive-lefts-turn-against-israel
"After settling antisemitism claims, Columbia now faces lawsuit from Palestinian students","A group of current and former Palestinian students and faculty at Columbia University filed a lawsuit this week, alleging that the university discriminated against them because of their Palestinian identity and treated them less favorably than other students engaged in political advocacy. Filed in New York State Supreme Court, the complaint accuses the university of... The post After settling antisemitism claims, Columbia now faces lawsuit from Palestinian students appeared first on The Forward .",https://forward.com/news/844430/columbia-university-lawsuit-palestinian-antisemitism/,The Forward,Simone Saidmehr,2026-08-11T17:30:27,2026-08-11 17:56:59.784673,https://forward.com/?p=844430
Mamdani meets rabbis urging him to stop 'vilifying' Israel,"Rabbis at the roundtable told The New York Times that some urged Mamdani to focus on New York issues, warning that his rhetoric against Israel 'creates an environment that a lot of Jews feel vulnerable in'",https://www.haaretz.com/us-news/2026-08-11/ty-article/.premium/mamdani-meets-rabbis-urging-him-to-stop-vilifying-israel/0000019f-f17c-d28e-a3df-f17cb38c0000,Haaretz,Ben Kroll,2026-08-11T16:04:24,2026-08-11 16:57:35.401357,https://www.haaretz.com/us-news/2026-08-11/ty-article/.premium/mamdani-meets-rabbis-urging-him-to-stop-vilifying-israel/0000019f-f17c-d28e-a3df-f17cb38c0000
'AIPAC is so toxic you just throw it at your opponent': Minnesota primary turns on pro-Israel group,"In the last days before Tuesday's vote in the Minnesota Senate primary, Angie Craig and Peggy Flannagan have reached for AIPAC as a cudgel against their opponent",https://www.haaretz.com/us-news/2026-08-11/ty-article-magazine/.premium/locked-in-dead-heat-minnesota-dems-reach-for-aipac-as-a-cudgel/0000019f-f156-d310-a3df-f55789a90000,Haaretz,Arno Rosenfeld,2026-08-11T16:51:45,2026-08-11 16:57:35.401325,https://www.haaretz.com/us-news/2026-08-11/ty-article-magazine/.premium/locked-in-dead-heat-minnesota-dems-reach-for-aipac-as-a-cudgel/0000019f-f156-d310-a3df-f55789a90000
Have Israel's hostage families reached their political expiration date?,Well-known hostage mother Einav Zangauker was once a hero of Israel's hostage protest movement. Yair Golan's broken political promise shows how much has changed,https://www.haaretz.com/israel-news/elections/2026-08-11/ty-article/.premium/have-israels-hostage-families-reached-their-political-expiration-date/0000019f-f097-d310-a3df-f49772f70000,Haaretz,Ravit Hecht,2026-08-11T16:53:06,2026-08-11 16:57:35.401287,https://www.haaretz.com/israel-news/elections/2026-08-11/ty-article/.premium/have-israels-hostage-families-reached-their-political-expiration-date/0000019f-f097-d310-a3df-f49772f70000
Why American Charedim Are Watching Israel’s Elections Closely,American Charedim are watching the new election cycle in Israel with a mix of anxiety and hope. Many of us...,https://www.algemeiner.com/2026/08/11/why-american-charedim-are-watching-israels-elections-closely/,Algemeiner,Disa Sacks,2026-08-11T16:14:50,2026-08-11 16:57:30.969133,https://www.algemeiner.com/?p=777518
The Jewish History of Prague (PART ONE),"Historically, Prague was the capital of Bohemia and is today located in the Czech Republic. Jewish life in Prague has...",https://www.algemeiner.com/2026/08/11/jewish-history-prague-part-one/,Algemeiner,Menachem Levine,2026-08-11T16:32:27,2026-08-11 16:57:30.969097,https://www.algemeiner.com/?p=777532
"Park East-Chabad partnership reflects Chassidic group’s ‘growing integration’ in mainstream Orthodoxy, experts say","Jonathan Sarna, of Brandeis University, told JNS that the partnership “vividly displays the benefits of the free marketplace of competing synagogues in the American setting.”",https://www.jns.org/news/u-s-news/park-east-chabad-partnership-reflects-chassidic-groups-growing-integration-in-mainstream-orthodoxy-experts-say,JNS,Rebecca Szlechter,2026-08-11T16:05:13,2026-08-11 16:57:28.525714,https://www.jns.org/news/u-s-news/park-east-chabad-partnership-reflects-chassidic-groups-growing-integration-in-mainstream-orthodoxy-experts-say
"Jews, 4% of Massachusetts residents, targeted in 83.3% of commonwealth’s religion-bias hate crimes in 2025","The state’s data “affirms what we already know as members of the Jewish community, that we are in the midst of an ongoing and unprecedented experience of being targeted as Jews,” Jeremy Burton, CEO of the local JCRC, told JNS.",https://www.jns.org/news/u-s-news/jews-4-of-massachusetts-residents-targeted-in-83-3-of-commonwealths-religion-bias-hate-crimes-in-2025,JNS,Menachem Wecker,2026-08-11T16:22:00,2026-08-11 16:57:28.525677,https://www.jns.org/news/u-s-news/jews-4-of-massachusetts-residents-targeted-in-83-3-of-commonwealths-religion-bias-hate-crimes-in-2025
"Francesca Hong, pro-Palestinian democratic socialist, polling far ahead in Wisconsin governor’s race","(JTA) — One week after notching a significant primary victory in a Midwestern purple state, pro-Palestinian progressives are looking to repeat their success in Wisconsin. The Badger State’s chaotic Democratic primary for governor ends Tuesday with state Rep. Francesca Hong, a democratic socialist, polling comfortably in the lead. Despite the best efforts of the state’s... The post Francesca Hong, pro-Palestinian democratic socialist, polling far ahead in Wisconsin governor’s race appeared first on The Forward .",https://forward.com/fast-forward/844418/francesca-hong-pro-palestinian-democratic-socialist-polling-far-ahead-in-wisconsin-governors-race/,The Forward,Andrew Lapin,2026-08-11T16:29:14,2026-08-11 16:57:20.755608,https://forward.com/?p=844418
"Francesca Hong, pro-Palestinian democratic socialist, polling far ahead in Wisconsin governor’s race","Moderates have raised concerns about the state representative's electability against the Republican in November. -- The post Francesca Hong, pro-Palestinian democratic socialist, polling far ahead in Wisconsin governor’s race appeared first on Jewish Telegraphic Agency .",https://www.jta.org/2026/08/11/politics/francesca-hong-pro-palestinian-democratic-socialist-polling-far-ahead-in-wisconsin-governors-race,JTA,Andrew Lapin,2026-08-11T16:05:43,2026-08-11 16:57:18.177948,https://www.jta.org/?p=1905878
Iran appoints AMIA bombing suspect to National Security Council,Mohsen Rezaei is subject to an Interpol red notice and faces trial in Argentina in absentia. -- The post Iran appoints AMIA bombing suspect to National Security Council appeared first on Jewish Telegraphic Agency .,https://www.jta.org/2026/08/11/global/iran-appoints-amia-bombing-suspect-to-national-security-council,JTA,Juan Melamed,2026-08-11T16:07:42,2026-08-11 16:57:18.177897,https://www.jta.org/?p=1905873
Hunter Biden calls Netanyahu 'evil incarnate' in Tucker Carlson interview,"Carlson also alleged that allegations surrounding Hunter Biden's laptop, which sparked a barrage of right-wing conspiracy theories, 'came from the Israelis'",https://www.haaretz.com/us-news/2026-08-11/ty-article/hunter-biden-calls-netanyahu-evil-incarnate-on-tucker-carlsons-podcast/0000019f-f09a-d28e-a3df-f0dab9de0000,Haaretz,Ben Kroll,2026-08-11T14:17:07,2026-08-11 16:01:05.923967,https://www.haaretz.com/us-news/2026-08-11/ty-article/hunter-biden-calls-netanyahu-evil-incarnate-on-tucker-carlsons-podcast/0000019f-f09a-d28e-a3df-f0dab9de0000
"A Dutch, gay, Jewish, anti-Zionist writer gets a Hebrew revival – 100 years after his assassination","More than 80 years after he was gunned down by the Haganah, Jacob Israel De Haan is being translated into Hebrew. Plus, an Israeli diva's new single, and superstar Arik Einstein narrates the story of The Boy Who Lived – from the grave",https://www.haaretz.com/life/2026-08-11/ty-article-magazine/.premium/a-dutch-gay-jewish-anti-zionist-writer-gets-a-hebrew-revival/0000019f-ebdc-d4ec-a5df-efdebae10000,Haaretz,Avshalom Halutz,2026-08-11T14:43:52,2026-08-11 16:01:05.923937,https://www.haaretz.com/life/2026-08-11/ty-article-magazine/.premium/a-dutch-gay-jewish-anti-zionist-writer-gets-a-hebrew-revival/0000019f-ebdc-d4ec-a5df-efdebae10000
Israel demolishes home of Palestinian killed in July's deadly West Bank shooting in Tell,"The Israeli army says Ramadan was involved in the shooting that killed two Israelis. His family's home was demolished despite an IDF probe finding key details of the deadly clash remain unresolved, including uncertainty over the sequence of events and who fired the fatal shots",https://www.haaretz.com/west-bank/2026-08-11/ty-article/.premium/israel-demolishes-home-of-palestinian-killed-in-fatal-west-bank-settler-clash/0000019f-f113-db94-a3df-fd93350f0000,Haaretz,Matan Golan,2026-08-11T15:27:23,2026-08-11 16:01:05.923893,https://www.haaretz.com/west-bank/2026-08-11/ty-article/.premium/israel-demolishes-home-of-palestinian-killed-in-fatal-west-bank-settler-clash/0000019f-f113-db94-a3df-fd93350f0000
‘Ted Lasso’ Star Hannah Waddingham Praises Israeli Singer Noa Kirel and Eurovision Song ‘Unicorn’,Emmy Award-winning English actress and &#8220;Ted Lasso&#8221; star Hannah Waddingham praised Israeli singer Noa Kirel during a recent interview when...,https://www.algemeiner.com/2026/08/11/ted-lasso-star-hannah-waddingham-praises-israeli-singer-noa-kirel-eurovision-song-unicorn/,Algemeiner,Shiryn Ghermezian,2026-08-11T15:43:28,2026-08-11 16:01:01.164554,https://www.algemeiner.com/?p=777550
The threat Israel is too tired to see,A society that recognizes the Turkish danger cannot summon the strength right now to confront it.,https://www.jns.org/opinion/aleks-vilentz/the-threat-israel-is-too-tired-to-see,JNS,Aleks Vilentz,2026-08-11T14:30:00,2026-08-11 16:00:58.824024,https://www.jns.org/opinion/aleks-vilentz/the-threat-israel-is-too-tired-to-see
Your Daily Phil: Can a board game predict American Jewry’s future?,The post Your Daily Phil: Can a board game predict American Jewry&#8217;s future? appeared first on eJewishPhilanthropy .,https://ejewishphilanthropy.com/your-daily-phil-can-a-board-game-predict-american-jewrys-future/,eJewish Philanthropy,EJP,2026-08-11T14:50:38,2026-08-11 16:00:45.940114,https://ejewishphilanthropy.com/?p=178555
The small new Israeli party that could sink the anti-Bibi camp's hopes,"'A broad Zionist government' (without Arabs), 'huge investments' in settlements and 'judicial reform': With a distinctly right-wing platform and promises of 'unity', Zionist Home may wind up impeding the replacement of Netanyahu's rule",https://www.haaretz.com/israel-news/elections/2026-08-11/ty-article-magazine/the-small-new-israeli-party-that-could-sink-the-anti-bibi-camps-hopes/0000019f-efb3-dad7-a99f-ffff6acd0000,Haaretz,Noa Shpigel,2026-08-11T13:07:30,2026-08-11 14:23:13.172998,https://www.haaretz.com/israel-news/elections/2026-08-11/ty-article-magazine/the-small-new-israeli-party-that-could-sink-the-anti-bibi-camps-hopes/0000019f-efb3-dad7-a99f-ffff6acd0000
Former Mossad chief: Israel 'walked around' Iran's Fordow nuclear site many times,"Former Mossad chief Yossi Cohen said the U.S. strike on Fordow was 'all of his dreams coming true.' But the fate of Iran's enriched uranium remains uncertain, as does the extent of the damage to the deeply buried facility",https://www.haaretz.com/middle-east-news/iran/2026-08-11/ty-article/.premium/ex-mossad-chief-israel-walked-around-targeted-iranian-nuclear-site-many-times/0000019f-f0c6-d569-a5ff-f0e6310e0000,Haaretz,Adi Hashmonai,2026-08-11T13:54:47,2026-08-11 14:23:13.172965,https://www.haaretz.com/middle-east-news/iran/2026-08-11/ty-article/.premium/ex-mossad-chief-israel-walked-around-targeted-iranian-nuclear-site-many-times/0000019f-f0c6-d569-a5ff-f0e6310e0000
Hunter Biden calls Netanyahu 'evil incarnate' on Tucker Carlson's podcast,"During this week's interview, Carlson also addressed the infamous Hunter Biden laptop affair, in which right-wing conspiracy theorists alleged that the device contained evidence of child abuse, saying, 'That came from the Israelis'",https://www.haaretz.com/us-news/2026-08-11/ty-article/.premium/hunter-biden-calls-netanyahu-evil-incarnate-on-tucker-carlsons-podcast/0000019f-f09a-d28e-a3df-f0dab9de0000,Haaretz,Ben Kroll,2026-08-11T14:17:07,2026-08-11 14:23:13.172926,https://www.haaretz.com/us-news/2026-08-11/ty-article/.premium/hunter-biden-calls-netanyahu-evil-incarnate-on-tucker-carlsons-podcast/0000019f-f09a-d28e-a3df-f0dab9de0000
"Mamdani's meeting with rabbis was ‘open, positive, constructive,' director of his office on Jew-hatred says","The meeting “focused on strategies to strengthen Jewish safety and belonging, maintain candid lines of communication and collaborate on issues where we have shared values and goals,” Phylisa Wisdom, executive director of the Mayor's office to Combat Antisemitism, told JNS.",https://www.jns.org/news/u-s-news/mamdanis-meeting-with-rabbis-was-open-positive-constructive-director-of-his-office-on-jew-hatred-says,JNS,Rikki Zagelbaum,2026-08-11T14:01:39,2026-08-11 14:23:06.017128,https://www.jns.org/news/u-s-news/mamdanis-meeting-with-rabbis-was-open-positive-constructive-director-of-his-office-on-jew-hatred-says
Hungarian Holocaust forced-labor diary published in English,"About 100,000 Hungarian Jewish men were conscripted into the munkaszolgálat and tens of thousands died before Germany occupied Hungary. József Bihari, who survived the Holocaust, documented his experiences in a handwritten diary, now available in English.",https://www.jns.org/wire/Salisbury-&-York-Academic Press/hungarian-holocaust-forced-labor-diary-published-in-english,JNS,,2026-08-11T14:03:28,2026-08-11 14:23:06.017088,https://www.jns.org/wire/Salisbury-&-York-Academic Press/hungarian-holocaust-forced-labor-diary-published-in-english
California orders charity founded by anti-Israel Code Pink agitator to cease operations,"Arc of Justice hasn’t accounted for more than $51 million despite a state order, and it failed to file tax returns for three straight years, the Washington Free Beacon reported.",https://www.jns.org/news/u-s-news/california-orders-charity-founded-by-anti-israel-code-pink-agitator-to-cease-operations,JNS,Mike Wagenheim,2026-08-11T14:19:30,2026-08-11 14:23:06.017043,https://www.jns.org/news/u-s-news/california-orders-charity-founded-by-anti-israel-code-pink-agitator-to-cease-operations
Likud MKs outraged at Netanyahu for securing slots for 'party hustlers' ahead of primary election,"Several Likud members are against Netanyahu's plan to reserve spots on the party's Knesset slate for Defense Minister Israel Katz, who scored low on a recent inner party poll: 'Maybe those two stupid videos crushed him'",https://www.haaretz.com/israel-news/elections/2026-08-11/ty-article/.premium/likud-mks-outraged-at-netanyahu-for-securing-slots-for-party-hustlers/0000019f-f075-d310-a3df-f47730600000,Haaretz,Noa Shpigel,2026-08-11T12:08:28,2026-08-11 13:05:55.241762,https://www.haaretz.com/israel-news/elections/2026-08-11/ty-article/.premium/likud-mks-outraged-at-netanyahu-for-securing-slots-for-party-hustlers/0000019f-f075-d310-a3df-f47730600000
Israeli embassy in Vienna asks public for help locating missing mother and daughter,"The two Israeli citizens, Mali and Liel Yahalomi, have been missing since Friday, according to the embassy in Austria",https://www.haaretz.com/world-news/europe/2026-08-11/ty-article/.premium/israeli-embassy-in-vienna-asks-for-help-locating-missing-mother-and-adaughter/0000019f-f0bc-d101-a5bf-fbbce1cb0000,Haaretz,Haaretz,2026-08-11T12:32:22,2026-08-11 13:05:55.241730,https://www.haaretz.com/world-news/europe/2026-08-11/ty-article/.premium/israeli-embassy-in-vienna-asks-for-help-locating-missing-mother-and-adaughter/0000019f-f0bc-d101-a5bf-fbbce1cb0000
An onstage hug in Australia offers rare hope on Israel-Palestine,"When Josh Burns, a Jewish member of the Australian parliament, spoke alongside his Palestinian colleague Basem Abdo at the Labor Party's national conference, the message of their joint appearance was stronger than words",https://www.haaretz.com/opinion/2026-08-11/ty-article-opinion/.premium/an-onstage-hug-in-australia-offers-rare-hope-on-israel-palestine/0000019f-f0d0-d28e-a3df-f0d0ce320000,Haaretz,Kate Rosenberg,2026-08-11T12:59:58,2026-08-11 13:05:55.241695,https://www.haaretz.com/opinion/2026-08-11/ty-article-opinion/.premium/an-onstage-hug-in-australia-offers-rare-hope-on-israel-palestine/0000019f-f0d0-d28e-a3df-f0d0ce320000
Central American Parliament establishes Israel alliance as push for observer status gathers steam,"A decision to grant Israel observer status in the regional parliament, expected as early as next month, took a step forward with the establishment of an Israel Allies Caucus.",https://www.jns.org/news/world/central-american-parliament-establishes-israel-alliance-as-push-for-observer-status-gathers-steam,JNS,Etgar Lefkovits,2026-08-11T12:07:13,2026-08-11 13:05:48.120688,https://www.jns.org/news/world/central-american-parliament-establishes-israel-alliance-as-push-for-observer-status-gathers-steam
Former Mossad chief: ‘We toured Fordow nuclear site many times’,Yossi Cohen called the 2025 U.S. bombing of the underground Iranian facility “the fulfillment of all my dreams.”,https://www.jns.org/news/israel-news/former-mossad-chief-we-toured-fordow-nuclear-site-many-times,JNS,Pesach Benson/TPS-IL,2026-08-11T13:01:07,2026-08-11 13:05:48.120633,https://www.jns.org/news/israel-news/former-mossad-chief-we-toured-fordow-nuclear-site-many-times
"Syria sentences absent Bashar al-Assad, former regime officials to death","In a first conviction against the ousted leader, a Syrian court convicted Al-Assad of crimes during the country's nearly 14-year war. Assad fled Damascus in 2024 as rebel fighters approached and is currently in Moscow",https://www.haaretz.com/middle-east-news/syria/2026-08-11/ty-article/syria-sentences-absent-bashar-al-assad-former-regime-officials-to-death/0000019f-f038-d310-a3df-f43bbe760000,Haaretz,Rawan Suleiman,2026-08-11T11:10:26,2026-08-11 11:43:18.959099,https://www.haaretz.com/middle-east-news/syria/2026-08-11/ty-article/syria-sentences-absent-bashar-al-assad-former-regime-officials-to-death/0000019f-f038-d310-a3df-f43bbe760000
Poll: Eisenkot-led opposition bloc just one seat short of winning majority without Arab parties,"The opposition bloc leads against Netanyahu's coalition by a margin of 10 seats, with Yashar holding 24 seats, while Likud holds 22",https://www.haaretz.com/israel-news/elections/2026-08-11/ty-article/poll-eisenkot-led-opposition-bloc-just-one-seat-short-of-winning-majority/0000019f-ef8d-db03-a9ff-ff9f36b30000,Haaretz,Haaretz,2026-08-11T10:02:29,2026-08-11 10:50:55.790815,https://www.haaretz.com/israel-news/elections/2026-08-11/ty-article/poll-eisenkot-led-opposition-bloc-just-one-seat-short-of-winning-majority/0000019f-ef8d-db03-a9ff-ff9f36b30000
Iranian leadership shake-up: Tehran arming up for Trump's economic war over Hormuz,"Iran's leadership changes are not just a fight between 'extremists' and 'pragmatists' – they're a struggle over the powers to guide Iran's future. Meanwhile, Trump is at a loss on Hormuz, as Tehran has yet to be deterred by his economic sanctions",https://www.haaretz.com/middle-east-news/iran/2026-08-11/ty-article/.premium/iran-leadership-shake-up-tehran-arming-up-for-trumps-economic-war-over-hormuz/0000019f-ef1d-d569-a5ff-ff7d35df0000,Haaretz,Zvi Bar'el,2026-08-11T10:25:28,2026-08-11 10:50:55.790776,https://www.haaretz.com/middle-east-news/iran/2026-08-11/ty-article/.premium/iran-leadership-shake-up-tehran-arming-up-for-trumps-economic-war-over-hormuz/0000019f-ef1d-d569-a5ff-ff7d35df0000
"Trump's Iran war: Without strategy, there is no path to victory","The American president misread his adversary and failed to define clear parameters for winning. The result is an endless cycle of escalation and negotiation, while Iran solidifies its position in Hormuz",https://www.haaretz.com/opinion/2026-08-11/ty-article-opinion/.premium/trumps-iran-war-without-strategy-there-is-no-path-to-victory/0000019f-f009-d569-a5ff-f06d4e3c0000,Haaretz,Ben Soodavar,2026-08-11T09:13:41,2026-08-11 10:01:23.251721,https://www.haaretz.com/opinion/2026-08-11/ty-article-opinion/.premium/trumps-iran-war-without-strategy-there-is-no-path-to-victory/0000019f-f009-d569-a5ff-f06d4e3c0000
"Netanyahu secures extra Likud slot for loyalist defense minister Katz, to shield him from primary election","Netanyahu said security needs would leave Katz unable to campaign, as an internal party poll projected he would reach the 19th seat on the party's slate. FM Sa'ar and Likud Central Committee head Haim Katz were also secured. 'This doesn't look good,' one source says",https://www.haaretz.com/israel-news/elections/2026-08-11/ty-article/.premium/netanyahu-to-secure-likud-seat-for-defense-minister-katz-shielding-from-primary/0000019f-ef87-db03-a9ff-ff97d9190000,Haaretz,Michael Hauser Tov,2026-08-11T09:14:53,2026-08-11 10:01:23.251683,https://www.haaretz.com/israel-news/elections/2026-08-11/ty-article/.premium/netanyahu-to-secure-likud-seat-for-defense-minister-katz-shielding-from-primary/0000019f-ef87-db03-a9ff-ff97d9190000
‘No time to reach shelter’: Voices from Kyiv after deadly attack by Russia,"World Jewish Relief is continuing its established humanitarian response across Ukraine, providing support to people within and beyond the Jewish community through local partners.",https://www.jns.org/wire/https:/www.worldjewishrelief.org/no-time-to-reach-shelter-voices-from-kyiv-after-deadly-attack-by-russia,JNS,,2026-08-11T09:30:00,2026-08-11 10:01:16.256585,https://www.jns.org/wire/https:/www.worldjewishrelief.org/no-time-to-reach-shelter-voices-from-kyiv-after-deadly-attack-by-russia
Palestinian Authority’s war on Jewish history fuels terror,"“Judeacation” takes viewers to the heart of Judea and Samaria, where history, faith and modern Israel meet. Hosted by JNS Middle East correspondent Josh Hasten, the series dispels myths and misconceptions about life in the region the world calls the “West Bank,” but which Jews know as the cradle of their civilization. Through on-the-ground reporting and candid conversations with residents, leaders and pioneers, “Judeacation” reveals the truth about the people who live and build in the heart of the Jewish homeland—a place where ancient history and contemporary Zionism intertwine. Each episode offers a look at the realities of Israel’s heartland, countering media bias with firsthand stories of courage, community and connection to the land. Hasten explores topics ranging from security and sovereignty to faith, culture and innovation, spotlighting those shaping Israel’s future from its biblical core. As Hasten often reminds viewers, Jews are called Jews because they come from Judea. And “Judeacation” is where that story continues to unfold. See more at: @JNS_TV and subscribe to our YouTube channel.",https://www.jns.org/jns-tv/judeacation/palestinian-authoritys-war-on-jewish-history-fuels-terror,JNS,Josh Hasten,2026-08-11T09:53:39,2026-08-11 10:01:16.256551,https://www.jns.org/jns-tv/judeacation/palestinian-authoritys-war-on-jewish-history-fuels-terror
Gratz College names Adina Goldstein as director of education programs,"Goldstein will provide both academic and administrative leadership for the department of education, guiding program innovation, curriculum development, faculty engagement, student success initiatives and strategic growth.",https://www.jns.org/wire/gratz-edu/gratz-college-names-adina-goldstein-as-director-of-education-programs,JNS,,2026-08-11T09:56:25,2026-08-11 10:01:16.256468,https://www.jns.org/wire/gratz-edu/gratz-college-names-adina-goldstein-as-director-of-education-programs
Father of IDF soldier slain on Oct. 7 thanks South Africa's president for helping return son's remains,"“Without the direct intervention of the president and the S.A. government, our son’s body would in all likelihood have come back months later, causing us additional pain and suffering,” said Rabbi Doron Perez.",https://www.jns.org/news/world/father-of-idf-soldier-slain-on-oct-7-thanks-south-africas-president-for-helping-return-sons-remains,JNS,Steve Linde,2026-08-11T09:58:02,2026-08-11 10:01:16.256433,https://www.jns.org/news/world/father-of-idf-soldier-slain-on-oct-7-thanks-south-africas-president-for-helping-return-sons-remains
‘Know the enemy’,A promise of “power over death” offers jihadists the ultimate reward for faith-based destructiveness.,https://www.jns.org/opinion/louis-rene-beres/know-the-enemy,JNS,Louis René Beres,2026-08-11T10:00:00,2026-08-11 10:01:16.256395,https://www.jns.org/opinion/louis-rene-beres/know-the-enemy
"Saudi Arabia, Turkey and Pakistan form new Islamist power bloc","“The Meira K Show” brings a fresh, unfiltered look at society and politics in Israel and the Middle East. With her trademark energy and candor, she tackles stories too often ignored or distorted by mainstream media—offering clarity, courage and context in real time. Whether it’s breaking news, border tensions, political drama or cultural shifts, Meira delivers the facts and emotion behind the headlines with honesty and heart. Fast-paced, fearless and fiercely authentic, “The Meira K Show” gives viewers a frontline perspective on Israel’s most pressing challenges and inspiring moments. Each episode captures the urgency of the moment while keeping it grounded in truth and humanity. If you want to stay informed, inspired and connected to the real Israel, this is the show to watch. See more at: @JNS_TV and subscribe to our YouTube channel.",https://www.jns.org/jns-tv/meira-k-show/saudi-arabia-turkey-and-pakistan-form-new-islamist-power-bloc,JNS,Meira K,2026-08-11T10:00:06,2026-08-11 10:01:16.256358,https://www.jns.org/jns-tv/meira-k-show/saudi-arabia-turkey-and-pakistan-form-new-islamist-power-bloc
Report: Trump flew secretly from Turkey due to Iranian threat,"The deception operation was triggered by a credible threat to Trump as hostilities escalated with Iran in July, according to the Washington Post",https://www.haaretz.com/us-news/2026-08-11/ty-article/report-trump-flew-secretly-from-turkey-due-to-iranian-threat/0000019f-ef8f-d101-a5bf-ef9f23aa0000,Haaretz,Reuters,2026-08-11T08:36:08,2026-08-11 08:56:58.686986,https://www.haaretz.com/us-news/2026-08-11/ty-article/report-trump-flew-secretly-from-turkey-due-to-iranian-threat/0000019f-ef8f-d101-a5bf-ef9f23aa0000
From Jerusalem to Haifa: 15 recommended cafés open on Shabbat,The ultra-Orthodox aren't happy about a new coffee shop operating on Shabbat in Jerusalem. But there are plenty more places to enjoy a good cup of coffee around Israel on Saturday,https://www.haaretz.com/food/2026-08-11/ty-article-magazine/.premium/from-jerusalem-to-haifa-15-recommended-cafes-open-on-shabbat/0000019f-ebc3-d106-a7ff-fbd718630000,Haaretz,Eitan Leshem,2026-08-11T08:48:44,2026-08-11 08:56:58.686951,https://www.haaretz.com/food/2026-08-11/ty-article-magazine/.premium/from-jerusalem-to-haifa-15-recommended-cafes-open-on-shabbat/0000019f-ebc3-d106-a7ff-fbd718630000
Trump says US Navy has ‘100%’ control of Strait of Hormuz,"The president noted American forces had cleared Iranian mines, while U.N. envoy Mike Waltz argued economic sanctions outweigh military strikes.",https://www.jns.org/news/u-s-news/trump-says-us-navy-has-100-control-of-strait-of-hormuz,JNS,JNS Staff,2026-08-11T07:36:43,2026-08-11 08:56:51.524931,https://www.jns.org/news/u-s-news/trump-says-us-navy-has-100-control-of-strait-of-hormuz
Why the anti-Israel left keeps siding with authoritarian regimes,The Cold War doctrine of “campism” now influences how parts of the American left perceive Israel.,https://www.jns.org/opinion/tirza-shorr/why-the-anti-israel-left-keeps-siding-with-authoritarian-regimes,JNS,Tirza Shorr,2026-08-11T07:45:00,2026-08-11 08:56:51.524903,https://www.jns.org/opinion/tirza-shorr/why-the-anti-israel-left-keeps-siding-with-authoritarian-regimes
Study maps vast Israeli food-aid network—and finds major gaps,"More than 2,200 NGOs provide nutrition assistance across Israel, but researchers say the heavily philanthropic system remains fragmented and uneven.",https://www.jns.org/news/israel-news/study-maps-vast-israeli-food-aid-network-and-finds-major-gaps,JNS,JNS Staff,2026-08-11T07:54:27,2026-08-11 08:56:51.524875,https://www.jns.org/news/israel-news/study-maps-vast-israeli-food-aid-network-and-finds-major-gaps
US brokers deal for IAEA to remove nuclear material hidden in Syria,Nuclear material that can be converted to a “dirty bomb” is reportedly being stored at a clandestine location identified as “Site 99.”,https://www.jns.org/news/world/us-brokers-deal-for-iaea-to-remove-nuclear-material-hidden-in-syria,JNS,JNS Staff,2026-08-11T07:54:36,2026-08-11 08:56:51.524843,https://www.jns.org/news/world/us-brokers-deal-for-iaea-to-remove-nuclear-material-hidden-in-syria
The Galliano test: Every institution honoring Sheikha Moza is now on notice,"If a 15-year-old antisemitism scandal can convulse the Met Gala, what should follow when a celebrated global patron eulogizes one of the architects of Oct. 7—and never retracts it?",https://www.jns.org/opinion/ron-agam/the-galliano-test-every-institution-honoring-sheikha-moza-is-now-on-notice,JNS,Ron Agam,2026-08-11T08:05:20,2026-08-11 08:56:51.524813,https://www.jns.org/opinion/ron-agam/the-galliano-test-every-institution-honoring-sheikha-moza-is-now-on-notice
Israeli Health Ministry: Man suspected of having Ebola quarantined,"The individual returned to the Jewish state from the Democratic Republic of the Congo, a location with active Ebola transmission.",https://www.jns.org/news/israel-news/israeli-health-ministry-man-suspected-of-having-ebola-quarantined,JNS,JNS Staff,2026-08-11T08:38:00,2026-08-11 08:56:51.524779,https://www.jns.org/news/israel-news/israeli-health-ministry-man-suspected-of-having-ebola-quarantined
Tila Falic Levy: ‘Education is the antidote to antisemitism’,,https://www.jns.org/jns-tv/tila-falic-levy-education-is-the-antidote-to-antisemitism,JNS,Fleur Hassan-Nahoum,2026-08-11T08:41:17,2026-08-11 08:56:51.524741,https://www.jns.org/jns-tv/tila-falic-levy-education-is-the-antidote-to-antisemitism
Choosing Truth Over Tribe in Alyssa Rosenheck’s “White. Blonde. Jew.”,"A new book by Alyssa Rosenheck is a call to end extremism, fight antisemitism, and reclaim moral clarity. The post Choosing Truth Over Tribe in Alyssa Rosenheck’s “White. Blonde. Jew.” appeared first on Jewish Journal .",https://jewishjournal.com/culture/arts/books/391028/choosing-truth-over-tribe-in-alyssa-rosenhecks-white-blonde-jew/,Jewish Journal,Monica Osborne,2026-08-11T07:13:26,2026-08-11 08:56:49.097814,https://jewishjournal.com/?p=391028
"After a year of playing, Tzomet Games compares its simulations to real-world Jewish leaders’ rhetoric","For more than a year, hundreds of Jewish professionals across the United States and around the world have been playing a game forcing them to consider: What will American Jewry look like in 2050? Launched last May, Tzomet Games —the brainchild of Jewish entrepreneur and philanthropist Phil Siegel —aimed to inspire its players to think... Read More The post After a year of playing, Tzomet Games compares its simulations to real-world Jewish leaders’ rhetoric appeared first on eJewishPhilanthropy .",https://ejewishphilanthropy.com/after-a-year-of-playing-tzomet-games-compares-its-simulations-to-real-world-jewish-leaders-rhetoric/,eJewish Philanthropy,Judah Ari Gross,2026-08-11T07:23:17,2026-08-11 08:56:39.884435,https://ejewishphilanthropy.com/?p=178531
When Zionism becomes an educational outcome: 5 shifts to prepare our students for a future in Israel,"Jewish day schools have long understood the importance of Israel education, weaving it into mission statements, curricula, celebrations and school trips. This work has succeeded: It has cultivated generations of students who feel emotionally connected to Israel as the Jewish homeland. That connection still matters. But for a growing number of students, its no longer... Read More The post When Zionism becomes an educational outcome: 5 shifts to prepare our students for a future in Israel appeared first on eJewishPhilanthropy .",https://ejewishphilanthropy.com/when-zionism-becomes-an-educational-outcome-5-shifts-to-prepare-our-students-for-a-future-in-israel/,eJewish Philanthropy,Contributing Author,2026-08-11T08:26:00,2026-08-11 08:56:39.884370,https://ejewishphilanthropy.com/?p=178537
Poll-rigging bots and AI robocalls: The dark tech running Israel's election campaigns,"From ad-tech tools once used to track Iranian nuclear scientists to AI-generated phone calls, Israeli election campaigns are deploying a vast tech arsenal to sway voters – with no regulator watching",https://www.haaretz.com/israel-news/security-aviation/2026-08-11/ty-article-magazine/israel-elections-2026-the-dark-tech-running-israels-election-campaigns/0000019f-eb5f-d101-a5bf-eb5f63800000,Haaretz,Omer Benjakob,2026-08-11T05:58:00,2026-08-11 07:07:53.828581,https://www.haaretz.com/israel-news/security-aviation/2026-08-11/ty-article-magazine/israel-elections-2026-the-dark-tech-running-israels-election-campaigns/0000019f-eb5f-d101-a5bf-eb5f63800000
Israeli airlines seize the opportunity to expand as foreign airlines slow to return,"The three largest Israeli airlines have notched gains in their market shares at Ben-Gurion Airport, primarily due to the lack of significant competition from foreign airlines",https://www.haaretz.com/israel-news/2026-08-11/ty-article-magazine/.premium/israeli-airlines-seize-their-opportunity-as-foreign-airlines-slow-to-return/0000019f-ebb0-dcbe-adff-ffff1fd40000,Haaretz,Yifat Reuven,2026-08-11T06:01:44,2026-08-11 07:07:53.828558,https://www.haaretz.com/israel-news/2026-08-11/ty-article-magazine/.premium/israeli-airlines-seize-their-opportunity-as-foreign-airlines-slow-to-return/0000019f-ebb0-dcbe-adff-ffff1fd40000
Man returning from Democratic Republic of Congo hospitalized over suspected Ebola infection,"The patient sought medical treatment after developing a fever and is currently being tested. Results are expected within the next 24 hours, according to the health ministry",https://www.haaretz.com/science-and-health/2026-08-11/ty-article/man-hospitalized-in-israel-over-suspected-ebola-infection/0000019f-ef5a-db03-a9ff-ff5bfca90000,Haaretz,Yair Foldes,2026-08-11T06:36:12,2026-08-11 07:07:53.828536,https://www.haaretz.com/science-and-health/2026-08-11/ty-article/man-hospitalized-in-israel-over-suspected-ebola-infection/0000019f-ef5a-db03-a9ff-ff5bfca90000
Venezuela top rabbi urges renewal of Israel ties,"Rabbi Isaac Cohen delivered the appeal during a meeting with Foreign Minister Félix Plasencia in Caracas, the ministry said.",https://www.jns.org/news/world/venezuela-top-rabbi-urges-renewal-of-israel-ties,JNS,Canaan Lidor,2026-08-11T05:12:32,2026-08-11 07:07:46.900844,https://www.jns.org/news/world/venezuela-top-rabbi-urges-renewal-of-israel-ties
"Judge allows 'pay-for-slay' lawsuit against PA, PLO to proceed","""Pay-for-slay isn't welfare,"" said Mark Goldfeder, director of the National Jewish Advocacy Center, which represents the plaintiffs. ""It incentivizes murder.""",https://www.jns.org/news/u-s-news/judge-allows-pay-for-slay-lawsuit-against-pa-plo-to-proceed,JNS,Jessica Russak-Hoffman,2026-08-11T05:14:35,2026-08-11 07:07:46.900820,https://www.jns.org/news/u-s-news/judge-allows-pay-for-slay-lawsuit-against-pa-plo-to-proceed
Mauthausen museum slammed over visitor's anti-Israel shirt,Israel’s envoy to Austria said the former concentration camp must not become a stage for political provocation.,https://www.jns.org/news/world/mauthausen-museum-slammed-over-visitors-anti-israel-shirt,JNS,Canaan Lidor,2026-08-11T05:20:41,2026-08-11 07:07:46.900803,https://www.jns.org/news/world/mauthausen-museum-slammed-over-visitors-anti-israel-shirt
Young evangelicals visiting Israel: ‘We should not stay silent',Christian students and young professionals say firsthand encounters with Israel challenged media narratives and strengthened their resolve to confront antisemitism.,https://www.jns.org/feature/young-evangelicals-visiting-israel-we-should-not-stay-silent,JNS,Etgar Lefkovits,2026-08-11T06:01:58,2026-08-11 07:07:46.900785,https://www.jns.org/feature/young-evangelicals-visiting-israel-we-should-not-stay-silent
IDF chief: Military gains driving diplomacy on multiple fronts,"Lt. Gen. Eyal Zamir hosted CENTCOM's Adm. Brad Cooper, who described the alliance between the two militaries as historic.",https://www.jns.org/news/israel-news/idf-chief-military-gains-driving-diplomacy-on-multiple-fronts,JNS,JNS Staff,2026-08-11T06:06:15,2026-08-11 07:07:46.900766,https://www.jns.org/news/israel-news/idf-chief-military-gains-driving-diplomacy-on-multiple-fronts
Saa'r: Colombia’s recognition of Israeli sovereignty over Golan Heights ‘historic',The diplomatic move joins a host of bilateral measures to immediately strengthen relations between Jerusalem and Bogota.,https://www.jns.org/news/israel-news/saar-colombias-recognition-of-israeli-sovereignty-over-golan-heights-historic,JNS,JNS Staff,2026-08-11T06:24:14,2026-08-11 07:07:46.900744,https://www.jns.org/news/israel-news/saar-colombias-recognition-of-israeli-sovereignty-over-golan-heights-historic
"Drazin backs out of Camp Lavi sale, leaving camp in limbo — source","On Sunday night, mental health nonprofit Ohel Children’s Home and Family Services, Inc. agreed to hand its winning bid for Camp Lavi in Lakewood, Pa., to the second-place bidder, ensuring that the Modern Orthodox camp would continue operating in its current format. But just before the tentative agreement was to be legally recognized on Monday... Read More The post Drazin backs out of Camp Lavi sale, leaving camp in limbo — source appeared first on eJewishPhilanthropy .",https://ejewishphilanthropy.com/drazin-backs-out-of-camp-lavi-sale-leaving-camp-in-limbo-source/,eJewish Philanthropy,Jay Deitcher,2026-08-11T05:10:12,2026-08-11 07:07:35.262906,https://ejewishphilanthropy.com/?p=178504
Philanthropy with purpose: Building endowed capital for generational impact,"Imagine a Jewish community of fewer than 90,000 people that consistently ranks among the top in North America for per-capita giving to its Jewish federation. A community where Jewish life is not only surviving but flourishing; where schools and Jewish organizations are strong; where our youth are resilient, united in their commitment to Israel and... Read More The post Philanthropy with purpose: Building endowed capital for generational impact appeared first on eJewishPhilanthropy .",https://ejewishphilanthropy.com/philanthropy-with-purpose-building-endowed-capital-for-generational-impact/,eJewish Philanthropy,Natana Shek,2026-08-11T06:24:29,2026-08-11 07:07:35.262861,https://ejewishphilanthropy.com/?p=178510
"Israeli blood test could make lung-cancer detection faster, more accessible",The technology identifies a chemical “fingerprint” associated with cancer cells by analyzing fragments of DNA released into the bloodstream.,https://www.jns.org/news/israel-news/israeli-blood-test-could-make-lung-cancer-detection-faster-more-accessible,JNS,Pesach Benson/TPS-IL,2026-08-11T04:07:00,2026-08-11 05:08:37.384619,https://www.jns.org/news/israel-news/israeli-blood-test-could-make-lung-cancer-detection-faster-more-accessible
An endorsement ends any ‘shomer’ myth,New York Sen. Chuck Schumer is putting political gain ahead of principle by supporting an antisemite in Michigan.,https://www.jns.org/opinion/rabbi-yaakov-menken/an-endorsement-ends-any-shomer-myth,JNS,Rabbi Yaakov Menken,2026-08-11T04:30:00,2026-08-11 05:08:37.384576,https://www.jns.org/opinion/rabbi-yaakov-menken/an-endorsement-ends-any-shomer-myth
Trump demands Iran pay compensation for slain Americans and protesters,,https://www.haaretz.com/israel-news/israel-security/2026-08-11/ty-article-live/trump-demands-iran-pay-compensation-for-americans-and-protesters-it-killed/0000019f-ee87-d28e-a3df-fed7a49b0000,Haaretz,Haaretz,2026-08-11T02:02:16,2026-08-11 03:44:52.756264,https://www.haaretz.com/israel-news/israel-security/2026-08-11/ty-article-live/trump-demands-iran-pay-compensation-for-americans-and-protesters-it-killed/0000019f-ee87-d28e-a3df-fed7a49b0000
"Michigan rabbis urge Democrats to protect Jewish delegates at upcoming convention after AG, fearing harassment, pulls out of event","(JTA) — Michigan rabbis and other Jewish figures delivered a petition to the head of the state’s Democratic Party Monday urging him to “ensure the safety” of all Jewish delegates at the state party’s upcoming convention, underscoring anxieties about growing antisemitism in the state’s blue coalition. The petition, whose total signatories numbered around 200, comes... The post Michigan rabbis urge Democrats to protect Jewish delegates at upcoming convention after AG, fearing harassment, pulls out of event appeared first on The Forward .",https://forward.com/fast-forward/844253/michigan-rabbis-urge-democrats-to-protect-jewish-delegates-at-upcoming-convention-after-ag-fearing-harassment-pulls-out-of-event/,The Forward,Andrew Lapin,2026-08-11T02:05:34,2026-08-11 03:44:39.338901,https://forward.com/?p=844253
"South Carolina’s Republican Senate nominee will likely be pro-Israel, but no match for Lindsey Graham","(JTA) — A crowded field of candidates will compete in South Carolina’s special primary this Tuesday, with hopes of securing the Republican nomination for a U.S. Senate seat long held by the late Lindsey Graham, one of Israel’s strongest allies on Capitol Hill and an advocate for military action against Iran. There is little doubt... The post South Carolina’s Republican Senate nominee will likely be pro-Israel, but no match for Lindsey Graham appeared first on The Forward .",https://forward.com/fast-forward/844247/south-carolinas-republican-senate-nominee-will-likely-be-pro-israel-but-no-match-for-lindsey-graham/,The Forward,Sharon Udasin,2026-08-11T02:06:20,2026-08-11 03:44:39.338846,https://forward.com/?p=844247
How 3 Jewish refugees from the Nazis built Iceland’s classical music scene from scratch,"(JTA) — REYKJAVIK, Iceland —This city in the autumn of 1935 was a small fishing port of corrugated-iron houses battered by high winds, cod trawlers idling in the harbor, and geothermal steam curling up from hot springs that would one day heat the whole city. Fewer than 30,000 people lived there. There was no concert... The post How 3 Jewish refugees from the Nazis built Iceland&#8217;s classical music scene from scratch appeared first on The Forward .",https://forward.com/fast-forward/844238/how-3-jewish-refugees-from-the-nazis-built-icelands-classical-music-scene-from-scratch/,The Forward,Jenna Gottlieb,2026-08-11T02:07:27,2026-08-11 03:44:39.338786,https://forward.com/?p=844238
Probe of Ronn Owens' GoFundMe sinks his bankruptcy case,"Former KGO radio host Ronn Owens raised more than $130,000 through a GoFundMe focused on his deteriorating health while seeking bankruptcy protection amid mounting debt. But a federal watchdog found [&#8230;]",https://jweekly.com/2026/08/10/judge-denies-ronn-owens-bankruptcy-protection-after-federal-probe-of-his-gofundme-campaign/,J. Weekly,Lea Loeb,2026-08-11T03:18:30,2026-08-11 03:44:32.268046,https://jweekly.com/?p=309627
"Shin Bet chief urges Israel to hold 1,700 Palestinian bodies as bargaining chips","While most remains belong to combatants from the October 7 massacre and subsequent fighting, some are noncombatants, a sticking point that has fueled tension between Shin Bet chief Zini and his agency's legal counsel",https://www.haaretz.com/israel-news/israel-security/2026-08-11/ty-article/.premium/shin-bet-chief-urges-israel-to-hold-1-700-palestinian-bodies-as-bargaining-chips/0000019f-ed52-d569-a5ff-fd76ca7f0000,Haaretz,Josh Breiner,2026-08-10T23:48:18,2026-08-11 01:46:25.718033,https://www.haaretz.com/israel-news/israel-security/2026-08-11/ty-article/.premium/shin-bet-chief-urges-israel-to-hold-1-700-palestinian-bodies-as-bargaining-chips/0000019f-ed52-d569-a5ff-fd76ca7f0000
Bernie Sanders urges Democrats to ban ‘corrupt’ AIPAC spending in primaries,"(JTA) — Sen. Bernie Sanders has urged Democratic leaders to ban super PAC spending in primaries, focusing on the efforts of pro-Israel lobbyists to influence a crucial Michigan Senate race. Sanders in an open letter on Sunday called on Senate Minority Leader Chuck Schumer, House Minority Leader Hakeem Jeffries and Democratic National Committee Chair Ken... The post Bernie Sanders urges Democrats to ban &#8216;corrupt&#8217; AIPAC spending in primaries appeared first on The Forward .",https://forward.com/fast-forward/844259/bernie-sanders-aipac-primaries/,The Forward,Shira Li Bartov,2026-08-11T01:38:20,2026-08-11 01:46:11.650312,https://forward.com/?p=844259
Rabbis Mamdani invited to City Hall tell him his Israel rhetoric is ‘causing harm’,"New York City Mayor Zohran Mamdani heard a clear message Monday from rabbis with widely different views on Israel: His public statements denouncing Israel and its prime minister are hurting Jewish New Yorkers and making it harder for them to work with him on shared priorities. The message came during an hour-long, closed-door roundtable at... The post Rabbis Mamdani invited to City Hall tell him his Israel rhetoric is ‘causing harm’ appeared first on The Forward .",https://forward.com/news/844343/mamdani-rabbis-new-york-jews-israel/,The Forward,Jacob Kornbluh,2026-08-11T01:43:11,2026-08-11 01:46:11.650254,https://forward.com/?p=844343
Unflinching film on doctors in Gaza to screen in Bay Area,"After screening at film festivals around the world, including the recent San Francisco Jewish Film Festival, a stark documentary about American doctors volunteering in Gaza is making its way to [&#8230;]",https://jweekly.com/2026/08/10/unflinching-documentary-on-doctors-in-gaza-to-screen-in-bay-area-after-sfjff-showing/,J. Weekly,Cayla Labgold-Carroll,2026-08-10T23:47:08,2026-08-11 01:46:04.577849,https://jweekly.com/?p=309614
Sources: Final Gaza agreement omits explicit ban on Hamas weapons,Final Board of Peace text obligates group to 'decommission and store' heavy weapons while three sources tell the New York Times that Netanyahu halted Gaza strikes under mediator pressure - despite insisting on total disarmament,https://www.haaretz.com/israel-news/israel-security/2026-08-11/ty-article/sources-final-gaza-agreement-omits-explicit-ban-on-hamas-weapons/0000019f-ed59-db03-a9ff-ff5b2e940000,Haaretz,Haaretz,2026-08-10T22:52:29,2026-08-10 23:35:28.639809,https://www.haaretz.com/israel-news/israel-security/2026-08-11/ty-article/sources-final-gaza-agreement-omits-explicit-ban-on-hamas-weapons/0000019f-ed59-db03-a9ff-ff5b2e940000
Moderate Hawaii Rep. Easily Defeats Anti-Israel Challenger,"Rep. Ed Case (D-HI), a longtime pro-Israel Democrat, defeated a more progressive and younger challenger in Hawaii’s Democratic congressional primary,...",https://www.algemeiner.com/2026/08/10/moderate-hawaii-rep-easily-defeats-anti-israel-challenger/,Algemeiner,Corey Walker,2026-08-10T21:45:31,2026-08-10 22:37:35.792227,https://www.algemeiner.com/?p=777503
"Greece Sees Nationwide Pro-Palestinian Protests, Raising Fears for Israeli and Jewish Tourists","Greece was placed on heightened alert Sunday as pro-Palestinian activist networks staged dozens of demonstrations nationwide, raising fears of possible...",https://www.algemeiner.com/2026/08/10/greece-sees-nationwide-pro-palestinian-protests-raising-fears-for-israeli-and-jewish-tourists/,Algemeiner,Ailin Vilches Arguello,2026-08-10T21:46:48,2026-08-10 22:37:35.792197,https://www.algemeiner.com/?p=777500
UK Probes Major Muslim Charity Over Alleged Hamas Funding During Gaza War,British authorities have launched an investigation into one of the country’s largest Muslim charities over allegations of providing financial and...,https://www.algemeiner.com/2026/08/10/uk-probes-major-muslim-charity-over-alleged-hamas-funding-during-gaza-war/,Algemeiner,Ailin Vilches Arguello,2026-08-10T21:49:24,2026-08-10 22:37:35.792165,https://www.algemeiner.com/?p=777490
Muslim Brotherhood Publication Celebrates Abdul El-Sayed Primary Victory,"A Muslim Brotherhood-linked publication celebrated Abdul El-Sayed’s victory in Michigan’s Democratic Senate primary last week, highlighting the candidate’s opposition to...",https://www.algemeiner.com/2026/08/10/muslim-brotherhood-publication-celebrates-abdul-el-sayed-primary-victory/,Algemeiner,Corey Walker,2026-08-10T21:49:56,2026-08-10 22:37:35.792125,https://www.algemeiner.com/?p=777485
Netanyahu rejects the Gaza peace plan and the Israeli opposition says amen,,https://www.haaretz.com/opinion/editorial/2026-08-10/ty-article-opinion/netanyahu-rejects-the-gaza-peace-plan-and-the-israeli-opposition-says-amen/0000019f-ed1d-d569-a5ff-fd7d49a80000,Haaretz,Haaretz Editorial,2026-08-10T20:45:06,2026-08-10 21:41:42.775829,https://www.haaretz.com/opinion/editorial/2026-08-10/ty-article-opinion/netanyahu-rejects-the-gaza-peace-plan-and-the-israeli-opposition-says-amen/0000019f-ed1d-d569-a5ff-fd7d49a80000
Muslim progressives are reshaping American politics – and Israel made it happen,"From Michigan to Mamdani, a new progressive alliance of Muslims, Arabs and Jews is challenging Trumpism and unconditional support for Israel. Gaza helped bring that political transformation about",https://www.haaretz.com/opinion/2026-08-10/ty-article-opinion/.premium/muslim-progressives-are-reshaping-american-politics-and-israel-made-it-happen/0000019f-eccd-d569-a5ff-fcedb24f0000,Haaretz,Odeh Bisharat,2026-08-10T20:48:35,2026-08-10 21:41:42.775803,https://www.haaretz.com/opinion/2026-08-10/ty-article-opinion/.premium/muslim-progressives-are-reshaping-american-politics-and-israel-made-it-happen/0000019f-eccd-d569-a5ff-fcedb24f0000
Haaretz Cartoon,,https://www.haaretz.com/opinion/daily-cartoon/2026-08-11/ty-article-opinion/haaretz-cartoon/0000019f-ed90-d101-a5bf-ef900bb70000,Haaretz,Amos Biderman,2026-08-10T21:26:33,2026-08-10 21:41:42.775761,https://www.haaretz.com/opinion/daily-cartoon/2026-08-11/ty-article-opinion/haaretz-cartoon/0000019f-ed90-d101-a5bf-ef900bb70000
Haverford to establish antisemitism committee in settlement of Jew-hatred lawsuit,"Under the agreement, the private Pennsylvania school will also require those wearing masks or face coverings on campus to disclose their identities when campus officials request it.",https://www.jns.org/news/u-s-news/haverford-to-establish-antisemitism-committee-in-settlement-of-jew-hatred-lawsuit,JNS,,2026-08-10T20:44:57,2026-08-10 21:41:35.964065,https://www.jns.org/news/u-s-news/haverford-to-establish-antisemitism-committee-in-settlement-of-jew-hatred-lawsuit
"‘Justice, justice’ … why all the repetition?",Rashi basically tells us: The messenger matters as much as the message.,https://www.jns.org/opinion/column/rabbi-yossy-goldman/justice-justice-why-all-the-repetition,JNS,Rabbi Yossy Goldman,2026-08-10T21:00:00,2026-08-10 21:41:35.964034,https://www.jns.org/opinion/column/rabbi-yossy-goldman/justice-justice-why-all-the-repetition
A Torah scroll travels to Scouting America’s National Jamboree,"“Here we are, proud to be a pillar of Jewish life in Appalachia and to be able to facilitate Jewish experiences,” Rabbi Adam Berman said after loaning the scroll to the 2026 gathering.",https://www.jns.org/news/u-s-news/a-torah-scroll-travels-to-scouting-americas-national-jamboree,JNS,Alan Smason,2026-08-10T21:18:52,2026-08-10 21:41:35.964008,https://www.jns.org/news/u-s-news/a-torah-scroll-travels-to-scouting-americas-national-jamboree
"SCOOP: Seattle mayor pledges more security for Jews during High Holidays, discusses Jew-hatred for first time since assuming office","“I know Seattle’s Jewish community is acutely aware of a rise in antisemitism and is feeling anxiety and concern,” Katie Wilson told JNS, in the mayor’s first apparent comment on rising Jew-hatred since she assumed office in January.",https://www.jns.org/news/u-s-news/scoop-seattle-mayor-pledges-more-security-for-jews-during-high-holidays-discusses-jew-hatred-for-first-time-since-assuming-office,JNS,Jessica Russak-Hoffman,2026-08-10T21:20:14,2026-08-10 21:41:35.963970,https://www.jns.org/news/u-s-news/scoop-seattle-mayor-pledges-more-security-for-jews-during-high-holidays-discusses-jew-hatred-for-first-time-since-assuming-office
What’s the right way to beat the left?,"Israelis ought to heed Abe Greenwald’s warning that “naming and shaming the big, glaring, awful thing that defines one’s opponent doesn’t have the persuasive power we’d like to think.”",https://www.jns.org/opinion/column/ruthie-blum/whats-the-right-way-to-beat-the-left,JNS,Ruthie Blum,2026-08-10T21:30:00,2026-08-10 21:41:35.963924,https://www.jns.org/opinion/column/ruthie-blum/whats-the-right-way-to-beat-the-left
Israel on Campus Coalition Conference Convenes for the Largest Gathering of Pro-Israel Students in the U.S.,"The Summit theme was “American. Zionist. Proud,” and Tessa Veksler, an advocate who was part of the ICC Geller Fellowship, hosted the sessions. The post Israel on Campus Coalition Conference Convenes for the Largest Gathering of Pro-Israel Students in the U.S. appeared first on Jewish Journal .",https://jewishjournal.com/community/391024/israel-on-campus-coalition-conference-convenes-for-the-largest-gathering-of-pro-israel-students-in-the-u-s/,Jewish Journal,Kylie Ora Lobell,2026-08-10T20:47:31,2026-08-10 21:41:33.567232,https://jewishjournal.com/?p=391024
What does the DSA actually want? Its national co-chair can’t say.,"It’s been a heady couple of months for the Democratic Socialists of America. Candidates the organization rallied behind ousted establishment Democrats in New York, Michigan, Colorado and Wisconsin state primaries. Pundits who doubted the movement last year are now eating crow. With the DSA having forced its way into the spotlight, national co-chair Megan Romer... The post What does the DSA actually want? Its national co-chair can’t say. appeared first on The Forward .",https://forward.com/news/844262/dsa-megan-romer-israel-interview/,The Forward,Louis Keene,2026-08-10T20:54:19,2026-08-10 21:41:29.279297,https://forward.com/?p=844262
Antisemitism flourishes amid cultural and historical illiteracy. Classrooms should be a cure.,"School will be back in session before we know it. A smattering of the headlines in the final weeks of the last academic year, coinciding with Jewish American Heritage Month in May, suggest that fighting antisemitism in educational environments will remain a monumental challenge. They include a lawsuit against the nation’s largest teachers’ union for... The post Antisemitism flourishes amid cultural and historical illiteracy. Classrooms should be a cure. appeared first on The Forward .",https://forward.com/opinion/844277/antisemitism-hidden-voices-school-curriculum/,The Forward,Natalia Mehlman Petrzela,2026-08-10T21:10:17,2026-08-10 21:41:29.279249,https://forward.com/?p=844277
"Pioneering restaurant chain Taïm closes, outlets padlocked for unpaid taxes","Taïm Mediterranean Grill, a pioneering fast casual Israeli food chain, is closing locations across the country, after New York State issued warrants for hundreds of thousands of dollars in unpaid taxes. The restaurant, founded by Israeli-American celebrity chef Einat Admony and now owned by the Illinois-based conglomerate Craveworthy Brands had expanded across New York, Washington... The post Pioneering restaurant chain Taïm closes, outlets padlocked for unpaid taxes appeared first on The Forward .",https://forward.com/food/844268/taim-restaurants-closed-israeli-food/,The Forward,Sage Lattman,2026-08-10T21:28:46,2026-08-10 21:41:29.279192,https://forward.com/?p=844268
NY Young Republican treasurer seen with club president after Nazi salute suspension,"Plus, a 25-year-old former IDF soldier dies of suicide in New York. -- The post NY Young Republican treasurer seen with club president after Nazi salute suspension appeared first on Jewish Telegraphic Agency .",https://www.jta.org/2026/08/10/ny/ny-young-republican-treasurer-seen-with-club-president-after-nazi-salute-suspension,JTA,New York Jewish Week Staff,2026-08-10T21:38:53,2026-08-10 21:41:26.895329,https://www.jta.org/?p=1905838
"Iran demands, Gaza disarmament and new Saudi pact reshape Middle East","“Jerusalem Minute” is your JNS weekly news briefing filmed in the JNS Media Hub in Jerusalem, the heart of where some of Israel’s biggest stories unfold. Hosted by Alex Traiman, JNS CEO and Jerusalem bureau chief, and Middle East correspondent Josh Hasten, the show delivers sharp, real-time analysis on the events shaping Israel and the Middle East. From Gaza to Lebanon to Iran’s regional aggression, U.S.-Israel diplomacy and domestic political turmoil, “Jerusalem Minute” offers an up-to-the-minute picture of what’s happening and why it matters. Bring an understanding of the history of the Middle East and insider perspectives, Traiman and Hasten unpack Israel’s most urgent developments. Each episode connects breaking news to the broader geopolitical landscape—examining how global decisions, regional tensions and media narratives impact Israel’s security and diplomacy. For anyone seeking a credible, fast-moving analysis of Israel news and Middle East affairs, “Jerusalem Minute” delivers context and clarity you won’t find anywhere else. See more at:  @JNS_TV  and subscribe to our YouTube channel.",https://www.jns.org/jns-tv/jlminute/iran-demands-gaza-disarmament-and-new-saudi-pact-reshape-middle-east,JNS,Alex Traiman,2026-08-10T19:55:59,2026-08-10 20:42:30.573576,https://www.jns.org/jns-tv/jlminute/iran-demands-gaza-disarmament-and-new-saudi-pact-reshape-middle-east
"SCOOP: Mamdani didn't invite us to meeting with rabbis, NY Board of Rabbis, Rabbinic Council of America tell JNS","“I don’t know who he went through,” the board told JNS. “He didn’t go through us.”",https://www.jns.org/news/u-s-news/scoop-mamdani-didnt-invite-us-to-meeting-with-rabbis-ny-board-of-rabbis-rabbinic-council-of-america-tell-jns,JNS,Rikki Zagelbaum,2026-08-10T20:15:56,2026-08-10 20:42:30.573421,https://www.jns.org/news/u-s-news/scoop-mamdani-didnt-invite-us-to-meeting-with-rabbis-ny-board-of-rabbis-rabbinic-council-of-america-tell-jns
"Russian-Israeli historian disappeared after landing in Israel, Russian reports say","Acquaintances say they have been unable to contact Artem Kirpichenok since he landed in Israel earlier in August, Russian media reported. The historian has twice visited Iran and recently published a series of articles criticizing Israel",https://www.haaretz.com/world-news/europe/2026-08-10/ty-article/.premium/reports-russian-israeli-historian-disappeared-after-landing-in-israel/0000019f-ebd3-d4c4-adff-ffdfbd1b0000,Haaretz,Haaretz,2026-08-10T19:34:13,2026-08-10 19:55:13.679822,https://www.haaretz.com/world-news/europe/2026-08-10/ty-article/.premium/reports-russian-israeli-historian-disappeared-after-landing-in-israel/0000019f-ebd3-d4c4-adff-ffdfbd1b0000
Biggest Israeli ice cream chain faces $100 million suit over 'sugar-free' labels,"A class action suit against Golda, Israel's largest ice cream chain, alleges some flavors labeled ""sugar-free"" contained 13 times the permitted amount of sugar",https://www.haaretz.com/israel-news/israel-crime/2026-08-10/ty-article/.premium/biggest-israeli-ice-cream-chain-faces-100-million-suit-over-sugar-free-labels/0000019f-ecd4-d310-a3df-ecd747e50000,Haaretz,Ben Kroll,2026-08-10T19:49:15,2026-08-10 19:55:13.679787,https://www.haaretz.com/israel-news/israel-crime/2026-08-10/ty-article/.premium/biggest-israeli-ice-cream-chain-faces-100-million-suit-over-sugar-free-labels/0000019f-ecd4-d310-a3df-ecd747e50000
Democratic attorneys general back Harvard in federal funding appeal,A filing from 20 states plus the District of Columbia supports Harvard without weighing in on allegations about antisemitism on campus.,https://www.jns.org/news/u-s-news/democratic-attorneys-general-back-harvard-in-federal-funding-appeal,JNS,Jessica Russak-Hoffman,2026-08-10T19:05:49,2026-08-10 19:55:06.692409,https://www.jns.org/news/u-s-news/democratic-attorneys-general-back-harvard-in-federal-funding-appeal
‘Serious questions’ from Jewish groups after man convicted of attacking Jewish DePaul students gets just 300 days in jail,"“There is a growing perception in our community of a two-tiered standard,” Daniel Schwartz of the Chicago Jewish Alliance told JNS.",https://www.jns.org/news/u-s-news/serious-questions-from-jewish-groups-after-man-convicted-of-attacking-jewish-depaul-students-gets-just-300-days-in-jail,JNS,Aaron Bandler,2026-08-10T19:40:37,2026-08-10 19:55:06.692386,https://www.jns.org/news/u-s-news/serious-questions-from-jewish-groups-after-man-convicted-of-attacking-jewish-depaul-students-gets-just-300-days-in-jail
"Michigan rabbis urge Democrats to protect Jewish delegates at upcoming convention after AG, fearing harassment, pulls out of event","A new petition underscores anxieties about growing antisemitism in the state’s Democratic coalition. -- The post Michigan rabbis urge Democrats to protect Jewish delegates at upcoming convention after AG, fearing harassment, pulls out of event appeared first on Jewish Telegraphic Agency .",https://www.jta.org/2026/08/10/politics/michigan-rabbis-urge-democrats-to-protect-jewish-delegates-at-upcoming-convention-after-ag-fearing-harassment-pulls-out-of-event,JTA,Andrew Lapin,2026-08-10T19:23:13,2026-08-10 19:54:56.460889,https://www.jta.org/?p=1905817
Bernie Sanders urges Democrats to ban ‘corrupt’ AIPAC spending in primaries,"AIPAC responded that Sanders wanted to ""blacklist Americans who disagree with him."" -- The post Bernie Sanders urges Democrats to ban &#8216;corrupt&#8217; AIPAC spending in primaries appeared first on Jewish Telegraphic Agency .",https://www.jta.org/2026/08/10/politics/bernie-sanders-urges-democrats-to-ban-corrupt-aipac-spending-in-primaries,JTA,Shira Li Bartov,2026-08-10T19:41:30,2026-08-10 19:54:56.460857,https://www.jta.org/?p=1905827
The Torah commands a bris. It doesn’t command brunch.,"Eight days after giving birth, I was lying on my bedroom floor begging my husband to cancel our son’s brit milah. Downstairs, friends were arranging bagels. Family members were arriving. [&#8230;]",https://jweekly.com/2026/08/10/the-torah-commands-a-bris-it-doesnt-command-brunch/,J. Weekly,Brooke Shapiro,2026-08-10T19:14:38,2026-08-10 19:54:51.557842,https://jweekly.com/?p=309567
Israelis are finally troubled by settler violence. Are they too late?,"With Israeli authorities letting settlers operate with impunity in the West Bank, it is the majority that now tut-tuts at the dinner table over each attack that must stand up and fight this if we wish to survive – as a country and as people with humanity",https://www.haaretz.com/israel-news/haaretz-today/2026-08-10/ty-article/.highlight/israelis-are-finally-troubled-by-settler-violence-are-they-too-late/0000019f-eca7-d101-a5bf-efb7a60b0000,Haaretz,Linda Dayan,2026-08-10T17:54:58,2026-08-10 18:58:00.149912,https://www.haaretz.com/israel-news/haaretz-today/2026-08-10/ty-article/.highlight/israelis-are-finally-troubled-by-settler-violence-are-they-too-late/0000019f-eca7-d101-a5bf-efb7a60b0000
Netanyahu's handpicked Likud candidate: Trump a 'morally corrupt piece of shit',"Oren Dobronsky, an Israeli-American businessman and reality TV figure, also wrote that Gaza 'must be destroyed to the ground.' On Monday, he apologized to Trump, saying, 'I lost my temper'",https://www.haaretz.com/israel-news/elections/2026-08-10/ty-article/.premium/netanyahus-handpicked-likud-candidate-trump-morally-corrupt-piece-of-shit/0000019f-ecd0-db03-a9ff-fed3979a0000,Haaretz,Michael Hauser Tov,2026-08-10T18:10:34,2026-08-10 18:58:00.149873,https://www.haaretz.com/israel-news/elections/2026-08-10/ty-article/.premium/netanyahus-handpicked-likud-candidate-trump-morally-corrupt-piece-of-shit/0000019f-ecd0-db03-a9ff-fed3979a0000
"Chabad has a strong presence in Israel, but it was never Zionist","Everywhere you go in Israel, you will see the famous face of the Lubavitcher Rebbe. But that can't obscure Chabad's decades-long opposition to the Zionist movement",https://www.haaretz.com/opinion/2026-08-10/ty-article-opinion/.premium/chabad-has-a-strong-presence-in-israel-but-it-was-never-zionist/0000019f-ecc5-da10-addf-eed5dde00000,Haaretz,Samuel Heilman,2026-08-10T18:12:50,2026-08-10 18:58:00.149845,https://www.haaretz.com/opinion/2026-08-10/ty-article-opinion/.premium/chabad-has-a-strong-presence-in-israel-but-it-was-never-zionist/0000019f-ecc5-da10-addf-eed5dde00000
International Media is Failing Palestinian Journalists in Gaza,"The world's leading media outlets must demand every day that Israel allow them to send reporters into Gaza, so that evidence for war crimes is documented. Leaving Palestinian journalists alone to cover Israel's atrocities is a dereliction of duty",https://www.haaretz.com/opinion/2026-08-10/ty-article-opinion/.premium/international-media-is-failing-palestinian-journalists-in-gaza/0000019f-e592-d310-a3df-e5932d050000,Haaretz,Taghreed El-Khodary,2026-08-10T18:14:43,2026-08-10 18:58:00.149815,https://www.haaretz.com/opinion/2026-08-10/ty-article-opinion/.premium/international-media-is-failing-palestinian-journalists-in-gaza/0000019f-e592-d310-a3df-e5932d050000
"Defense minister touts mass Palestinian displacement, snuff footage in campaign videos","One video, set to fast-paced music, shows IDF airstrikes in Gaza, Lebanon and Iran, including footage of explosions and Air Force strikes. In another video, Katz claims responsibility for the 'removal of some 40,000 residents from the terror camps'",https://www.haaretz.com/israel-news/elections/2026-08-10/ty-article/.premium/defense-minister-touts-palestinian-displacement-snuff-footage-in-campaign-ads/0000019f-ecbc-d310-a3df-ecbf4f840000,Haaretz,Haaretz,2026-08-10T18:32:54,2026-08-10 18:58:00.149771,https://www.haaretz.com/israel-news/elections/2026-08-10/ty-article/.premium/defense-minister-touts-palestinian-displacement-snuff-footage-in-campaign-ads/0000019f-ecbc-d310-a3df-ecbf4f840000
The time factor,"Iran may be weakened, but the regime is using every pause to rebuild its weapons, proxies and alliances—and time could become its most potent weapon.",https://www.jns.org/opinion/column/fiamma-nirenstein/the-time-factor,JNS,Fiamma Nirenstein,2026-08-10T18:25:34,2026-08-10 18:57:52.360200,https://www.jns.org/opinion/column/fiamma-nirenstein/the-time-factor
The strategic illusion: What’s behind the Saudi-Turkish-Pakistani agreement?,Is it a result of the Sunni-Shi’ite conflict? Or a Muslim alliance against the non-Muslim world?,https://www.jns.org/opinion/harold-rhode/the-strategic-illusion-whats-behind-the-saudi-turkish-pakistani-agreement,JNS,Harold Rhode,2026-08-10T18:30:00,2026-08-10 18:57:52.360169,https://www.jns.org/opinion/harold-rhode/the-strategic-illusion-whats-behind-the-saudi-turkish-pakistani-agreement
Jews almost eight times likelier than Muslims and Arabs to be targets of hate crimes in Seattle area since 2023,"“The numbers are absolutely alarming, but alarm doesn’t help,” Randy Kessler, executive director of StandWithUs Northwest, told JNS.",https://www.jns.org/news/u-s-news/jews-almost-eight-times-likelier-than-muslims-and-arabs-to-be-targets-of-hate-crimes-in-seattle-area-since-2023,JNS,Menachem Wecker,2026-08-10T18:50:33,2026-08-10 18:57:52.360135,https://www.jns.org/news/u-s-news/jews-almost-eight-times-likelier-than-muslims-and-arabs-to-be-targets-of-hate-crimes-in-seattle-area-since-2023
"South Carolina’s Republican Senate nominee will likely be pro-Israel, but no match for Lindsey Graham","Matching Graham’s level of foreign policy experience and focus on the Middle East, a region he often visited, would be difficult. -- The post South Carolina’s Republican Senate nominee will likely be pro-Israel, but no match for Lindsey Graham appeared first on Jewish Telegraphic Agency .",https://www.jta.org/2026/08/10/politics/south-carolinas-republican-senate-nominee-will-likely-be-pro-israel-but-no-match-for-lindsey-graham,JTA,Sharon Udasin,2026-08-10T18:27:26,2026-08-10 18:57:41.392621,https://www.jta.org/?p=1905820
How three Jewish refugees built Iceland’s classical music scene from scratch,"(JTA)&#160;— Reykjavik, Iceland, in the autumn of 1935 was a small fishing port of corrugated-iron houses battered by high winds, cod trawlers idling in the harbor, and geothermal steam curling [&#8230;]",https://jweekly.com/2026/08/10/how-three-jewish-refugees-built-icelands-classical-music-scene-from-scratch/,J. Weekly,Jenna Gottlieb,2026-08-10T18:40:03,2026-08-10 18:57:36.226736,https://jweekly.com/?p=309552
OPINION | Don't take America for granted,This story was originally published in the Forward. Click here to get the Forward&#8217;s free email newsletters delivered to your inbox. When I moved from Belgium to the United States [&#8230;],https://jweekly.com/2026/08/10/250-years-of-american-jewish-life-is-a-miracle-dont-take-it-for-granted/,J. Weekly,Flora Cassen,2026-08-10T18:48:44,2026-08-10 18:57:36.226691,https://jweekly.com/?p=309557
New far-right Colombian gov't recognizes Israeli sovereignty over Golan Heights,"Colombia's Foreign Ministry said the plateau, captured by Israel from Syria in 1967, is ""an essential component of its national defense and its ability to protect and safeguard its citizens""",https://www.haaretz.com/israel-news/israel-politics/2026-08-10/ty-article/.premium/new-far-right-colombian-govt-recognizes-israeli-sovereignty-over-golan-heights/0000019f-ec84-db03-a9ff-fe973dab0000,Haaretz,Jonathan Lis,2026-08-10T16:44:58,2026-08-10 17:51:47.417979,https://www.haaretz.com/israel-news/israel-politics/2026-08-10/ty-article/.premium/new-far-right-colombian-govt-recognizes-israeli-sovereignty-over-golan-heights/0000019f-ec84-db03-a9ff-fe973dab0000
Poll-rigging bots and AI robocalls: The dark tech running Israel's election campaigns,"From ad-tech tools once used to track Iranian nuclear scientists to AI-generated phone calls, Israeli campaigns are deploying a vast tech arsenal to sway voters – with no regulator watching",https://www.haaretz.com/israel-news/security-aviation/2026-08-10/ty-article-magazine/.premium/poll-rigging-bots-and-ai-robocalls-dark-tech-runs-israels-election-campaigns/0000019f-eb5f-d101-a5bf-eb5f63800000,Haaretz,Omer Benjakob,2026-08-10T17:12:27,2026-08-10 17:51:47.417947,https://www.haaretz.com/israel-news/security-aviation/2026-08-10/ty-article-magazine/.premium/poll-rigging-bots-and-ai-robocalls-dark-tech-runs-israels-election-campaigns/0000019f-eb5f-d101-a5bf-eb5f63800000
Loneliness before the Digital Age: How Ancient Rome invented the architecture of alienation,"Before social media, there was ancient Rome, where building to separate created the first metropolis of loneliness",https://www.haaretz.com/archaeology/2026-08-10/ty-article-magazine/loneliness-before-reddit-ancient-rome-invented-the-architecture-of-alienation/0000019f-eb75-d106-a7ff-fbf5f77a0000,Haaretz,Terry Madenholm,2026-08-10T17:32:31,2026-08-10 17:51:47.417902,https://www.haaretz.com/archaeology/2026-08-10/ty-article-magazine/loneliness-before-reddit-ancient-rome-invented-the-architecture-of-alienation/0000019f-eb75-d106-a7ff-fbf5f77a0000
What Azerbaijan’s Mediation within the Israeli-Turkish Disputes Reveals about the Current State of Affairs Between Jerusalem and Ankara,"Since the Hamas terrorist attack on Israel on October 7, 2023, the Turkish government around President Recep Tayyip Erdoğan has...",https://www.algemeiner.com/2026/08/10/what-azerbaijans-mediation-within-the-israeli-turkish-disputes-reveals-about-the-current-state-of-affairs-between-jerusalem-and-ankara/,Algemeiner,Boris Ginzburg,2026-08-10T16:56:30,2026-08-10 17:51:42.501103,https://www.algemeiner.com/?p=777458
How the American Media Erased the Resume of Their Terror-Tied Gaza Source,"There’s an old journalism maxim, “consider the source.” Investigators should not only ask “what happened?” but also “who is telling...",https://www.algemeiner.com/2026/08/10/how-the-american-media-erased-the-resume-of-their-terror-tied-gaza-source/,Algemeiner,Aaron Goren,2026-08-10T16:56:46,2026-08-10 17:51:42.501073,https://www.algemeiner.com/?p=777462
The Gaza Stories That the Celebrity Class Never Correct,Fourteen thousand babies were going to die. Not eventually. Not over a year. Within 48 hours. That was the claim...,https://www.algemeiner.com/2026/08/10/the-gaza-stories-that-the-celebrity-class-never-correct/,Algemeiner,Micha Danzig,2026-08-10T16:56:54,2026-08-10 17:51:42.501046,https://www.algemeiner.com/?p=777466
Israel’s Greatest Challenge Right Now Is Internal Unity,"Israel has never lacked enemies. From the moment the Jewish State declared independence in 1948, it has faced military invasions,...",https://www.algemeiner.com/2026/08/10/israels-greatest-challenge-right-now-is-internal-unity/,Algemeiner,Sabine Sterk,2026-08-10T16:57:03,2026-08-10 17:51:42.501021,https://www.algemeiner.com/?p=777450
‘Fauda’ Star Lior Raz Announces Season 5 Release Date on Netflix,&#8220;Fauda&#8221; co-creator and lead actor Lior Raz announced when season five of the hit Israeli television show will be released...,https://www.algemeiner.com/2026/08/10/fauda-star-lior-raz-announces-season-5-release-date-on-netflix/,Algemeiner,Shiryn Ghermezian,2026-08-10T16:57:43,2026-08-10 17:51:42.500993,https://www.algemeiner.com/?p=777478
West Ham Reaches Agreement in Principle to Sign Israeli Winger Manor Solomon From Tottenham,West Ham United reached an agreement in principle with Tottenham Hotspur to sign Israeli winger Manor Solomon in a deal...,https://www.algemeiner.com/2026/08/10/west-ham-reaches-agreement-in-principle-to-sign-israeli-winger-manor-solomon-from-tottenham/,Algemeiner,Shiryn Ghermezian,2026-08-10T16:57:53,2026-08-10 17:51:42.500956,https://www.algemeiner.com/?p=777470
New far-right Colombian gov't recognizes Israeli sovereignty over Golan Heights,Israel's Gideon Sa'ar welcomed the decision to recognize the area Israel captured from Syria in the 1967 in the 1967 Six-Day War and annexed in 1981.,https://www.haaretz.com/israel-news/israel-politics/2026-08-10/ty-article/new-far-right-colombian-govt-recognizes-israeli-sovereignty-over-golan-heights/0000019f-ec84-db03-a9ff-fe973dab0000,Haaretz,Jonathan Lis,2026-08-10T16:44:58,2026-08-10 16:54:13.936955,https://www.haaretz.com/israel-news/israel-politics/2026-08-10/ty-article/new-far-right-colombian-govt-recognizes-israeli-sovereignty-over-golan-heights/0000019f-ec84-db03-a9ff-fe973dab0000
"Explaining the West Bank map: What are Areas A, B and C?","The fragmented areas were created by the Oslo Accords in 1993 as a temporary measure to divide control between Israel and the Palestinians. More than 30 years later, the system remains in place",https://www.haaretz.com/haaretz-explains/2026-08-10/ty-article-magazine/.premium/explaining-the-west-bank-map-what-are-areas-a-b-and-c/0000019f-e55e-da6c-a9df-efdec6930000,Haaretz,Linda Dayan,2026-08-10T16:46:17,2026-08-10 16:54:13.936915,https://www.haaretz.com/haaretz-explains/2026-08-10/ty-article-magazine/.premium/explaining-the-west-bank-map-what-are-areas-a-b-and-c/0000019f-e55e-da6c-a9df-efdec6930000
The betrayal of Jewish and Israeli academic departments in America,"A new audit reveals that more than half of U.S. professors of Jewish, Israel, Hebrew and Holocaust studies publicly endorse anti-Israel positions.",https://www.jns.org/opinion/ronn-torossian/the-betrayal-of-jewish-and-israeli-academic-departments-in-america,JNS,Ronn Torossian,2026-08-10T16:15:00,2026-08-10 16:54:07.035882,https://www.jns.org/opinion/ronn-torossian/the-betrayal-of-jewish-and-israeli-academic-departments-in-america
Thank you Travel and Leisure: 3 Minutes in Extreme Cold,[&#8230;] The post Thank you Travel and Leisure: 3 Minutes in Extreme Cold appeared first on Jewish Journal .,https://jewishjournal.com/culture/travel/390974/thank-you-travel-leisure/,Jewish Journal,Lisa Ellen Niver,2026-08-10T16:00:41,2026-08-10 16:54:04.686678,https://jewishjournal.com/?p=390974
How 3 Jewish refugees from the Nazis built Iceland’s classical music scene from scratch,Iceland's prime minister closed the borders to Jews — but three men who slipped in changed the country's history. -- The post How 3 Jewish refugees from the Nazis built Iceland&#8217;s classical music scene from scratch appeared first on Jewish Telegraphic Agency .,https://www.jta.org/2026/08/10/global/how-3-jewish-refugees-from-the-nazis-built-icelands-classical-music-scene-from-scratch,JTA,Jenna Gottlieb,2026-08-10T16:00:48,2026-08-10 16:53:57.041177,https://www.jta.org/?p=1905500
Ex-hostage's mother says Yair Golan backed out of secret deal for Knesset spot,"Einav Zangauker, who led the hostage families' anti-Netanyahu campaign during the Gaza war, said the chairman of the center-left Democrats party promised her a top spot on its slate, allowing her to bypass the party primaries",https://www.haaretz.com/israel-news/elections/2026-08-10/ty-article/.premium/ex-hostages-mother-says-yair-golan-backed-out-of-secret-deal-for-knesset-spot/0000019f-ec3a-d310-a3df-ec3be4d50000,Haaretz,Noa Shpigel,2026-08-10T15:31:02,2026-08-10 16:00:14.716700,https://www.haaretz.com/israel-news/elections/2026-08-10/ty-article/.premium/ex-hostages-mother-says-yair-golan-backed-out-of-secret-deal-for-knesset-spot/0000019f-ec3a-d310-a3df-ec3be4d50000
"Shahin - ""Even though his skin was fair and his eyes were green, customers only saw the dark features of his face.""",,https://jewishcurrents.org/shahin,Jewish Currents,Ibtisam Azem,2026-08-10T15:09:00,2026-08-10 16:00:11.903465,https://jewishcurrents.org/shahin
"EXCLUSIVE: State Dept official ‘failed to do his homework’ before working with terror-tied charity, senior US official says","“World Vision is severely compromised by ties to Islamist terrorists and a radical left wing climate change agenda,” the senior Trump administration official told JNS. “Why is he funding them?”",https://www.jns.org/news/u-s-news/exclusive-state-dept-official-failed-to-do-his-homework-before-working-with-terror-tied-charity-senior-us-official-says,JNS,Mike Wagenheim,2026-08-10T15:23:26,2026-08-10 16:00:07.369620,https://www.jns.org/news/u-s-news/exclusive-state-dept-official-failed-to-do-his-homework-before-working-with-terror-tied-charity-senior-us-official-says
Shabbat protests outside Jerusalem cafe show no sign of abating,"(JTA) — JERUSALEM – By mid-morning on Saturday, the alleys surrounding Cafe Basimta were filled with haredi Orthodox demonstrators protesting the cafe’s decision to open on Shabbat. It was the sixth consecutive Shabbat that the small cafe off Agrippas Street had faced demonstrations, with no sign of change. Israeli police were out in force after... The post Shabbat protests outside Jerusalem cafe show no sign of abating appeared first on The Forward .",https://forward.com/fast-forward/844166/shabbat-protests-outside-jerusalem-cafe-show-no-sign-of-abating/,The Forward,Theia Chatelle,2026-08-10T15:05:17,2026-08-10 16:00:00.709469,https://forward.com/?p=844166
Netanyahu should have said yes to Trump’s Gaza exit plan,"Israel has every reason to distrust Hamas. The massacre of October 7, 2023, settled any lingering question about the organization’s intentions, and the possibility that Hamas might exploit a ceasefire, conceal weapons or rebuild its military capacity belongs at the center of Israeli security planning. That is an argument for vigilance, for verification, for demanding... The post Netanyahu should have said yes to Trump’s Gaza exit plan appeared first on The Forward .",https://forward.com/opinion/844214/trump-netanyahu-gaza-board-peace/,The Forward,Dan Perry,2026-08-10T15:34:28,2026-08-10 16:00:00.709420,https://forward.com/?p=844214
Here I’m the boss,"צווישן די סיבות פֿאַר וואָס אַ מענטש פֿילט אַנגסט און דעפּרעסיע זענען אָפֿט מאָל אָבסעסיווע מחשבֿות. ווער עס לײַדט דערפֿון, אָדער קען עמעצן וואָס לײַדט דערפֿון, דאַרף נישט קיין סך דערקלערונגען כּדי צו פֿאַרשטיין וויפֿל דאָס קען פֿאַרקריפּלען אַ מענטשן. ווי אַזוי קען מען זיך באַפֿרײַען פֿון אָבסעסיווע מחשבֿות וואָס פּאַראַליזירן דעם מענטש? פֿאַרשטייט זיך,... The post Here I’m the boss appeared first on The Forward .",https://forward.com/yiddish/844169/here-im-the-boss/,The Forward,הרבֿ אליעזר שם טוב,2026-08-10T15:55:49,2026-08-10 16:00:00.709367,https://forward.com/?p=844169
Why Trump’s new ‘Red Scare’ tactics could spell trouble for Jews,"If a time traveler from late Weimar Germany materialized in America today, they would instantly recognize the spiteful rhetoric pouring from Donald Trump and his lieutenants — language that echoes what Adolf Hitler and the Nazis deployed a century ago. “The radical left is actively trying to destroy our children’s future with the disaster known... The post Why Trump&#8217;s new &#8216;Red Scare&#8217; tactics could spell trouble for Jews appeared first on The Forward .",https://forward.com/culture/844199/trump-red-scare-communist-democratic-socialist-jews-judeo-bolshevism/,The Forward,Terrence Petty,2026-08-10T15:58:07,2026-08-10 16:00:00.709306,https://forward.com/?p=844199
'Sephora is coming to Israel!' Except it isn't,"After splashy headlines heralded the beauty giant's arrival, Haaretz has learned that the deal is for a one-off shipment of Sephora Collection products. 'Didn't anyone ask themselves how this makes sense?' an industry source wondered",https://www.haaretz.com/israel-news/2026-08-10/ty-article/.premium/sephora-is-coming-to-israel-except-it-isnt/0000019f-ec0b-da6c-a9df-ee8f19cd0000,Haaretz,Yarden Ben Gal Hirshorn,2026-08-10T14:31:30,2026-08-10 14:58:37.678926,https://www.haaretz.com/israel-news/2026-08-10/ty-article/.premium/sephora-is-coming-to-israel-except-it-isnt/0000019f-ec0b-da6c-a9df-ee8f19cd0000
"Israel cuts funding for local LGBTQ programs, putting them at risk of closure","Haifa and Be'er Sheva saw funding slashed by more than 90 percent, threatening vital assistance and support programs. May Golan's ministry blamed the lack of a director general, but the Finance Ministry says the cuts could have been avoided",https://www.haaretz.com/israel-news/2026-08-10/ty-article/israel-cuts-funding-for-local-lgbtq-programs-putting-them-at-risk-of-closure/0000019f-eb4f-dcbe-adff-ffff24630000,Haaretz,Alon Klein Yashar,2026-08-10T14:53:32,2026-08-10 14:58:37.678888,https://www.haaretz.com/israel-news/2026-08-10/ty-article/israel-cuts-funding-for-local-lgbtq-programs-putting-them-at-risk-of-closure/0000019f-eb4f-dcbe-adff-ffff24630000
Netanyahu's congressional call for a NATO-style alliance to counter Iran gives way to a Sunni state alliance,The new Ankara-Riyadh-Islamabad alignment presents Israel with a complex strategic calculus that requires careful navigation.,https://www.jns.org/opinion/column/alex-traiman/netanyahus-congressional-call-for-a-nato-style-alliance-to-counter-iran-gives-way-to-a-sunni-state-alliance,JNS,Alex Traiman,2026-08-10T13:14:54,2026-08-10 14:58:30.849028,https://www.jns.org/opinion/column/alex-traiman/netanyahus-congressional-call-for-a-nato-style-alliance-to-counter-iran-gives-way-to-a-sunni-state-alliance
Ireland’s fog of prejudice,A nation accustomed is allowing an ideological murkiness that clouds its moral vision to imperil the safety of its leaders.,https://www.jns.org/opinion/rabbi-areyah-kaltmann-irelands-fog-of-prejudice,JNS,Rabbi Areyah Kaltmann,2026-08-10T14:30:00,2026-08-10 14:58:30.848990,https://www.jns.org/opinion/rabbi-areyah-kaltmann-irelands-fog-of-prejudice
Discovering: The Art of Slow Travel.,[&#8230;] The post Discovering: The Art of Slow Travel. appeared first on Jewish Journal .,https://jewishjournal.com/uncategorized/390978/discovering-the-art-of-slow-travel/,Jewish Journal,Delia duPlessis,2026-08-10T14:08:06,2026-08-10 14:58:28.514657,https://jewishjournal.com/?p=390978
'Right-wing but not Netanyahu': Will Israel's new mini-parties save Bibi or bury him?,,https://www.haaretz.com/israel-news/podcasts/2026-08-10/ty-article-podcast/will-israels-new-mini-parties-save-bibi-or-bury-him/0000019f-e5d5-d310-a3df-e5d756da0000,Haaretz,Haaretz Podcast,2026-08-10T11:11:20,2026-08-10 13:08:52.219437,https://www.haaretz.com/israel-news/podcasts/2026-08-10/ty-article-podcast/will-israels-new-mini-parties-save-bibi-or-bury-him/0000019f-e5d5-d310-a3df-e5d756da0000
"Nearly 20% of Israelis have considered emigrating in past two years, poll shows","Eighteen percent of Israelis have considered moving to another country over the past two years, and one-third of Israelis know at least one person who has emigrated within that timeframe, according to a Kan public broadcaster poll",https://www.haaretz.com/israel-news/israel-politics/2026-08-10/ty-article/.premium/nearly-20-of-israelis-have-considered-emigrating-in-past-two-years-poll-shows/0000019f-eb4f-d86b-a59f-ef7fecc30000,Haaretz,Ben Kroll,2026-08-10T11:31:57,2026-08-10 13:08:52.219400,https://www.haaretz.com/israel-news/israel-politics/2026-08-10/ty-article/.premium/nearly-20-of-israelis-have-considered-emigrating-in-past-two-years-poll-shows/0000019f-eb4f-d86b-a59f-ef7fecc30000
Huckabee: Iran’s ballistic missiles can now reach European cities,“How long will it be until they can launch one toward the United States?” said the U.S. diplomat.,https://www.jns.org/news/u-s-news/huckabee-irans-ballistic-missiles-can-now-reach-european-cities,JNS,JNS Staff,2026-08-10T11:38:43,2026-08-10 13:08:45.335087,https://www.jns.org/news/u-s-news/huckabee-irans-ballistic-missiles-can-now-reach-european-cities
Netanyahu spokesman to JNS: Hamas must disarm before Gaza pullout,"The Islamist group is ""just as committed to terrorism today"" as it was on Oct. 7, 2023, according to Doron Spielman.",https://www.jns.org/news/israel-news/netanyahu-spokesman-hamas-must-disarm-before-gaza-pullout,JNS,Joshua Marks,2026-08-10T12:27:11,2026-08-10 13:08:45.335050,https://www.jns.org/news/israel-news/netanyahu-spokesman-hamas-must-disarm-before-gaza-pullout
Antisemitic electioneering always works,The 250-year American taboo on Jew-hating politics has been broken by the Democrats.,https://www.jns.org/opinion/column/benjamin-kerstein/antisemitic-electioneering-always-works,JNS,Benjamin Kerstein,2026-08-10T13:00:00,2026-08-10 13:08:45.335010,https://www.jns.org/opinion/column/benjamin-kerstein/antisemitic-electioneering-always-works
Shabbat protests outside Jerusalem cafe show no sign of abating,Police were out in force for the sixth straight week of demonstrators and counter-demonstrators. -- The post Shabbat protests outside Jerusalem cafe show no sign of abating appeared first on Jewish Telegraphic Agency .,https://www.jta.org/2026/08/10/israel/shabbat-protests-outside-jerusalem-cafe-show-no-sign-of-abating,JTA,Theia Chatelle,2026-08-10T11:32:03,2026-08-10 13:08:35.839947,https://www.jta.org/?p=1905803
KKL-JNF approves record NIS 859 million plan for northern Israel,"The board of Keren Kayemeth LeIsrael-Jewish National Fund approved a NIS 859 million ($286.3 million) investment plan for northern Israel, the largest outlay the fund has ever directed at the region, the organization announced yesterday. The three-year package designates the North as a single arena — stretching from the valleys of northern Israel, through the... Read More The post KKL-JNF approves record NIS 859 million plan for northern Israel appeared first on eJewishPhilanthropy .",https://ejewishphilanthropy.com/kkl-jnf-approves-record-nis-859-million-plan-for-northern-israel/,eJewish Philanthropy,Justin Hayet,2026-08-10T11:42:40,2026-08-10 13:08:33.314722,https://ejewishphilanthropy.com/?p=178444
What camp teaches us about accountability and belonging,"The following essay, published here as part of a collaboration between eJewishPhilanthropy and the Center for Jewish Peoplehood Education, is from the latest edition of CJPEs Peoplehood Papers series, “Cultivating Jewish Peoplehood at Camp,” produced in partnership with the Foundation for Jewish Camp and coming out this week. Accountability is often misunderstood as oversight or enforcement. In many... Read More The post What camp teaches us about accountability and belonging appeared first on eJewishPhilanthropy .",https://ejewishphilanthropy.com/what-camp-teaches-us-about-accountability-and-belonging/,eJewish Philanthropy,Diana Bloom,2026-08-10T12:04:37,2026-08-10 13:08:33.314672,https://ejewishphilanthropy.com/?p=178438
"Philanthropic entrepreneurs: Israeli giving, 13 years on","In August 2025, Shmuel and Anat Harlap pledged $180 million to Rabin Medical Center in Petach Tikva, among the largest gifts ever made by Israeli philanthropists to an Israeli institution. Earlier that year, when cybersecurity company Wiz announced its sale to Google for $32 billion, the founders pledged 1% of company stock to charity, a... Read More The post Philanthropic entrepreneurs: Israeli giving, 13 years on appeared first on eJewishPhilanthropy .",https://ejewishphilanthropy.com/philanthropic-entrepreneurs-israeli-giving-13-years-on/,eJewish Philanthropy,Frayda Leibtag,2026-08-10T12:25:00,2026-08-10 13:08:33.314616,https://ejewishphilanthropy.com/?p=178445
Your Daily Phil: KKL-JNF allocates NIS 859 million for northern Israel recovery,The post Your Daily Phil: KKL-JNF allocates NIS 859 million for northern Israel recovery appeared first on eJewishPhilanthropy .,https://ejewishphilanthropy.com/your-daily-phil-kkl-jnf-allocates-nis-859-million-for-northern-israel-recovery/,eJewish Philanthropy,EJP,2026-08-10T13:02:22,2026-08-10 13:08:33.314562,https://ejewishphilanthropy.com/?p=178482
How an unproven allegation against Arab Israeli medical staff became a political witch hunt,"An Israeli man accused Arab Israeli hospital staff of mistreating his nephew, a soldier wounded in Lebanon. The allegations should be investigated, but an impartial probe is a far cry from the campaign of vilification and incitement now underway",https://www.haaretz.com/israel-news/israel-politics/2026-08-10/ty-article/.premium/how-an-unproven-claim-sparked-a-witch-hunt-against-arab-israeli-medical-staff/0000019f-eac0-d101-a5bf-ebd02d410000,Haaretz,Jack Khoury,2026-08-10T09:46:23,2026-08-10 11:08:47.783242,https://www.haaretz.com/israel-news/israel-politics/2026-08-10/ty-article/.premium/how-an-unproven-claim-sparked-a-witch-hunt-against-arab-israeli-medical-staff/0000019f-eac0-d101-a5bf-ebd02d410000
"Why Michigan Jews should vote blue this fall, despite very real concerns","Rep. Haley Stevens was quick to offer her support for Senate candidate Abdul El-Sayed, despite a brutal primary contest between them. The reason is simple: handing Trump two more years of Senate control is just too dangerous",https://www.haaretz.com/opinion/2026-08-10/ty-article-opinion/.premium/why-michigan-jews-should-vote-blue-this-fall-despite-very-real-concerns/0000019f-e7d6-dfd7-a19f-e7de2c540000,Haaretz,Jo-Ann Mort,2026-08-10T10:13:31,2026-08-10 11:08:47.783202,https://www.haaretz.com/opinion/2026-08-10/ty-article-opinion/.premium/why-michigan-jews-should-vote-blue-this-fall-despite-very-real-concerns/0000019f-e7d6-dfd7-a19f-e7de2c540000
Anti-Israel activists break into US defense firm's UK office,"Police arrested two people in Scotland • In the Netherlands, a Dutch lawmaker was seen beside a ""Go Hamas"" sign.",https://www.jns.org/news/world/anti-israel-activists-break-into-us-defense-firms-uk-office,JNS,Canaan Lidor,2026-08-10T09:32:08,2026-08-10 11:08:41.087147,https://www.jns.org/news/world/anti-israel-activists-break-into-us-defense-firms-uk-office
‘Wide target audience that still loves Israel’: Tourism industry prepares for post-war rebound,"The main barrier to the recovery of Israel's tourism sector is the lack of flights, experts tell JNS.",https://www.jns.org/news/israel-news/wide-target-audience-that-still-loves-israel-tourism-industry-prepares-for-post-war-rebound,JNS,JNS Staff,2026-08-10T09:57:46,2026-08-10 11:08:41.087113,https://www.jns.org/news/israel-news/wide-target-audience-that-still-loves-israel-tourism-industry-prepares-for-post-war-rebound
"‘We’re leading, not leaving’: Family of 100,000th immigrant makes aliyah","Nefesh B’Nefesh marks 100,000 ""olim"" from North America since 2002 with the Douglas family, who moved to Jerusalem from New York.",https://www.jns.org/news/israel-news/were-leading-not-leaving-family-of-100-000th-immigrant-makes-aliyah,JNS,JNS Staff,2026-08-10T10:02:18,2026-08-10 11:08:41.087085,https://www.jns.org/news/israel-news/were-leading-not-leaving-family-of-100-000th-immigrant-makes-aliyah
"Big Cypress Research opens first Middle East office in Amman, Jordan","New Jordan-based operation expands Arabic-language monitoring and analysis of sanctions evasion, illicit finance, foreign influence and political developments affecting Israel and U.S. interests.",https://www.jns.org/wire/ Big-Cypress-Research/big-cypress-research-opens-first-middle-east-office-in-amman-jordan,JNS,,2026-08-10T10:24:14,2026-08-10 11:08:41.087053,https://www.jns.org/wire/ Big-Cypress-Research/big-cypress-research-opens-first-middle-east-office-in-amman-jordan
Religious Zionism Party posts Samaria road signs to keep drivers out of PA areas,"Jews who travel into Area A of Judea and Samaria face a ""danger of death,"" Religious Zionism MK Simcha Rothman told JNS.",https://www.jns.org/news/israel-news/religious-zionism-party-posts-samaria-road-signs-to-keep-drivers-out-of-pa-areas,JNS,Amelie Botbol,2026-08-10T10:37:22,2026-08-10 11:08:41.087020,https://www.jns.org/news/israel-news/religious-zionism-party-posts-samaria-road-signs-to-keep-drivers-out-of-pa-areas
Keep the gas on the counterterrorism pedal,"A restrained response will not merely fail to deter Hamas from attacking Israel again, but will be perceived as an acceptable price to pay for the damage that it inflicted on civilians three years ago.",https://www.jns.org/opinion/meir-ben-shabbat/keep-the-gas-on-the-counterterrorism-pedal,JNS,Meir Ben Shabbat,2026-08-10T10:54:59,2026-08-10 11:08:41.086985,https://www.jns.org/opinion/meir-ben-shabbat/keep-the-gas-on-the-counterterrorism-pedal
One of Dachau’s last living liberators still has somewhere to be,"ATLANTA — Hilbert “Hibby” Margol wears two watches. It is the kind of detail that seems small until you can’t stop noticing it. One watch is ordinary. It has hands, numbers, the plain mechanics of telling time. The other is a Life Alert, the sort of device sold to people who live alone, or to... The post One of Dachau&#8217;s last living liberators still has somewhere to be appeared first on The Forward .",https://forward.com/news/844076/hilbert-hibby-margol-dachau-liberation/,The Forward,Benyamin Cohen,2026-08-10T10:56:01,2026-08-10 11:08:34.388719,https://forward.com/?p=844076
"Ohel agrees to halt purchase of Camp Lavi, allowing sale to operator who will keep it as is","After a week of turmoil in the East Coast Jewish summer camp scene, a parent-led campaign persuaded Ohel Children’s Home and Family Services, Inc. to hand its winning bid for Camp Lavi in Pennsylvania to the second-place bidder, ensuring that the Modern Orthodox camp will continue operating in its current format, eJewishPhilanthropy has learned. A... Read More The post Ohel agrees to halt purchase of Camp Lavi, allowing sale to operator who will keep it as is appeared first on eJewishPhilanthropy .",https://ejewishphilanthropy.com/ohel-agrees-to-halt-purchase-of-camp-lavi-allowing-sale-to-operator-who-will-keep-it-as-is/,eJewish Philanthropy,Jay Deitcher,2026-08-10T11:02:36,2026-08-10 11:08:29.611858,https://ejewishphilanthropy.com/?p=178431
"Lebanon, Israel unlikely to resume talks in the coming month, source says","A source said the U.S. and Israel had rejected expanding the existing 'pilot zones' in southern Lebanon until progress is made in the two existing designated areas. So far, the Lebanese army has only taken over the northern zone",https://www.haaretz.com/israel-news/israel-security/2026-08-10/ty-article/.premium/lebanon-israel-unlikely-to-resume-talks-in-the-coming-month-source-says/0000019f-ea81-dfd7-a19f-ebcf9e5f0000,Haaretz,Haaretz,2026-08-10T08:04:43,2026-08-10 09:21:44.987482,https://www.haaretz.com/israel-news/israel-security/2026-08-10/ty-article/.premium/lebanon-israel-unlikely-to-resume-talks-in-the-coming-month-source-says/0000019f-ea81-dfd7-a19f-ebcf9e5f0000
"Extreme heat to sweep Israel, peak Wednesday",The lighting of fires in open areas has been banned through Aug. 31.,https://www.jns.org/news/israel-news/extreme-heat-to-sweep-israel-peak-wednesday,JNS,Pesach Benson/TPS-IL,2026-08-10T07:55:45,2026-08-10 09:21:38.079381,https://www.jns.org/news/israel-news/extreme-heat-to-sweep-israel-peak-wednesday
"Lebanon and Israel unlikely to resume talks in coming month, source says",,https://www.haaretz.com/israel-news/israel-security/2026-08-10/ty-article-live/board-of-peace-envoy-israel-wont-withdraw-from-gaza-until-militants-disarmed/0000019f-e968-d86b-a59f-ed7e54ba0000,Haaretz,Haaretz,2026-08-10T02:24:57,2026-08-10 07:42:11.053179,https://www.haaretz.com/israel-news/israel-security/2026-08-10/ty-article-live/board-of-peace-envoy-israel-wont-withdraw-from-gaza-until-militants-disarmed/0000019f-e968-d86b-a59f-ed7e54ba0000
UK probes Hamas-linked and pro-Israel charities,Charity Commission investigates Al-Khair Foundation and eight groups funding projects in Judea and Samaria.,https://www.jns.org/news/world/uk-probes-hamas-linked-and-pro-israel-charities,JNS,Canaan Lidor,2026-08-10T05:49:46,2026-08-10 07:42:04.366322,https://www.jns.org/news/world/uk-probes-hamas-linked-and-pro-israel-charities
Qatar as an enemy state: From recognition to strategy,"Doha’s influence cannot be countered through slogans or isolated measures. Israel needs a disciplined, multidimensional strategy designed for a long-term struggle.",https://www.jns.org/analysis/qatar-as-an-enemy-state-from-recognition-to-strategy,JNS,Ariel Admoni,2026-08-10T05:58:02,2026-08-10 07:42:04.366294,https://www.jns.org/analysis/qatar-as-an-enemy-state-from-recognition-to-strategy
Mladenov: Gaza tunnels could take decade to clear,The Board of Peace envoy said that Israel would not be required to withdraw from the Strip until Hamas disarms.,https://www.jns.org/news/israel-news/mladenov-gaza-tunnels-could-take-decade-to-clear,JNS,JNS Staff,2026-08-10T06:58:07,2026-08-10 07:42:04.366263,https://www.jns.org/news/israel-news/mladenov-gaza-tunnels-could-take-decade-to-clear
Special Report: UN data counts Palestinian terror as ‘settler violence’,"OCHA defines settler-related violence as incidents involving violence, intimidation or property damage carried out by ""settlers"" or against ""settlers,"" as well as incidents involving other Israeli civilians in Judea and Samaria.",https://www.jns.org/news/israel-news/special-report-un-data-counts-palestinian-terror-as-settler-violence,JNS,Pesach Benson and Brett Goodman/TPS-IL,2026-08-10T07:10:29,2026-08-10 07:42:04.366233,https://www.jns.org/news/israel-news/special-report-un-data-counts-palestinian-terror-as-settler-violence
"Trump 'low-keying' talks with Iran, opts for economic pressure","The regime “is in very bad shape” economically and cannot pay its troops due to the U.S. naval blockade on Iranian ports, said the U.S. president.",https://www.jns.org/news/u-s-news/trump-low-keying-talks-with-iran-opts-for-economic-pressure,JNS,JNS Staff,2026-08-10T07:13:15,2026-08-10 07:42:04.366191,https://www.jns.org/news/u-s-news/trump-low-keying-talks-with-iran-opts-for-economic-pressure
"Israel won't withdraw from Gaza until militants are disarmed, Board of Peace envoy says",,https://www.haaretz.com/israel-news/israel-security/2026-08-10/ty-article-live/.premium/board-of-peace-envoy-israel-wont-withdraw-from-gaza-until-militants-disarmed/0000019f-e968-d86b-a59f-ed7e54ba0000,Haaretz,Haaretz,2026-08-10T02:24:57,2026-08-10 03:56:11.002020,https://www.haaretz.com/israel-news/israel-security/2026-08-10/ty-article-live/.premium/board-of-peace-envoy-israel-wont-withdraw-from-gaza-until-militants-disarmed/0000019f-e968-d86b-a59f-ed7e54ba0000
The treaty that voids the signature,Saudi Arabia has bound itself by a mutual defense obligation to Ankara and Islamabad.,https://www.jns.org/opinion/daniel-winston/the-treaty-that-voids-the-signature,JNS,Daniel Winston,2026-08-09T06:00:00,2026-08-10 03:56:03.349420,https://www.jns.org/opinion/daniel-winston/the-treaty-that-voids-the-signature
The Jew-hating shadow takes a new shape to disguise itself from journalists,"At the end of the day, the best argument against Hasan Piker is not his anti-Jewish bigotry. It is that he hates America.",https://www.jns.org/opinion/shay-khatiri/the-jew-hating-shadow-takes-a-new-shape-to-disguise-itself-from-journalists,JNS,Shay Khatiri,2026-08-10T02:31:18,2026-08-10 03:56:03.349357,https://www.jns.org/opinion/shay-khatiri/the-jew-hating-shadow-takes-a-new-shape-to-disguise-itself-from-journalists
You can't integrate Israel into the Middle East while isolating it from Palestinians,"Israel cannot hold both ends of the stick – you can't continue the current policy in the West Bank and the Gaza Strip, while promising an Abraham Accords expansion and Israel's integration into the India-Middle East-Europe Economic Corridor",https://www.haaretz.com/opinion/2026-08-10/ty-article-opinion/.premium/you-cant-integrate-israel-into-middle-east-while-isolating-it-from-palestinians/0000019f-e789-d310-a3df-e78bff280000,Haaretz,Danny Citrinowicz,2026-08-10T00:04:02,2026-08-10 01:49:54.062019,https://www.haaretz.com/opinion/2026-08-10/ty-article-opinion/.premium/you-cant-integrate-israel-into-middle-east-while-isolating-it-from-palestinians/0000019f-e789-d310-a3df-e78bff280000
The West Bank special: An all-you-can-steal buffet,,https://www.haaretz.com/opinion/editorial/2026-08-10/ty-article-opinion/the-west-bank-special-an-all-you-can-steal-buffet/0000019f-e80a-d86b-a59f-ec3eb3400000,Haaretz,Haaretz,2026-08-10T00:04:11,2026-08-10 01:49:54.061978,https://www.haaretz.com/opinion/editorial/2026-08-10/ty-article-opinion/the-west-bank-special-an-all-you-can-steal-buffet/0000019f-e80a-d86b-a59f-ec3eb3400000
Jewish MK joining Arab party could shatter Netanyahu's election math,"Former Yesh Atid MK Yoav Segalovitz' decision to join the United Arab List breaks down two walls: one between Israelis and Arabs and the other the fear of cooperation, a wall that Netanyahu has been seeking to raise",https://www.haaretz.com/opinion/2026-08-10/ty-article-opinion/.premium/jewish-mk-joining-arab-party-could-shatter-netanyahus-election-math/0000019f-e787-da6c-a9df-ef8715cf0000,Haaretz,Raviv Drucker,2026-08-10T00:04:19,2026-08-10 01:49:54.061938,https://www.haaretz.com/opinion/2026-08-10/ty-article-opinion/.premium/jewish-mk-joining-arab-party-could-shatter-netanyahus-election-math/0000019f-e787-da6c-a9df-ef8715cf0000
Pakistan’s vanished Jewish legacy,The Jews helped build Karachi before prejudice finally forced them out.,https://www.jns.org/opinion/michael-freund/pakistans-vanished-jewish-legacy,JNS,Michael Freund,2026-08-10T01:30:00,2026-08-10 01:49:47.010805,https://www.jns.org/opinion/michael-freund/pakistans-vanished-jewish-legacy
Jewish Democrats Caught Between Devil and Deep Blue Sea,"For a Jewish Democrat, there is no good option between Al-Sayed and Donald Trump. That decision will carry immense political ramifications far beyond Michigan’s borders. The post Jewish Democrats Caught Between Devil and Deep Blue Sea appeared first on Jewish Journal .",https://jewishjournal.com/commentary/columnist/390981/jewish-democrats-caught-between-devil-and-deep-blue-sea/,Jewish Journal,Dan Schnur,2026-08-10T00:41:27,2026-08-10 01:49:44.367291,https://jewishjournal.com/?p=390981
"Shocking, Alarming News: The Jews Didn’t Do It!","A nutrition survey, recently released and coordinated by UNICEF, reveals that there has been no malnutrition in Gaza. The post Shocking, Alarming News: The Jews Didn&#8217;t Do It! appeared first on Jewish Journal .",https://jewishjournal.com/commentary/opinion/390986/shocking-alarming-news-the-jews-didnt-do-it/,Jewish Journal,Thane Rosenbaum,2026-08-10T01:01:31,2026-08-10 01:49:44.367243,https://jewishjournal.com/?p=390986
250 years of American Jewish life is a miracle. Don’t take it for granted.,"When I moved from Belgium to the United States for graduate school in the early 2000s, international-student orientation warned me about three areas in which I would experience culture shock: doctors, dating, and food. They were right: I am still looking for good chocolate. But what nobody mentioned was that culture shock can also work... The post 250 years of American Jewish life is a miracle. Don&#8217;t take it for granted. appeared first on The Forward .",https://forward.com/opinion/844136/jewish-american-life-250-brandeis-course/,The Forward,Flora Cassen,2026-08-09T23:07:36,2026-08-09 23:31:29.604763,https://forward.com/?p=844136
"Over Jewish concerns, Bay Area district votes 5-0 to use ethnic studies textbook","The materials distort “Jewish identity and experiences,” Oleg Ivanov, of StandWithUs, told JNS.",https://www.jns.org/news/u-s-news/over-jewish-concerns-bay-area-district-votes-5-0-to-use-ethnic-studies-textbook,JNS,Aaron Bandler,2026-08-09T21:23:56,2026-08-09 21:32:29.134953,https://www.jns.org/news/u-s-news/over-jewish-concerns-bay-area-district-votes-5-0-to-use-ethnic-studies-textbook
"Torn between Trump and Smotrich on Gaza, Netanyahu plays for time until election","Netanyahu is trying to navigate between Trump's demands to rehabilitate Gaza and pressure from his right-wing partners to make no concessions. With the election approaching, his strategy seems to be biding time with the hope international pressure eases",https://www.haaretz.com/israel-news/israel-politics/2026-08-09/ty-article/.premium/torn-between-trump-and-smotrich-on-gaza-netanyahu-plays-for-time-until-election/0000019f-e7c6-dfd7-a19f-e7ce623d0000,Haaretz,Jonathan Lis,2026-08-09T19:37:24,2026-08-09 20:33:02.948992,https://www.haaretz.com/israel-news/israel-politics/2026-08-09/ty-article/.premium/torn-between-trump-and-smotrich-on-gaza-netanyahu-plays-for-time-until-election/0000019f-e7c6-dfd7-a19f-e7ce623d0000
Poll: Likud regains lead but opposition bloc still ahead by three seats,"The Kan public television poll projects Likud gaining one seat to become the largest party, while the Democrats and Yisrael Beiteinu each win 10. The United Arab List and Religious Zionism also gain ground, while Otzma Yehudit loses a seat",https://www.haaretz.com/israel-news/elections/2026-08-09/ty-article/poll-likud-regains-lead-but-opposition-bloc-still-ahead-by-three-seats/0000019f-e7e9-df16-af9f-e7f9ce0e0000,Haaretz,Haaretz,2026-08-09T20:15:26,2026-08-09 20:33:02.948946,https://www.haaretz.com/israel-news/elections/2026-08-09/ty-article/poll-likud-regains-lead-but-opposition-bloc-still-ahead-by-three-seats/0000019f-e7e9-df16-af9f-e7f9ce0e0000
Ta'al rejects joint Arab list proposed slate as parties seek election alliance,"Hadash and Balad backed the proposal, while talks between the three parties continued in an effort to keep the Arab alliance from falling apart ahead of the general election in October",https://www.haaretz.com/israel-news/elections/2026-08-09/ty-article/.premium/taal-rejects-joint-arab-list-proposed-slate-as-parties-seek-election-alliance/0000019f-e755-da6c-a9df-efd71eeb0000,Haaretz,Jack Khoury,2026-08-09T19:21:27,2026-08-09 19:33:42.884559,https://www.haaretz.com/israel-news/elections/2026-08-09/ty-article/.premium/taal-rejects-joint-arab-list-proposed-slate-as-parties-seek-election-alliance/0000019f-e755-da6c-a9df-efd71eeb0000
Israeli genocide scholar who lost University of Minnesota job over his position on Gaza reaches $250k settlement,"Historian Raz Segal tells Haaretz the university was pressured by donors when it rescinded the job offer that would make him head of the Center for Holocaust and Genocide Studies. 'They are dividing between ""good Jews"" and ""bad Jews,"" who criticize Israel,' he says",https://www.haaretz.com/us-news/2026-08-09/ty-article-magazine/.premium/u-s-university-to-pay-israeli-scholar-who-lost-job-for-calling-gaza-a-genocide/0000019f-e705-deab-afdf-efafbdcc0000,Haaretz,Etan Nechin,2026-08-09T17:35:37,2026-08-09 18:40:52.066844,https://www.haaretz.com/us-news/2026-08-09/ty-article-magazine/.premium/u-s-university-to-pay-israeli-scholar-who-lost-job-for-calling-gaza-a-genocide/0000019f-e705-deab-afdf-efafbdcc0000
'Trump started a war with no plan. Now he doesn't know how to end it',,https://www.haaretz.com/israel-news/podcasts/2026-08-09/ty-article-podcast/trump-started-a-war-with-no-plan-now-he-doesnt-know-how-to-end-it/0000019f-d729-d7e2-a39f-f7ebb5f10000,Haaretz,Haaretz Podcast,2026-08-09T17:59:46,2026-08-09 18:40:52.066807,https://www.haaretz.com/israel-news/podcasts/2026-08-09/ty-article-podcast/trump-started-a-war-with-no-plan-now-he-doesnt-know-how-to-end-it/0000019f-d729-d7e2-a39f-f7ebb5f10000
Trump reportedly prepared to declare victory on Iran if Hormuz reopened,"The Wall Street Journal reported Trump was willing to forgo signing a nuclear deal, instead relying on U.S. military readiness to respond should Iran violate the cease-fire",https://www.haaretz.com/middle-east-news/iran/2026-08-09/ty-article/trump-reportedly-prepared-to-declare-victory-on-iran-if-hormuz-reopened/0000019f-e754-dfd7-a19f-e7deae140000,Haaretz,Haaretz,2026-08-09T18:04:06,2026-08-09 18:40:52.066775,https://www.haaretz.com/middle-east-news/iran/2026-08-09/ty-article/trump-reportedly-prepared-to-declare-victory-on-iran-if-hormuz-reopened/0000019f-e754-dfd7-a19f-e7deae140000
What Israel began in Gaza is spreading to Palestinians everywhere,"Israel treats Gaza as a war, the West Bank as a security dispute, and the weeks-long withholding of a Palestinian body as a procedural issue, compartmentalizing Palestinians in ways that obscure the broader project connecting them",https://www.haaretz.com/israel-news/haaretz-today/2026-08-09/ty-article/.highlight/what-israel-began-in-gaza-is-spreading-to-palestinians-everywhere/0000019f-e7a2-d310-a3df-e7a32ac60000,Haaretz,Nagham Zbeedat,2026-08-09T18:28:01,2026-08-09 18:40:52.066737,https://www.haaretz.com/israel-news/haaretz-today/2026-08-09/ty-article/.highlight/what-israel-began-in-gaza-is-spreading-to-palestinians-everywhere/0000019f-e7a2-d310-a3df-e7a32ac60000
El-Sayed defends opposing Israel aid as he woos Jewish voters,"Dr. Abdul El-Sayed made opposition to U.S. military aid to Israel a defining issue of his campaign in Michigan’s Democratic Senate primary. On Sunday, as the party’s nominee, El-Sayed explained why he supported sending American military aid to Ukraine in its war against Russia but opposes sending aid to Israel as it fights Hamas and... The post El-Sayed defends opposing Israel aid as he woos Jewish voters appeared first on The Forward .",https://forward.com/news/844100/el-sayed-israel-aid-jewish-voters/,The Forward,Jacob Kornbluh,2026-08-09T18:35:58,2026-08-09 18:40:36.999293,https://forward.com/?p=844100
"95 percent of Jewish students at Canadian universities have encountered antisemitism, survey finds","A Canadian federal government report found antisemitism to be a widespread endemic, as many Jewish students shared that they find themselves in a state of 'constant calculation' of whether to speak in class, display visible Jewish identity, or file a complaint",https://www.haaretz.com/jewish/2026-08-09/ty-article/.premium/nearly-all-canadian-jewish-university-students-faced-antisemitism-survey-finds/0000019f-e6fa-dfd7-a19f-e7fea8850000,Haaretz,Ben Kroll,2026-08-09T17:21:20,2026-08-09 17:31:43.410475,https://www.haaretz.com/jewish/2026-08-09/ty-article/.premium/nearly-all-canadian-jewish-university-students-faced-antisemitism-survey-finds/0000019f-e6fa-dfd7-a19f-e7fea8850000
"Netanyahu says Israel rejects U.S. Gaza peace plan, IDF won't withdraw until Hamas disarms","Netanyahu stressed Hamas must disarm of all its weapons, including heavy and light arms, which according to the plan, would be subject to Palestinian law. A senior Hamas official said the group remained committed to the roadmap",https://www.haaretz.com/israel-news/israel-security/2026-08-09/ty-article/netanyahu-rejects-u-s-gaza-peace-plan-idf-wont-withdraw-until-hamas-disarms/0000019f-e66a-deab-afdf-eeef9d580000,Haaretz,Jonathan Lis,2026-08-09T14:35:55,2026-08-09 15:32:15.913553,https://www.haaretz.com/israel-news/israel-security/2026-08-09/ty-article/netanyahu-rejects-u-s-gaza-peace-plan-idf-wont-withdraw-until-hamas-disarms/0000019f-e66a-deab-afdf-eeef9d580000
Sephora to reportedly enter Israeli market with private-label stores,"Three stores are initially set to be opened in central Israel in mid-August, with five smaller boutique shops spread across the country. According to reports, only Sephora Collection products will be sold at first, pending the initial trial run's success",https://www.haaretz.com/israel-news/2026-08-09/ty-article/.premium/sephora-to-reportedly-enter-israeli-market-with-private-label-stores/0000019f-e6f7-da6c-a9df-eef73c4a0000,Haaretz,Haaretz,2026-08-09T15:19:40,2026-08-09 15:32:15.913512,https://www.haaretz.com/israel-news/2026-08-09/ty-article/.premium/sephora-to-reportedly-enter-israeli-market-with-private-label-stores/0000019f-e6f7-da6c-a9df-eef73c4a0000
"Most Israelis fear upcoming election could be compromised, new poll finds","The poll also found that 32 percent of Israelis believe Arab citizens should not be eligible to vote, while nearly three-quarters believe a Palestinian uprising is highly likely",https://www.haaretz.com/israel-news/elections/2026-08-09/ty-article/.premium/most-israelis-fear-upcoming-election-could-be-compromised-new-poll-finds/0000019f-e62a-deab-afdf-eeaf63160000,Haaretz,Linda Dayan,2026-08-09T13:52:47,2026-08-09 14:35:01.871115,https://www.haaretz.com/israel-news/elections/2026-08-09/ty-article/.premium/most-israelis-fear-upcoming-election-could-be-compromised-new-poll-finds/0000019f-e62a-deab-afdf-eeaf63160000
Israel to divert hundreds of millions earmarked for tech investment to defense,"Under the government's draft decision, about $283 million will be diverted, while the Defense Ministry is seeking a total of about $330 million for classified defense procurement",https://www.haaretz.com/israel-news/israel-security/2026-08-09/ty-article/.premium/israel-to-divert-hundreds-of-millions-earmarked-for-tech-investment-to-defense/0000019f-e697-da6c-a9df-ee975f860000,Haaretz,Sami Peretz,2026-08-09T14:18:44,2026-08-09 14:35:01.871074,https://www.haaretz.com/israel-news/israel-security/2026-08-09/ty-article/.premium/israel-to-divert-hundreds-of-millions-earmarked-for-tech-investment-to-defense/0000019f-e697-da6c-a9df-ee975f860000
Inside Story: Why Israel rejected the Board of Peace's plan for Gaza,"""We can and know how to stand our ground—even against our best friends when necessary,"" said Prime Minister Benjamin Netanyahu.",https://www.jns.org/analysis/inside-story-why-israel-rejected-the-board-of-peaces-plan-for-gaza,JNS,Amelie Botbol,2026-08-09T13:00:00,2026-08-09 13:50:05.160761,https://www.jns.org/analysis/inside-story-why-israel-rejected-the-board-of-peaces-plan-for-gaza
Pro-Palestinian groups target American Medical Association over 'silence' on jailed Gaza doctor,"Pro-Palestinian groups charge the association with a failure to speak up for the release of Dr. Hussam Abu Safiya, director of Gaza's Kamal Adwan Hospital, who has been held in Israel without charge since late 2024",https://www.haaretz.com/us-news/2026-08-09/ty-article/.premium/u-s-campaign-targets-medical-association-for-silence-on-jailed-gaza-doctor/0000019f-e5fd-d86b-a59f-e5ffdbba0000,Haaretz,Ben Kroll,2026-08-09T11:47:16,2026-08-09 12:51:14.594979,https://www.haaretz.com/us-news/2026-08-09/ty-article/.premium/u-s-campaign-targets-medical-association-for-silence-on-jailed-gaza-doctor/0000019f-e5fd-d86b-a59f-e5ffdbba0000
"50 years ago, a 20-year-old Israeli was crowned the most beautiful woman in the world","In 1976, Rina Mor became the first Israeli to win Miss Universe. On her return to Israel, she was kissed by Menachem Begin, offered a tax break and received a marriage proposal from a Bedouin neighbor",https://www.haaretz.com/life/2026-08-09/ty-article/.premium/50-years-ago-a-young-israeli-was-crowned-the-most-beautiful-woman-in-the-world/0000019f-e5dd-dc00-a99f-effddf210000,Haaretz,Ofer Aderet,2026-08-09T12:18:43,2026-08-09 12:51:14.594945,https://www.haaretz.com/life/2026-08-09/ty-article/.premium/50-years-ago-a-young-israeli-was-crowned-the-most-beautiful-woman-in-the-world/0000019f-e5dd-dc00-a99f-effddf210000
A new contract is needed between the Israelis who stayed and the liberals who left,"Most of my friends have left Israel over the last decade. But they find themselves emotionally, culturally and sometimes financially dependent on it",https://www.haaretz.com/opinion/2026-08-09/ty-article-opinion/.premium/a-new-contract-is-needed-between-israelis-who-stayed-and-liberals-who-left/0000019f-e5ec-d86b-a59f-e5fef2b60000,Haaretz,Ofri Ilany,2026-08-09T12:36:22,2026-08-09 12:51:14.594904,https://www.haaretz.com/opinion/2026-08-09/ty-article-opinion/.premium/a-new-contract-is-needed-between-israelis-who-stayed-and-liberals-who-left/0000019f-e5ec-d86b-a59f-e5fef2b60000
Netanyahu: Israel rejects Board of Peace roadmap on Hamas disarmament,"Hamas said it is willing to move forward with second stage of the U.S.-brokered framework, calling on Washington to exert pressure on Jerusalem.",https://www.jns.org/news/israel-news/netanyahu-israel-rejects-board-of-peace-roadmap-on-hamas-disarmament,JNS,JNS Staff,2026-08-09T11:43:00,2026-08-09 12:51:07.353325,https://www.jns.org/news/israel-news/netanyahu-israel-rejects-board-of-peace-roadmap-on-hamas-disarmament
"Israeli faces charges after smashing entrances at Haaretz, Channel 12 offices in Tel Aviv","Avraham Hadi, 44 will be charged with property damage and extortion by threats targeting journalists. He will also be charged with involvement in attacks on the Israel Hayom newsroom and the Justice Ministry building",https://www.haaretz.com/israel-news/israel-crime/2026-08-09/ty-article/.premium/israeli-faces-charges-after-smashing-entrances-at-haaretz-channel-12-offices/0000019f-e5ec-dfd7-a19f-e7ee9ef00000,Haaretz,Yair Foldes,2026-08-09T10:59:38,2026-08-09 11:29:36.434232,https://www.haaretz.com/israel-news/israel-crime/2026-08-09/ty-article/.premium/israeli-faces-charges-after-smashing-entrances-at-haaretz-channel-12-offices/0000019f-e5ec-dfd7-a19f-e7ee9ef00000
'Lords of the land': Soldiers explain how settlers call the shots in the West Bank,"Israeli soldiers who served in the West Bank say settlers in regional defense battalions, despite being formally subordinate to the IDF, have effectively taken control on the ground",https://www.haaretz.com/israel-news/2026-08-09/ty-article-magazine/.premium/lords-of-the-land-soldiers-explain-how-settlers-call-the-shots-in-the-west-bank/0000019f-e507-d867-a3df-edd79f370000,Haaretz,Yaniv Kubovich,2026-08-09T09:42:54,2026-08-09 10:35:22.787342,https://www.haaretz.com/israel-news/2026-08-09/ty-article-magazine/.premium/lords-of-the-land-soldiers-explain-how-settlers-call-the-shots-in-the-west-bank/0000019f-e507-d867-a3df-edd79f370000
The Israeli chef turned bladesmith who elevated kitchen knife forging to an art form,"Yohai Nuriel, a former chef turned blacksmith, meticulously crafts chef's knives one by one, drawing on different traditions and believing that a good tool should serve the cook, not be kept in a cabinet",https://www.haaretz.com/food/2026-08-09/ty-article-magazine/the-israeli-bladesmith-who-elevated-kitchen-knife-forging-to-an-art-form/0000019f-d2de-d90c-abff-f6ff16040000,Haaretz,Israel Sher,2026-08-09T10:00:05,2026-08-09 10:35:22.787308,https://www.haaretz.com/food/2026-08-09/ty-article-magazine/the-israeli-bladesmith-who-elevated-kitchen-knife-forging-to-an-art-form/0000019f-d2de-d90c-abff-f6ff16040000
Why did Israel's defense minister ditch a security cabinet meeting to kiss a rabbi's ring?,"With all due respect to the IDF soldiers killed in Lebanon, 36 politicians will compete next week for just 16 realistic spots in the Likud primaries. Meanwhile, two Likud stalwarts have launched a party without a name – but not without a reason",https://www.haaretz.com/israel-news/elections/2026-08-09/ty-article/.premium/why-did-israels-defense-minister-ditch-security-cabinet-to-kiss-a-rabbis-ring/0000019f-e5c2-da6c-a9df-efc6b4d50000,Haaretz,Avi Bar-Eli,2026-08-09T10:27:50,2026-08-09 10:35:22.787266,https://www.haaretz.com/israel-news/elections/2026-08-09/ty-article/.premium/why-did-israels-defense-minister-ditch-security-cabinet-to-kiss-a-rabbis-ring/0000019f-e5c2-da6c-a9df-efc6b4d50000
Israel marks 25 years since Hamas suicide bombing at Sbarro pizzeria in Jerusalem,"The Hamas perpetrators of the Jerusalem pizzeria bombing still glorify terrorism and target civilians, the Foreign Ministry said.",https://www.jns.org/news/israel-news/israel-marks-25-years-since-sbarro-massacre,JNS,JNS Staff,2026-08-09T09:46:36,2026-08-09 10:35:15.796197,https://www.jns.org/news/israel-news/israel-marks-25-years-since-sbarro-massacre
Iran doesn’t respect deals. It respects force,"Welcome to “Axis of Truth,” a fearless JNS series hosted by Emily Schrader—renowned journalist, human-rights activist and outspoken critic of authoritarian regimes. Each week, Schrader cuts through spin and censorship to uncover the political agendas, media manipulation and propaganda shaping Israel news and the broader Middle East. From Tehran to Tel Aviv and Washington to Damascus, “Axis of Truth” confronts the narratives driving conflict, misinformation and moral confusion in global coverage of Israel. Whether dissecting the Iranian regime’s election theater, Hamas’s tactics or the Western media’s distortion of Jewish self-defense, Schrader brings clarity and courage to stories too often clouded by ideology. Featuring in-depth interviews with dissidents, security experts, political leaders and journalists, Axis of Truth delivers hard-hitting analysis and unfiltered commentary on the issues that define the Middle East today. Episodes range from exclusive reporting on Gaza and Iran to exposés of Western hypocrisy, social media disinformation and the global networks enabling terror. With a sharp focus on facts, context and accountability, Schrader challenges both policymakers and the press to tell the truth about Israel’s fight for survival and the threats facing free societies. See more at: @JNS_TV and subscribe to our YouTube channel.",https://www.jns.org/jns-tv/axis-of-truth/iran-doesnt-respect-deals-it-respects-force,JNS,Emily Schrader,2026-08-09T10:08:49,2026-08-09 10:35:15.796165,https://www.jns.org/jns-tv/axis-of-truth/iran-doesnt-respect-deals-it-respects-force
Oslo created a Palestinian Authority ‘terror army’,"Welcome to “Basic Law,” the JNS show hosted by Aylana Meisel, executive director of the Israel Law & Liberty Forum. This insightful series takes viewers inside the debates shaping Israel’s legal system and its role in the Middle East, tackling the nation’s most urgent constitutional and judicial questions. From the foundations of Israel’s Basic Laws to the balance between democratic governance and judicial authority, Meisel offers analysis on how legal frameworks influence everything from civil rights to national security. She examines how international law affects Israel’s position in regional conflicts and diplomacy, connecting complex legal theory to the realities of Israeli news and global affairs. In partnership with the Israel Law & Liberty Forum, “Basic Law” provides a forum for conservative and classical liberal voices to explore how law and liberty intersect in a democratic Jewish state. Each episode brings together top jurists, scholars and policymakers for candid conversations that illuminate Israel’s evolving legal landscape. The discussions are designed to inform, not persuade—offering thoughtful perspectives on judicial reform, constitutional interpretation and the rule of law in a region often defined by political and ideological tension. See more at: @JNS_TV and subscribe to our YouTube channel. The Israel Law & Liberty Forum is proud to partner with JNS to offer a platform for conservative and classical liberal legal thought from within Israel. Any opinions stated are those of the speaker and not meant to represent the positions of the forum or JNS. The forum is an organization that fosters thoughtful conversation and debate on key issues in Israeli law and democracy. The forum takes no official position regarding any specific policy issue, nor does it advance specific policies.",https://www.jns.org/jns-tv/basic-law/oslo-created-a-palestinian-authority-terror-army,JNS,Aylana Meisel,2026-08-09T10:21:04,2026-08-09 10:35:15.796076,https://www.jns.org/jns-tv/basic-law/oslo-created-a-palestinian-authority-terror-army
Trump’s Iran whiplash may be part of the plan,"Welcome to “Straight Up,” the bold, unfiltered JNS news show hosted by former director of Israel’s Government Press Office, Danny Seaman. Drawing on decades at the forefront of Israeli media and public diplomacy, he delivers sharp, unapologetic analysis on the issues shaping Israel, the Middle East and the global news narrative. From dismantling myths about the Oslo Accords in the 1990s to the Abraham Accords of 2020 to exposing the Iran-Hezbollah-Hamas alliance and the Western media’s bias against Israel, Seaman’s commentary is fearless, factual and grounded in firsthand experience. His direct, authoritative voice cuts through propaganda to reveal what’s driving events in the region. Each week, “Straight Up” dives deep into the biggest stories in Israeli news, featuring in-depth conversations with journalists, security experts and policymakers who know the facts behind the headlines. Seaman’s no-spin approach sheds light on the moral, strategic and political challenges facing Israel—from countering terror and defending democracy to navigating its relationships with the United States and Arab world. Candid, uncompromising and deeply informed, “Straight Up” is the show for viewers who want to understand Israel and the Middle East as they truly are—without filters, without fear and straight to the point. See more at: @JNS_TV and subscribe to our YouTube channel.",https://www.jns.org/jns-tv/straight-up/trumps-iran-whiplash-may-be-part-of-the-plan,JNS,Daniel Seaman,2026-08-09T10:28:56,2026-08-09 10:35:15.795956,https://www.jns.org/jns-tv/straight-up/trumps-iran-whiplash-may-be-part-of-the-plan
Pharma giant Teva seeks to hide Israel ties from jury in price-fixing trial,The company argued that strong public views over the Gaza war could prejudice proceedings and affect its ability to receive a fair hearing. The filing underscored how tensions over the war in ​Gaza have become in the U.S.,https://www.haaretz.com/israel-news/business/economy-finance/2026-08-09/ty-article/pharma-giant-teva-seeks-to-hide-israel-ties-from-jury-in-price-fixing-trial/0000019f-e55f-dfd7-a19f-e7dfb4590000,Haaretz,Reuters,2026-08-09T09:16:19,2026-08-09 09:39:49.840546,https://www.haaretz.com/israel-news/business/economy-finance/2026-08-09/ty-article/pharma-giant-teva-seeks-to-hide-israel-ties-from-jury-in-price-fixing-trial/0000019f-e55f-dfd7-a19f-e7dfb4590000
Italian court forces airport to ditch Israeli defense maker,"The anti-drone technology provided by Rafael Advanced Defense Systems is ""military-grade"" and unsuitable for civilian use, the ruling said.",https://www.jns.org/news/world/italian-court-forces-airport-to-ditch-israeli-defense-maker,JNS,JNS Staff,2026-08-09T09:14:12,2026-08-09 09:39:42.376445,https://www.jns.org/news/world/italian-court-forces-airport-to-ditch-israeli-defense-maker
Israel elections for dummies: How to read the polls,"Sensational headlines and 'percentage among those with an opinion' can mislead, but consistent trends and bloc trajectories reveal genuine shifts. A special guide to reading election polls - in Israel or anywhere",https://www.haaretz.com/israel-news/elections/2026-08-09/ty-article-magazine/.premium/how-to-read-the-polls-if-you-really-want-to-get-israels-elections/0000019f-d7ff-dc86-a59f-d7ffe2b80000,Haaretz,Dahlia Scheindlin,2026-08-09T08:31:00,2026-08-09 08:43:15.800213,https://www.haaretz.com/israel-news/elections/2026-08-09/ty-article-magazine/.premium/how-to-read-the-polls-if-you-really-want-to-get-israels-elections/0000019f-d7ff-dc86-a59f-d7ffe2b80000
Report: Pentagon presses U.S. arms makers to boost production amid Iran war shortages,"According to The Washington Post, Deputy Defense Secretary Feinberg instructed manufacturers to 'dramatically accelerate' delivery timelines and increase production for systems the department considers critical. Deals were already signed with Northrop Grumman and Lockheed Martin",https://www.haaretz.com/us-news/2026-08-09/ty-article/report-pentagon-presses-arms-makers-to-boost-production-amid-iran-war-shortages/0000019f-e51c-d86b-a59f-e53e1fcb0000,Haaretz,Haaretz,2026-08-09T07:15:34,2026-08-09 07:54:22.818768,https://www.haaretz.com/us-news/2026-08-09/ty-article/report-pentagon-presses-arms-makers-to-boost-production-amid-iran-war-shortages/0000019f-e51c-d86b-a59f-e53e1fcb0000
Israel warns citizens in Greece to lie low ahead of pro-Palestinian protests,"Dozens of protests are planned across Greece against the 'genocide in Palestine,' including at tourist hotspots where Israelis are likely visiting. Israel's Foreign Ministry advised Israelis in the country 'to conceal Israeli and Jewish symbols'",https://www.haaretz.com/world-news/europe/2026-08-09/ty-article/.premium/israel-warns-citizens-in-greece-to-lie-low-ahead-of-pro-palestinian-protests/0000019f-e51a-d310-a3df-e51bca2f0000,Haaretz,Haaretz,2026-08-09T07:51:01,2026-08-09 07:54:22.818729,https://www.haaretz.com/world-news/europe/2026-08-09/ty-article/.premium/israel-warns-citizens-in-greece-to-lie-low-ahead-of-pro-palestinian-protests/0000019f-e51a-d310-a3df-e51bca2f0000
Iran conditions opening the Strait of Hormuz on US meeting its demands,"Washington must “compensate” the Islamic Republic for war damages, said Tehran’s Supreme National Security Council.",https://www.jns.org/news/world/iran-conditions-opening-the-strait-of-hormuz-on-us-meeting-its-demands,JNS,JNS Staff,2026-08-09T07:23:28,2026-08-09 07:54:15.336224,https://www.jns.org/news/world/iran-conditions-opening-the-strait-of-hormuz-on-us-meeting-its-demands
One question will determine my vote in Israel's upcoming election,"Deciding to vote in my first election as an Israeli citizen was easy. But deciding who to vote for will be much more complicated, and it will come down to one question: which politician will be brave enough to earn my support",https://www.haaretz.com/opinion/2026-08-09/ty-article-opinion/.premium/one-question-will-determine-my-vote-in-israels-upcoming-election/0000019f-e510-d86b-a59f-e536d73f0000,Haaretz,Paul James Kearns,2026-08-09T06:01:32,2026-08-09 06:57:10.734437,https://www.haaretz.com/opinion/2026-08-09/ty-article-opinion/.premium/one-question-will-determine-my-vote-in-israels-upcoming-election/0000019f-e510-d86b-a59f-e536d73f0000
Israelis love their air conditioning almost as much as they love Iron Dome,"The Israeli media enjoys reporting on Europe's heat wave and the Old Continent's refusal to install A/C in every home. Behind the smirk is a disturbing truth about war, politics and technology",https://www.haaretz.com/opinion/2026-08-09/ty-article-opinion/.premium/israelis-love-their-air-conditioning-almost-as-much-as-they-love-iron-dome/0000019f-e526-dfd7-a19f-e7ee5c1d0000,Haaretz,Ori Morad,2026-08-09T06:24:01,2026-08-09 06:57:10.734399,https://www.haaretz.com/opinion/2026-08-09/ty-article-opinion/.premium/israelis-love-their-air-conditioning-almost-as-much-as-they-love-iron-dome/0000019f-e526-dfd7-a19f-e7ee5c1d0000
"Israel opposes Gaza peace plan ‘in its current form,’ minister says","Hamas said it is willing to move forward with second stage of the U.S.-brokered framework, calling on Washington to exert pressure on Jerusalem.",https://www.jns.org/news/israel-news/israel-opposes-gaza-peace-plan-in-its-current-form-minister-says,JNS,JNS Staff,2026-08-09T05:55:10,2026-08-09 06:57:03.318948,https://www.jns.org/news/israel-news/israel-opposes-gaza-peace-plan-in-its-current-form-minister-says
Two brothers separated by war in Ukraine reunite at summer camp in Poland,The siblings met for the first time in nearly a decade at a camp for Ukrainians organized by the Chabad-Lubavitch movement.,https://www.jns.org/feature/two-brothers-separated-by-war-in-ukraine-reunite-at-summer-camp-in-poland,JNS,Etgar Lefkovits,2026-08-09T05:57:47,2026-08-09 06:57:03.318915,https://www.jns.org/feature/two-brothers-separated-by-war-in-ukraine-reunite-at-summer-camp-in-poland
The Saudi tail and the American dog,"Riyadh wants an American security umbrella, an American nuclear program, American fighter jets and a veto over American operations.",https://www.jns.org/opinion/daniel-winston/the-saudi-tail-and-the-american-dog,JNS,Daniel Winston,2026-08-09T06:00:00,2026-08-09 06:57:03.318878,https://www.jns.org/opinion/daniel-winston/the-saudi-tail-and-the-american-dog
Growing Wings builds a home front for Israel’s lone reservists,"As repeated IDF call-ups stretches into a third year, the nonprofit is helping lone reservists rebuild their civilian lives after months on the battlefield.",https://www.jns.org/feature/growing-wings-builds-a-home-front-for-israels-lone-reservists,JNS,Tania Shalom Michaelian,2026-08-09T04:07:00,2026-08-09 05:05:09.967167,https://www.jns.org/feature/growing-wings-builds-a-home-front-for-israels-lone-reservists
Who wears the pants in this government? Netanyahu's wife and son,,https://www.haaretz.com/opinion/editorial/2026-08-09/ty-article-opinion/.premium/who-wears-the-pants-in-this-government-netanyahus-wife-and-son/0000019f-e2e4-d7e2-a39f-f7e626380000,Haaretz,Haaretz Editorial,2026-08-09T01:47:14,2026-08-09 03:43:07.579056,https://www.haaretz.com/opinion/editorial/2026-08-09/ty-article-opinion/.premium/who-wears-the-pants-in-this-government-netanyahus-wife-and-son/0000019f-e2e4-d7e2-a39f-f7e626380000
The lesson on Palestine solidarity from a concentration camp,"Teens visited Austria's Mauthausen Concentration Camp Memorial last week with slogans calling for the liberation of Palestine. Should the teens be condemned, or rather, the atrocities they cry out against in the shadow of the lessons of the Holocaust?",https://www.haaretz.com/opinion/2026-08-09/ty-article-opinion/.premium/the-lesson-on-palestine-solidarity-from-a-concentration-camp/0000019f-e277-d310-a3df-e6777f840000,Haaretz,Gideon Levy,2026-08-09T01:48:28,2026-08-09 03:43:07.579040,https://www.haaretz.com/opinion/2026-08-09/ty-article-opinion/.premium/the-lesson-on-palestine-solidarity-from-a-concentration-camp/0000019f-e277-d310-a3df-e6777f840000
Turkish foreign minister says Egypt may join defense pact once certain technical matters sorted out,"Turkey said Egypt could join the Turkey-Saudi-Pakistan defense pact after technical issues are resolved, adding the NATO-style alliance does not target Iran unless Tehran attacks a member, and will have a Saudi-based secretariat",https://www.haaretz.com/middle-east-news/2026-08-09/ty-article/turkey-says-egypt-may-join-defense-pact-once-technical-matters-sorted-out/0000019f-e44c-dfd7-a19f-e7ce91690000,Haaretz,Reuters,2026-08-09T02:23:36,2026-08-09 03:43:07.579021,https://www.haaretz.com/middle-east-news/2026-08-09/ty-article/turkey-says-egypt-may-join-defense-pact-once-technical-matters-sorted-out/0000019f-e44c-dfd7-a19f-e7ce91690000
Saudi Arabia says fire broke out at oil facility near Yemen border,,https://www.haaretz.com/israel-news/israel-security/2026-08-09/ty-article-live/saudi-arabia-says-fire-broke-out-at-oil-facility-near-yemen-border/0000019f-e456-d310-a3df-e457d59b0000,Haaretz,Haaretz,2026-08-09T02:48:00,2026-08-09 03:43:07.579002,https://www.haaretz.com/israel-news/israel-security/2026-08-09/ty-article-live/saudi-arabia-says-fire-broke-out-at-oil-facility-near-yemen-border/0000019f-e456-d310-a3df-e457d59b0000
Neither side in a rush to apply Israel-Lebanon accord,Beirut says it will take months to implement the pilot zones demilitarization program and Israel is not anxious to withdraw its military from the IDF-occupied buffer zone in southern Lebanon,https://www.haaretz.com/israel-news/israel-security/2026-08-09/ty-article/.premium/neither-side-in-a-rush-to-apply-israel-lebanon-accord/0000019f-e2eb-d86b-a59f-e6ff9e120000,Haaretz,Amos Harel,2026-08-09T03:12:38,2026-08-09 03:43:07.578979,https://www.haaretz.com/israel-news/israel-security/2026-08-09/ty-article/.premium/neither-side-in-a-rush-to-apply-israel-lebanon-accord/0000019f-e2eb-d86b-a59f-e6ff9e120000
"Democrat, who told JNS it wasn't 'fair' as non-member to call Hamas terror group, leads in tight Washington state primary","Some 109 votes separate Luc Jasmin III, whose father resigned from a state panel after making antisemitic remarks, and the Republican candidate.",https://www.jns.org/news/u-s-news/democrat-who-told-jns-it-wasnt-fair-as-non-member-to-call-hamas-terror-group-leads-in-tight-washington-state-primary,JNS,Jessica Russak-Hoffman,2026-08-09T02:16:02,2026-08-09 03:42:59.913679,https://www.jns.org/news/u-s-news/democrat-who-told-jns-it-wasnt-fair-as-non-member-to-call-hamas-terror-group-leads-in-tight-washington-state-primary
Toronto police says it arrested two more people for antisemitic protest in March,"Daniela Bonamico, 40, and Shahram Nayeb-Yazdi, 63, faces charges of wilful promotion of hatred and public incitement of hatred.",https://www.jns.org/news/world/toronto-police-says-it-arrested-two-more-people-for-antisemitic-protest-in-march,JNS,JNS Staff,2026-08-09T02:40:27,2026-08-09 03:42:59.913661,https://www.jns.org/news/world/toronto-police-says-it-arrested-two-more-people-for-antisemitic-protest-in-march
"When moderates walk away, extremists walk through the door",A socialist movement is taking over the Democratic Party because socialists show up to vote.,https://www.jns.org/opinion/chaskel-bennett/when-moderates-walk-away-extremists-walk-through-the-door,JNS,Chaskel Bennett,2026-08-09T03:00:00,2026-08-09 03:42:59.913638,https://www.jns.org/opinion/chaskel-bennett/when-moderates-walk-away-extremists-walk-through-the-door
The new Saudi-Turkey-Pakistan power bloc pushes Israel down Trump's Middle East priorities,"The new triple-axis doesn't necessarily pose a new military threat, but could reshape the region to their liking: a constrained Trump Middle East policy, a weaker Israel with less influence in Washington, and a new regional stance on Iran",https://www.haaretz.com/middle-east-news/2026-08-09/ty-article/.premium/the-new-three-way-power-bloc-pushes-israel-down-trumps-middle-east-priorities/0000019f-e22b-de4a-afdf-ee3b0aee0000,Haaretz,Zvi Bar'el,2026-08-09T00:55:54,2026-08-09 01:46:16.708833,https://www.haaretz.com/middle-east-news/2026-08-09/ty-article/.premium/the-new-three-way-power-bloc-pushes-israel-down-trumps-middle-east-priorities/0000019f-e22b-de4a-afdf-ee3b0aee0000
Mossad officials decry new chief Gofman's dismissal of senior officials as 'cowardly move meant to serve Netanyahu',"Gofman's dismissal of two senior Mossad officials has sparked unrest in the agency, with sources accusing him of shielding Netanyahu from blame over Iran regime-change efforts. Others say the new chief is entitled to appoint people he trusts",https://www.haaretz.com/israel-news/israel-security/2026-08-09/ty-article/.premium/mossad-officials-say-new-chief-gofmans-dismissals-meant-to-serve-netanyahu/0000019f-e419-dc86-a59f-f71d81710000,Haaretz,Jonathan Lis,2026-08-09T01:43:10,2026-08-09 01:46:16.708789,https://www.haaretz.com/israel-news/israel-security/2026-08-09/ty-article/.premium/mossad-officials-say-new-chief-gofmans-dismissals-meant-to-serve-netanyahu/0000019f-e419-dc86-a59f-f71d81710000
Israel's unresolved questions undermine the fantasy of the day after Netanyahu,"In psychoanalytic terms, 'the day after' becomes a utopian fetish, obscuring what can't yet be faced. An election may change Israel's political map, but it can't, on its own, bring about a complete repair and restore what the people of this land have lost",https://www.haaretz.com/opinion/2026-08-09/ty-article/.premium/israels-unresolved-questions-undermine-the-fantasy-of-the-day-after-netanyahu/0000019f-e278-d7e2-a39f-f7fa38f10000,Haaretz,Eran Rolnik,2026-08-08T21:38:22,2026-08-08 22:29:52.541717,https://www.haaretz.com/opinion/2026-08-09/ty-article/.premium/israels-unresolved-questions-undermine-the-fantasy-of-the-day-after-netanyahu/0000019f-e278-d7e2-a39f-f7fa38f10000
How a small Jerusalem café became a flashpoint in Israel's secular-Haredi rift,"For secular Israelis who came to support Jerusalem's Basimta café for the fifth consecutive week against escalating ultra-Orthodox protests, the dispute is about much more than a cup of coffee",https://www.haaretz.com/israel-news/israel-politics/2026-08-08/ty-article-magazine/.premium/how-a-small-jerusalem-cafe-became-a-flashpoint-in-israels-secular-haredi-rift/0000019f-e22c-d86b-a59f-e63ea3dd0000,Haaretz,Yair Foldes,2026-08-08T19:09:25,2026-08-08 19:30:04.691347,https://www.haaretz.com/israel-news/israel-politics/2026-08-08/ty-article-magazine/.premium/how-a-small-jerusalem-cafe-became-a-flashpoint-in-israels-secular-haredi-rift/0000019f-e22c-d86b-a59f-e63ea3dd0000
"The Copper Plates: A 1,000‑year charter that anchored the Jews of Cochin","The history behind a civilizational story of Jewish merchants, royal privilege and a 1568 synagogue shaped by the wider Indian Ocean world.",https://www.jns.org/opinion/eliezer-avraham/the-copper-plates-a-1-000-year-charter-that-anchored-the-jews-of-cochin,JNS,Eliezer Avraham,2026-08-09T01:30:00,2026-08-08 19:29:57.691147,https://www.jns.org/opinion/eliezer-avraham/the-copper-plates-a-1-000-year-charter-that-anchored-the-jews-of-cochin
"Thousands protest across Israel against Netanyahu government, Haredi and settler funding","The protesters rallied against the coalition's allocation of millions of shekels in coalition funds earmarked for ultra-Orthodox institutions and West Bank settlements. In northern Israel, protesters demonstrated against ultra-Orthodox who block cars during the Sabbath",https://www.haaretz.com/israel-news/elections/2026-08-08/ty-article/.premium/protests-across-israel-against-netanyahu-government-haredi-and-settler-funding/0000019f-e19f-d315-a1df-ebbfdf5c0000,Haaretz,Yair Foldes,2026-08-08T18:21:54,2026-08-08 18:38:41.783485,https://www.haaretz.com/israel-news/elections/2026-08-08/ty-article/.premium/protests-across-israel-against-netanyahu-government-haredi-and-settler-funding/0000019f-e19f-d315-a1df-ebbfdf5c0000
Want peace with Israel? Lift the siege,"Nearly eight decades after its founding, the Jewish state remains surrounded by forces committed to its destruction.",https://www.jns.org/opinion/column/fiamma-nirenstein/want-peace-with-israel-lift-the-siege,JNS,Fiamma Nirenstein,2026-08-08T18:19:15,2026-08-08 18:38:34.772774,https://www.jns.org/opinion/column/fiamma-nirenstein/want-peace-with-israel-lift-the-siege
Senate Republicans narrowly confirm Todd Blanche as Trump's attorney general,"Blanche, Trump's former personal lawyer who has served as acting attorney general since April, agreed to narrow the tax-immunity deal and end the 'anti-weaponization payments' that critics have described as a fund for the president's allies",https://www.haaretz.com/us-news/2026-08-08/ty-article/senate-republicans-narrowly-confirm-todd-blanche-as-trumps-attorney-general/0000019f-e1c5-d315-a1df-ebef3d7e0000,Haaretz,Reuters,2026-08-08T16:10:49,2026-08-08 16:33:46.619326,https://www.haaretz.com/us-news/2026-08-08/ty-article/senate-republicans-narrowly-confirm-todd-blanche-as-trumps-attorney-general/0000019f-e1c5-d315-a1df-ebef3d7e0000
"In Gaza and Lebanon, Netanyahu is betting that Trump has run out of steam","As Trump searches for a way out of the Strait of Hormuz standoff, Netanyahu - trying to please his extreme-right partners in the run-up to the election - is hoping that the U.S. president lacks the will to see the Gaza or Lebanon conflicts end",https://www.haaretz.com/israel-news/elections/2026-08-08/ty-article-magazine/.premium/in-gaza-and-lebanon-netanyahu-is-betting-that-trump-has-run-out-of-steam/0000019f-dbd3-d315-a1df-fbffd4870000,Haaretz,Joshua Leifer,2026-08-08T16:31:14,2026-08-08 16:33:46.619288,https://www.haaretz.com/israel-news/elections/2026-08-08/ty-article-magazine/.premium/in-gaza-and-lebanon-netanyahu-is-betting-that-trump-has-run-out-of-steam/0000019f-dbd3-d315-a1df-fbffd4870000
Trump is still going after Palestinians in the U.S. Jews must keep protesting those antidemocratic efforts,"Mohsen Mahdawi, a 35-year-old Palestinian, has been a permanent resident of the United States for the past 14 years. And as the U.S. government presses ahead with efforts to deport him over his pro-Palestinian advocacy at Columbia University, more than 1,000 Jews have come forward to defend him by signing an open letter I authored.... The post Trump is still going after Palestinians in the U.S. Jews must keep protesting those antidemocratic efforts appeared first on The Forward .",https://forward.com/opinion/844058/mohsen-mahdawi-trump-jewish-support/,The Forward,David N. Myers,2026-08-08T16:04:10,2026-08-08 16:33:32.574287,https://forward.com/?p=844058
Iran says Hormuz deal with Oman 'very close' – but not enough to reopen strait,"Iranian Foreign Minister Abbas Araghchi said that reopening the strait depends on other conditions, including U.S. compensation to Iran. Meanwhile, the UAE said Iran attacked an Emirati vessel that attempted to cross the waterway",https://www.haaretz.com/middle-east-news/iran/2026-08-08/ty-article/iran-says-hormuz-deal-with-oman-very-close-but-not-enough-to-reopen-strait/0000019f-e17a-d7e2-a39f-f7face200000,Haaretz,Reuters,2026-08-08T14:38:12,2026-08-08 15:30:22.624686,https://www.haaretz.com/middle-east-news/iran/2026-08-08/ty-article/iran-says-hormuz-deal-with-oman-very-close-but-not-enough-to-reopen-strait/0000019f-e17a-d7e2-a39f-f7face200000
Hunter Biden discusses father's worsening cancer condition as former president continues to speak out,"The former president is set to publish a memoir, 'Promise Me, America,' after the midterm elections",https://www.haaretz.com/us-news/2026-08-08/ty-article/hunter-biden-discusses-fathers-deteriorating-health-as-ex-president-speaks-out/0000019f-e1bb-dc86-a59f-f7bf90c80000,Haaretz,The Associated Press,2026-08-08T14:42:17,2026-08-08 15:30:22.624625,https://www.haaretz.com/us-news/2026-08-08/ty-article/hunter-biden-discusses-fathers-deteriorating-health-as-ex-president-speaks-out/0000019f-e1bb-dc86-a59f-f7bf90c80000
"Iran, Oman edging toward Strait of Hormuz deal amid fresh attacks on vessels",A U.S. official said the blockade of Iranian ports would be lifted if Tehran and Muscat finalize an arrangement.,https://www.jns.org/news/world/iran-oman-edging-toward-strait-of-hormuz-deal-amid-fresh-attacks-on-vessels,JNS,JNS Staff,2026-08-08T14:42:12,2026-08-08 15:30:15.032633,https://www.jns.org/news/world/iran-oman-edging-toward-strait-of-hormuz-deal-amid-fresh-attacks-on-vessels
Israeli embassy in US honors memory of six hostages murdered in Gaza,"Hersh Goldberg-Polin, Almog Sarusi, Eden Yerushalmi, Alexander Lobanov, Carmel Gat and Ori Danino were killed at close range in a Rafah tunnel.",https://www.jns.org/news/israel-news/israeli-embassy-in-us-honors-memory-of-six-hostages-murdered-in-gaza,JNS,JNS Staff,2026-08-08T15:29:30,2026-08-08 15:30:15.032589,https://www.jns.org/news/israel-news/israeli-embassy-in-us-honors-memory-of-six-hostages-murdered-in-gaza
Teva asks US judge not to disclose its Israeli origins to jurors,"The Tel Aviv-based drug maker is facing an antitrust lawsuit, together with several other pharmaceutical companies.",https://www.jns.org/news/u-s-news/teva-asks-us-judge-not-to-disclose-its-israeli-origins-to-jurors,JNS,JNS Staff,2026-08-08T14:00:00,2026-08-08 14:32:08.790841,https://www.jns.org/news/u-s-news/teva-asks-us-judge-not-to-disclose-its-israeli-origins-to-jurors
Netanyahu seeks $17 billion added to planned military spending hike over decade,"The prime minister has asked that the funds be added to a planned $117 billion addition to Israel's defense spending over the next 13 years, after it had already received repeated boosts since war broke out on October 7, 2023",https://www.haaretz.com/israel-news/israel-politics/2026-08-08/ty-article/.premium/netanyahu-seeks-17-bilion-added-to-planned-13-year-military-spending-boost/0000019f-e0c2-d310-a3df-e4c324860000,Haaretz,Sami Peretz,2026-08-08T11:47:45,2026-08-08 12:49:17.638070,https://www.haaretz.com/israel-news/israel-politics/2026-08-08/ty-article/.premium/netanyahu-seeks-17-bilion-added-to-planned-13-year-military-spending-boost/0000019f-e0c2-d310-a3df-e4c324860000
She never served in the Israeli army. Her heroine is an angry soldier,'There's a fetishistic element to the whole obsession of serving in the army': The heroine of 'Cuz You're Ugly' refuses to fit in. Director Sharon Engelhardt discusses belonging in Israeli society – and why fat bodies onscreen are still expected to justify their presence,https://www.haaretz.com/life/2026-08-08/ty-article-magazine/.premium/she-never-served-in-the-israeli-army-her-heroine-is-an-angry-soldier/0000019f-cd22-db33-a5ff-ff769d630000,Haaretz,Nirit Anderman,2026-08-08T09:42:10,2026-08-08 10:34:03.022477,https://www.haaretz.com/life/2026-08-08/ty-article-magazine/.premium/she-never-served-in-the-israeli-army-her-heroine-is-an-angry-soldier/0000019f-cd22-db33-a5ff-ff769d630000
'Everyone moves to Tel Aviv': Why secular tech workers are fleeing Jerusalem,"Jerusalem is struggling to retain its secular population, and Mobileye illustrates the scale of the challenge: The flagship of the city's tech sector is struggling to retain employees, many of whom prefer to work in central Israel",https://www.haaretz.com/israel-news/tech-news/2026-08-08/ty-article-magazine/.highlight/why-secular-tech-workers-are-fleeing-jerusalem/0000019f-d0a8-de65-a5df-f9feb0d50000,Haaretz,Uriel Schachter,2026-08-08T10:17:15,2026-08-08 10:34:03.022430,https://www.haaretz.com/israel-news/tech-news/2026-08-08/ty-article-magazine/.highlight/why-secular-tech-workers-are-fleeing-jerusalem/0000019f-d0a8-de65-a5df-f9feb0d50000
Emerging Middle East pact seen in Israel as sign of waning U.S. influence,"The importance of the agreement between Saudi Arabia, Turkey and Pakistan may be economic-political rather than military. Sources in Jerusalem see the new axis as having potential for regional stability, and at the same time identify a threat in the strengthening of Istanbul",https://www.haaretz.com/israel-news/israel-security/2026-08-08/ty-article/.premium/emerging-middle-east-pact-seen-in-israel-as-sign-of-waning-u-s-influence/0000019f-dfe1-d1db-a7ff-dff573120000,Haaretz,Liza Rozovsky,2026-08-08T09:32:46,2026-08-08 09:38:11.319558,https://www.haaretz.com/israel-news/israel-security/2026-08-08/ty-article/.premium/emerging-middle-east-pact-seen-in-israel-as-sign-of-waning-u-s-influence/0000019f-dfe1-d1db-a7ff-dff573120000
Former Netanyahu aide says staff were asked to pledge personal loyalty to PM's family,"Yoav Horowitz, the Prime Minister's former Chief of Staff and PMO director-general described the staff as 'obsessive' to the Netanyahu family, and said Netanyahu's wife Sara and son Yair were 'aggressively involved' in decision-making processes",https://www.haaretz.com/israel-news/israel-politics/2026-08-08/ty-article/ex-netanyahu-aide-staff-were-asked-to-pledge-personal-loyalty-to-pms-family/0000019f-e07d-d7e2-a39f-f7ff818b0000,Haaretz,Haaretz,2026-08-08T09:33:31,2026-08-08 09:38:11.319515,https://www.haaretz.com/israel-news/israel-politics/2026-08-08/ty-article/ex-netanyahu-aide-staff-were-asked-to-pledge-personal-loyalty-to-pms-family/0000019f-e07d-d7e2-a39f-f7ff818b0000
Haredi crowd gathers for weekly protest outside Jerusalem cafe open on Shabbat,"Dozens of ultra-Orthodox protesters gathered in streets surrounding the cafe, which in past weeks has turned into the center of a growing dispute over businesses operating on Shabbat. 'Let them open in a secular neighborhood,' one Haredi leader said",https://www.haaretz.com/israel-news/israel-politics/2026-08-08/ty-article/.premium/haredi-crowd-gathers-for-weekly-protest-outside-jerusalem-cafe-open-on-shabbat/0000019f-e06f-d86b-a59f-e47f0dc50001,Haaretz,Yair Foldes,2026-08-08T08:30:48,2026-08-08 08:41:32.887511,https://www.haaretz.com/israel-news/israel-politics/2026-08-08/ty-article/.premium/haredi-crowd-gathers-for-weekly-protest-outside-jerusalem-cafe-open-on-shabbat/0000019f-e06f-d86b-a59f-e47f0dc50001
The Israeli-Canadian climate activist taking Prime Minister Carney to court,Canada's government has developed a rapacious appetite for oil and minerals. Activist Shirley Barnea has had enough,https://www.haaretz.com/science-and-health/nature-environment/2026-08-08/ty-article-magazine/.highlight/the-israeli-canadian-climate-activist-taking-prime-minister-carney-to-court/0000019f-d79b-d7e2-a39f-f7fb81bf0000,Haaretz,Meirav Moran,2026-08-08T08:35:30,2026-08-08 08:41:32.887469,https://www.haaretz.com/science-and-health/nature-environment/2026-08-08/ty-article-magazine/.highlight/the-israeli-canadian-climate-activist-taking-prime-minister-carney-to-court/0000019f-d79b-d7e2-a39f-f7fb81bf0000
Report: U.S. general privately urges Trump officials to seek 'off-ramp' from Iran war,"Gen. Dan Caine has raised his concerns with CIA Director John Ratcliffe, Secretary of State Marco Rubio and Vice President JD Vance, two sources told CNN",https://www.haaretz.com/middle-east-news/iran/2026-08-08/ty-article/report-u-s-general-urges-trump-officials-to-seek-off-ramp-from-iran-war/0000019f-dfe1-d310-a3df-dfe3ef950000,Haaretz,Haaretz,2026-08-08T07:07:00,2026-08-08 07:50:14.873062,https://www.haaretz.com/middle-east-news/iran/2026-08-08/ty-article/report-u-s-general-urges-trump-officials-to-seek-off-ramp-from-iran-war/0000019f-dfe1-d310-a3df-dfe3ef950000
Jerusalem braces for another Saturday battle over a cafe open on Shabbat,"As demonstrations against Café Basimta grow, one Haredi leader said that the owner has a 'right to open on Shabbat, and we have the right to protest against it. There are plenty of secular neighborhoods in the city – let them open there'",https://www.haaretz.com/israel-news/israel-politics/2026-08-08/ty-article/.premium/jerusalem-braces-for-saturday-sabbath-battles-over-downtown-cafe/0000019f-dd64-dc86-a59f-df647f050000,Haaretz,Yael Freidson,2026-08-07T21:36:56,2026-08-08 05:42:42.695494,https://www.haaretz.com/israel-news/israel-politics/2026-08-08/ty-article/.premium/jerusalem-braces-for-saturday-sabbath-battles-over-downtown-cafe/0000019f-dd64-dc86-a59f-df647f050000
Lawmakers seek 100-foot buffer zone around houses of worship to protect prayer goers from protests,"(JTA) — A bipartisan group of lawmakers introduced a federal legislation Thursday in the House and Senate aimed at protecting houses of worship from disruptive demonstrations, following a series of protests outside of synagogues this year. The Right to Worship Act was introduced by Sens. Ted Cruz, a Texas Republican, and Elissa Slotkin, a Michigan... The post Lawmakers seek 100-foot buffer zone around houses of worship to protect prayer goers from protests appeared first on The Forward .",https://forward.com/fast-forward/843800/lawmakers-seek-100-foot-buffer-zone-around-houses-of-worship/,The Forward,Grace Gilson,2026-08-08T03:30:47,2026-08-08 04:57:21.929701,https://forward.com/?p=843800
This Jewish museum is lending art across America — with one condition,"Take a stroll through the Cleveland Museum of Art. Look closely in the Korean art galleries, and you will find a Jewish ritual spice container. Among its collection of Italian Baroque art, you&#8217;ll stumble upon a marble Jewish marriage panel. In the Middle East galleries, 19th-century Torah finials from Tbilisi, Georgia, blend seamlessly with the... The post This Jewish museum is lending art across America — with one condition appeared first on The Forward .",https://forward.com/culture/843965/jewish-museum-loans-jewish-art-museums/,The Forward,Simone Saidmehr,2026-08-08T02:37:19,2026-08-08 03:26:21.020533,https://forward.com/?p=843965
Israeli court delays Ben-Gvir’s plans for an Israeli ‘Crocodile Alcatraz’,"(JTA) — An animal welfare group’s appeal to an Israeli court is delaying plans to surround a high security prison for Palestinians with Nile crocodiles. The proposed 560-foot moat was first floated by far-right National Security Minister Itamar Ben-Gvir in December. If built, it would surround a special wing at Ketziot Prison in southern Israel... The post Israeli court delays Ben-Gvir’s plans for an Israeli ‘Crocodile Alcatraz’ appeared first on The Forward .",https://forward.com/fast-forward/843884/israeli-court-delays-crocodile-alcatraz/,The Forward,Deborah Danan,2026-08-08T02:51:00,2026-08-08 03:26:21.020486,https://forward.com/?p=843884
Montenegro’s tiny Jewish community navigates uncertain territory as hostility toward Israel increases,"(JTA) — PODGORICA, Montenegro — At the entrance to Nikšić, Montenegro’s second-largest city, a vintage fighter jet painted in the colors of the Israeli Air Force perches atop a giant concrete pedestal, as if about to take flight. The monument, unveiled in 2024, commemorates “Operation Velvetta” — a top-secret plan that ferried 17 Supermarine Spitfire... The post Montenegro’s tiny Jewish community navigates uncertain territory as hostility toward Israel increases appeared first on The Forward .",https://forward.com/fast-forward/843857/montenegro-jews-navigate-hostility/,The Forward,Larry Luxner,2026-08-08T02:56:26,2026-08-08 03:26:21.020440,https://forward.com/?p=843857
"From fake burps to reverse tashlich, new children’s books bring the High Holidays to life","(JTA) — A bumper crop of new kids’ books about the High Holidays is hitting shelves in 2026, surprising close observers of Jewish children’s literature. “It is unusual for multiple Sukkot books to be published in the same year, especially of consistently high quality. It’s very exciting,” said Heidi Rabinowitz, a Jewish librarian and host... The post From fake burps to reverse tashlich, new children’s books bring the High Holidays to life appeared first on The Forward .",https://forward.com/fast-forward/843848/new-childrens-books-bring-the-high-holidays-to-life/,The Forward,Penny Schwartz,2026-08-08T03:02:14,2026-08-08 03:26:21.020391,https://forward.com/?p=843848
British Conservatives face backlash for nominating a former neo-Nazi for local office,"(JTA) — LONDON — Britain’s Conservative Party has defended its decision to endorse a former neo-Nazi activist as a candidate in next year’s local elections despite his imprisonment for crimes including racially aggravated harassment of Jewish former Labour MP Luciana Berger. Conservative Party leader Kemi Badenoch said the candidate, Joshua Bonehill-Paine, had demonstrated rehabilitation through... The post British Conservatives face backlash for nominating a former neo-Nazi for local office appeared first on The Forward .",https://forward.com/fast-forward/843224/british-conservatives-face-backlash-for-nominating-a-former-neo-nazi-for-local-office/,The Forward,Kelly Hartog,2026-08-08T03:18:29,2026-08-08 03:26:21.020339,https://forward.com/?p=843224
Over 95% of Canadian Jewish university students report exposure to antisemitism,"(JTA) — Nearly all Jewish students surveyed on Canadian university campuses said they have experienced or witnessed antisemitism, according to a new government-commissioned report. The survey from the Department of Canadian Heritage found that 95.7% of Jewish students said they were exposed to antisemitism, with 70% saying their university did not take antisemitism seriously and... The post Over 95% of Canadian Jewish university students report exposure to antisemitism appeared first on The Forward .",https://forward.com/fast-forward/843791/over-95-of-canadian-jewish-university-students-report-exposure-to-antisemitism/,The Forward,Shira Li Bartov,2026-08-08T03:24:52,2026-08-08 03:26:21.020278,https://forward.com/?p=843791
"'It's hard to know if we'll endure': Israel's leading philosopher on manipulation, morality and the future of Zionism","For decades, Avishai Margalit was the intellectual who explained Israel to the world. At 87, one of the country's greatest philosophers reflects on justice, the price of freedom, nationalism and the uncertain trajectory the Zionist project",https://www.haaretz.com/israel-news/2026-08-08/ty-article-magazine/.highlight/israels-leading-philosopher-on-manipulation-morality-and-the-future-of-zionism/0000019f-c651-d15e-a7bf-df77ebab0000,Haaretz,Itay Mashiach,2026-08-07T23:47:36,2026-08-08 01:40:30.897406,https://www.haaretz.com/israel-news/2026-08-08/ty-article-magazine/.highlight/israels-leading-philosopher-on-manipulation-morality-and-the-future-of-zionism/0000019f-c651-d15e-a7bf-df77ebab0000
We were sent to rehab in Bnei Brak. We discovered another world,"My father broke his hip. With Tel Hashomer's rehabilitation ward filled with wounded soldiers, we ended up in a Bnei Brak nursing facility, where elderly Jews are cared for by Israeli Arab and immigrant staff from across the globe",https://www.haaretz.com/israel-news/2026-08-08/ty-article-magazine/.highlight/we-were-sent-to-rehab-in-bnei-brak-we-discovered-another-world/0000019f-d744-d315-a1df-ff6e12b30000,Haaretz,Maya Hod Ran,2026-08-08T00:40:02,2026-08-08 01:40:30.897366,https://www.haaretz.com/israel-news/2026-08-08/ty-article-magazine/.highlight/we-were-sent-to-rehab-in-bnei-brak-we-discovered-another-world/0000019f-d744-d315-a1df-ff6e12b30000
"A man of courage was needed. Instead, American Jews have Schumer",The Democrats’ Senate leader may have had no choice but to endorse El-Sayed following his primary victory. Business as usual has normalized Jew-hatred.,https://www.jns.org/opinion/column/jonathan-s-tobin/a-man-of-courage-was-needed-instead-american-jews-have-schumer,JNS,Jonathan S. Tobin,2026-08-07T22:30:00,2026-08-07 23:34:02.131827,https://www.jns.org/opinion/column/jonathan-s-tobin/a-man-of-courage-was-needed-instead-american-jews-have-schumer
Feds launched probe into alleged antisemitism at San Jose and San Francisco State,San Francisco State University and San Jose State University are under federal investigation following allegations that they failed to adequately address antisemitic harassment on their campuses. The U.S. Department of [&#8230;],https://jweekly.com/2026/08/07/feds-launched-probe-into-alleged-antisemitism-at-san-jose-and-san-francisco-state/,J. Weekly,Lea Loeb,2026-08-07T23:31:21,2026-08-07 23:33:47.836726,https://jweekly.com/?p=309533
"Four killed in Houthi attacks in Yemen and Saudi Arabia, sources say",,https://www.haaretz.com/israel-news/israel-security/2026-08-08/ty-article-live/four-killed-in-houthi-attacks-in-yemen-and-saudi-arabia-sources-say/0000019f-ddff-d86b-a59f-ddff5b7b0004,Haaretz,Haaretz,2026-08-07T21:00:00,2026-08-07 21:39:16.270684,https://www.haaretz.com/israel-news/israel-security/2026-08-08/ty-article-live/four-killed-in-houthi-attacks-in-yemen-and-saudi-arabia-sources-say/0000019f-ddff-d86b-a59f-ddff5b7b0004
Jerusalem braces for Saturday Sabbath battles over downtown café,"As demonstrations against Café Basimta grow, one Haredi leader said that the owner has a 'right to open on the Sabbath, and we have the right to protest against it. There are plenty of secular neighborhoods in the city – let them open there'",https://www.haaretz.com/israel-news/travel/religion-relics/2026-08-08/ty-article/.premium/jerusalem-braces-for-saturday-sabbath-battles-over-downtown-cafe/0000019f-dd64-dc86-a59f-df647f050000,Haaretz,Yael Freidson,2026-08-07T21:36:56,2026-08-07 21:39:16.270641,https://www.haaretz.com/israel-news/travel/religion-relics/2026-08-08/ty-article/.premium/jerusalem-braces-for-saturday-sabbath-battles-over-downtown-cafe/0000019f-dd64-dc86-a59f-df647f050000
BREAKING: University of Washington cancels Hasan Piker event,"""I'm happy that the University of Washington, for literally the first time ever, has made the correct decision to not have an America-hating communist spread his hatred and terrible ideology to young people at our taxpayer funded universities,"" Republican state representative Travis Couture told JNS.",https://www.jns.org/news/u-s-news/breaking-university-of-washington-cancels-hasan-piker-event,JNS,Jessica Russak-Hoffman,2026-08-07T21:00:57,2026-08-07 21:39:08.930775,https://www.jns.org/news/u-s-news/breaking-university-of-washington-cancels-hasan-piker-event
US sanctions crypto exchanges it says launder billions for Iranian regime,"Shelbit Exchange and Aban Tether helped Tehran evade sanctions and move money through cryptocurrency networks and an online gambling operation, the Trump administration said.",https://www.jns.org/news/u-s-news/us-sanctions-crypto-exchanges-it-says-launder-billions-for-iranian-regime,JNS,Rikki Zagelbaum,2026-08-07T21:09:25,2026-08-07 21:39:08.930741,https://www.jns.org/news/u-s-news/us-sanctions-crypto-exchanges-it-says-launder-billions-for-iranian-regime
Former Ed dept secretaries back Harvard in campus Jew-hatred funding case,The former Democratic administration officials are among 30 former federal officials who argue that the Trump administration failed to follow required Title VI procedures before terminating the university’s federal funding.,https://www.jns.org/news/u-s-news/former-ed-dept-secretaries-back-harvard-in-campus-jew-hatred-funding-case,JNS,,2026-08-07T21:09:51,2026-08-07 21:39:08.930710,https://www.jns.org/news/u-s-news/former-ed-dept-secretaries-back-harvard-in-campus-jew-hatred-funding-case
Senate passes ‘Lindsey O. Graham Sanctioning Russia Act’ overwhelmingly,"The measure, which heads to the House, takes aim at Russia’s energy sector and could extend to sanctions on Iran.",https://www.jns.org/news/u-s-news/senate-passes-lindsey-o-graham-sanctioning-russia-act-overwhelmingly,JNS,,2026-08-07T21:14:09,2026-08-07 21:39:08.930668,https://www.jns.org/news/u-s-news/senate-passes-lindsey-o-graham-sanctioning-russia-act-overwhelmingly
New children’s books bring the High Holidays to life,"(JTA) — A bumper crop of new kids’ books about the High Holidays is hitting shelves in 2026, surprising close observers of Jewish children’s literature. “It is unusual for multiple [&#8230;]",https://jweekly.com/2026/08/07/from-fake-burps-to-reverse-tashlich-new-childrens-books-bring-the-high-holidays-to-life/,J. Weekly,Penny Schwartz,2026-08-07T20:45:16,2026-08-07 21:38:53.578283,https://jweekly.com/?p=309523
Herzl’s grandparents are reburied in Jerusalem,"(JTA) — JERUSALEM — When World Zionist Organization officials working with the Israeli Foreign Ministry opened the grave of Theodor Herzl’s grandfather on July 29 in Zemun, Serbia, they found [&#8230;]",https://jweekly.com/2026/08/07/herzls-grandparents-are-reburied-in-jerusalem-fulfilling-zionist-leaders-final-wish/,J. Weekly,Theia Chatelle,2026-08-07T20:55:21,2026-08-07 21:38:53.578242,https://jweekly.com/?p=309527
"Lebanon, Israel agree shortlist of countries that could send troops to verify Hezbollah disarmament","A Lebanese official declined to identify any of the countries on the shortlist or say how many there were. A U.S.-brokered deal signed in June links Israel's progressive withdrawal ⁠of troops from Lebanon to the disarmament of Hezbollah, which would be 'verified' by a third party",https://www.haaretz.com/middle-east-news/2026-08-07/ty-article/.premium/lebanon-israel-agree-on-countries-that-could-verify-hezbollah-disarmament/0000019f-dd90-d86b-a59f-ddb647af0000,Haaretz,Reuters,2026-08-07T20:00:00,2026-08-07 20:41:15.876989,https://www.haaretz.com/middle-east-news/2026-08-07/ty-article/.premium/lebanon-israel-agree-on-countries-that-could-verify-hezbollah-disarmament/0000019f-dd90-d86b-a59f-ddb647af0000
Israel’s New York consul cancels ‘NY Times’ subscription over ‘false blood libels’,"“When citing named sources, the paper conveniently turns to anti-Israel activists, and even Hamas terrorists who seek Israel’s destruction, to reinforce the narrative they want to promote,” Ofir Akunis stated.",https://www.jns.org/israels-new-york-consul-cancels-ny-times-subscription-over-false-blood-libels,JNS,,2026-08-07T20:05:07,2026-08-07 20:41:09.074901,https://www.jns.org/israels-new-york-consul-cancels-ny-times-subscription-over-false-blood-libels
"Pakistan, Saudi Arabia, Turkey sign NATO-style defense pact","“Any armed attack against any one of the three states shall be regarded as an attack against them all,” the Pakistani foreign ministry stated.",https://www.jns.org/news/world/pakistan-saudi-arabia-turkey-sign-nato-style-defense-pact,JNS,Andrew Bernard,2026-08-07T20:20:22,2026-08-07 20:41:09.074866,https://www.jns.org/news/world/pakistan-saudi-arabia-turkey-sign-nato-style-defense-pact
Jews targeted in six times as many hate crimes in Texas in 2026 as population share would predict,"The percentage of hate crimes in the state so far this year targeting Jews, 5%, appeared to suggest an improvement over 2025, when Jews were targets of 6.8% of hate crimes, and the past year, when the figure was 6.3%.",https://www.jns.org/news/u-s-news/jews-targeted-in-six-times-as-many-hate-crimes-in-texas-in-2026-as-population-share-would-predict,JNS,Menachem Wecker,2026-08-07T20:23:45,2026-08-07 20:41:09.074836,https://www.jns.org/news/u-s-news/jews-targeted-in-six-times-as-many-hate-crimes-in-texas-in-2026-as-population-share-would-predict
"American Airlines receives Medal of Valor for compassion, moral leadership after Bondi Beach attack","“Caring for people on life’s journey isn’t just a motto; it’s about what we come to work to do every day,” said American Airlines CEO Robert Isom.",https://www.jns.org/wire/auschwitz-jewish-center-foundation/american-airlines-receives-medal-of-valor-for-compassion-moral-leadership-after-bondi-beach-attack,JNS,,2026-08-07T20:30:00,2026-08-07 20:41:09.074798,https://www.jns.org/wire/auschwitz-jewish-center-foundation/american-airlines-receives-medal-of-valor-for-compassion-moral-leadership-after-bondi-beach-attack
"Zionists welcome, liberal arts college Haverford says, settling Jew-hatred lawsuit","The student plaintiffs are “very, very happy” with the settlement, and the college’s statement is an “amazing change,” Lori Lowenthal Marcus, of the Deborah Project, told JNS.",https://www.jns.org/news/u-s-news/zionists-welcome-liberal-arts-college-haverford-says-settling-jew-hatred-lawsuit,JNS,Aaron Bandler,2026-08-07T20:39:04,2026-08-07 20:41:09.074756,https://www.jns.org/news/u-s-news/zionists-welcome-liberal-arts-college-haverford-says-settling-jew-hatred-lawsuit
Rabbis of LA | Rabbi Burg Returns to Los Angeles,First of two parts The post Rabbis of LA | Rabbi Burg Returns to Los Angeles appeared first on Jewish Journal .,https://jewishjournal.com/community/rabbis-of-la/390956/rabbi-burg-returns-to-los-angeles/,Jewish Journal,Ari L. Noonan,2026-08-07T20:23:30,2026-08-07 20:41:06.788923,https://jewishjournal.com/?p=390956
"Holocaust Museum LA Names Honorary Director, Skirball Sunset Concerts Continues with Innovative Rockers","Notable people and events in the Jewish LA community. The post Holocaust Museum LA Names Honorary Director, Skirball Sunset Concerts Continues with Innovative Rockers appeared first on Jewish Journal .",https://jewishjournal.com/events/movers-shakers/390960/holocaust-museum-la-names-honorary-director-skirball-sunset-concerts-continues-with-innovative-rockers/,Jewish Journal,Jewish Journal Staff,2026-08-07T20:34:14,2026-08-07 20:41:06.788884,https://jewishjournal.com/?p=390960
Ye Moves Forward With Portugal Concert Despite Calls for Cancellation From Israeli Ambassador,"Ye&#8217;s concert scheduled for this Friday in Algarve, Portugal, is set to take place as planned even after Israel&#8217;s Embassy...",https://www.algemeiner.com/2026/08/07/ye-moves-forward-with-portugal-concert-despite-calls-for-cancellation-from-israeli-ambassador/,Algemeiner,Shiryn Ghermezian,2026-08-07T19:06:52,2026-08-07 19:52:56.862223,https://www.algemeiner.com/?p=777416
Israeli Mother and Daughter Brutally Assaulted in Thailand in Suspected Antisemitic Attack,"An Israeli mother and daughter were brutally attacked while vacationing on Thailand’s Koh Phangan island, leaving them both with serious...",https://www.algemeiner.com/2026/08/07/israeli-mother-and-daughter-brutally-assaulted-in-thailand-in-suspected-antisemitic-attack/,Algemeiner,Ailin Vilches Arguello,2026-08-07T19:07:10,2026-08-07 19:52:56.862195,https://www.algemeiner.com/?p=777425
Israeli Foreign Minister Meets Colombia’s New Leadership as Both Countries Move to Rebuild Strategic Ties,"In a fresh sign of warming relations, senior members of Colombia’s new cabinet joined Israeli Foreign Minister Gideon Sa’ar and...",https://www.algemeiner.com/2026/08/07/israeli-foreign-minister-meets-colombias-new-leadership-as-both-countries-move-to-rebuild-strategic-ties/,Algemeiner,Ailin Vilches Arguello,2026-08-07T19:07:31,2026-08-07 19:52:56.862165,https://www.algemeiner.com/?p=777433
"Saudi Arabia, Turkey, Pakistan Pledge Mutual Defence as Middle East Turmoil Escalates",", Pakistan and Turkey signed a joint defence agreement in Mecca on Friday, wedding Sunni Muslim U.S. allies alarmed at...",https://www.algemeiner.com/2026/08/07/saudi-arabia-turkey-pakistan-pledge-mutual-defence-as-middle-east-turmoil-escalates/,Algemeiner,Reuters and Algemeiner Staff,2026-08-07T19:37:28,2026-08-07 19:52:56.862127,https://www.algemeiner.com/?p=777443
"UNICEF Report Dispels Gaza Famine Narrative, Enclave Less Malnourished Than Finland",A newly released nutrition survey coordinated by UNICEF has found that acute malnutrition among children in the Gaza Strip remains...,https://www.algemeiner.com/2026/08/07/unicef-report-dispels-gaza-famine-narrative-enclave-less-malnourished-than-finland/,Algemeiner,Corey Walker,2026-08-07T19:38:32,2026-08-07 19:52:56.862090,https://www.algemeiner.com/?p=777428
Family of Jewish American killed in Kenya terror attack sues Iran over alleged al-Shabaab ties,"The new complaint alleges that Tehran provided weapons, training and financing to the terror group behind the 2019 attack in Nairobi that killed 21 people.",https://www.jns.org/news/u-s-news/family-of-jewish-american-killed-in-kenya-terror-attack-sues-iran-over-alleged-al-shabaab-ties,JNS,Jessica Russak-Hoffman,2026-08-07T18:59:26,2026-08-07 19:52:54.542222,https://www.jns.org/news/u-s-news/family-of-jewish-american-killed-in-kenya-terror-attack-sues-iran-over-alleged-al-shabaab-ties
APA again delays decision on Jewish psychologists’ bid for ethnic association status,"The American Psychological Association postponed a vote on the Association of Jewish Psychologists’ application for formal recognition, prompting criticism from Jewish groups that said the move reflects broader concerns about antisemitism and Jewish inclusion.",https://www.jns.org/news/u-s-news/apa-again-delays-decision-on-jewish-psychologists-bid-for-ethnic-association-status,JNS,,2026-08-07T19:12:09,2026-08-07 19:52:54.542192,https://www.jns.org/news/u-s-news/apa-again-delays-decision-on-jewish-psychologists-bid-for-ethnic-association-status
Boy George did what too many entertainment and LGBT people won’t do,"As he has been his whole life, he is willing to be the one person with enough moral clarity in the room to state the obvious thing that everyone else is too nervous to say out loud.",https://www.jns.org/opinion/yuval-david/boy-george-did-what-too-many-entertainment-and-LGBT-people-wont-do,JNS,Yuval David,2026-08-07T19:30:00,2026-08-07 19:52:54.542152,https://www.jns.org/opinion/yuval-david/boy-george-did-what-too-many-entertainment-and-LGBT-people-wont-do
Congressman who introduced bill to send anti-Israel protesters to Gaza loses primary,"Despite an endorsement from President Donald Trump, Rep. Andy Ogles lost his House primary in Tennessee on Thursday.",https://www.jns.org/news/u-s-news/congressman-who-introduced-bill-to-send-anti-israel-protesters-to-gaza-loses-primary,JNS,Andrew Bernard,2026-08-07T19:43:05,2026-08-07 19:52:54.542111,https://www.jns.org/news/u-s-news/congressman-who-introduced-bill-to-send-anti-israel-protesters-to-gaza-loses-primary
The most important thing I’ll take away from 11 years at the Forward,"In September 2015, I arrived at the Forward’s Manhattan office for my first day as an intern on the culture desk. I was 22 years old. I wore a blue dress that didn’t really fit, and was awed and slightly terrified by my bevy of talented, perceptive, funny new colleagues. Now I’m 33. I’ve spent not... The post The most important thing I&#8217;ll take away from 11 years at the Forward appeared first on The Forward .",https://forward.com/forward-newsletters/looking-forward/843938/forward-farewell-talya-zax/,The Forward,Talya Zax,2026-08-07T19:12:31,2026-08-07 19:52:46.582618,https://forward.com/?p=843938
We did not draw this line,Jon Stewart says that Jews and Israel can be separated. Everyone shooting at us disagrees.,https://www.jns.org/opinion/joseph-milstein/we-did-not-draw-this-line,JNS,Joseph Milstein,2026-08-07T17:55:00,2026-08-07 18:57:19.310240,https://www.jns.org/opinion/joseph-milstein/we-did-not-draw-this-line
"Pennsylvania man charged over alleged online threats to kill Jews, attack synagogues","Federal authorities say Eric Holman admitted posting a series of violent antisemitic messages and told FBI agents he did not know whether he would ""actually go through with it.""",https://www.jns.org/news/u-s-news/pennsylvania-man-charged-over-alleged-online-threats-to-kill-jews-attack-synagogues,JNS,,2026-08-07T18:12:02,2026-08-07 18:57:19.310215,https://www.jns.org/news/u-s-news/pennsylvania-man-charged-over-alleged-online-threats-to-kill-jews-attack-synagogues
"KKL-JNF approves $270,000 for firefighting equipment designated for six areas in northern Israel","It will enable communities in Hof HaCarmel “to strengthen the first line of defense, and help protect both residents and surrounding forest areas until Fire and Rescue teams arrive,” said Eyal Ostrinsky, chairman of KKL-JNF.",https://www.jns.org/wire/kkl-jnf/kkl-jnf-approves-270-000-for-firefighting-equipment-designated-for-six-hof-hacarmel-communities,JNS,,2026-08-07T18:15:00,2026-08-07 18:57:19.310182,https://www.jns.org/wire/kkl-jnf/kkl-jnf-approves-270-000-for-firefighting-equipment-designated-for-six-hof-hacarmel-communities
United Hatzalah’s first therapy dog dies after 11 years of service,"Lucy “never knew that she was doing something extraordinary,” handler Batya Yaffe said. “She simply gave people love when they needed it most.”",https://www.jns.org/news/israel-news/united-hatzalahs-first-therapy-dog-dies-after-11-years-of-service,JNS,,2026-08-07T18:47:48,2026-08-07 18:57:19.310138,https://www.jns.org/news/israel-news/united-hatzalahs-first-therapy-dog-dies-after-11-years-of-service
A Minnesota reggae band gave this Midwestern Jewish teenager the greatest gift of all,"It’s late summer. Twelfth grade is starting in two weeks, and I — moody guy that I am — am in a particularly foul one when my friend Blair, who I’ve known since our mothers toted us around in strollers, calls me and tells me there’s a reggae band playing at the Lake Harriet bandshell... The post A Minnesota reggae band gave this Midwestern Jewish teenager the greatest gift of all appeared first on The Forward .",https://forward.com/culture/843323/shangoya-reggae-band-minnesota-peter-himmelman-memoir/,The Forward,Peter Himmelman,2026-08-07T18:16:07,2026-08-07 18:57:12.613039,https://forward.com/?p=843323
Dangerous denialism about the realities of Hamas points to an American moral collapse,"A terrible mutation afflicts American politics. What began as fury over Israel&#8217;s conduct of the Gaza war has evolved, in significant parts of the progressive left, into a pathological hostility toward Israel that has become a driver of political identity and debate. The genocide accusation is increasingly treated not as a contested claim but as... The post Dangerous denialism about the realities of Hamas points to an American moral collapse appeared first on The Forward .",https://forward.com/opinion/843893/democracies-death-cults-douglas-murray/,The Forward,Dan Perry,2026-08-07T18:28:43,2026-08-07 18:57:12.612961,https://forward.com/?p=843893
Israeli court delays Ben-Gvir’s plans for an Israeli ‘Crocodile Alcatraz’,The Israeli security minister has proposed using the animals to help guard Palestinian prisoners involved in the Oct. 7 massacres. -- The post Israeli court delays Ben-Gvir’s plans for an Israeli ‘Crocodile Alcatraz’ appeared first on Jewish Telegraphic Agency .,https://www.jta.org/2026/08/07/israel/israeli-court-delays-ben-gvirs-plans-for-an-israeli-crocodile-alcatraz,JTA,Deborah Danan,2026-08-07T15:34:55,2026-08-07 18:57:10.132841,https://www.jta.org/?p=1905788
I’m Korean and Jewish. The college essay forced me to confront how I’m seen — and how I want to be seen.,"The 2023 Supreme Court ban on affirmative action and Oct. 7 attack on Israel changed things for mixed-race Jewish teens, one reports. -- The post I’m Korean and Jewish. The college essay forced me to confront how I’m seen — and how I want to be seen. appeared first on Jewish Telegraphic Agency .",https://www.jta.org/2026/08/07/ideas/im-korean-and-jewish-the-college-essay-forced-me-to-confront-how-im-seen-and-how-i-want-to-be-seen,JTA,Benjamin Waner,2026-08-07T18:30:05,2026-08-07 18:57:10.132801,https://www.jta.org/?p=1905697
New York City funds a Cornell Tech project tied to Israel’s Technion,"Plus, Satmar leaders met with New York City Mayor Zohran Mamdani at City Hall. -- The post New York City funds a Cornell Tech project tied to Israel’s Technion appeared first on Jewish Telegraphic Agency .",https://www.jta.org/2026/08/07/default/new-york-city-funds-a-cornell-tech-project-tied-to-israels-technion,JTA,New York Jewish Week Staff,2026-08-07T18:41:06,2026-08-07 18:57:10.132750,https://www.jta.org/?p=1905801
"Lifecycles announcements for the week of Aug. 7, 2026","B’nai mitzvah Noa Hemberg Daughter of Jordana and Bryan Hemberg, Saturday, Aug. 1, at Temple Sinai in Oakland. Naara Almeida Daughter of Yael Maduro and Sandoval Almeida, Saturday, Aug. 8, at Temple [&#8230;]",https://jweekly.com/2026/08/07/lifecycles-announcements-for-the-week-of-aug-7-2026/,J. Weekly,J. Staff,2026-08-07T18:02:17,2026-08-07 18:57:05.579985,https://jweekly.com/?p=309479
"Death announcements for the week of Aug. 7, 2026","Obituaries are underwritten by&#160;Sinai&#160;Memorial, the Bay Area’s nonprofit Jewish funeral home. Alexander Anolik Alexander Anolik of Marin County, California, a pioneering attorney and deeply devoted family man, passed away on [&#8230;]",https://jweekly.com/2026/08/07/death-announcements-for-the-week-of-aug-7-2026/,J. Weekly,J. Staff,2026-08-07T18:21:20,2026-08-07 18:57:05.579947,https://jweekly.com/?p=309487
"LETTERS | Day school growth, yearbook, Khanna in West Bank","Our school is growing I appreciated J.&#8217;s July 27 online article, &#8220;Jewish day school enrollment stalls in Northern California as rest of U.S. surges,&#8221; and its thoughtful examination of enrollment [&#8230;]",https://jweekly.com/2026/08/07/day-schools-growth-berkeley-yearbook-rep-khanna-in-west-bank/,J. Weekly,J. Readers,2026-08-07T18:44:53,2026-08-07 18:57:05.579900,https://jweekly.com/?p=309495
Treasury moves to dismantle Iranian sanctions-evasion network,"“Actions like today’s further isolate the regime from the international financial system,” State Department spokesman Tommy Pigott said.",https://www.jns.org/news/u-s-news/treasury-moves-to-dismantle-iranian-sanctions-evasion-network,JNS,,2026-08-07T17:41:55,2026-08-07 17:50:14.741221,https://www.jns.org/news/u-s-news/treasury-moves-to-dismantle-iranian-sanctions-evasion-network
Iran is getting closer to controlling the Strait of Hormuz without curbing its nuclear program,"The Iranian-Omani deal on tap for the waterway would give Tehran power it didn't have before the war. The Gulf states, led by Saudi Arabia, have set the boundaries of U.S. military action, so Trump will enter any talks lacking leverage",https://www.haaretz.com/middle-east-news/iran/2026-08-07/ty-article/.premium/iran-is-getting-closer-to-controlling-hormuz-without-curbing-its-nuclear-program/0000019f-dc45-dc86-a59f-df4571260000,Haaretz,Zvi Bar'el,2026-08-07T16:14:36,2026-08-07 16:54:58.282548,https://www.haaretz.com/middle-east-news/iran/2026-08-07/ty-article/.premium/iran-is-getting-closer-to-controlling-hormuz-without-curbing-its-nuclear-program/0000019f-dc45-dc86-a59f-df4571260000
How the Media Helps Spread Libels About Israel’s Historical Sites,"News coverage of Israel regularly follows the pattern of inverting cause and effect, or victims and the perpetrators. Justin Klawan’s...",https://www.algemeiner.com/2026/08/07/how-the-media-helps-spread-libels-about-israels-historical-sites/,Algemeiner,David M. Litman,2026-08-07T16:32:35,2026-08-07 16:54:53.501669,https://www.algemeiner.com/?p=777413
I’m Israeli; Are My Household Appliances Spying for Iran?,I bought a vacuum cleaner &#8211; one of those robots that cleans automatically. I returned it the next day…when I...,https://www.algemeiner.com/2026/08/07/im-israeli-are-my-household-appliances-spying-for-iran/,Algemeiner,Daniel Pomerantz,2026-08-07T16:32:51,2026-08-07 16:54:53.501637,https://www.algemeiner.com/?p=777400
This War Changed India’s Future — and Its Relations with Israel and the United States,"Every year, on July 26, India commemorates Kargil Vijay Diwas (Kargil Victory Day). In India’s national memory, the war is...",https://www.algemeiner.com/2026/08/07/this-war-changed-indias-future-and-its-relations-with-israel-and-the-united-states/,Algemeiner,Lauren Dagan Amos,2026-08-07T16:33:04,2026-08-07 16:54:53.501606,https://www.algemeiner.com/?p=777410
We Must Build the New Generation of Jewish Activists,The most important task facing the Jewish community today is not simply responding to the crisis of the moment. It...,https://www.algemeiner.com/2026/08/07/we-must-build-the-new-generation-of-jewish-activists/,Algemeiner,Daniel Rosen,2026-08-07T16:33:14,2026-08-07 16:54:53.501565,https://www.algemeiner.com/?p=777403
"‘Too large an event to overlook,’ rabbis say of commemorating 25th anniversary of 9/11 on Rosh Hashanah","“Gratitude is one of Judaism’s foundational values, and very much belongs on Rosh Hashanah,” Rabbi Chaim Steinmetz, of Congregation Kehilath Jeshurun, told JNS. “We will never forget the nearly 3,000 victims of this terror attack, many of whom were members of the Jewish community.”",https://www.jns.org/news/u-s-news/simply-too-large-an-event-to-overlook-rabbis-say-of-commemorating-25th-anniversary-of-9-11-on-rosh-hashanah,JNS,Rikki Zagelbaum,2026-08-07T15:45:00,2026-08-07 16:54:50.914680,https://www.jns.org/news/u-s-news/simply-too-large-an-event-to-overlook-rabbis-say-of-commemorating-25th-anniversary-of-9-11-on-rosh-hashanah
Freedom of speech ends where public safety begins,New York City Mayor Zohran Mamdani must be held accountable for his antisemitic incitement.,https://www.jns.org/opinion/sara-lehmann/freedom-of-speech-ends-where-public-safety-begins,JNS,Sara Lehmann,2026-08-07T16:00:00,2026-08-07 16:54:50.914631,https://www.jns.org/opinion/sara-lehmann/freedom-of-speech-ends-where-public-safety-begins
"Seven months into 2026, Los Angeles district attorney doesn’t know how many of 66 hate crime cases filed target Jews","“It is critical law enforcement understands the breakdown of religious minority groups impacted by hate crimes,” Evan Bernstein, incoming CEO of B’nai B’rith International, told JNS.",https://www.jns.org/news/u-s-news/seven-months-into-2026-los-angeles-district-attorney-doesnt-know-how-many-of-66-hate-crime-cases-filed-target-jews,JNS,Aaron Bandler,2026-08-07T15:20:17,2026-08-07 15:56:20.010001,https://www.jns.org/news/u-s-news/seven-months-into-2026-los-angeles-district-attorney-doesnt-know-how-many-of-66-hate-crime-cases-filed-target-jews
"WATCH: Yiddish and German — old relatives, new neighbors","במשך פֿון הונדערטער יאָרן איז מיזרח־אייראָפּע געווען דער צענטער פֿון ייִדיש־לעבן. הײַנט, נאָך דעם חורבן, האָט זיך די מאַפּע אַריבערגערוקט: אַחוץ ענגלאַנד, קלינגט ייִדיש הײַנט בעיקר אין מערבֿ־ און מיטל־אייראָפּע, דווקא אין לענדער וווּ דײַטש איז אַן אָפֿיציעלע שפּראַך — אין אַנטווערפּן, בערלין, ווין, ווײַמאַר, ציריך און אַנדערע ערטער. אין דעם ווידעאָ, געפֿירט אין גאַנצן... The post WATCH: Yiddish and German — old relatives, new neighbors appeared first on The Forward .",https://forward.com/yiddish/843851/watch-yiddish-and-german-old-relatives-new-neighbors/,The Forward,פֿאָרווערטס־רעדאַקציע,2026-08-07T15:21:23,2026-08-07 15:56:13.243503,https://forward.com/?p=843851
"From fake burps to reverse tashlich, new children’s books bring the High Holidays to life","A bumper crop of new books for 2026 includes several focused on Sukkot. -- The post From fake burps to reverse tashlich, new children’s books bring the High Holidays to life appeared first on Jewish Telegraphic Agency .",https://www.jta.org/2026/08/07/culture/from-fake-burps-to-reverse-tashlich-new-childrens-books-bring-the-high-holidays-to-life,JTA,Penny Schwartz,2026-08-07T14:41:11,2026-08-07 15:56:10.759281,https://www.jta.org/?p=1905780
Montenegro’s tiny Jewish community navigates uncertain territory as hostility toward Israel increases,"The country has been a top destination for Israeli tourists, but a recent brawl has unsettled some. -- The post Montenegro’s tiny Jewish community navigates uncertain territory as hostility toward Israel increases appeared first on Jewish Telegraphic Agency .",https://www.jta.org/2026/08/07/global/montenegros-tiny-jewish-community-navigates-uncertain-territory-as-hostility-toward-israel-increases,JTA,Larry Luxner,2026-08-07T15:00:59,2026-08-07 15:56:10.759223,https://www.jta.org/?p=1905570
Israeli court delays Ben-Gvir’s plans for an Israeli ‘Crocodile Alcatraz’,The Israeli security minister has proposed using the animals to help guard Palestinian prisoners involved in the Oct. 7 massacres. -- The post Israeli court delays Ben-Gvir’s plans for an Israeli ‘Crocodile Alcatraz’ appeared first on Jewish Telegraphic Agency .,https://www.jta.org/2026/08/07/israel/hed-israeli-court-delays-ben-gvirs-plans-for-an-israeli-crocodile-alcatraz,JTA,Deborah Danan,2026-08-07T15:34:55,2026-08-07 15:56:10.759178,https://www.jta.org/?p=1905788
Your Daily Phil: Inside the push to bring Israeli expats home to vote,The post Your Daily Phil: Inside the push to bring Israeli expats home to vote appeared first on eJewishPhilanthropy .,https://ejewishphilanthropy.com/your-daily-phil-inside-the-push-to-bring-israeli-expats-home-to-vote/,eJewish Philanthropy,Rachel Kohn,2026-08-07T15:27:09,2026-08-07 15:56:08.503405,https://ejewishphilanthropy.com/?p=178410
Camp Simcha offers ‘Disneyland in New York’ for seriously ill children,"Bike4Chai Ride supports Chai Lifeline and Camp Simcha, which provide overnight summer camping in a medically supportive environment.",https://www.jns.org/feature/camp-simcha-offers-disneyland-in-new-york-for-seriously-ill-children,JNS,Howard Blas,2026-08-07T12:16:21,2026-08-07 13:03:59.465168,https://www.jns.org/feature/camp-simcha-offers-disneyland-in-new-york-for-seriously-ill-children
Israel is revoking entry permits for U.S. activists involved in West Bank,"Hannah was on her way to class on Jan. 8 when she opened her inbox and found an email from Israel&#8217;s Population and Immigration Authority. Due to a change of circumstances, it said, her authorization to enter Israel had been revoked. &#8220;I had to read it a few times, honestly, and then I Googled it... The post Israel is revoking entry permits for U.S. activists involved in West Bank appeared first on The Forward .",https://forward.com/news/843806/israel-west-bank-protective-presence-entry-permits-revoked/,The Forward,Theia Chatelle,2026-08-07T11:47:30,2026-08-07 13:03:52.631548,https://forward.com/?p=843806
Howard Zinn: a radical historian with a Jewish conscience,"“I am a sportswriter by trade,” Dave Zirin, sports editor at The Nation, told me. Zirin has written 11 books, all of them dealing with the knotty and oft-controversial politics of sport, coming at the games he loves — and the machinations behind them — from a progressive position. His previous subjects have included Colin... The post Howard Zinn: a radical historian with a Jewish conscience appeared first on The Forward .",https://forward.com/culture/books/842813/howard-zinn-dave-zirin-biography-peoples-historian-outsized-life/,The Forward,Jim Sullivan,2026-08-07T13:00:54,2026-08-07 13:03:52.631496,https://forward.com/?p=842813
Inside the effort to bring tens of thousands of expats to Israel to vote,"Every election is called the most important in a countrys history, and the one scheduled for Oct. 27 in Israel is no different. With 80 days to go until polls open, tens of thousands of Israeli expatriates are planning to spend thousands of dollars to fly in to vote. This is because, with the exception... Read More The post Inside the effort to bring tens of thousands of expats to Israel to vote appeared first on eJewishPhilanthropy .",https://ejewishphilanthropy.com/inside-the-effort-to-bring-tens-of-thousands-of-expats-to-israel-to-vote/,eJewish Philanthropy,Justin Hayet,2026-08-07T12:15:56,2026-08-07 13:03:47.934080,https://ejewishphilanthropy.com/?p=178384
"Local Jewish leaders, journalists team up to launch Seattle area’s only Jewish publication","The Puget Sound region of Washington state, the area around and including the booming tech hub of Seattle, has long been home to a sizable, wealthy and active Jewish community. Yet for the past six years, it has had no local Jewish newspaper to inform the region’s estimated 75,000 Jewish residents. A group of philanthropists,... Read More The post Local Jewish leaders, journalists team up to launch Seattle area’s only Jewish publication appeared first on eJewishPhilanthropy .",https://ejewishphilanthropy.com/local-jewish-leaders-journalists-team-up-to-launch-seattle-areas-only-jewish-publication/,eJewish Philanthropy,Jay Deitcher,2026-08-07T12:42:37,2026-08-07 13:03:47.934023,https://ejewishphilanthropy.com/?p=178385
The geography of Jewish worth,"I recently spent time in two European cities that had never sat especially high on my personal bucket list, which is to say they were not exactly competing with “eat pasta in Rome” or “pretend I understand contemporary art in Paris.” Yet both Budapest and Bucharest proved far more compelling than my limited imagination had... Read More The post The geography of Jewish worth appeared first on eJewishPhilanthropy .",https://ejewishphilanthropy.com/the-geography-of-jewish-worth/,eJewish Philanthropy,Rachel Lithgow,2026-08-07T13:00:00,2026-08-07 13:03:47.933944,https://ejewishphilanthropy.com/?p=178382
"Saudi Arabia, Turkey and Pakistan sign defense pact amid regional tensions",The Makkah Joint Defence Agreement treats an attack on any member as an attack on all and is described as open to other regional countries,https://www.haaretz.com/middle-east-news/2026-08-07/ty-article/saudi-arabia-turkey-and-pakistan-sign-defense-pact-amid-regional-tensions/0000019f-dbc5-d310-a3df-dfc75f0a0000,Haaretz,Reuters,2026-08-07T11:14:52,2026-08-07 11:45:51.405825,https://www.haaretz.com/middle-east-news/2026-08-07/ty-article/saudi-arabia-turkey-and-pakistan-sign-defense-pact-amid-regional-tensions/0000019f-dbc5-d310-a3df-dfc75f0a0000
The global reach of a renewed war in Gaza,"Rarely has a foreign conflict with virtually no impact on people’s livelihoods, quality of healthcare, educational opportunities for their children and so forth exercised such sway over domestic politics.",https://www.jns.org/opinion/column/ben-cohen/the-global-reach-of-a-renewed-war-in-gaza,JNS,Ben Cohen,2026-08-07T11:30:00,2026-08-07 11:45:43.140413,https://www.jns.org/opinion/column/ben-cohen/the-global-reach-of-a-renewed-war-in-gaza
Police close probe into fatal West Bank shooting despite 'mistaken' killing,"Khaled Hassan, a 34-year-old father of three, was killed during a police operation in the West Bank city of Qalqilyah in 2025. His family said footage showed officers made no attempt to arrest him before opening fire",https://www.haaretz.com/israel-news/israel-crime/2026-08-07/ty-article/.premium/police-close-probe-into-fatal-west-bank-shooting-despite-mistaken-killing/0000019f-db64-d9df-af9f-fbf5b24a0000,Haaretz,Chen Maanit,2026-08-07T10:20:52,2026-08-07 10:55:18.299757,https://www.haaretz.com/israel-news/israel-crime/2026-08-07/ty-article/.premium/police-close-probe-into-fatal-west-bank-shooting-despite-mistaken-killing/0000019f-db64-d9df-af9f-fbf5b24a0000
"The brain has a secret defense system for fertility, scientists find","""The nervous system isn’t simply reacting to the environment, it actively instructs reproductive cells on how to respond.”",https://www.jns.org/news/israel-news/the-brain-has-a-secret-defense-system-for-fertility-scientists-find,JNS,Pesach Benson/TPS-IL,2026-08-07T06:09:00,2026-08-07 10:55:11.353566,https://www.jns.org/news/israel-news/the-brain-has-a-secret-defense-system-for-fertility-scientists-find
Yoav Segalovitz quits Yesh Atid amid talks to join Arab party,The former deputy minister could become Mansour Abbas' party's candidate for national security minister as it seeks to broaden its appeal beyond its traditional base,https://www.haaretz.com/israel-news/israel-politics/2026-08-07/ty-article/.premium/yoav-segalovitz-quits-yesh-atid-as-talks-to-join-arab-party-continue/0000019f-db4d-d310-a3df-df4f68300000,Haaretz,Michael Hauser Tov,2026-08-07T09:05:31,2026-08-07 10:02:02.942822,https://www.haaretz.com/israel-news/israel-politics/2026-08-07/ty-article/.premium/yoav-segalovitz-quits-yesh-atid-as-talks-to-join-arab-party-continue/0000019f-db4d-d310-a3df-df4f68300000
"America forgot how to disagree, but the Shabbat table remembers",It may be the last functioning forum for free expression most of us belong to.,https://www.jns.org/opinion/stuart-n-brotman/america-forgot-how-to-disagree-but-the-shabbat-table-remembers,JNS,Stuart N. Brotman,2026-08-07T09:00:00,2026-08-07 10:01:55.855002,https://www.jns.org/opinion/stuart-n-brotman/america-forgot-how-to-disagree-but-the-shabbat-table-remembers
Israel's opposition parties are courting new immigrants with a new set of priorities,"With more than 200,000 newcomers over the past five years, opposition leaders like Bennett, Golan and Eisenkot are targeting a community partially written off by Netanyahu's governing coalition",https://www.haaretz.com/israel-news/elections/2026-08-07/ty-article-magazine/.premium/israels-opposition-parties-are-courting-new-immigrants-with-new-priorities/0000019f-d6df-d09d-a59f-f6df60970000,Haaretz,Linda Dayan,2026-08-07T07:39:50,2026-08-07 08:59:38.065171,https://www.haaretz.com/israel-news/elections/2026-08-07/ty-article-magazine/.premium/israels-opposition-parties-are-courting-new-immigrants-with-new-priorities/0000019f-d6df-d09d-a59f-f6df60970000
'I face racism in Australia every week. I still prefer it to war',"This week at Ben-Gurion Airport: A young Israeli who learned to let his guard down after moving to Australia, and a couple who left law to start over in the business and art worlds",https://www.haaretz.com/israel-news/holylandings/2026-08-07/ty-article-magazine/.highlight/i-face-racism-in-australia-every-week-i-still-prefer-it-to-war/0000019f-dafd-d7e2-a39f-ffffcae40000,Haaretz,Mae Palty,2026-08-07T08:00:16,2026-08-07 08:59:38.065139,https://www.haaretz.com/israel-news/holylandings/2026-08-07/ty-article-magazine/.highlight/i-face-racism-in-australia-every-week-i-still-prefer-it-to-war/0000019f-dafd-d7e2-a39f-ffffcae40000
Israeli forces withdraw from Palestinian refugee camp after two-day operation; reports say dozens injured,The Palestinian Authority said 51 people were treated for injuries during the operation and accused Israel of seeking to 'establish military control' in the area. Israel said the raid targeted 'terrorist elements' and weapons trafficking,https://www.haaretz.com/west-bank/2026-08-07/ty-article/.premium/israeli-forces-withdraw-from-palestinian-refugee-camp-after-two-day-operation/0000019f-db17-d9df-af9f-fb97787c0000,Haaretz,Jack Khoury,2026-08-07T08:22:48,2026-08-07 08:59:38.065101,https://www.haaretz.com/west-bank/2026-08-07/ty-article/.premium/israeli-forces-withdraw-from-palestinian-refugee-camp-after-two-day-operation/0000019f-db17-d9df-af9f-fb97787c0000
'The blockade currently looks far more attractive than war',"Targeting Iran's trade has advantages but only if determined and prolonged, Israeli observers tell JNS.",https://www.jns.org/analysis/the-blockade-currently-looks-far-more-attractive-than-war,JNS,Yaakov Lappin,2026-08-07T07:39:10,2026-08-07 08:59:31.222402,https://www.jns.org/analysis/the-blockade-currently-looks-far-more-attractive-than-war
Israeli Navy conducts largest drill since Oct. 7,"Hundreds of personnel and dozens of vessels took part in branch-wide exercises across the Mediterranean and Red Seas, simulating multi-arena warfare and the defense of strategic assets.",https://www.jns.org/news/israel-news/israeli-navy-conducts-largest-drill-since-oct-7,JNS,JNS Staff,2026-08-07T07:55:08,2026-08-07 08:59:31.222373,https://www.jns.org/news/israel-news/israeli-navy-conducts-largest-drill-since-oct-7
"In a new book, Rabbi Leo Dee makes the ‘business case’ for Israel","The British-born former venture capitalist tells JNS that the Jewish state is the world’s strongest long-term investment—economically, strategically and spiritually.",https://www.jns.org/feature/in-a-new-book-rabbi-leo-dee-makes-the-business-case-for-israel,JNS,Steve Linde,2026-08-07T08:43:05,2026-08-07 08:59:31.222334,https://www.jns.org/feature/in-a-new-book-rabbi-leo-dee-makes-the-business-case-for-israel
